smiles,scaffold_smiles,label
O=[N+]([O-])c1ccc(Cc2ccccn2)c([N+](=O)[O-])c1,c1ccc(Cc2ccccn2)cc1,92.0
Nc1ccccc1N1CCCCC1,c1ccc(N2CCCCC2)cc1,46.0
c1cnc(N2CCNCC2)nc1,c1cnc(N2CCNCC2)nc1,33.0
Oc1ccccc1N1CCNCC1,c1ccc(N2CCNCC2)cc1,125.0
NCCC1=CCCCC1,C1=CCCCC1,-55.0
CNC(=O)COC1CCN(C(=O)OC(C)(C)C)CC1,C1CCNCC1,95.0
CC(C)(C)OC(=O)N1CCC(OCC(=O)NC2CC2)CC1,O=C(COC1CCNCC1)NC1CC1,86.0
CN(C)C(=O)COC1CCN(C(=O)OC(C)(C)C)CC1,C1CCNCC1,58.0
O=C1CCCc2ccccc21,O=C1CCCc2ccccc21,7.0
O=Cc1ccc2ccc3cccc4ccc1c2c34,c1cc2ccc3cccc4ccc(c1)c2c34,127.0
CCCO,,-127.0
O=C(O)C1(c2ccccc2)CC1,c1ccc(C2CC2)cc1,87.0
OC1(c2ccccc2)CCCCC1,c1ccc(C2CCCCC2)cc1,60.0
O=C1CCN(c2ccccc2)N1,O=C1CCN(c2ccccc2)N1,122.0
O=C1CCCN1c1ccccc1,O=C1CCCN1c1ccccc1,66.0
OCC(O)c1ccccc1,c1ccccc1,67.0
C#CCCC,,-106.0
CCCCCCCCCCCCCCCO,,46.0
CCCCCCCCN,,-1.0
C=CCCCCCC,,-102.0
CCCCCCCCS,,-49.0
CCCCCCCCS(=O)(=O)Cl,,14.0
CCCCCCCCCN,,-1.0
CCC[N+](=O)[O-],,-108.0
CCCc1ccc([N+](=O)[O-])cc1,c1ccccc1,-14.0
O=[N+]([O-])c1ccc(OC(F)(F)F)cc1,c1ccccc1,15.0
CCCCCCc1ccc(C#Cc2ccc(C)cc2)cc1,C(#Cc1ccccc1)c1ccccc1,42.0
CCCCc1ccc(C#Cc2ccc(CCCC)cc2)cc1,C(#Cc1ccccc1)c1ccccc1,41.0
O=C(O)Cc1cccc2ccccc12,c1ccc2ccccc2c1,130.0
O=C=Nc1cccc2ccccc12,c1ccc2ccccc2c1,4.0
Oc1cccc2ccccc12,c1ccc2ccccc2c1,96.0
NNC(=O)c1cccc2ccccc12,c1ccc2ccccc2c1,167.0
O=Cc1cccc2ccccc12,c1ccc2ccccc2c1,2.0
CS(=O)(=O)c1ccc([N+](=O)[O-])cc1,c1ccccc1,137.0
Cn1cccc1C(=O)O,c1cc[nH]c1,137.0
CN1CCCCC1,C1CCNCC1,-50.0
CN1C(=O)C(=O)c2ccccc21,O=C1Nc2ccccc2C1=O,131.0
Cc1nccc2ccccc12,c1ccc2cnccc2c1,10.0
CC(Oc1ccc(Cl)cc1Cl)C(=O)O,c1ccccc1,114.0
CC(Oc1cc(Cl)c(Cl)cc1Cl)C(=O)O,c1ccccc1,178.0
O=C(O)c1ccccc1-n1cccc1,c1ccc(-n2cccc2)cc1,104.0
Oc1ccccc1N1CCCC1,c1ccc(N2CCCC2)cc1,111.0
O=Cc1cnc(N2CCCCC2)s1,c1csc(N2CCCCC2)n1,49.0
Oc1ccccc1N1CCCCC1,c1ccc(N2CCCCC2)cc1,75.0
N#Cc1ccccc1N1CCCCC1,c1ccc(N2CCCCC2)cc1,43.0
Nc1ccccc1N1CCNCC1,c1ccc(N2CCNCC2)cc1,115.0
OCCc1cccc2ccccc12,c1ccc2ccccc2c1,62.0
c1cc2c(cc1C1CNCCN1)OCO2,c1cc2c(cc1C1CNCCN1)OCO2,122.0
C#CCCCCCCCCC,,-25.0
C=CCCCCCCCCC,,-49.0
CCCCCCCCCCCO,,14.0
c1ccc(C(c2ccccc2)(c2ccccc2)n2ccnc2)cc1,c1ccc(C(c2ccccc2)(c2ccccc2)n2ccnc2)cc1,222.0
O=C(O)C1(C(F)(F)F)CC1,C1CC1,88.0
C=CCCCCCCCCCCC,,-23.0
CC(=O)OC[C@H]1O[C@@H](S)[C@H](OC(C)=O)[C@@H](OC(C)=O)[C@@H]1OC(C)=O,C1CCOCC1,116.0
C=CCCCCCCCCCCCC,,-12.0
CCCCCCCCCCCCCCO,,39.0
CCCCCCCCCCCCCCS,,7.0
CC(C)(C)N1CCNC1=O,O=C1NCCN1,137.0
O=C(O)CCCc1ccc2ccc3cccc4ccc1c2c34,c1cc2ccc3cccc4ccc(c1)c2c34,185.0
CCCN,,-83.0
CCCS,,-113.0
c1cc2c(cc1CN1CCNCC1)OCO2,c1cc2c(cc1CN1CCNCC1)OCO2,43.0
NC(=O)NNc1ccccc1,c1ccccc1,172.0
c1ccc(-n2cccc2)cc1,c1ccc(-n2cccc2)cc1,59.0
c1ccc(N2CCNCC2)cc1,c1ccc(N2CCNCC2)cc1,18.0
O=C1C(=O)N(c2ccccc2)c2ccccc21,O=C1C(=O)N(c2ccccc2)c2ccccc21,141.0
c1ccc(-n2ccnc2)cc1,c1ccc(-n2ccnc2)cc1,13.0
O=C(O)C1(c2ccccc2)CCCC1,c1ccc(C2CCCC2)cc1,160.0
C1=C(c2ccccc2)CCCC1,C1=C(c2ccccc2)CCCC1,-11.0
O=C1CC(C(F)(F)F)=NN1c1ccccc1,O=C1CC=NN1c1ccccc1,193.0
C#CC(O)c1ccccc1,c1ccccc1,28.0
CC(=O)C(=NO)C(=O)c1ccccc1,c1ccccc1,129.0
CCCCCN,,-55.0
CCCCCO,,-79.0
CCCCCS,,-76.0
C#CCCCCCCCCCCCCC,,10.0
C=CCCCCCCCCCCCCC,,-4.0
C#CCCCCCC,,-60.0
C=CC(O)CCCCC,,-49.0
CCCCCCCCO,,-16.0
C=CCCCCCCCCCCCCCCCC,,16.0
CCCCCCCCCCCCCCCCCCO,,58.0
CCCCCCCCCCCCCCCCCCS,,32.0
CCCCCCCCCCCCCCCCCCS(=O)(=O)Cl,,58.0
CC(=O)O[C@H]1O[C@@H](COC(=O)c2ccccc2)[C@H](OC(=O)c2ccccc2)[C@@H]1OC(=O)c1ccccc1,O=C(OCC1OCC(OC(=O)c2ccccc2)C1OC(=O)c1ccccc1)c1ccccc1,129.0
C#CCCCCCCC,,-50.0
CCCCCCCCCO,,-7.0
O=[N+]([O-])c1cccc2ccccc12,c1ccc2ccccc2c1,57.0
CCCCCCn1c(=O)c2c(ncn2C)n(C)c1=O,O=c1[nH]c(=O)c2[nH]cnc2[nH]1,81.0
CCCCc1ccc(C#Cc2ccc(OC)cc2)cc1,C(#Cc1ccccc1)c1ccccc1,40.0
CCCCc1ccc(C#Cc2ccc(OCC)cc2)cc1,C(#Cc1ccccc1)c1ccccc1,54.0
N#CCc1cccc2ccccc12,c1ccc2ccccc2c1,34.0
NC(=O)Cc1cccc2ccccc12,c1ccc2ccccc2c1,177.0
S=C=Nc1cccc2ccccc12,c1ccc2ccccc2c1,56.0
CC(=O)Oc1cccc2ccccc12,c1ccc2ccccc2c1,45.0
O=C(Cl)c1cccc2ccccc12,c1ccc2ccccc2c1,18.0
O=C(O)c1cccc2ccccc12,c1ccc2ccccc2c1,161.0
OCc1cccc2ccccc12,c1ccc2ccccc2c1,61.0
NNC(=O)Cc1cccc2ccccc12,c1ccc2ccccc2c1,168.0
CNC(=C[N+](=O)[O-])SC,,113.0
CS(=O)(=O)n1nnc2ccccc21,c1ccc2[nH]nnc2c1,110.0
CN1CCCC1,C1CCNC1,-90.0
Cn1cccc1,c1cc[nH]c1,-57.0
CN1CCNCC1,C1CNCCN1,-6.0
Cc1cccc2ccccc12,c1ccc2ccccc2c1,-22.0
Cn1cc(C=O)c2ccccc21,c1ccc2[nH]ccc2c1,69.0
Cn1cncc1C=O,c1c[nH]cn1,55.0
Cn1cnc(C(=O)O)c1,c1c[nH]cn1,242.0
Cn1cnc(C#N)c1C#N,c1c[nH]cn1,85.0
Cn1ccnc1,c1c[nH]cn1,-6.0
CN1CC(=O)NC1=O,O=C1CNC(=O)N1,158.0
Cc1cccc2c1Cc1ccccc1-2,c1ccc2c(c1)Cc1ccccc1-2,85.0
CC1=CCCC1,C1=CCCC1,-142.0
CC1(O)CCCC1,C1CCCC1,37.0
CC1(O)CCCCC1,C1CCCCC1,26.0
CC1(C(=O)O)CCCCC1,C1CCCCC1,38.0
Cn1c(C=O)nc2ccccc21,c1ccc2[nH]cnc2c1,120.0
Cn1cnc2ccccc21,c1ccc2[nH]cnc2c1,61.0
Cn1ncc2ccc([N+](=O)[O-])cc21,c1ccc2[nH]ncc2c1,126.0
Cn1ncc2cc([N+](=O)[O-])ccc21,c1ccc2[nH]ncc2c1,160.0
CN1CCN(C2CCNCC2)CC1,C1CC(N2CCNCC2)CCN1,55.0
CN1N=C(C(F)(F)F)CC1=O,O=C1CC=NN1,179.0
CN1CCNC(c2ccccc2)C1,c1ccc(C2CNCCN2)cc1,58.0
CCCC1=NN(C)C(=O)C1,O=C1CC=NN1,115.0
Cn1c(=O)ccc2ccccc21,O=c1ccc2ccccc2[nH]1,75.0
CN1CCCC1=O,O=C1CCCN1,-24.0
Cn1ccccc1=O,O=c1cccc[nH]1,31.0
Cn1c(-c2ccccc2)cc2ccccc21,c1ccc(-c2cc3ccccc3[nH]2)cc1,99.0
Cn1nccc1C(=O)O,c1cn[nH]c1,224.0
Cn1ccc(C(=O)O)n1,c1cn[nH]c1,154.0
Cn1nnc2ccccc21,c1ccc2[nH]nnc2c1,65.0
COc1cccc2ccccc12,c1ccc2ccccc2c1,5.0
COCC(C)O,,-100.0
CCCI,,-101.0
CCCCCI,,-86.0
CCCCCCCCI,,-46.0
Ic1cccc2ccccc12,c1ccc2ccccc2c1,4.0
CCCCCCI,,-75.0
CCCCCCCCCCCCCCCCI,,22.0
CCCCCCCI,,-48.0
CCCCCCCCCCCCI,,-3.0
CCCCCCCCCCI,,-16.0
CCCCI,,-103.0
O=[N+]([O-])c1ccc(I)cc1,c1ccccc1,175.0
O=[N+]([O-])c1cccc(I)c1,c1ccccc1,37.0
O=[N+]([O-])c1cc(I)cc([N+](=O)[O-])c1,c1ccccc1,101.0
O=[N+]([O-])c1ccccc1I,c1ccccc1,50.0
CC(C)CI,,-93.0
O=[N+]([O-])c1ccc(I)c([N+](=O)[O-])c1,c1ccccc1,89.0
Cc1cc(I)c(C)c(C)c1C,c1ccccc1,31.0
O=C1CCc2ccccc21,O=C1CCc2ccccc21,40.0
OC1CCc2ccccc21,c1ccc2c(c1)CCC2,52.0
CC1(C)C(=O)NC(=O)N1CO,O=C1CNC(=O)N1,105.0
Oc1nccc2ccccc12,c1ccc2cnccc2c1,214.0
O=C(c1ccccc1)C1(O)CCCCC1,O=C(c1ccccc1)C1CCCCC1,48.0
O=C(O)c1cn[nH]c1,c1cn[nH]c1,282.0
c1cn[nH]c1,c1cn[nH]c1,68.0
C1=Cc2ccccc2C1,C1=Cc2ccccc2C1,-2.0
c1ccc2[nH]ncc2c1,c1ccc2[nH]ncc2c1,148.0
C#CCCCC,,-132.0
CCCCCCN,,-19.0
C=CCCCC,,-140.0
CCCCCCO,,-52.0
CCCCCCS,,-81.0
C#CCCCCCCCCCCCCCC,,15.0
C=CCCCCCCCCCCCCCC,,4.0
CCCCCCCCCCCCCCCCO,,49.0
CCCCCCCCCCCCCCCCS,,21.0
CCCCCCCCCCCCCCCCS(=O)(=O)Cl,,57.0
C#CCCCCC,,-81.0
CCCCCCCN,,-23.0
C=CCCCCC,,-119.0
CCCCCCCO,,-34.0
CCCCCCCS,,-43.0
CCCCCCCCCCCCCCCCCO,,54.0
c1ccc2[nH]nnc2c1,c1ccc2[nH]nnc2c1,98.0
O=C(O)Cn1cncn1,c1nc[nH]n1,203.0
c1c[nH]nn1,c1c[nH]nn1,24.0
O=CN1CCCCC1,C1CCNCC1,-31.0
O=[N+]([O-])c1ccc(F)cc1,c1ccccc1,23.0
Fc1cccc2ccccc12,c1ccc2ccccc2c1,-10.0
Fc1ccc(I)cc1,c1ccccc1,-20.0
O=[N+]([O-])c1cccc(F)c1,c1ccccc1,2.0
Fc1cccc(I)c1,c1ccccc1,-42.0
O=[N+]([O-])c1cc(F)cc(I)c1,c1ccccc1,78.0
Cc1cc(C)c([N+](=O)[O-])c(F)c1,c1ccccc1,56.0
O=[N+]([O-])c1ccccc1F,c1ccccc1,-8.0
Fc1ccccc1I,c1ccccc1,-42.0
O=[N+]([O-])c1ccc(F)c([N+](=O)[O-])c1,c1ccccc1,27.0
C#Cc1ccc2ccc3cccc4ccc1c2c34,c1cc2ccc3cccc4ccc(c1)c2c34,114.0
C#CC1(O)CCCC1,C1CCCC1,25.0
C#CC1(O)CCCCC1,C1CCCCC1,32.0
CCN1CCCCC1,C1CCNCC1,-20.0
CCN1CCNC(=O)C1=O,O=C1NCCNC1=O,110.0
CCCc1ccc(C#Cc2ccc(CC)cc2)cc1,C(#Cc1ccccc1)c1ccccc1,50.0
CCc1ccc(C#Cc2ccc(C)cc2)cc1,C(#Cc1ccccc1)c1ccccc1,73.0
CCc1ccc(I)cc1,c1ccccc1,-17.0
CCCCCCc1ccc(C#Cc2ccc(CC)cc2)cc1,C(#Cc1ccccc1)c1ccccc1,10.0
CCc1ccc(C#Cc2ccc(OC)cc2)cc1,C(#Cc1ccccc1)c1ccccc1,35.0
CCn1nc(C)cc1C(=O)O,c1cn[nH]c1,139.0
CCn1c(-c2ccccc2)cc2ccccc21,c1ccc(-c2cc3ccccc3[nH]2)cc1,86.0
CCOCC(C)O,,-100.0
CCCCCCCCCCCCCCCCCCCCO,,64.0
C#CCCCCCCCCCC,,-19.0
C=CCCCCCCCCCC,,-37.0
CCCCCCCCCCCCO,,26.0
CCCCCCCCCCCCS,,-7.0
CCCCCCCCCCCCS(=O)(=O)Cl,,41.0
CC(O)CN(C)C,,-85.0
O=[N+]([O-])c1ccc(OC(F)F)cc1,c1ccccc1,34.0
CN(C)/C=C/[N+](=O)[O-],,103.0
C#CCCCCCCCC,,-44.0
C=CCCCCCCCC,,-66.0
CCCCCCCCCCO,,6.0
CCCCCCCCCCS,,-26.0
CC(C)(C)C(O)C1CCCC1,C1CCCC1,49.0
CCCCCCCCCCS(=O)(=O)Cl,,32.0
O=C(O)C1=CCCC1,C1=CCCC1,119.0
O=C1CCCN1C1CCCCC1,O=C1CCCN1C1CCCCC1,13.0
O=C(O)C1=CCCCC1,C1=CCCCC1,32.0
O=C(O)CC1=CCCCC1,C1=CCCCC1,33.0
N#CCN1CCCCC1,C1CCNCC1,25.0
Cc1cc(C)n(C(=O)CC#N)n1,c1cn[nH]c1,120.0
N#CC1(C(=O)O)CC1,C1CC1,146.0
Clc1nncc2ccccc12,c1ccc2cnncc2c1,111.0
O=c1[nH]nc(Cl)c2ccccc12,O=c1[nH]ncc2ccccc12,272.0
CCCCCCl,,-99.0
CCCCCCCCCl,,-58.0
Clc1cccc2ccccc12,c1ccc2ccccc2c1,-8.0
Clc1nccc2ccccc12,c1ccc2cnccc2c1,34.0
CCCCCCCl,,-94.0
CCCCCCCCCCCCCCCCCl,,9.0
CC(Cl)OC(=O)Cl,,-65.0
CCCCCl,,-123.0
O=C1c2ccccc2C(=O)c2c(Cl)cccc21,O=C1c2ccccc2C(=O)c2ccccc21,160.0
ClC12CC3CC(CC(C3)C1)C2,C1C2CC3CC1CC(C2)C3,165.0
O=C1CCN(C(=O)CCl)N1,O=C1CCNN1,146.0
O=[N+]([O-])c1ccc(Cl)cc1,c1ccccc1,84.0
Clc1ccc(I)cc1,c1ccccc1,55.0
Fc1ccc(Cl)cc1,c1ccccc1,-22.0
O=[N+]([O-])c1cc(F)ccc1Cl,c1ccccc1,38.0
CC(C)CCCl,,-104.0
O=[N+]([O-])c1cccc(Cl)c1,c1ccccc1,45.0
COc1cc(Cl)cc(OC)c1,c1ccccc1,34.0
Clc1cc(Br)cc(Br)c1,c1ccccc1,93.0
O=[N+]([O-])c1ccc(Cl)cc1[N+](=O)[O-],c1ccccc1,23.0
O=[N+]([O-])c1ccccc1Cl,c1ccccc1,33.0
CC(C)CCl,,-131.0
Clc1ccccc1I,c1ccccc1,1.0
Fc1ccccc1Cl,c1ccccc1,-43.0
O=[N+]([O-])c1ccc(Cl)c([N+](=O)[O-])c1,c1ccccc1,50.0
Fc1ccc(Cl)c(F)c1,c1ccccc1,-26.0
O=[N+]([O-])c1c(F)ccc(Cl)c1F,c1ccccc1,47.0
FC(F)(F)c1ccc(Cl)c(C(F)(F)F)c1,c1ccccc1,-59.0
CCCCO,,-90.0
CCCCS,,-116.0
CCCCCCCCCCCBr,,-9.0
CCCCS(=O)(=O)Cl,,-29.0
CCCCCCCCCCCCCCBr,,5.0
Brc1ccc2ccc3cccc4ccc1c2c34,c1cc2ccc3cccc4ccc(c1)c2c34,95.0
FC(F)(F)C(F)(F)C(F)(F)C(F)(F)C(F)(F)C(F)(F)C(F)(F)C(F)(F)Br,,6.0
CCCBr,,-110.0
CCCCCBr,,-95.0
CCCCCCCCCCCCCCCBr,,19.0
CCCCCCCCBr,,-55.0
CCCCCCCCCCCCCCCCCCBr,,28.0
Brc1cccc2ccccc12,c1ccc2ccccc2c1,-1.0
CCCCCCBr,,-85.0
CCCCCCCBr,,-58.0
CCCCCCCCCCCCCCCCBr,,17.0
CCCCCCCCCCCCBr,,-10.0
CCCCCCCCCCBr,,-30.0
CCCCBr,,-112.0
BrC12CC3CC(CC(C3)C1)C2,C1C2CC3CC1CC(C2)C3,119.0
CC(C)(C)c1ccc(Br)cc1,c1ccccc1,16.0
O=[N+]([O-])c1ccc(Br)cc1,c1ccccc1,126.0
CC(C)c1ccc(Br)cc1,c1ccccc1,-12.0
Brc1ccc(I)cc1,c1ccccc1,91.0
Fc1ccc(Br)c2ccccc12,c1ccc2ccccc2c1,35.0
Fc1ccc(Br)cc1,c1ccccc1,-16.0
O=[N+]([O-])c1cc(F)ccc1Br,c1ccccc1,38.0
Clc1ccc(Br)cc1,c1ccccc1,65.0
O=[N+]([O-])c1cc(Cl)ccc1Br,c1ccccc1,70.0
BrCCCOc1ccccc1,c1ccccc1,10.0
CC(C)CCBr,,-112.0
Brc1cccc(I)c1,c1ccccc1,-9.0
Fc1cccc(Br)c1,c1ccccc1,-8.0
ClCCCBr,,-59.0
Clc1cccc(Br)c1,c1ccccc1,-22.0
CC(C)(C)c1cc(Br)cc(C(C)(C)C)c1,c1ccccc1,64.0
Fc1cc(F)cc(Br)c1,c1ccccc1,-27.0
Clc1cc(Cl)cc(Br)c1,c1ccccc1,75.0
FC(F)(F)c1cc(Br)cc(C(F)(F)F)c1,c1ccccc1,-16.0
BrCCC(c1ccccc1)c1ccccc1,c1ccc(Cc2ccccc2)cc1,41.0
O=[N+]([O-])c1ccccc1Br,c1ccccc1,42.0
Oc1ccc2ccccc2c1Br,c1ccc2ccccc2c1,79.0
CC(C)CBr,,-118.0
COc1ccc2ccccc2c1Br,c1ccc2ccccc2c1,80.0
Brc1ccccc1I,c1ccccc1,10.0
CCCCCCCCCCCCCCC(=O)CBr,,56.0
Fc1ccccc1Br,c1ccccc1,-8.0
Fc1cc(I)ccc1Br,c1ccccc1,36.0
CCc1ccccc1Br,c1ccccc1,-68.0
ClCCBr,,-18.0
Clc1ccccc1Br,c1ccccc1,-13.0
O=[N+]([O-])c1ccc(Br)c(Cl)c1,c1ccccc1,61.0
O=[N+]([O-])c1cc(F)c(Br)cc1F,c1ccccc1,56.0
O=[N+]([O-])c1ccc(Br)c([N+](=O)[O-])c1,c1ccccc1,72.0
COc1ccc(Br)c(OC)c1,c1ccccc1,25.0
Fc1ccc(Br)c(F)c1,c1ccccc1,-4.0
Clc1ccc(Br)c(Cl)c1,c1ccccc1,27.0
Fc1cc(F)c(Br)cc1F,c1ccccc1,-19.0
Clc1cccc(Br)c1Cl,c1ccccc1,58.0
Clc1cc(Cl)c(Cl)c(Br)c1,c1ccccc1,59.0
Cc1cc(C)c(C)c(Br)c1C,c1ccccc1,60.0
CC(C)(C)OC(=O)n1cccc1C=O,c1cc[nH]c1,51.0
CC(C)(C)OC(=O)N1CCNCC1,C1CNCCN1,46.0
CCOC(=O)C1CCCN(C(=O)OC(C)(C)C)C1,C1CCNCC1,33.0
CC(C)(C)OC(=O)N1CCC(C(=O)O)CC1,C1CCNCC1,150.0
CC(C)(C)OC(=O)N1CCc2ccccc21,c1ccc2c(c1)CCN2,47.0
CC(C)(C)OC(=O)n1ccnc1,c1c[nH]cn1,46.0
CC(C)(C)OC(=O)N1CC(C(=O)O)C1,C1CNC1,102.0
CC(C)(C)OC(=O)n1ncc2ccc(N)cc21,c1ccc2[nH]ncc2c1,172.0
CC(C)(C)OC(=O)N1CCC(=O)CC1,O=C1CCNCC1,74.0
CC(C)(C)OC(=O)N1CCC(CO)CC1,C1CCNCC1,80.0
CC(C)(C)OC(=O)N1CCC(O)CC1,C1CCNCC1,63.0
CC(C)(C)OC(=O)N1CCC(C#N)CC1,C1CCNCC1,47.0
CC(C)(C)OC(=O)N1CCC(=O)C1,O=C1CCNC1,36.0
CC(C)(C)OC(=O)N1CCCC(=O)C1,O=C1CCCNC1,38.0
CC(C)(C)OC(=O)N1CCNC(=O)C1,O=C1CNCCN1,158.0
CC(C)(C)OC(=O)N1CCCC(O)C1,C1CCNCC1,68.0
CC(C)(C)OC(=O)N1CC(O)C1,C1CNC1,40.0
CC(C)(C)OC(=O)N1CC(C#N)C1,C1CNC1,70.0
CC(C)(C)OC(=O)N1CC(=O)C1,O=C1CNC1,51.0
CC(C)(C)OC(=O)N1CCCCC1=O,O=C1CCCCN1,36.0
O=C1CCN(C(=O)OCc2ccccc2)CC1,O=C1CCN(C(=O)OCc2ccccc2)CC1,40.0
Brc1ccc(OCc2ccccc2)cc1,c1ccc(COc2ccccc2)cc1,62.0
Ic1ccc(OCc2ccccc2)cc1,c1ccc(COc2ccccc2)cc1,62.0
Ic1cccc(OCc2ccccc2)c1,c1ccc(COc2ccccc2)cc1,51.0
c1ccc(Cn2ccnc2)cc1,c1ccc(Cn2ccnc2)cc1,71.0
O=C1NC(=O)N(Cc2ccccc2)C(=O)C1c1ccccc1,O=C1NC(=O)N(Cc2ccccc2)C(=O)C1c1ccccc1,164.0
OC1CCN(Cc2ccccc2)CC1,c1ccc(CN2CCCCC2)cc1,62.0
N#CC1(O)CCN(Cc2ccccc2)CC1,c1ccc(CN2CCCCC2)cc1,97.0
CC(C)(C)OC(=O)N1CCN(Cc2ccccc2)CC1,c1ccc(CN2CCNCC2)cc1,72.0
Oc1nn(Cc2ccccc2)c2ccccc12,c1ccc(Cn2ncc3ccccc32)cc1,165.0
c1ccc(CN2CCNCCNCCNCC2)cc1,c1ccc(CN2CCNCCNCCNCC2)cc1,85.0
O=C(O)c1nnn(Cc2ccccc2)c1C(=O)O,c1ccc(Cn2ccnn2)cc1,180.0
O=C(c1ccccc1)N1CCCCC1,O=C(c1ccccc1)N1CCCCC1,49.0
O=C(c1ccccc1)c1cccc2ccccc12,O=C(c1ccccc1)c1cccc2ccccc12,76.0
O=C1CCN(C(=O)c2ccccc2)CC1,O=C1CCN(C(=O)c2ccccc2)CC1,55.0
c1ccc(C(c2ccccc2)N2CCNCC2)cc1,c1ccc(C(c2ccccc2)N2CCNCC2)cc1,92.0
C1COCCOCCOCCOCCOCCN1,C1COCCOCCOCCOCCOCCN1,48.0
Nc1ccc2ccc3cccc4ccc1c2c34,c1cc2ccc3cccc4ccc(c1)c2c34,118.0
NC1CCc2ccccc21,c1ccc2c(c1)CCC2,2.0
Nc1cccc2c1C(=O)c1ccccc1C2=O,O=C1c2ccccc2C(=O)c2ccccc21,254.0
Nc1cccc2c1C(=O)c1cccc(Cl)c1C2=O,O=C1c2ccccc2C(=O)c2ccccc21,207.0
Nc1ccc(O)c2c1C(=O)c1ccccc1C2=O,O=C1c2ccccc2C(=O)c2ccccc21,208.0
Nc1c(Br)cc(Br)c2c1C(=O)c1ccccc1C2=O,O=C1c2ccccc2C(=O)c2ccccc21,227.0
OCC12CC3CC(CC(C3)C1)C2,C1C2CC3CC1CC(C2)C3,117.0
OCCC12CC3CC(CC(C3)C1)C2,C1C2CC3CC1CC(C2)C3,74.0
O=C(O)CC12CC3CC(CC(C3)C1)C2,C1C2CC3CC1CC(C2)C3,137.0
CC(=O)c1ccc2ccc3cccc4ccc1c2c34,c1cc2ccc3cccc4ccc(c1)c2c34,88.0
CC(=O)N1CCC(C(=O)O)CC1,C1CCNCC1,182.0
CC(=O)N1CCC(C(=O)Cl)CC1,C1CCNCC1,132.0
CC(=O)N1CCNCC1,C1CNCCN1,32.0
CC(=O)c1cccc2ccccc12,c1ccc2ccccc2c1,10.0
CC(=O)N1C(=O)C(=O)c2ccccc21,O=C1Nc2ccccc2C1=O,142.0
CC(=O)n1ccnc1,c1c[nH]cn1,101.0
CC(=O)N1CCc2cc([N+](=O)[O-])ccc21,c1ccc2c(c1)CCN2,177.0
CC(=O)N1CCc2cc(Br)ccc21,c1ccc2c(c1)CCN2,120.0
CC(=O)N1CCc2cc(Br)cc([N+](=O)[O-])c21,c1ccc2c(c1)CCN2,197.0
CC(=O)N1CCN(c2ccc(O)cc2)CC1,c1ccc(N2CCNCC2)cc1,183.0
CC(=O)NNC(N)=S,,167.0
CC(=O)c1c(O)ccc2ccccc12,c1ccc2ccccc2c1,65.0
CC(=O)NC12CC3CC(CC(C3)C1)C2,C1C2CC3CC1CC(C2)C3,148.0
CCCCCCCCCCCCCCCCCC(=O)CCCCCCCCCCCCCCCCC,,87.0
C1COCCOCCOCCOCCOCCO1,C1COCCOCCOCCOCCOCCO1,39.0
O=C(O)CCCCCCCCCCCCCCCO,,99.0
O=C(O)CCCCCCCCCCCCCCO,,86.0
CCCCCCCCCCCCCC(=O)CCCCCCCCCCCCC,,78.0
CCCCCCCCCCCC(=O)CCCCCCCCCCC,,67.0
CCCCCCC(O)CCCCCCCCCCC(=O)O,,75.0
NCCCCCCCCCCCC(=O)O,,186.0
CCCCCCCCCCC(O)CCCCCCCCCC,,72.0
C#CCCCCCCCCC(=O)O,,42.0
C=CCCCCCCCCC(=O)O,,24.0
C=CCCCCCCCCCO,,-3.0
OCCCCCCCCCCc1ccccc1,c1ccccc1,36.0
CN1c2ccccc2Sc2ccccc21,c1ccc2c(c1)Nc1ccccc1S2,102.0
Oc1cccc2ccc3cccnc3c12,c1ccc2c(c1)ccc1cccnc12,104.0
CCCCCCCCCCC#CC#CCCCCCCCCC(=O)O,,57.0
CCCCCCCCCCCCC#CC#CCCCCCCCCC(=O)O,,64.0
O=C(O)CCCCCCCCC#CC#CCCCCCCCCC(=O)O,,111.0
NC(=O)N1c2ccccc2CCc2ccccc21,c1ccc2c(c1)CCc1ccccc1N2,205.0
FC(F)(F)c1cc(-n2cccc2)cc(C(F)(F)F)c1,c1ccc(-n2cccc2)cc1,42.0
CC(O)c1cc(C(F)(F)F)cc(C(F)(F)F)c1,c1ccccc1,72.0
OCCCCCCCCCO,,47.0
O=C(/C=C/C=C/c1ccccc1)/C=C/C=C/c1ccccc1,O=C(C=CC=Cc1ccccc1)C=CC=Cc1ccccc1,142.0
NCCCCCCCCCN,,38.0
OCCCCCCCCO,,60.0
C#CCCCCCC#C,,-21.0
O=C1NC(=O)c2cccc3cccc1c23,O=C1NC(=O)c2cccc3cccc1c23,301.0
O=C1OC(=O)c2cccc3cccc1c23,O=C1OC(=O)c2cccc3cccc1c23,271.0
ClCCCCCCCCCl,,-8.0
O=C1c2cccc(Cl)c2C(=O)c2c(Cl)cccc21,O=C1c2ccccc2C(=O)c2ccccc21,202.0
BrCCCCCCCCBr,,16.0
c1ccc(CN2CCCNCCN(Cc3ccccc3)CCCNCC2)cc1,c1ccc(CN2CCCNCCN(Cc3ccccc3)CCCNCC2)cc1,68.0
C1CCC2=NCCCN2CC1,C1CCC2=NCCCN2CC1,-70.0
NCCCCCCCCN,,52.0
Nc1cccc2cccc(N)c12,c1ccc2ccccc2c1,63.0
CC12CCC(CC1)C(C)(C)O2,C1CC2CCC1CO2,1.0
CN(C)c1cccc2cccc(N(C)C)c12,c1ccc2ccccc2c1,49.0
O=C1c2c(O)cccc2Cc2cccc(O)c21,O=C1c2ccccc2Cc2ccccc21,179.0
c1cnc2c(c1)ccc1ncccc12,c1cnc2c(c1)ccc1ncccc12,79.0
OCCCCCCCO,,18.0
Oc1ccc2cccc(O)c2c1,c1ccc2ccccc2c1,182.0
NCCCCCCCN,,28.0
SCCCCCCS,,-21.0
OCCCCCCO,,42.0
C(C#CCOc1ccccc1)#CCOc1ccccc1,C(C#CCOc1ccccc1)#CCOc1ccccc1,82.0
COc1ccc2c(OC)cccc2c1,c1ccc2ccccc2c1,59.0
O=C=NCCCCCCN=C=O,,-67.0
Oc1ccc2c(O)cccc2c1,c1ccc2ccccc2c1,138.0
N#CCCCCCCC#N,,-3.0
ClCCCCCCCl,,-13.0
O=C(O)c1cc2cc(Br)ccc2c(Br)c1O,c1ccc2ccccc2c1,251.0
BrCCCCCCBr,,-2.0
NCCCCCCN,,41.0
O[C@@H]1[C@@H](O)[C@@H]2OC[C@@H](O2)[C@H]1O,C1CC2COC(C1)O2,182.0
SCCCCCS,,-72.0
OCCCCCO,,-16.0
C1CCc2nnnn2CC1,C1CCc2nnnn2CC1,60.0
C=CCCC=C,,-141.0
O=[N+]([O-])c1cccc2c([N+](=O)[O-])cccc12,c1ccc2ccccc2c1,216.0
Cc1cccc2c(C)cccc12,c1ccc2ccccc2c1,80.0
ClCCCCCCl,,-72.0
O=[N+]([O-])c1cc([N+](=O)[O-])c(F)cc1F,c1ccccc1,74.0
O=C1c2cccc(Cl)c2C(=O)c2cccc(Cl)c21,O=C1c2ccccc2C(=O)c2ccccc21,247.0
O=[N+]([O-])c1cc([N+](=O)[O-])c(Cl)cc1Cl,c1ccccc1,101.0
BrCCCCCBr,,-34.0
NCCCCCN,,9.0
Nc1cccc2c(N)cccc12,c1ccc2ccccc2c1,191.0
c1ccc(P(CCCCCP(c2ccccc2)c2ccccc2)c2ccccc2)cc1,c1ccc(P(CCCCCP(c2ccccc2)c2ccccc2)c2ccccc2)cc1,47.0
CN1C(=O)NC(=O)C1(C)C,O=C1CNC(=O)N1,163.0
N#CCCN1CCN(CCC#N)CC1,C1CNCCN1,65.0
N#CCc1ccc(CC#N)cc1,c1ccccc1,96.0
O=C(O)Cc1ccc(CC(=O)O)cc1,c1ccccc1,254.0
S=C=Nc1ccc(N=C=S)cc1,c1ccccc1,131.0
O=C1CCOCCN1,O=C1CCOCCN1,81.0
O=S1(=O)CCOCC1,O=S1(=O)CCOCC1,132.0
O=C1C=CC(=O)c2ccccc21,O=C1C=CC(=O)c2ccccc21,122.0
O[C@H](CS)[C@@H](O)CS,,83.0
O[C@H](CS)[C@H](O)CS,,42.0
CC(C)(C)c1ccc(C(C)(C)C)cc1,c1ccccc1,77.0
CCC(=O)Oc1ccc(OC(=O)CC)cc1,c1ccccc1,113.0
C(C#Cc1ccccc1)#Cc1ccccc1,C(C#Cc1ccccc1)#Cc1ccccc1,87.0
O=C(CCCc1ccccc1)c1ccccc1,O=C(CCCc1ccccc1)c1ccccc1,55.0
c1ccc(Oc2ccc(Oc3ccccc3)cc2)cc1,c1ccc(Oc2ccc(Oc3ccccc3)cc2)cc1,73.0
O=C1COC(=O)CO1,O=C1COC(=O)CO1,82.0
OC1OCCOC1O,C1COCCO1,101.0
C1COCCO1,C1COCCO1,12.0
Cc1ccc(S(=O)(=O)OC[C@@H]2OC(C)(C)O[C@H]2COS(=O)(=O)c2ccc(C)cc2)cc1,O=S(=O)(OCC1OCOC1COS(=O)(=O)c1ccccc1)c1ccccc1,90.0
O=[N+]([O-])c1ccc([N+](=O)[O-])cc1,c1ccccc1,174.0
CN1CCN(C)CC1,C1CNCCN1,-1.0
COc1ccc(OC)c2ccccc12,c1ccc2ccccc2c1,85.0
COc1ccc(OC)cc1,c1ccccc1,56.0
COc1ccc(OC)c(F)c1,c1ccccc1,25.0
CC(C)c1ccc(C(C)C)cc1,c1ccccc1,-17.0
ICCCCI,,6.0
Ic1ccc(I)cc1,c1ccccc1,130.0
O=C1c2ccccc2C(=O)c2c(O)ccc(O)c21,O=C1c2ccccc2C(=O)c2ccccc21,197.0
O=CN1CCN(C=O)CC1,C1CNCCN1,128.0
O=[N+]([O-])c1cc(F)ccc1F,c1ccccc1,-12.0
Fc1ccc(F)cc1,c1ccccc1,-13.0
COc1cc(F)c(OC)cc1F,c1ccccc1,121.0
CCc1ccc(CC)cc1,c1ccccc1,-43.0
CCOc1ccc(OCC)cc1,c1ccccc1,70.0
c1cc(C2CCCCC2)ccc1C1CCCCC1,c1cc(C2CCCCC2)ccc1C1CCCCC1,104.0
ClCCCCCl,,-38.0
Clc1ccc(Cl)cc1,c1ccccc1,54.0
O=[N+]([O-])c1cc(Cl)ccc1Cl,c1ccccc1,55.0
Clc1nnc(Cl)c2c1C1CCC2CC1,c1nncc2c1C1CCC2CC1,210.0
Clc1ccc(Cl)c(I)c1,c1ccccc1,21.0
Fc1cc(Cl)ccc1Cl,c1ccccc1,4.0
CC(Br)CCCBr,,-34.0
Brc1ccc(Br)c2ccccc12,c1ccc2ccccc2c1,81.0
BrCCCCBr,,-20.0
Brc1ccc(Br)cc1,c1ccccc1,88.0
O=[N+]([O-])c1cc(Br)ccc1Br,c1ccccc1,84.0
Fc1cc(Br)ccc1Br,c1ccccc1,34.0
Fc1cc(Br)c(F)cc1Br,c1ccccc1,62.0
COc1cc(Br)c(OC)cc1Br,c1ccccc1,146.0
O=C(CBr)C(=O)CBr,,118.0
c1ccc(COc2ccc(OCc3ccccc3)cc2)cc1,c1ccc(COc2ccc(OCc3ccccc3)cc2)cc1,127.0
O=C(c1ccccc1)c1ccc(C(=O)c2ccccc2)cc1,O=C(c1ccccc1)c1ccc(C(=O)c2ccccc2)cc1,163.0
C1CN2CCN1CC2,C1CN2CCN1CC2,158.0
NCCCCN,,27.0
Nc1ccc(N)c2c1C(=O)c1ccccc1C2=O,O=C1c2ccccc2C(=O)c2ccccc21,263.0
C=CC(=O)N1CCN(C(=O)C=C)CC1,C1CNCCN1,93.0
CC(=O)OCCCCOC(C)=O,,13.0
CC(=O)Oc1ccc(OC(C)=O)cc1,c1ccccc1,121.0
CC(=O)OCC#CCOC(C)=O,,28.0
O=C1CCC(=O)CC1,O=C1CCC(=O)CC1,78.0
C1=CCC=CC1,C1=CCC=CC1,-49.0
OCCCCO,,20.0
FC(F)(F)c1ccc(C(F)(F)F)cc1,c1ccccc1,-1.0
C(#Cc1ccc(C#Cc2ccccc2)cc1)c1ccccc1,C(#Cc1ccc(C#Cc2ccccc2)cc1)c1ccccc1,177.0
c1cc(OCC2CO2)ccc1OCC1CO1,c1cc(OCC2CO2)ccc1OCC1CO1,111.0
c1ccc(P(CCCCP(c2ccccc2)c2ccccc2)c2ccccc2)cc1,c1ccc(P(CCCCP(c2ccccc2)c2ccccc2)c2ccccc2)cc1,134.0
c1ccc(-c2cnc(-c3ccc(-c4ncc(-c5ccccc5)o4)cc3)o2)cc1,c1ccc(-c2cnc(-c3ccc(-c4ncc(-c5ccccc5)o4)cc3)o2)cc1,242.0
Cc1nc(-c2ccc(-c3nc(C)c(-c4ccccc4)o3)cc2)oc1-c1ccccc1,c1ccc(-c2cnc(-c3ccc(-c4ncc(-c5ccccc5)o4)cc3)o2)cc1,234.0
NCCCN1CCN(CCCN)CC1,C1CNCCN1,14.0
c1ccc(CCc2ccc(CCc3ccccc3)cc2)cc1,c1ccc(CCc2ccc(CCc3ccccc3)cc2)cc1,89.0
Cc1ccccc1/C=C/c1ccc(/C=C/c2ccccc2C)cc1,C(=Cc1ccc(C=Cc2ccccc2)cc1)c1ccccc1,182.0
CC(CO)c1ccc(C(C)CO)cc1,c1ccccc1,144.0
FC(F)(F)COc1ccc(OCC(F)(F)F)cc1,c1ccccc1,76.0
OC1(C#CC#CC2(O)CCCCC2)CCCCC1,C(C#CC1CCCCC1)#CC1CCCCC1,175.0
C1CCN(C2CCNCC2)CC1,C1CCN(C2CCNCC2)CC1,68.0
O=S(=O)(Cl)c1ccc2c(c1)OCCO2,c1ccc2c(c1)OCCO2,66.0
O=Cc1ccc2c(c1)OCCO2,c1ccc2c(c1)OCCO2,50.0
NC(=S)C1COc2ccccc2O1,c1ccc2c(c1)OCCO2,174.0
O=C(O)C1COc2ccccc2O1,c1ccc2c(c1)OCCO2,124.0
Nc1ccc2c(c1)OCCO2,c1ccc2c(c1)OCCO2,28.0
Sc1ccc(S)cc1,c1ccccc1,97.0
OCc1ccc(CO)cc1,c1ccccc1,119.0
CC(C)(C)OC(=O)N1CCCN(C(=O)OC(C)(C)C)CCN(C(=O)OC(C)(C)C)CCCNCC1,C1CNCCNCCCNCCNC1,51.0
CN1CCCN(C)CCN(C)CCCN(C)CC1,C1CNCCNCCCNCCNC1,35.0
CCOC(=O)CN1CCCN(CC(=O)OCC)CCN(CC(=O)OCC)CCCN(CC(=O)OCC)CC1,C1CNCCNCCCNCCNC1,88.0
C1CN2CCN3CCCN(CCN(C1)C2)C3,C1CN2CCN3CCCN(CCN(C1)C2)C3,84.0
C1CNCCNCCCNCCNC1,C1CNCCNCCCNCCNC1,186.0
Cc1cc2c(C)ccc(C)c2cc1C,c1ccc2ccccc2c1,64.0
O=C1CCC(C(=O)O)=NN1,O=C1CCC=NN1,197.0
C1CSCCSCCNCCSCCSCCN1,C1CSCCSCCNCCSCCSCCN1,130.0
O=S1(=O)CCCO1,O=S1(=O)CCCO1,32.0
SCCCS,,-79.0
Cc1ccc(S(=O)(=O)OCCCOS(=O)(=O)c2ccc(C)cc2)cc1,O=S(=O)(OCCCOS(=O)(=O)c1ccccc1)c1ccccc1,91.0
OCCCO,,-26.0
N#CCc1cccc(CC#N)c1,c1ccccc1,34.0
O=C(O)Cc1cccc(CC(=O)O)c1,c1ccccc1,175.0
O=C=Nc1cccc(N=C=O)c1,c1ccccc1,48.0
C1CSCSC1,C1CSCSC1,54.0
O=C1CC(=O)c2ccccc21,O=C1CC(=O)c2ccccc21,130.0
c1ccc(-c2oc(-c3ccccc3)c3ccccc23)cc1,c1ccc(-c2oc(-c3ccccc3)c3ccccc23)cc1,135.0
CC(C)(C)c1cccc(C(C)(C)C)c1,c1ccccc1,10.0
N=C(Nc1ccccc1)Nc1ccccc1,N=C(Nc1ccccc1)Nc1ccccc1,149.0
O=C(Cc1ccccc1)Cc1ccccc1,O=C(Cc1ccccc1)Cc1ccccc1,34.0
CC(CC(=O)c1ccccc1)c1ccccc1,O=C(CCc1ccccc1)c1ccccc1,70.0
OC(COc1ccccc1)COc1ccccc1,c1ccc(OCCCOc2ccccc2)cc1,82.0
c1ccc(Oc2cccc(Oc3ccccc3)c2)cc1,c1ccc(Oc2cccc(Oc3ccccc3)c2)cc1,60.0
O=C(CC(=O)c1ccccc1)c1ccccc1,O=C(CC(=O)c1ccccc1)c1ccccc1,78.0
C1COCO1,C1COCO1,-95.0
Cc1ccccc1NC(=N)Nc1ccccc1C,N=C(Nc1ccccc1)Nc1ccccc1,177.0
O=[N+]([O-])c1cccc([N+](=O)[O-])c1,c1ccccc1,89.0
CCCCN1C(=O)CC(=O)N(CCCC)C1=S,O=C1CC(=O)NC(=S)N1,62.0
Cn1ccc(=O)n(C)c1=O,O=c1cc[nH]c(=O)[nH]1,121.0
CN1C(=O)CC(=O)N(C)C1=O,O=C1CC(=O)NC(=O)N1,122.0
CNc1c(C=O)c(=O)n(C)c(=O)n1C,O=c1cc[nH]c(=O)[nH]1,203.0
CN1CCCN(C)C1=O,O=C1NCCCN1,-23.0
CN1CCN(C)C1=O,O=C1NCCN1,8.0
CCCn1c(C(=O)O)cc2c(=O)n(C)c(=O)n(C)c21,O=c1[nH]c(=O)c2cc[nH]c2[nH]1,139.0
COc1cccc(OC)c1,c1ccccc1,-52.0
CC(C)c1cccc(C(C)C)c1,c1ccccc1,-63.0
ICCCI,,-20.0
Ic1cccc(I)c1,c1ccccc1,36.0
Oc1cc(O)c2ccccc2c1,c1ccc2ccccc2c1,125.0
OC[C@@]1(O)CO[C@](O)(CO)CO1,C1COCCO1,79.0
CCOc1cccc(OCC)c1,c1ccccc1,11.0
Fc1cccc(F)c1,c1ccccc1,-59.0
Cl/C=C/CCl,,-84.0
O=C(CCl)CCl,,44.0
Clc1cccc(Cl)c1,c1ccccc1,-25.0
Clc1cc(Cl)cc(I)c1,c1ccccc1,57.0
O=[N+]([O-])c1cc(Cl)cc(Cl)c1,c1ccccc1,64.0
Fc1ccc(Cl)cc1Cl,c1ccccc1,-23.0
CC1(C)C(=O)N(Cl)C(=O)N1Cl,O=C1CNC(=O)N1,132.0
O=Nc1c(Cl)cccc1Cl,c1ccccc1,172.0
OC(CCl)CCl,,-4.0
BrCCCBr,,-34.0
Fc1c(Cl)cccc1Cl,c1ccccc1,38.0
Fc1cc(Br)c(I)c(Br)c1,c1ccccc1,134.0
Brc1cccc(Br)c1,c1ccccc1,-7.0
CCC(CC)(CBr)CBr,,40.0
COC(CBr)(CBr)OC,,66.0
O=C(Oc1cccc(OC(=O)c2ccccc2)c1)c1ccccc1,O=C(Oc1cccc(OC(=O)c2ccccc2)c1)c1ccccc1,118.0
N#CC1CN(Cc2ccccc2)CN(Cc2ccccc2)C1,c1ccc(CN2CCCN(Cc3ccccc3)C2)cc1,80.0
NCC(O)CN,,43.0
NCCCN,,-12.0
O=C(c1ccccc1)c1cccc(C(=O)c2ccccc2)c1,O=C(c1ccccc1)c1cccc(C(=O)c2ccccc2)c1,99.0
CC(=O)c1cccc(C(C)=O)c1,c1ccccc1,36.0
CC(=O)c1cn(C(C)=O)c2ccccc12,c1ccc2[nH]ccc2c1,146.0
c1cc(CCCc2ccncc2)ccn1,c1cc(CCCc2ccncc2)ccn1,55.0
O=C(C=Cc1cccs1)c1cccs1,O=C(C=Cc1cccs1)c1cccs1,99.0
C1=CCCCCC=C1,C1=CCCCCC=C1,-53.0
O=C1CCC(=O)C1,O=C1CCC(=O)C1,152.0
O=C1CCCC(=O)C1,O=C1CCCC(=O)C1,103.0
OCC(CO)(CO)NCCCNC(CO)(CO)CO,,169.0
C1=CCCC=C1,C1=CCCC=C1,-89.0
OC1CCCC(O)C1,C1CCCCC1,30.0
FC(F)(F)c1cccc(C(F)(F)F)c1,c1ccccc1,-35.0
c1ccc(P(CCCP(c2ccccc2)c2ccccc2)c2ccccc2)cc1,c1ccc(P(CCCP(c2ccccc2)c2ccccc2)c2ccccc2)cc1,61.0
O=C(NCO)NCO,,126.0
OC(c1cccc(C(O)(C(F)(F)F)C(F)(F)F)c1)(C(F)(F)F)C(F)(F)F,c1ccccc1,10.0
C(CC1CCNCC1)CC1CCNCC1,C(CC1CCNCC1)CC1CCNCC1,66.0
O=S(=O)(Cl)c1cccc(S(=O)(=O)Cl)c1,c1ccccc1,59.0
c1ccc2c(c1)OCO2,c1ccc2c(c1)OCO2,-18.0
CC(C)(C)c1cc(C(C)(C)C)cc(C(C)(C)C)c1,c1ccccc1,71.0
OCc1cccc(CO)c1,c1ccccc1,58.0
c1ccc(-c2cc(-c3ccccc3)cc(-c3ccccc3)c2)cc1,c1ccc(-c2cc(-c3ccccc3)cc(-c3ccccc3)c2)cc1,173.0
O=c1n(CCO)c(=O)n(CCO)c(=O)n1CCO,O=c1[nH]c(=O)[nH]c(=O)[nH]1,138.0
Cc1nn(C)c(C)c1C=O,c1cn[nH]c1,82.0
C1OCOCO1,C1OCOCO1,61.0
COc1cc(OC)cc(OC)c1,c1ccccc1,52.0
Cc1cc(C)n(C)n1,c1cn[nH]c1,36.0
CC(C)c1cc(C(C)C)cc(C(C)C)c1,c1ccccc1,-7.0
COc1cc(OC)c([N+](=O)[O-])c(OC)c1,c1ccccc1,152.0
Fc1cc(F)cc(F)c1,c1ccccc1,-6.0
Clc1cc(Cl)cc(Cl)c1,c1ccccc1,64.0
C#Cc1cc(C#C)cc(C#C)c1,c1ccccc1,106.0
O=[N+]([O-])c1c(F)cc(F)cc1F,c1ccccc1,4.0
Clc1cc(Cl)c(I)c(Cl)c1,c1ccccc1,55.0
O=[N+]([O-])c1c(Cl)cc(Cl)cc1Cl,c1ccccc1,71.0
Brc1cc(Br)cc(Br)c1,c1ccccc1,123.0
Fc1c(Cl)c(F)c(Cl)c(F)c1Cl,c1ccccc1,63.0
O=C(c1ccccc1)c1cc(C(=O)c2ccccc2)cc(C(=O)c2ccccc2)c1,O=C(c1ccccc1)c1cc(C(=O)c2ccccc2)cc(C(=O)c2ccccc2)c1,118.0
c1ccc(CN2CN(Cc3ccccc3)CN(Cc3ccccc3)C2)cc1,c1ccc(CN2CN(Cc3ccccc3)CN(Cc3ccccc3)C2)cc1,50.0
O=C(Cl)c1cc(C(=O)Cl)cc(C(=O)Cl)c1,c1ccccc1,36.0
O=C(O)c1cc(C(=O)O)cc(C(=O)O)c1,c1ccccc1,375.0
C=C1N(C)c2ccccc2C1(C)C,C=C1Cc2ccccc2N1,-10.0
C1=CC=CC=CC=C1,C1=CC=CC=CC=C1,-5.0
CC(O)CO,,-60.0
CC(=O)OCC(C)OC(C)=O,,-31.0
O=C(O)Cc1ccccc1CC(=O)O,c1ccccc1,151.0
N#CCc1ccccc1CC#N,c1ccccc1,59.0
CC1(C)O[C@H]2O[C@H]([C@H](O)CO)[C@H](O)[C@H]2O1,C1CC2OCOC2O1,160.0
ClP1Oc2ccccc2O1,c1ccc2c(c1)OPO2,30.0
O=P(O)(O)C=CP(=O)(O)O,,219.0
CCCCCCC(O)CO,,31.0
CCCCCCCCCCCCCCCCC1CO1,C1CO1,33.0
SCCS,,-41.0
c1ccc(OCCOc2ccccc2)cc1,c1ccc(OCCOc2ccccc2)cc1,95.0
c1ccc(CCc2ccccc2)cc1,c1ccc(CCc2ccccc2)cc1,52.0
COCCOC,,-69.0
Cc1ncc([N+](=O)[O-])n1C,c1c[nH]cn1,137.0
Cc1nccn1C,c1c[nH]cn1,37.0
ICCI,,82.0
COc1cc([N+](=O)[O-])c([N+](=O)[O-])cc1OC,c1ccccc1,133.0
Fc1ccccc1F,c1ccccc1,-34.0
C1=Cc2ccccc2CC1,C1=Cc2ccccc2CC1,-8.0
CCc1ccccc1CC,c1ccccc1,-31.0
COc1cc(F)c(F)cc1OC,c1ccccc1,40.0
CCOc1ccccc1OCC,c1ccccc1,44.0
CCOCCOCC,,-74.0
Clc1ccccc1Cl,c1ccccc1,-18.0
ClCCCl,,-35.0
CC(Cl)CCl,,-100.0
Clc1ccc(I)cc1Cl,c1ccccc1,30.0
O=[N+]([O-])c1ccc(Cl)c(Cl)c1,c1ccccc1,41.0
O=[N+]([O-])c1cccc(Cl)c1Cl,c1ccccc1,62.0
Fc1ccc(Cl)c(Cl)c1,c1ccccc1,-1.0
CC(Br)CBr,,-55.0
Clc1cccc(I)c1Cl,c1ccccc1,35.0
CCC(Br)CBr,,-65.0
BrCCBr,,10.0
Fc1cc(Br)c(Br)cc1F,c1ccccc1,33.0
Brc1ccccc1Br,c1ccccc1,5.0
N#CCCC(Br)(C#N)CBr,,50.0
Fc1cc(F)c(Br)c(Br)c1,c1ccccc1,37.0
c1ccc(NCCNc2ccccc2)cc1,c1ccc(NCCNc2ccccc2)cc1,66.0
O=C(c1ccccc1)c1ccccc1C(=O)c1ccccc1,O=C(c1ccccc1)c1ccccc1C(=O)c1ccccc1,147.0
O=C(CCC(=O)c1ccccc1)c1ccccc1,O=C(CCC(=O)c1ccccc1)c1ccccc1,146.0
Cc1ccc(CCc2ccc(C)cc2)cc1,c1ccc(CCc2ccccc2)cc1,81.0
CC(N)CN,,-37.0
O=C1CCCCC1=O,O=C1CCCCC1=O,37.0
C1=C(CCC2=CCc3ccccc32)c2ccccc2C1,C1=C(CCC2=CCc3ccccc32)c2ccccc2C1,123.0
c1ccc(SCCSc2ccccc2)cc1,c1ccc(SCCSc2ccccc2)cc1,69.0
FC(F)(F)c1ccccc1CCc1ccccc1C(F)(F)F,c1ccc(CCc2ccccc2)cc1,75.0
O=S(=O)(CCS(=O)(=O)c1ccccc1)c1ccccc1,O=S(=O)(CCS(=O)(=O)c1ccccc1)c1ccccc1,180.0
c1ccc(P(CCP(c2ccccc2)c2ccccc2)c2ccccc2)cc1,c1ccc(P(CCP(c2ccccc2)c2ccccc2)c2ccccc2)cc1,141.0
CS(=O)(=O)Nc1ccccc1NS(C)(=O)=O,c1ccccc1,213.0
CP(C)CCP(C)C,,180.0
c1ccc(P(c2ccccc2)c2ccccc2P(c2ccccc2)c2ccccc2)cc1,c1ccc(P(c2ccccc2)c2ccccc2P(c2ccccc2)c2ccccc2)cc1,187.0
O=C(O)CSCCSCC(=O)O,,110.0
COP(=O)(OC)c1ccccc1P(=O)(OC)OC,c1ccccc1,81.0
ClCCOCCOCCCl,,-32.0
O=[N+]([O-])c1ccccc1OCCOc1ccccc1[N+](=O)[O-],c1ccc(OCCOc2ccccc2)cc1,169.0
O=c1[nH]oc2ccccc12,O=c1[nH]oc2ccccc12,139.0
c1ccc2c(CCc3cccc4ccccc34)cccc2c1,c1ccc2c(CCc3cccc4ccccc34)cccc2c1,162.0
OCc1ccccc1CO,c1ccccc1,62.0
Sc1ccccc1S,c1ccccc1,23.0
Clc1cc(Cl)c(Cl)c(I)c1,c1ccccc1,52.0
OCCCCC(O)CO,,-20.0
Cc1ccc(C)c(C)c1,c1ccccc1,-44.0
O=C(CC(C(=O)c1ccccc1)c1ccccc1)c1ccccc1,O=C(CC(C(=O)c1ccccc1)c1ccccc1)c1ccccc1,128.0
Clc1ccc(Cl)c(Cl)c1,c1ccccc1,17.0
O=[N+]([O-])c1cc(F)c(F)cc1F,c1ccccc1,-11.0
Brc1ccc(Br)c(Br)c1,c1ccccc1,42.0
Clc1cc(Cl)c(I)cc1Cl,c1ccccc1,104.0
c1nc[nH]n1,c1nc[nH]n1,120.0
O=c1[nH]nc2ccccn12,O=c1[nH]nc2ccccn12,234.0
Sc1nnc2ccccn12,c1ccn2cnnc2c1,210.0
OCCC(O)CO,,-20.0
CC(=O)Oc1ccc(OC(C)=O)c(OC(C)=O)c1,c1ccccc1,99.0
Cc1cc(C)c(C)cc1C,c1ccccc1,79.0
O=C(O)c1ccc2c(c1)C(=O)OC2=O,O=C1OC(=O)c2ccccc21,167.0
Fc1cc(F)c(F)cc1F,c1ccccc1,4.0
CC(C)Sc1cc(SC(C)C)c(SC(C)C)cc1SC(C)C,c1ccccc1,77.0
Brc1cc(Br)c(Br)cc1Br,c1ccccc1,178.0
Clc1cc(Cl)c(Cl)cc1Cl,c1ccccc1,140.0
ClCC(Cl)CCl,,-14.0
COc1cccc(OC)c1OC,c1ccccc1,44.0
O=[N+]([O-])c1cc(Cl)c(Cl)c(Cl)c1,c1ccccc1,70.0
Clc1cccc(Cl)c1Cl,c1ccccc1,54.0
BrCC(Br)CBr,,17.0
O=[N+]([O-])c1ccc(Cl)c(Cl)c1Cl,c1ccccc1,55.0
O=C(O)c1csnn1,c1csnn1,228.0
CC(=O)Oc1cccc(OC(C)=O)c1OC(C)=O,c1ccccc1,166.0
CCCC(O)C(O)CO,,66.0
O=Cc1csnn1,c1csnn1,85.0
c1ccc2c(c1)CCCN2,c1ccc2c(c1)CCCN2,14.0
O=c1nn[nH]c2ccccc12,O=c1nn[nH]c2ccccc12,223.0
c1ccc2c(c1)CCCC2,c1ccc2c(c1)CCCC2,-36.0
c1ccc2c3c([nH]c2c1)CCCC3,c1ccc2c3c([nH]c2c1)CCCC3,119.0
c1ccc2c(c1)CCNC2,c1ccc2c(c1)CCNC2,-30.0
O=c1ccccn1C(=S)n1ccccc1=O,O=c1ccccn1C(=S)n1ccccc1=O,165.0
Fc1ccc(F)c(F)c1F,c1ccccc1,-42.0
CC(O)(c1ccccc1)c1ccccc1,c1ccc(Cc2ccccc2)cc1,80.0
C=C(c1ccccc1)c1ccccc1,C=C(c1ccccc1)c1ccccc1,6.0
C#CC(O)(c1ccccc1)c1ccccc1,c1ccc(Cc2ccccc2)cc1,46.0
CC(=O)C(c1ccccc1)c1ccccc1,c1ccc(Cc2ccccc2)cc1,61.0
COC(=O)C1(C(=O)O)CC1,C1CC1,49.0
O=C(Cl)OCC1=Cc2ccccc2S1(=O)=O,O=S1(=O)C=Cc2ccccc21,77.0
O=C(O)CC1(CC(=O)O)CCCCC1,C1CCCCC1,180.0
O=C(O)C1(C(=O)O)CC1,C1CC1,132.0
O=C(n1ccnc1)n1ccnc1,O=C(n1ccnc1)n1ccnc1,118.0
O=C(N1CCCCC1)N1CCCCC1,O=C(N1CCCCC1)N1CCCCC1,45.0
Oc1ccc2ccccc2c1-c1c(O)ccc2ccccc12,c1ccc2c(-c3cccc4ccccc34)cccc2c1,217.0
CSC(=C[N+](=O)[O-])SC,,126.0
OCCCCCCCCCCCCO,,83.0
O=C(O)CCCCCCCCCCCCCCCCCCC(=O)O,,127.0
NCCCCCCCCCCCCN,,70.0
BrCCCCCCCCCCCCBr,,40.0
ICCCCCCCCCCI,,30.0
c1cnc2c(c1)ccc1cccnc12,c1cnc2c(c1)ccc1cccnc12,118.0
SCCCCCCCCCCS,,17.0
BrCCCCCCCCCCBr,,28.0
N#CCCCCCCCCCCC#N,,18.0
OCCCCCCCCCCO,,73.0
C(C=C(c1ccccc1)c1ccccc1)=C(c1ccccc1)c1ccccc1,C(C=C(c1ccccc1)c1ccccc1)=C(c1ccccc1)c1ccccc1,198.0
OC(C#Cc1ccccc1)(c1ccccc1)c1ccccc1,C(#CC(c1ccccc1)c1ccccc1)c1ccccc1,81.0
CC1=Nc2ccc3ccccc3c2C1(C)C,C1=Nc2ccc3ccccc3c2C1,117.0
COC(F)(F)C(F)F,,-107.0
FC(F)(F)C(Cl)=C(Cl)Cl,,-114.0
CC(CO)(CO)CO,,190.0
ClC(Cl)C(Cl)Cl,,-43.0
OC(C(F)(F)F)C(F)(F)F,,-3.0
CC(CCl)(CCl)CCl,,18.0
O=C(N=NC(=O)N1CCCCC1)N1CCCCC1,O=C(N=NC(=O)N1CCCCC1)N1CCCCC1,135.0
FC(F)(F)OC(F)(I)C(F)(F)F,,44.0
O=C(O)C1(C(F)(F)F)CCCCC1,C1CCCCC1,70.0
O=C(O)C1(C(F)(F)F)CCCC1,C1CCCC1,37.0
Cc1ccc(S(=O)(=O)n2cccc2)cc1,O=S(=O)(c1ccccc1)n1cccc1,101.0
O=C(/C=C/c1ccccc1)n1ccnc1,O=C(C=Cc1ccccc1)n1ccnc1,130.0
O=S(=O)(c1ccccc1)n1cccc1,O=S(=O)(c1ccccc1)n1cccc1,89.0
Cc1ccc(S(=O)(=O)n2ccc3ccccc32)cc1,O=S(=O)(c1ccccc1)n1ccc2ccccc21,85.0
OC1(C#Cc2ccccc2)CCCCC1,C(#CC1CCCCC1)c1ccccc1,61.0
O=S(=O)(c1ccccc1)n1ccc2ccccc21,O=S(=O)(c1ccccc1)n1ccc2ccccc21,78.0
O=C(c1c(F)c(F)c(F)c(F)c1F)n1ccnc1,O=C(c1ccccc1)n1ccnc1,56.0
CC(O)c1c(F)c(F)c(F)c(F)c1F,c1ccccc1,33.0
CS(=O)(=O)n1ccnc1,c1c[nH]cn1,89.0
Cc1ccccc1N1CCNCC1,c1ccc(N2CCNCC2)cc1,47.0
N#CCC(=O)N1CCCC1,C1CCNC1,73.0
O=C(n1ccnc1)C(F)(F)C(F)(F)C(F)(F)F,c1c[nH]cn1,11.0
ClCc1cccc2ccccc12,c1ccc2ccccc2c1,32.0
N#CCC(=O)N1CCCCC1,C1CCNCC1,88.0
COc1ccc2cc(C(C)O)ccc2c1,c1ccc2ccccc2c1,112.0
CC(C)(C)OC(=O)NC1(C(=O)O)CCCC1,C1CCCC1,133.0
O=[N+]([O-])c1ccc(/N=N/c2c(O)ccc3ccccc23)cc1,c1ccc(N=Nc2cccc3ccccc23)cc1,250.0
c1cc(N2CCNCC2)ccn1,c1cc(N2CCNCC2)ccn1,139.0
O=[N+]([O-])c1ccc(N2CCCCC2)cc1,c1ccc(N2CCCCC2)cc1,104.0
O=[N+]([O-])c1ccc(OCC(O)CO)cc1,c1ccccc1,96.0
O=[N+]([O-])c1ccc(N2CCNCC2)cc1,c1ccc(N2CCNCC2)cc1,131.0
O=C(O)c1cnn(-c2ccc([N+](=O)[O-])cc2)c1C(F)(F)F,c1ccc(-n2cccn2)cc1,201.0
O=C(C=Cc1cccs1)c1ccc([N+](=O)[O-])cc1,O=C(C=Cc1cccs1)c1ccccc1,169.0
CCCc1ccc(C#Cc2ccc(OC)cc2)cc1,C(#Cc1ccccc1)c1ccccc1,61.0
COc1ccc(-n2ccnc2)cc1,c1ccc(-n2ccnc2)cc1,66.0
COc1ccc(-n2cncn2)cc1,c1ccc(-n2cncn2)cc1,97.0
CCCCCc1ccc(C#Cc2ccc(OC)cc2)cc1,C(#Cc1ccccc1)c1ccccc1,47.0
COc1ccc(C(=O)NNC(=O)c2cccc3ccccc23)cc1,O=C(NNC(=O)c1cccc2ccccc12)c1ccccc1,189.0
COc1ccc(C2(C#N)CCCCC2)cc1,c1ccc(C2CCCCC2)cc1,43.0
Ic1ccc(-n2cccc2)cc1,c1ccc(-n2cccc2)cc1,131.0
COc1ccc(-c2ccc(S(=O)(=O)N3CCCC3C(=O)O)cc2)cc1,O=S(=O)(c1ccc(-c2ccccc2)cc1)N1CCCC1,154.0
Oc1ccc(-n2nnnc2S)cc1,c1ccc(-n2cnnn2)cc1,170.0
Fc1ccc(N2CCNCC2)cc1,c1ccc(N2CCNCC2)cc1,32.0
Fc1ccc(-n2cccc2)cc1,c1ccc(-n2cccc2)cc1,51.0
CCOc1ccc(C(C)O)cc1,c1ccccc1,47.0
CCCCCc1ccc(C#Cc2ccc(OCC)cc2)cc1,C(#Cc1ccccc1)c1ccccc1,62.0
O=C(O)C1(c2ccc(Cl)cc2)CC1,c1ccc(C2CC2)cc1,154.0
CC(C)(C)C(=O)CS(=O)(=O)c1ccc(Cl)cc1,c1ccccc1,97.0
O=C(O)C1(c2ccc(Cl)cc2)CCCCC1,c1ccc(C2CCCCC2)cc1,152.0
CC(O)c1ccc(-c2ccccc2)cc1,c1ccc(-c2ccccc2)cc1,97.0
CC(O)c1ccc(Br)cc1,c1ccccc1,37.0
C#CC(O)COc1cccc(C(F)(F)F)c1,c1ccccc1,32.0
CC(O)c1ccc(N)cc1,c1ccccc1,70.0
COc1cccc(C(=O)NNC(=O)c2cccc3ccccc23)c1,O=C(NNC(=O)c1cccc2ccccc12)c1ccccc1,190.0
C#CC(O)COc1cccc(Cl)c1,c1ccccc1,38.0
OCCCN1CCNCC1,C1CNCCN1,50.0
CC(O)c1cccc(N)c1,c1ccccc1,68.0
NCCCn1ccnc1,c1c[nH]cn1,-68.0
Cc1ccc(N2CCNCC2)cc1C,c1ccc(N2CCNCC2)cc1,63.0
Cc1ccc(C)n1-c1cc(Cl)cc(Cl)c1,c1ccc(-n2cccc2)cc1,79.0
FC(F)(F)c1ccccc1-n1ccnc1,c1ccc(-n2ccnc2)cc1,52.0
Clc1ccc(N2CCNCC2)cc1Cl,c1ccc(N2CCNCC2)cc1,63.0
O=C(CC(=O)C(F)(F)F)c1cccs1,c1ccsc1,43.0
Oc1ccc2ccccc2c1N=Nc1nccs1,c1ccc2c(N=Nc3nccs3)cccc2c1,139.0
O=C1CCN(CCc2ccccc2)CC1,O=C1CCN(CCc2ccccc2)CC1,58.0
Oc1ccc2ccccc2c1N=Nc1ccccn1,c1ccc(N=Nc2cccc3ccccc23)nc1,140.0
C(#Cc1ccc(CCc2ccccc2)cc1)c1ccccc1,C(#Cc1ccc(CCc2ccccc2)cc1)c1ccccc1,105.0
O=[N+]([O-])c1ccccc1N1CCCCC1,c1ccc(N2CCCCC2)cc1,77.0
O=[N+]([O-])c1ccccc1-n1cccc1,c1ccc(-n2cccc2)cc1,59.0
O=C(CC(=O)C(F)(F)F)c1ccc2ccccc2c1,c1ccc2ccccc2c1,74.0
CC(O)c1ccc2ccccc2c1,c1ccc2ccccc2c1,74.0
COc1ccccc1N1CCNCC1,c1ccc(N2CCNCC2)cc1,37.0
OCCN1CCCCC1,C1CCNCC1,16.0
COCCN1CCCNCC1,C1CNCCNC1,67.0
O=C1NCCN1CCO,O=C1NCCN1,49.0
OCCN1CCNCC1,C1CNCCN1,-39.0
O=[N+]([O-])/C=C/c1ccco1,c1ccoc1,74.0
Fc1ccccc1N1CCNCC1,c1ccc(N2CCNCC2)cc1,46.0
O=C(c1ccco1)N1CCNCC1,O=C(c1ccco1)N1CCNCC1,68.0
Nc1ccccc1-n1cccc1,c1ccc(-n2cccc2)cc1,94.0
O=[N+]([O-])c1ccc(CCBr)cc1,c1ccccc1,69.0
Cc1ccc(C)c(N2CCNCC2)c1,c1ccc(N2CCNCC2)cc1,45.0
NCCN1CCNCC1,C1CNCCN1,-19.0
Fc1ccc(N2CCNCC2)c(F)c1,c1ccc(N2CCNCC2)cc1,75.0
CC#CC1(O)CCCCC1,C1CCCCC1,48.0
CC(C)c1cc(C(C)C)c(S(=O)(=O)n2cncn2)c(C(C)C)c1,O=S(=O)(c1ccccc1)n1cncn1,111.0
O=C(O)CSc1ccc(C(F)(F)F)cc1,c1ccccc1,116.0
CN1CCC(N2CCNCC2)CC1,C1CC(N2CCNCC2)CCN1,31.0
N#CCS(=O)(=O)c1ccc(C(F)(F)F)cc1,c1ccccc1,144.0
c1cc2ccc1CCc1ccc(cc1)CC2,c1cc2ccc1CCc1ccc(cc1)CC2,286.0
CN1CCC[C@H]1c1cccnc1,c1cncc(C2CCCN2)c1,-79.0
O[C@@H](c1ccccc1)[C@@H](O)c1ccccc1,c1ccc(CCc2ccccc2)cc1,149.0
CCC(C)[C@@H]1NC(=O)OC1=O,O=C1CNC(=O)O1,66.0
CO[C@](C(=O)O)(c1ccccc1)C(F)(F)F,c1ccccc1,44.0
CC(C)(C)OC(=O)N[C@H]1CCCNC1,C1CCNCC1,125.0
CC(C)(C)OC(=O)N1CCS[C@H]1C(=O)O,C1CSCN1,92.0
CC(C)C[C@@H](CC(=O)O)NC(=O)OC(C)(C)C,,54.0
CC(C)(C)OC(=O)N[C@H](CC(=O)O)Cc1ccncc1,c1ccncc1,142.0
CC(C)(C)OC(=O)N[C@H](CC(=O)O)Cc1ccccc1,c1ccccc1,104.0
CC(C)(C)OC(=O)N[C@@H](CCc1ccccc1)C(=O)O,c1ccccc1,78.0
O=C1CC[C@@H](C(=O)O)N1,O=C1CCCN1,160.0
CC(C)(C)OC(=O)N1CCC[C@H](O)C1,C1CCNCC1,37.0
COc1ccc2cc([C@H](C)C(=O)O)ccc2c1,c1ccc2ccccc2c1,155.0
C=C(C)[C@H]1CC=C(C)CC1,C1=CCCCC1,-74.0
CC(C)(C)OC(=O)N[C@H](CC(=O)O)c1ccc(Br)cc1,c1ccccc1,144.0
CC(C)(C)OC(=O)N1CCS[C@@H]1C(=O)O,C1CSCN1,92.0
CC(C)(C)OC(=O)N1CCC[C@@H](O)C1,C1CCNCC1,47.0
O=C(O)CS(=O)(=O)c1ccccc1,c1ccccc1,112.0
O=C(O)CSc1ccccc1,c1ccccc1,64.0
Fc1c(F)c(F)c(P(c2ccccc2)c2ccccc2)c(F)c1F,c1ccc(P(c2ccccc2)c2ccccc2)cc1,71.0
NC(=O)CS(=O)(=O)c1ccccc1,c1ccccc1,156.0
CNCC(OC)OC,,-73.0
CSCC(=O)O,,14.0
CC(=Cc1ccccc1)c1ccccc1,C(=Cc1ccccc1)c1ccccc1,81.0
COCP(=O)(c1ccccc1)c1ccccc1,O=[PH](c1ccccc1)c1ccccc1,117.0
CN(C)/C=C/C(=O)c1ccccn1,c1ccncc1,131.0
N#C/C(=C/c1ccccc1)c1ccc(Cl)cc1,C(=Cc1ccccc1)c1ccccc1,116.0
O=C(O)CSCc1ccccc1,c1ccccc1,62.0
ClCC1CC1,C1CC1,-91.0
CC(C)(C)c1ccc(OCC#N)cc1,c1ccccc1,69.0
O=C(O)CSc1nnc(S)s1,c1nncs1,167.0
N#CCSc1ccc(F)cc1,c1ccccc1,34.0
N#CCc1c[nH]cn1,c1c[nH]cn1,137.0
O=C(O)CSc1ccc(F)cc1,c1ccccc1,78.0
O=C(O)CSc1ccc(Cl)cc1,c1ccccc1,106.0
N#CCSc1ccc(Cl)cc1,c1ccccc1,80.0
N#CCS(=O)(=O)c1ccc(Cl)cc1,c1ccccc1,171.0
BrCCCCOc1ccccc1,c1ccccc1,42.0
O=C(Cl)COc1ccc(Cl)cc1,c1ccccc1,19.0
CN1CC[C@@H](c2ccc(F)cc2)[C@H](CO)C1,c1ccc(C2CCNCC2)cc1,96.0
O=C1O[C@H](C(Cl)(Cl)Cl)N2CCC[C@@H]12,O=C1OCN2CCCC12,110.0
COc1ccc(SCC(=O)O)cc1OC,c1ccccc1,102.0
Cc1cc(C)c(NC(=O)CN(CC(=O)O)CC(=O)O)c(C)c1Br,c1ccccc1,194.0
C[C@H](O)CC[C@H](C)O,,53.0
NNCCO,,-70.0
O=C(O)CN(CC(=O)O)c1ccccc1C(=O)O,c1ccccc1,217.0
O=C1CSc2ccccc2N1,O=C1CSc2ccccc2N1,177.0
NCCOCC(=O)O,,178.0
BrCCc1ccccc1,c1ccccc1,-56.0
CC(C)(C)OC(=O)N1C[C@@H]2C[C@H]1CN2,C1NC2CNC1C2,75.0
C[C@H]([C@@H](O)c1ccccc1)N1CCCC1,c1ccc(CCN2CCCC2)cc1,45.0
CC1(C)[C@@H]2CC[C@]13CS(=O)(=O)N[C@@H]3C2,O=S1(=O)CC23CCC(CC2N1)C3,183.0
CC1(C)[C@@H]2CC[C@]13CS(=O)(=O)N=C3C2,O=S1(=O)CC23CCC(CC2=N1)C3,227.0
CC1(C)[C@H]2CC[C@]1(C)C(=O)C2=O,O=C1C(=O)C2CCC1C2,199.0
CC1(C)[C@@H]2CC[C@@]1(CS(=O)(=O)Cl)C(=O)C2,O=C1CC2CCC1C2,66.0
CC1(C)[C@H]2CC[C@]1(C)C(=O)C2,O=C1CC2CCC1C2,178.0
CC1(C)[C@@]2(C)CC[C@]1(C(=O)Cl)OC2=O,O=C1OC2CCC1C2,66.0
CC1(C)[C@@H](C(=O)O)CC[C@@]1(C)C(=O)O,C1CCCC1,186.0
CC12CCC(C(=O)O)(OC1=O)C2(C)C,O=C1OC2CCC1C2,200.0
CC1(C)[C@H]2CC[C@@]13CS(=O)(=O)N[C@H]3C2,O=S1(=O)CC23CCC(CC2N1)C3,181.0
CC1(C)[C@@H]2CC[C@@]1(C)C(=O)C2=O,O=C1C(=O)C2CCC1C2,200.0
CC1(C)[C@H]2CC[C@](C)(C2)[C@H]1O,C1CC2CCC1C2,41.0
CC1(C)[C@H]2CC[C@]1(CS(=O)(=O)O)C(=O)C2,O=C1CC2CCC1C2,200.0
CC1(C)[C@H]2CC[C@]1(CS(=O)(=O)Cl)C(=O)C2,O=C1CC2CCC1C2,66.0
CC1(C)[C@@H]2CC[C@@]1(C)C(=O)C2,O=C1CC2CCC1C2,178.0
CC(Br)c1ccccc1,c1ccccc1,-65.0
BrCc1ccc2ccccc2c1,c1ccc2ccccc2c1,53.0
BrCC(Br)c1ccccc1,c1ccccc1,72.0
COc1cccc(OC)c1C1=NC(C)(C)CO1,c1ccc(C2=NCCO2)cc1,69.0
NCCOCCO,,-11.0
Nc1ccccc1-c1nc2ccccc2[nH]1,c1ccc(-c2nc3ccccc3[nH]2)cc1,214.0
COc1ccc(C(C#N)C(C)=O)c(Cl)c1,c1ccccc1,79.0
NCCOc1ccccc1Cl,c1ccccc1,40.0
Clc1ccccc1-c1nc2ccccc2[nH]1,c1ccc(-c2nc3ccccc3[nH]2)cc1,234.0
CCOc1ccccc1OCCBr,c1ccccc1,42.0
c1ccc(N2CCN(c3ccccc3)C2c2ccco2)cc1,c1ccc(N2CCN(c3ccccc3)C2c2ccco2)cc1,130.0
c1coc(C2CNCCN2)c1,c1coc(C2CNCCN2)c1,87.0
OCCc1ccccn1,c1ccncc1,-8.0
Oc1ccccc1-c1nc2ccccc2s1,c1ccc(-c2nc3ccccc3s2)cc1,132.0
COc1ccccc1-c1nnc(-c2ccccc2)o1,c1ccc(-c2nnc(-c3ccccc3)o2)cc1,100.0
COc1ccccc1C1CNCCN1,c1ccc(C2CNCCN2)cc1,80.0
OCCOc1ccc2ccccc2c1,c1ccc2ccccc2c1,74.0
c1ccc2cc(C3CNCCN3)ccc2c1,c1ccc2cc(C3CNCCN3)ccc2c1,102.0
CCCCOCCOCCOC(C)=O,,-32.0
c1ccc(-c2nc3ccccc3[nH]2)nc1,c1ccc(-c2nc3ccccc3[nH]2)nc1,223.0
c1csc(C2CNCCN2)c1,c1csc(C2CNCCN2)c1,83.0
c1ccc(-c2cccs2)nc1,c1ccc(-c2cccs2)nc1,63.0
COc1ccc(CCO)cc1OC,c1ccccc1,46.0
COc1ccc(CCN)cc1OC,c1ccccc1,11.0
Fc1ccc(-c2cc3ccccc3[nH]2)cc1Cl,c1ccc(-c2cc3ccccc3[nH]2)cc1,172.0
CC(Oc1cccc(Cl)c1)C(=O)O,c1ccccc1,115.0
c1cncc(-c2nc3ccccc3[nH]2)c1,c1cncc(-c2nc3ccccc3[nH]2)c1,257.0
c1cc(C2CNCCN2)cs1,c1cc(C2CNCCN2)cs1,98.0
Nc1ccc(C(O)(C(F)(F)F)C(F)(F)F)cc1,c1ccccc1,150.0
Nc1ccc(CCO)cc1,c1ccccc1,109.0
NCCc1ccc(N)cc1,c1ccccc1,30.0
OCCc1ccc(OCc2ccccc2)cc1,c1ccc(COc2ccccc2)cc1,86.0
CC(C)(O)c1ccc(-c2ccccc2)cc1,c1ccc(-c2ccccc2)cc1,92.0
CC(C)(C)c1ccc(-c2nnc(-c3ccc(-c4ccccc4)cc3)o2)cc1,c1ccc(-c2ccc(-c3nnc(-c4ccccc4)o3)cc2)cc1,137.0
NCCc1ccc(-c2ccccc2)cc1,c1ccc(-c2ccccc2)cc1,52.0
Brc1ccc(-c2nnc(-c3cccc4ccccc34)o2)cc1,c1ccc(-c2nnc(-c3cccc4ccccc34)o2)cc1,148.0
Brc1ccc(-c2nnc(-c3ccccc3)o2)cc1,c1ccc(-c2nnc(-c3ccccc3)o2)cc1,170.0
Cc1cc(Cl)ccc1OCC(=O)NN,c1ccccc1,150.0
O=C(O)c1ccccc1C(=O)c1ccc(Cl)c([N+](=O)[O-])c1,O=C(c1ccccc1)c1ccccc1,200.0
O=C(O)c1ccccc1C(=O)c1ccc(Cl)cc1,O=C(c1ccccc1)c1ccccc1,150.0
Clc1ccc(Cc2ccccn2)cc1,c1ccc(Cc2ccccn2)cc1,8.0
OCCOc1ccc(Cl)cc1,c1ccccc1,30.0
CC(C)(Oc1ccc(Cl)cc1)C(=O)O,c1ccccc1,120.0
O=C(O)c1cccnc1Oc1ccc(Cl)cc1,c1ccc(Oc2ccccn2)cc1,158.0
Clc1ccc(-c2cc3ccccc3[nH]2)cc1,c1ccc(-c2cc3ccccc3[nH]2)cc1,206.0
N#Cc1c(F)cccc1Sc1ccc(Cl)cc1,c1ccc(Sc2ccccc2)cc1,70.0
O=Cc1ccccc1Sc1ccc(Cl)cc1,c1ccc(Sc2ccccc2)cc1,73.0
O=C(O)c1cccnc1Sc1ccc(Cl)cc1,c1ccc(Sc2ccccn2)cc1,220.0
CCCCCC1COC(c2ccc(C#N)cc2)OC1,c1ccc(C2OCCCO2)cc1,57.0
CCCC1COC(c2ccc(C#N)cc2)OC1,c1ccc(C2OCCCO2)cc1,58.0
CCOc1ccc(CCO)cc1,c1ccccc1,42.0
CCCc1cnc(-c2ccc(CC)cc2)nc1,c1ccc(-c2ncccn2)cc1,42.0
O=C(O)c1cccnc1Oc1ccc(F)cc1,c1ccc(Oc2ccccn2)cc1,184.0
Fc1ccc(-c2cc3ccccc3[nH]2)cc1,c1ccc(-c2cc3ccccc3[nH]2)cc1,189.0
OCCc1ccc(O)cc1,c1ccccc1,91.0
CC(C(=O)O)c1ccc(O)cc1,c1ccccc1,131.0
COc1ccc(C(=O)c2cccs2)cc1,O=C(c1ccccc1)c1cccs1,73.0
COc1ccc(CCO)cc1,c1ccccc1,28.0
Nc1cc(C(F)(F)F)ccc1N1CCOCC1,c1ccc(N2CCOCC2)cc1,127.0
Nc1ccccc1N1CCOCC1,c1ccc(N2CCOCC2)cc1,97.0
CCCCCCCCc1cnc(-c2ccc(OCCCCCC)cc2)nc1,c1ccc(-c2ncccn2)cc1,60.0
c1ccc2[nH]c(-c3ccncc3)nc2c1,c1ccc2[nH]c(-c3ccncc3)nc2c1,219.0
CC(C)(C)c1ccc(CCO)cc1,c1ccccc1,33.0
Cc1ccc(C(=O)c2ccccc2C(=O)O)cc1,O=C(c1ccccc1)c1ccccc1,138.0
O=C1C=CCO1,O=C1C=CCO1,4.0
Cc1ccc(O)c(-c2ccno2)c1,c1ccc(-c2ccno2)cc1,176.0
Oc1ccccc1-c1ccno1,c1ccc(-c2ccno2)cc1,185.0
O=[N+]([O-])c1ccc(OCCO)nc1,c1ccncc1,113.0
O=C(O)CSc1cccc2cccc(Cl)c12,c1ccc2ccccc2c1,156.0
C=CCSc1ncccc1C(=O)O,c1ccncc1,147.0
NCc1ccccn1,c1ccncc1,-20.0
CC(C)(C)OC(=O)Nc1ccc(C#N)cn1,c1ccncc1,173.0
CC(C)(C)OC(=O)Nc1ccccn1,c1ccncc1,93.0
O=C(CBr)c1ccc2ccccc2c1,c1ccc2ccccc2c1,83.0
O=C(CBr)c1cccs1,c1ccsc1,31.0
N#Cc1ccccc1CBr,c1ccccc1,72.0
BrCc1nc2ccccc2s1,c1ccc2scnc2c1,48.0
O=C(O)COc1ccccc1C(=O)O,c1ccccc1,189.0
O=C(O)CSc1ccccc1C(=O)O,c1ccccc1,218.0
CCN(CC)CCO,,-70.0
O=C(O)c1ccccc1OC(F)F,c1ccccc1,99.0
CN(C)CCO,,-60.0
C=CC(=O)OCCN(C)C,,-60.0
C=C(C)C(=O)OCCN(C)C,,-30.0
O=C(O)c1ccccc1P(c1ccccc1)c1ccccc1,c1ccc(P(c2ccccc2)c2ccccc2)cc1,178.0
CN(C)c1ccccc1-c1ccccc1P(C(C)(C)C)C(C)(C)C,c1ccc(-c2ccccc2)cc1,116.0
Cc1ccccc1-c1ccccc1P(C(C)(C)C)C(C)(C)C,c1ccc(-c2ccccc2)cc1,92.0
CCOC(=O)c1ccccc1N=C=O,c1ccccc1,29.0
CCNCCO,,-9.0
CCS(=O)(=O)CCO,,38.0
CCSCCO,,-100.0
CCSc1ncccc1C(=O)O,c1ccncc1,185.0
CCSc1ncccc1C(=O)Cl,c1ccncc1,51.0
C=C(C)C(=O)OCCOC(=O)c1cc(N)cc(N)c1,c1ccccc1,91.0
C=C(C)C(=O)OCCOC(=O)c1cc([N+](=O)[O-])cc([N+](=O)[O-])c1,c1ccccc1,71.0
COC(=O)c1ccccc1S(N)(=O)=O,c1ccccc1,124.0
COC(=O)c1ccccc1N=C=O,c1ccccc1,47.0
CNCCO,,-5.0
CNc1ccccn1,c1ccncc1,15.0
CC(=O)Nc1ccccc1S(C)(=O)=O,c1ccccc1,145.0
CS(=O)(=O)c1ccccc1C(=O)O,c1ccccc1,139.0
CS(=O)(=O)CCO,,29.0
CS(=O)(=O)c1cccs1,c1ccsc1,48.0
CSc1nc2ccccc2[nH]1,c1ccc2[nH]cnc2c1,204.0
CSc1ccccc1C(=O)O,c1ccccc1,167.0
CSc1ccccc1C#N,c1ccccc1,36.0
CSc1ccc2ccccc2c1,c1ccc2ccccc2c1,63.0
CSc1ncccc1C(=O)O,c1ccncc1,217.0
CSc1ncccc1C(=O)Cl,c1ccncc1,94.0
CSc1nc2ccncc2o1,c1cc2ncoc2cn1,80.0
CSc1cnccn1,c1cnccn1,44.0
Cc1cc(I)cnc1NCC(=O)OC(C)(C)C,c1ccncc1,99.0
CCCCCCOCCO,,-42.0
O=[N+]([O-])C=C1NCCS1,C=C1NCCS1,142.0
CCCSc1ncccc1C(N)=O,c1ccncc1,147.0
CCCSc1ncccc1C(=O)O,c1ccncc1,161.0
O=S(=O)(c1ccccc1)c1cccs1,O=S(=O)(c1ccccc1)c1cccs1,123.0
O=C1c2ccccc2C(=O)N1CCS(=O)(=O)Cl,O=C1NC(=O)c2ccccc21,158.0
O=C(O)c1ccccc1N=Nc1ccc(O)cc1,c1ccc(N=Nc2ccccc2)cc1,206.0
Cc1ccc(S(=O)(=O)CCO)cc1,c1ccccc1,52.0
Cc1ccc(Oc2ccccc2C=O)cc1,c1ccc(Oc2ccccc2)cc1,55.0
NC(=O)c1ccccc1OC(F)(F)F,c1ccccc1,154.0
NS(=O)(=O)c1ccccc1OC(F)(F)F,c1ccccc1,189.0
O=S(=O)(Cl)c1ccccc1OC(F)(F)F,c1ccccc1,31.0
O=C(O)c1ccccc1OC(F)(F)F,c1ccccc1,79.0
O=C(O)Cc1ccccc1OC(F)(F)F,c1ccccc1,55.0
CC(=O)Nc1ccccc1C(F)(F)F,c1ccccc1,96.0
CC(=O)c1ccccc1C(F)(F)F,c1ccccc1,16.0
C=C(C(=O)O)C(F)(F)F,,50.0
Nc1ccccc1C(F)(F)F,c1ccccc1,-34.0
O=Cc1ccccc1C(F)(F)F,c1ccccc1,-40.0
NC(=O)c1ccccc1C(F)(F)F,c1ccccc1,163.0
NS(=O)(=O)c1ccccc1C(F)(F)F,c1ccccc1,182.0
O=S(=O)(Cl)c1ccccc1C(F)(F)F,c1ccccc1,23.0
O=C(O)c1ccccc1C(F)(F)F,c1ccccc1,109.0
N#Cc1ccccc1C(F)(F)F,c1ccccc1,18.0
O=C(c1ccccc1)c1ccccc1C(F)(F)F,O=C(c1ccccc1)c1ccccc1,60.0
O=C(Cl)c1ccccc1C(F)(F)F,c1ccccc1,-22.0
OCc1ccccc1C(F)(F)F,c1ccccc1,4.0
FC(F)(F)c1ccccc1CBr,c1ccccc1,29.0
O=C(O)/C=C/c1ccccc1C(F)(F)F,c1ccccc1,202.0
O=C(O)c1cccnc1C(F)(F)F,c1ccncc1,186.0
Oc1ccccc1C(F)(F)F,c1ccccc1,46.0
FC(F)(F)c1ccc2c(c1)Nc1ccccc1S2,c1ccc2c(c1)Nc1ccccc1S2,189.0
O=C(O)Cc1ccccc1C(F)(F)F,c1ccccc1,100.0
N#CCc1ccccc1C(F)(F)F,c1ccccc1,30.0
NNc1ccccc1C(F)(F)F,c1ccccc1,60.0
c1ccc2nsnc2c1,c1ccc2nsnc2c1,43.0
OCC(Br)(Br)Br,,79.0
CCOC(O)C(Cl)(Cl)Cl,,50.0
NC(=O)C(Cl)(Cl)Cl,,142.0
OCC(Cl)(Cl)Cl,,18.0
O=C(Cl)OCC(Cl)(Cl)Cl,,1.0
NC(=O)C(F)(F)F,,73.0
O=C(c1ccccc1)C(F)(F)F,c1ccccc1,-40.0
OCC(F)(F)F,,-44.0
Cc1ccc(S(=O)(=O)OCC(F)(F)F)cc1,c1ccccc1,40.0
O=S(=O)(OCC(F)(F)F)C(Cl)(Cl)Cl,,-70.0
O=C(OCC(F)(F)F)C(F)(F)F,,-65.0
O=C(NCc1ccccn1)C(F)(F)F,c1ccncc1,75.0
CC(C)(C)C(N)=O,,155.0
CC(C)(C)C(N)=S,,115.0
NC(=O)C(F)(F)C(F)(F)F,,95.0
OCC(F)(F)C(F)(F)C(F)(F)C(F)(F)CO,,69.0
OCC(F)(F)C(F)(F)C(F)(F)CO,,78.0
OCC(F)(F)C(F)(F)CO,,84.0
O=C(c1ccc(O)cc1O)c1ccc(O)cc1O,O=C(c1ccccc1)c1ccccc1,201.0
O=C(c1ccc(Br)cc1)C(Br)Br,c1ccccc1,93.0
O=C(CCl)c1ccc(Cl)cc1Cl,c1ccccc1,54.0
CC(C)C(O)C(C)(C)CO,,52.0
CC(C)C(=O)OCC(C)(C)C(O)C(C)C,,-50.0
CC(C)CC(C)(C)C,,-107.0
CC1(C)C=C(C(N)=O)C(C)(C)N1,C1=CCNC1,181.0
Cc1ccc(C)c(-c2cc(C)ccc2C)c1,c1ccc(-c2ccccc2)cc1,50.0
CC1(C)CCCC(C)(C)N1,C1CCNCC1,-59.0
CC1=CC(=O)OC(C)(C)O1,O=C1C=COCO1,7.0
c1csc(-c2ccc(-c3cccs3)s2)c1,c1csc(-c2ccc(-c3cccs3)s2)c1,92.0
c1ccc(-c2cccc(-c3ccccn3)n2)nc1,c1ccc(-c2cccc(-c3ccccn3)n2)nc1,91.0
c1ccc(-c2ccccn2)nc1,c1ccc(-c2ccccn2)nc1,70.0
c1cnc(-c2ncccn2)nc1,c1cnc(-c2ncccn2)nc1,114.0
c1ccc2nc(-c3ccc4ccccc4n3)ccc2c1,c1ccc2nc(-c3ccc4ccccc4n3)ccc2c1,195.0
COc1ccc(C(CN)c2ccc(OC)cc2)cc1,c1ccc(Cc2ccccc2)cc1,48.0
c1ccc(P(c2ccccc2)c2ccc3ccccc3c2-c2c(P(c3ccccc3)c3ccccc3)ccc3ccccc23)cc1,c1ccc(P(c2ccccc2)c2ccc3ccccc3c2-c2c(P(c3ccccc3)c3ccccc3)ccc3ccccc23)cc1,283.0
c1ccc(P(c2ccccc2)c2ccccc2-c2ccccc2P(c2ccccc2)c2ccccc2)cc1,c1ccc(P(c2ccccc2)c2ccccc2-c2ccccc2P(c2ccccc2)c2ccccc2)cc1,213.0
OCCN(CCO)C(CO)(CO)CO,,104.0
CC(CO)(CO)C(=O)O,,189.0
c1csc(-c2cccs2)c1,c1csc(-c2cccs2)c1,32.0
O=C(c1ccc(F)cc1)C(Br)Br,c1ccccc1,37.0
Brc1ccccc1-c1ccccc1Br,c1ccc(-c2ccccc2)cc1,80.0
COC(F)(F)C(Cl)Cl,,-36.0
Clc1ncccc1-c1cccnc1Cl,c1cncc(-c2cccnc2)c1,119.0
Clc1cc(-c2ccnc(Cl)c2)ccn1,c1cc(-c2ccncc2)ccn1,242.0
NC(=O)C(Cl)Cl,,99.0
O=C(c1ccccc1)C(Cl)Cl,c1ccccc1,21.0
O=C(C(=O)c1ccccc1Cl)c1ccccc1Cl,O=C(C(=O)c1ccccc1)c1ccccc1,134.0
O=C(O)C(O)(c1ccccc1Cl)c1ccccc1Cl,c1ccc(Cc2ccccc2)cc1,162.0
O=C(c1ccccc1Cl)c1ccccc1Cl,O=C(c1ccccc1)c1ccccc1,52.0
O=C(O)c1cccc2c1OC(F)(F)O2,c1ccc2c(c1)OCO2,204.0
O=C(O)c1ccc2c(c1)OC(F)(F)O2,c1ccc2c(c1)OCO2,156.0
O=C(c1ccccc1)C(F)F,c1ccccc1,49.0
CCC(F)(F)C(=O)O,,8.0
O=C(O)C1CC1(F)F,C1CC1,58.0
OCC(F)F,,-28.0
CC(F)(F)C(=O)O,,43.0
O=C(O)CC(F)(F)C(=O)O,,142.0
COc1ccc(C(=O)c2ccc(OC)cc2O)c(O)c1,O=C(c1ccccc1)c1ccccc1,135.0
Oc1ccccc1-c1ccccc1O,c1ccc(-c2ccccc2)cc1,109.0
COc1ccccc1-c1ccccc1OC,c1ccc(-c2ccccc2)cc1,154.0
COC(C)(C)OC,,-47.0
CC(C)(CO)CO,,128.0
CCC(O)C(C)(C)C,,-5.0
CCC(C)(C)C,,-100.0
CCC(C)(C)C(=O)O,,-14.0
CC(C)(CCC(=O)O)C(=O)O,,84.0
CC(C)(CCC(=O)O)C(=O)OC(=O)C(C)(C)CCC(=O)O,,37.0
CC(C)(CC(=O)O)C(=O)O,,141.0
CCCCC(CO)(CO)CCCC,,40.0
O=[N+]([O-])c1ccccc1-c1ccccc1[N+](=O)[O-],c1ccc(-c2ccccc2)cc1,126.0
CCCC(CCC)C(N)=O,,125.0
NC(=O)C(c1ccccc1)c1ccccc1,c1ccc(Cc2ccccc2)cc1,166.0
c1ccc(SSc2ccccn2)nc1,c1ccc(SSc2ccccn2)nc1,58.0
C1CSC(CCC2SCCCS2)SC1,C1CSC(CCC2SCCCS2)SC1,134.0
O=C(C(=O)c1ccco1)c1ccco1,O=C(C(=O)c1ccco1)c1ccco1,164.0
ON=C(/C(=N\O)c1ccco1)c1ccco1,N=C(C(=N)c1ccco1)c1ccco1,165.0
O=C(c1ccco1)C(O)c1ccco1,O=C(Cc1ccco1)c1ccco1,138.0
Oc1ccc(Cl)cc1Cc1cc(Cl)ccc1O,c1ccc(Cc2ccccc2)cc1,174.0
O=C(C(=O)c1cccs1)c1cccs1,O=C(C(=O)c1cccs1)c1cccs1,83.0
NC(=O)CSCC(N)=O,,174.0
OCCSCCO,,-16.0
Clc1cccnc1-c1ccnc(Cl)c1Cl,c1ccc(-c2ccncc2)nc1,169.0
CC1=Nc2c(ccc3ccccc23)C1(C)C,C1=Nc2c(ccc3ccccc23)C1,71.0
CC1=Nc2ccccc2C1(C)C,C1=Nc2ccccc2C1,7.0
COc1c(F)c(F)c(F)c(F)c1F,c1ccccc1,-38.0
NC(=O)c1c(F)c(F)c(F)c(F)c1F,c1ccccc1,148.0
O=C(c1ccccc1)c1c(F)c(F)c(F)c(F)c1F,O=C(c1ccccc1)c1ccccc1,38.0
OCc1c(F)c(F)c(F)c(F)c1F,c1ccccc1,34.0
Fc1c(F)c(F)c(CBr)c(F)c1F,c1ccccc1,19.0
Fc1c(F)c(F)c(-c2ccccc2)c(F)c1F,c1ccc(-c2ccccc2)cc1,112.0
O=C(O)C=Cc1c(F)c(F)c(F)c(F)c1F,c1ccccc1,153.0
O=C(O)COc1c(F)c(F)c(F)c(F)c1F,c1ccccc1,109.0
O=C(O)Cc1c(F)c(F)c(F)c(F)c1F,c1ccccc1,109.0
Cc1c(F)c(F)c(F)c(F)c1F,c1ccccc1,-30.0
CC(=O)c1c(C)c(C)c(C)c(C)c1C,c1ccccc1,86.0
Cc1c(C)c(C)c(C(=O)c2ccccc2)c(C)c1C,O=C(c1ccccc1)c1ccccc1,138.0
Cc1c(C)c(C)c(CO)c(C)c1C,c1ccccc1,159.0
Cc1c(C)c(C)c(CCl)c(C)c1C,c1ccccc1,83.0
NC(=O)c1cc(F)c(F)c(F)c1F,c1ccccc1,133.0
O=C(O)c1cc(F)c(F)c(F)c1F,c1ccccc1,86.0
c1ccc2c(c1)CNCCN2,c1ccc2c(c1)CNCCN2,98.0
Cc1[nH]c(C)c(C)c1C,c1cc[nH]c1,105.0
O[C@H]1O[C@H](COCc2ccccc2)[C@@H](OCc2ccccc2)[C@H](OCc2ccccc2)[C@H]1OCc1ccccc1,c1ccc(COCC2OCC(OCc3ccccc3)C(OCc3ccccc3)C2OCc2ccccc2)cc1,151.0
OC1O[C@H](COCc2ccccc2)[C@@H](OCc2ccccc2)[C@H](OCc2ccccc2)[C@H]1OCc1ccccc1,c1ccc(COCC2OCC(OCc3ccccc3)C(OCc3ccccc3)C2OCc2ccccc2)cc1,153.0
Brc1csc(Br)c1Br,c1ccsc1,44.0
O=C(CCl)c1ccc(Cl)c(Cl)c1,c1ccccc1,44.0
CC(=O)c1ccc(Cl)c(Cl)c1Cl,c1ccccc1,62.0
O=S(=O)(Cl)c1ccc(Cl)c(Cl)c1Cl,c1ccccc1,63.0
S=C=Nc1ccc(Cl)c(Cl)c1Cl,c1ccccc1,70.0
NC(=O)c1ccc(F)c(F)c1F,c1ccccc1,128.0
O=C(O)c1ccc(F)c(F)c1F,c1ccccc1,141.0
Oc1ccc(F)c(F)c1F,c1ccccc1,32.0
CC(=O)c1ccc(O)c(O)c1O,c1ccccc1,171.0
O=Cc1ccc(O)c(O)c1O,c1ccccc1,161.0
O=C(c1ccccc1)c1ccc(O)c(O)c1O,O=C(c1ccccc1)c1ccccc1,141.0
COc1ccc(C=O)c(OC)c1OC,c1ccccc1,40.0
COc1ccc(C(=O)O)c(OC)c1OC,c1ccccc1,101.0
COc1ccc(C#N)c(OC)c1OC,c1ccccc1,56.0
CC(C)C(C)C(C)C,,-110.0
O[C@@H]1OC[C@@H](OCc2ccccc2)[C@@H](OCc2ccccc2)[C@@H]1OCc1ccccc1,c1ccc(COC2COCC(OCc3ccccc3)C2OCc2ccccc2)cc1,69.0
O[C@H]1OC[C@H](OCc2ccccc2)[C@H](OCc2ccccc2)[C@H]1OCc1ccccc1,c1ccc(COC2COCC(OCc3ccccc3)C2OCc2ccccc2)cc1,78.0
Clc1cc(Cl)c(Cl)nc1Cl,c1ccncc1,91.0
Nc1c(F)c(F)cc(F)c1F,c1ccccc1,31.0
N#Cc1c(F)c(F)cc(F)c1F,c1ccccc1,34.0
OCc1c(F)c(F)cc(F)c1F,c1ccccc1,36.0
Oc1c(F)c(F)c(O)c(F)c1F,c1ccccc1,169.0
Oc1c(F)c(F)cc(F)c1F,c1ccccc1,29.0
NNc1c(F)c(F)cc(F)c1F,c1ccccc1,89.0
O=C(O)CCc1c(F)c(F)nc(F)c1F,c1ccncc1,152.0
CC(=O)c1c(C)c(C)cc(C)c1C,c1ccccc1,75.0
Cc1cc(C)c(C)c(S(=O)(=O)Cl)c1C,c1ccccc1,99.0
Cc1cc(C)c(C)c(CO)c1C,c1ccccc1,112.0
Cc1cc(C)c(C)c(CCl)c1C,c1ccccc1,70.0
Cc1nc(C)c(C)nc1C,c1cnccn1,85.0
Brc1cc(Br)c(Br)s1,c1ccsc1,27.0
Clc1cc(Cl)c(Cl)s1,c1ccsc1,-16.0
O=C(O)c1c(F)cnc(F)c1F,c1ccncc1,110.0
O=C(O)c1cc(I)cc(I)c1I,c1ccccc1,221.0
Cc1cc(C)c(C)c(O)c1,c1ccccc1,94.0
NC(=O)c1c(F)ccc(F)c1F,c1ccccc1,117.0
O=C(O)c1c(F)ccc(F)c1F,c1ccccc1,131.0
OCc1c(F)ccc(F)c1F,c1ccccc1,46.0
Oc1c(F)ccc(F)c1F,c1ccccc1,34.0
O=C(O)c1cc(F)nc(F)c1F,c1ccncc1,120.0
Cc1ccc2nc(C)c(C)nc2c1,c1ccc2nccnc2c1,93.0
FC(F)(F)c1cccnc1C(F)(F)F,c1ccncc1,-2.0
CC(=O)C(C)=O,,-3.0
CC(=O)C(C)=NO,,76.0
Nc1cc2ccccc2cc1N,c1ccc2ccccc2c1,195.0
Nc1cccnc1N,c1ccncc1,112.0
Cc1cccc(N)c1N,c1ccccc1,58.0
OCC(Br)C(Br)CO,,85.0
COc1cc(C=O)c(Br)c(Br)c1O,c1ccccc1,215.0
Clc1ccc(Br)c(Br)n1,c1ccncc1,70.0
O=C(CBr)c1cccc(Br)c1,c1ccccc1,51.0
CC(Br)C(Br)C(=O)O,,86.0
NC(=O)C(Br)CBr,,133.0
Brc1cccnc1Br,c1ccncc1,59.0
C=C(Cl)CCl,,-83.0
N#CC1=C(C#N)C(=O)C(Cl)=C(Cl)C1=O,O=C1C=CC(=O)C=C1,215.0
O=C(O)c1c(F)ccc(Cl)c1Cl,c1ccccc1,135.0
Nc1cccc(Cl)c1Cl,c1ccccc1,22.0
COc1cccc(Cl)c1Cl,c1ccccc1,32.0
O=Cc1cccc(Cl)c1Cl,c1ccccc1,63.0
NC(=O)c1cccc(Cl)c1Cl,c1ccccc1,167.0
NS(=O)(=O)c1cccc(Cl)c1Cl,c1ccccc1,220.0
O=S(=O)(Cl)c1cccc(Cl)c1Cl,c1ccccc1,60.0
O=C(O)c1cccc(Cl)c1Cl,c1ccccc1,168.0
N#Cc1cccc(Cl)c1Cl,c1ccccc1,63.0
O=C(Cl)c1cccc(Cl)c1Cl,c1ccccc1,30.0
Oc1cccc(Cl)c1Cl,c1ccccc1,59.0
O=C(O)COc1cccc(Cl)c1Cl,c1ccccc1,174.0
O=C(O)Cc1cccc(Cl)c1Cl,c1ccccc1,134.0
Clc1cccnc1Cl,c1ccncc1,67.0
Clc1nc2ccccc2nc1Cl,c1ccc2nccnc2c1,153.0
O=S(=O)(Cl)c1cc(Cl)c(Cl)s1,c1ccsc1,56.0
Cc1cccc(Cl)c1Cl,c1ccccc1,4.0
Nc1ccn([C@H]2CC[C@@H](CO)O2)c(=O)n1,O=c1ncccn1C1CCCO1,218.0
O=Cc1ccc(O)c(F)c1F,c1ccccc1,142.0
O=C(O)c1ccc(O)c(F)c1F,c1ccccc1,207.0
N#Cc1ccc(O)c(F)c1F,c1ccccc1,147.0
COc1ccc(N)c(F)c1F,c1ccccc1,39.0
COc1ccc(C(=O)O)c(F)c1F,c1ccccc1,223.0
COc1ccc(C#N)c(F)c1F,c1ccccc1,84.0
COc1ccc(CN)c(F)c1F,c1ccccc1,34.0
COc1ccc(O)c(F)c1F,c1ccccc1,105.0
Cc1ccc(C(N)=O)c(F)c1F,c1ccccc1,160.0
Cc1ccc(C(=O)O)c(F)c1F,c1ccccc1,200.0
Cc1ccc(C#N)c(F)c1F,c1ccccc1,44.0
Cc1ccc(O)c(F)c1F,c1ccccc1,37.0
O=C(O)c1cc(O)cc(F)c1F,c1ccccc1,182.0
COc1ccc(F)c(F)c1C=O,c1ccccc1,59.0
COc1ccc(F)c(F)c1C(=O)O,c1ccccc1,128.0
COc1ccc(F)c(F)c1C#N,c1ccccc1,81.0
COc1ccc(F)c(F)c1CBr,c1ccccc1,47.0
COc1ccc(F)c(F)c1O,c1ccccc1,46.0
O=[N+]([O-])c1ccc(F)c(F)c1O,c1ccccc1,61.0
NC(=O)c1cccc(F)c1F,c1ccccc1,116.0
O=C(O)c1cccc(F)c1F,c1ccccc1,162.0
O=C(O)/C=C/c1cccc(F)c1F,c1ccccc1,200.0
O=C(O)C(O)c1cccc(F)c1F,c1ccccc1,112.0
Oc1cccc(F)c1F,c1ccccc1,36.0
O=C(O)Cc1cccc(F)c1F,c1ccccc1,118.0
c1cc2c3c(cccc3c1)CNC2,c1cc2c3c(cccc3c1)CNC2,99.0
O=C1OCCOc2ccccc21,O=C1OCCOc2ccccc21,30.0
Cc1ccc2c(c1)N(CCC#N)C(=O)CO2,O=C1COc2ccccc2N1,130.0
O=Cc1c(-c2ccccc2)nc2n1CCS2,c1ccc(-c2cn3c(n2)SCC3)cc1,123.0
c1ccc2c(c1)CCO2,c1ccc2c(c1)CCO2,-21.0
O=Cc1cccc(O)c1O,c1ccccc1,108.0
O=C(O)c1cccc(O)c1O,c1ccccc1,206.0
O=c1c(O)c(-c2ccccc2O)oc2ccccc12,O=c1cc(-c2ccccc2)oc2ccccc12,203.0
Oc1cc2ccccc2cc1O,c1ccc2ccccc2c1,164.0
COC1=C(OC)C(=O)C(C)=CC1=O,O=C1C=CC(=O)C=C1,59.0
COc1cccc(C=O)c1OC,c1ccccc1,52.0
COc1cccc(C=NO)c1OC,c1ccccc1,99.0
COc1cccc(C(=O)O)c1OC,c1ccccc1,123.0
COc1cccc(C#N)c1OC,c1ccccc1,46.0
COc1cccc(/C=C/[N+](=O)[O-])c1OC,c1ccccc1,81.0
C=C(C)C(=C)C,,-76.0
C=C(C)C(C)C,,-157.0
Cc1c([N+](=O)[O-])cc[n+]([O-])c1C,c1cc[nH+]cc1,93.0
Cc1[nH]c2ccc([N+](=O)[O-])cc2c1C,c1ccc2[nH]ccc2c1,189.0
Cc1ccc([N+](=O)[O-])c(N)c1C,c1ccccc1,117.0
Cc1cccc(N)c1C,c1ccccc1,3.0
COc1cccc(C)c1C,c1ccccc1,29.0
Cc1cccc(C(N)=O)c1C,c1ccccc1,157.0
Cc1cccc(C(=O)O)c1C,c1ccccc1,145.0
Cc1cccc(C#N)c1C,c1ccccc1,24.0
Cc1cccc(C(=O)Cl)c1C,c1ccccc1,2.0
CC(C)C(C)C,,-129.0
Cc1[nH]c2ccccc2c1C,c1ccc2[nH]ccc2c1,106.0
Cc1cc2ccccc2cc1C,c1ccc2ccccc2c1,105.0
Cc1cccc(O)c1C,c1ccccc1,72.0
Cc1cccc(OCC(=O)O)c1C,c1ccccc1,186.0
Cc1nccnc1C,c1cnccn1,-12.0
Cc1nc2ccccc2nc1C,c1ccc2nccnc2c1,105.0
O=c1c(-c2ccccc2)c1-c1ccccc1,O=c1c(-c2ccccc2)c1-c1ccccc1,120.0
c1ccc(-c2nccnc2-c2ccccc2)cc1,c1ccc(-c2nccnc2-c2ccccc2)cc1,121.0
c1ccc(-c2nc3ccccc3nc2-c2ccccc2)cc1,c1ccc(-c2nc3ccccc3nc2-c2ccccc2)cc1,126.0
CCCC(=O)C(C)=O,,-30.0
CC1(C)[C@]2(O)[C@@H](CO)O[C@@H](n3ccc(=O)[nH]c3=O)[C@]12O,O=c1ccn(C2OCC3CC32)c(=O)[nH]1,166.0
Cc1cccnc1C,c1ccncc1,-17.0
CC1(C)O[C@H](CO)[C@@H](CO)O1,C1COCO1,47.0
CC1(C)O[C@@H](CO)[C@H](CO)O1,C1COCO1,47.0
CCC(=O)C(C)=O,,-52.0
O=C(/C=C/c1ccc(O)cc1)c1ccc(O)cc1O,O=C(C=Cc1ccccc1)c1ccccc1,186.0
COc1ccc(C(=O)c2ccc(OC)cc2OC)cc1,O=C(c1ccccc1)c1ccccc1,72.0
C=C(C)CC(C)(C)C,,-94.0
CC(C)=CC(C)(C)C,,-106.0
Cc1cc(Br)c(Br)cc1Br,c1ccccc1,114.0
Nc1cc(Cl)c(Cl)cc1Cl,c1ccccc1,94.0
NS(=O)(=O)c1cc(Cl)c(Cl)cc1Cl,c1ccccc1,189.0
O=S(=O)(Cl)c1cc(Cl)c(Cl)cc1Cl,c1ccccc1,69.0
S=C=Nc1cc(Cl)c(Cl)cc1Cl,c1ccccc1,45.0
Nc1cc(F)c(F)cc1F,c1ccccc1,61.0
O=C(O)c1cc(F)c(F)cc1F,c1ccccc1,98.0
O=C(O)/C=C/c1cc(F)c(F)cc1F,c1ccccc1,186.0
Oc1cc(F)c(F)cc1F,c1ccccc1,41.0
O=C(O)Cc1cc(F)c(F)cc1F,c1ccccc1,123.0
COc1cc(OC)c(OC)cc1C=O,c1ccccc1,113.0
COc1cc(OC)c(C(=O)O)cc1OC,c1ccccc1,144.0
CC(=O)c1cc(C)c(C)cc1C,c1ccccc1,10.0
Cc1cc(C)c(O)cc1C,c1ccccc1,72.0
c1ccc(-c2nc(-c3ccccc3)c(-c3ccccc3)[nH]2)cc1,c1ccc(-c2nc(-c3ccccc3)c(-c3ccccc3)[nH]2)cc1,276.0
Cc1cc(C)nc(C)c1,c1ccncc1,-43.0
c1ccc(-c2nc(-c3ccccn3)nc(-c3ccccn3)n2)nc1,c1ccc(-c2nc(-c3ccccn3)nc(-c3ccccn3)n2)nc1,250.0
Nc1cc(N)nc(N)n1,c1cncnc1,250.0
Cc1c(Br)cc(Br)c(O)c1Br,c1ccccc1,82.0
Nc1c(Br)cc(Br)cc1Br,c1ccccc1,120.0
Oc1c(Br)cc(Br)cc1Br,c1ccccc1,89.0
Oc1c(Br)cc(Br)c(O)c1Br,c1ccccc1,115.0
Cc1c(Br)cc(Br)cc1Br,c1ccccc1,69.0
Nc1c(Cl)cc(Cl)cc1Cl,c1ccccc1,77.0
NS(=O)(=O)c1c(Cl)cc(Cl)cc1Cl,c1ccccc1,180.0
O=S(=O)(Cl)c1c(Cl)cc(Cl)cc1Cl,c1ccccc1,46.0
O=C(O)c1c(Cl)cc(Cl)cc1Cl,c1ccccc1,163.0
N#Cc1c(Cl)cc(Cl)cc1Cl,c1ccccc1,81.0
Oc1c(Cl)cc(Cl)cc1Cl,c1ccccc1,66.0
S=C=Nc1c(Cl)cc(Cl)cc1Cl,c1ccccc1,74.0
NNc1c(Cl)cc(Cl)cc1Cl,c1ccccc1,142.0
Clc1cc(Cl)nc(Cl)n1,c1cncnc1,23.0
Nc1c(F)cc(F)cc1F,c1ccccc1,35.0
O=Cc1c(F)cc(F)cc1F,c1ccccc1,66.0
O=C(O)c1c(F)cc(F)cc1F,c1ccccc1,141.0
N#Cc1c(F)cc(F)cc1F,c1ccccc1,57.0
Oc1c(F)cc(F)cc1F,c1ccccc1,50.0
O=C(O)Cc1c(F)cc(F)cc1F,c1ccccc1,111.0
NNc1c(F)cc(F)cc1F,c1ccccc1,99.0
Oc1c(I)cc(I)cc1I,c1ccccc1,158.0
CC(=O)c1c(C(C)C)cc(C(C)C)cc1C(C)C,c1ccccc1,87.0
CC(C)c1cc(C(C)C)c(S(N)(=O)=O)c(C(C)C)c1,c1ccccc1,115.0
CC(C)c1cc(C(C)C)c(S(=O)(=O)N=[N+]=[N-])c(C(C)C)c1,c1ccccc1,42.0
CC(C)c1cc(C(C)C)c(S(=O)(=O)Cl)c(C(C)C)c1,c1ccccc1,96.0
CC(C)c1cc(C(C)C)c(C(=O)O)c(C(C)C)c1,c1ccccc1,186.0
CC(C)c1cc(C(C)C)c(C(=O)Cl)c(C(C)C)c1,c1ccccc1,80.0
COc1cc(OC)c(C(C)=O)c(OC)c1,c1ccccc1,103.0
COc1cc(OC)c(C=O)c(OC)c1,c1ccccc1,121.0
COc1cc(OC)c(C#N)c(OC)c1,c1ccccc1,142.0
COc1cc(OC)c(C)c(OC)c1,c1ccccc1,28.0
Cc1cc(C)c(N)c(C)c1,c1ccccc1,-5.0
Cc1cc(C)c(C(=O)O)c(C)c1,c1ccccc1,154.0
Cc1cc(C)c(C#N)c(C)c1,c1ccccc1,53.0
Cc1cc(C)c(CO)c(C)c1,c1ccccc1,87.0
Cc1cc(C)c(CCl)c(C)c1,c1ccccc1,40.0
Cc1cc(C)c(CS)c(C)c1,c1ccccc1,47.0
Cc1cc(C)c(O)c(C)c1,c1ccccc1,72.0
Cc1cc(C)c(N=C=O)c(C)c1,c1ccccc1,45.0
Cc1cc(C)c(N=C=S)c(C)c1,c1ccccc1,62.0
c1ccc(-c2nc(-c3ccccc3)nc(-c3ccccc3)n2)cc1,c1ccc(-c2nc(-c3ccccc3)nc(-c3ccccc3)n2)cc1,235.0
Nc1c(-c2ccccc2)cc(-c2ccccc2)cc1-c1ccccc1,c1ccc(-c2cc(-c3ccccc3)cc(-c3ccccc3)c2)cc1,124.0
C=CCOc1nc(OCC=C)nc(OCC=C)n1,c1ncncn1,27.0
CC(C)(C)c1cc(C(C)(C)C)c(N)c(C(C)(C)C)c1,c1ccccc1,146.0
c1ccc(-c2ccncc2)nc1,c1ccc(-c2ccncc2)nc1,61.0
Cc1cc(C)c(CCl)c(C)c1CCl,c1ccccc1,106.0
O=C(O)c1ccc(C(F)(F)F)cc1C(F)(F)F,c1ccccc1,109.0
CCC(C)(C)c1ccc(OCC(=O)O)c(C(C)(C)CC)c1,c1ccccc1,126.0
Nc1nc(N)c2c(F)cccc2n1,c1ccc2ncncc2c1,247.0
Cc1ccc(-c2nc(N)nc(N)n2)cc1,c1ccc(-c2ncncn2)cc1,242.0
Nc1nc(N)nc(-c2cccc(C(F)(F)F)c2)n1,c1ccc(-c2ncncn2)cc1,209.0
CCCCCCCCCCCc1nc(N)nc(N)n1,c1ncncn1,120.0
Nc1nc(N)c2ccccc2n1,c1ccc2ncncc2c1,256.0
Cc1ccc(N)cc1N,c1ccccc1,99.0
c1ccc(Nc2nc(Nc3ccccc3)nc(N3CCOCC3)n2)cc1,c1ccc(Nc2nc(Nc3ccccc3)nc(N3CCOCC3)n2)cc1,195.0
Nc1c(Br)cc(Br)cc1C(F)(F)F,c1ccccc1,42.0
Nc1c(F)cc(Br)cc1Br,c1ccccc1,63.0
Oc1c(F)cc(Br)cc1Br,c1ccccc1,32.0
Nc1c(Br)cc(Br)cc1[N+](=O)[O-],c1ccccc1,130.0
O=C(CBr)c1ccc(Br)cc1,c1ccccc1,110.0
Nc1ccc(Br)cc1Br,c1ccccc1,80.0
COc1ccc(Br)cc1Br,c1ccccc1,62.0
O=S(=O)(Cl)c1ccc(Br)cc1Br,c1ccccc1,84.0
Cc1cc(C)c(Br)c(C)c1Br,c1ccccc1,60.0
Oc1ccc(Br)cc1Br,c1ccccc1,37.0
O=C(O)COc1ccc(Br)cc1Br,c1ccccc1,151.0
O=C=Nc1ccc(Br)cc1Br,c1ccccc1,83.0
Brc1ccnc(Br)c1,c1ccncc1,39.0
O=[N+]([O-])c1ccc(Oc2ccc(Cl)cc2Cl)cc1,c1ccc(Oc2ccccc2)cc1,70.0
O=[N+]([O-])c1ccc(Cl)cc1Cl,c1ccccc1,31.0
Cc1cc(O)c(Cl)c(C)c1Cl,c1ccccc1,96.0
O=[N+]([O-])c1cc(C(F)(F)F)c(Cl)c([N+](=O)[O-])c1Cl,c1ccccc1,76.0
CCc1c(Cl)cc([N+](=O)[O-])c(O)c1Cl,c1ccccc1,50.0
O=[N+]([O-])c1c(Cl)ccc(O)c1Cl,c1ccccc1,87.0
CC(=O)c1cc(F)c(Cl)cc1Cl,c1ccccc1,35.0
NC(=O)c1cc(F)c(Cl)cc1Cl,c1ccccc1,159.0
O=C(O)c1cc(F)c(Cl)cc1Cl,c1ccccc1,141.0
N#Cc1cc(F)c(Cl)cc1Cl,c1ccccc1,46.0
CC(C)Oc1cc(N)c(Cl)cc1Cl,c1ccccc1,42.0
Cc1cc(S(=O)(=O)Cl)c(Cl)cc1Cl,c1ccccc1,72.0
O=[N+]([O-])c1cc(C(F)(F)F)c(Cl)cc1Cl,c1ccccc1,55.0
O=[N+]([O-])c1cc(O)c(Cl)cc1Cl,c1ccccc1,100.0
O=[N+]([O-])c1cnc(Cl)nc1Cl,c1cncnc1,30.0
COc1cc2nc(Cl)nc(Cl)c2cc1OC,c1ccc2ncncc2c1,177.0
Nc1c(Cl)cc(Cl)cc1I,c1ccccc1,80.0
Cc1cc(Cl)cc(Cl)c1N,c1ccccc1,44.0
Cc1cc(Cl)cc(Cl)c1C#N,c1ccccc1,80.0
Cc1cc(Cl)cc(Cl)c1CN,c1ccccc1,54.0
Cc1cc(Cl)nc(Cl)n1,c1cncnc1,46.0
Nc1c(Cl)cc(Cl)cc1[N+](=O)[O-],c1ccccc1,101.0
CC(=O)Nc1ccc(Cl)cc1Cl,c1ccccc1,147.0
O=C(CCl)c1ccc(Cl)cc1,c1ccccc1,101.0
CC(=O)c1ccc(Cl)cc1Cl,c1ccccc1,33.0
Nc1ccc(Cl)cc1Cl,c1ccccc1,61.0
COc1ccc(Cl)cc1Cl,c1ccccc1,26.0
O=Cc1ccc(Cl)cc1Cl,c1ccccc1,71.0
NC(=O)c1ccc(Cl)cc1Cl,c1ccccc1,192.0
O=S(=O)(Cl)c1ccc(Cl)cc1Cl,c1ccccc1,54.0
NNC(=O)c1ccc(Cl)cc1Cl,c1ccccc1,169.0
O=C(O)c1ccc(Cl)cc1Cl,c1ccccc1,162.0
N#Cc1ccc(Cl)cc1Cl,c1ccccc1,59.0
O=C(c1ccc(Cl)cc1)c1ccccc1Cl,O=C(c1ccccc1)c1ccccc1,65.0
FC(F)(F)c1ccc(Cl)cc1Cl,c1ccccc1,-26.0
O=C(Cl)c1ccc(Cl)cc1Cl,c1ccccc1,18.0
OCc1ccc(Cl)cc1Cl,c1ccccc1,59.0
ClCc1ccc(Cl)cc1Cl,c1ccccc1,-3.0
CC(=O)N(C)c1ccc(Cl)cc1Cl,c1ccccc1,87.0
Oc1ccc(Cl)cc1Cl,c1ccccc1,42.0
O=C(O)COc1ccc(Cl)cc1Cl,c1ccccc1,138.0
NNC(=O)COc1ccc(Cl)cc1Cl,c1ccccc1,151.0
N#CCOc1ccc(Cl)cc1Cl,c1ccccc1,47.0
O=C=Nc1ccc(Cl)cc1Cl,c1ccccc1,59.0
S=C=Nc1ccc(Cl)cc1Cl,c1ccccc1,38.0
O=C(O)Cc1ccc(Cl)cc1Cl,c1ccccc1,129.0
N#CCc1ccc(Cl)cc1Cl,c1ccccc1,60.0
Clc1ccnc(Cl)c1,c1ccncc1,-1.0
Clc1ccnc(Cl)n1,c1cncnc1,60.0
Cc1ccc(Cl)cc1Cl,c1ccccc1,-13.0
O=[N+]([O-])c1ccc(F)cc1F,c1ccccc1,10.0
COc1c(F)ccc(C(N)=O)c1F,c1ccccc1,112.0
COc1c(F)ccc(C(=O)O)c1F,c1ccccc1,194.0
COc1c(F)ccc(C#N)c1F,c1ccccc1,45.0
Cc1c(F)ccc(C#N)c1F,c1ccccc1,44.0
Cc1c(F)ccc(C(=O)Cl)c1F,c1ccccc1,37.0
CC(=O)Nc1ccc(F)cc1F,c1ccccc1,122.0
Nc1ccc(F)cc1F,c1ccccc1,-8.0
O=Cc1ccc(F)cc1F,c1ccccc1,3.0
NC(=O)c1ccc(F)cc1F,c1ccccc1,161.0
O=C(O)c1ccc(F)cc1F,c1ccccc1,188.0
N#Cc1ccc(F)cc1F,c1ccccc1,46.0
O=C(c1ccc(F)cc1)c1ccccc1F,O=C(c1ccccc1)c1ccccc1,23.0
O=C(O)C(O)c1ccc(F)cc1F,c1ccccc1,123.0
CC(=O)N(C)c1ccc(F)cc1F,c1ccccc1,84.0
Oc1ccc(F)cc1F,c1ccccc1,23.0
O=C(O)Cc1ccc(F)cc1F,c1ccccc1,118.0
COc1ccccc1/C=C/C(=O)c1ccc(O)cc1O,O=C(C=Cc1ccccc1)c1ccccc1,177.0
COc1cc(/C=C/C(=O)c2ccccc2O)ccc1O,O=C(C=Cc1ccccc1)c1ccccc1,128.0
CC(=O)c1ccc(O)c(C)c1O,c1ccccc1,154.0
CC(=O)c1ccc(O)cc1O,c1ccccc1,144.0
O=Cc1ccc(O)cc1O,c1ccccc1,136.0
NNC(=O)c1ccc(O)cc1O,c1ccccc1,241.0
O=C(c1ccccc1)c1ccc(O)cc1O,O=C(c1ccccc1)c1ccccc1,146.0
CCC(=O)c1ccc(O)cc1O,c1ccccc1,100.0
O=c1[nH]c(=O)c2nccnc2[nH]1,O=c1[nH]c(=O)c2nccnc2[nH]1,348.0
COc1ccc(I)c(OC)c1,c1ccccc1,39.0
COc1ccc([N+](=O)[O-])c(OC)c1,c1ccccc1,74.0
COc1ccc(C(C)=O)c(OC)c1,c1ccccc1,40.0
COc1ccc(N)c(OC)c1,c1ccccc1,35.0
COc1ccc(C=O)c(OC)c1,c1ccccc1,69.0
COc1ccc(C=NO)c(OC)c1,c1ccccc1,107.0
COc1ccc(S(N)(=O)=O)c(OC)c1,c1ccccc1,168.0
COc1ccc(S(=O)(=O)Cl)c(OC)c1,c1ccccc1,72.0
COc1ccc(C(=O)O)c(OC)c1,c1ccccc1,109.0
COc1ccc(C#N)c(OC)c1,c1ccccc1,94.0
COc1ccc(C(=O)Cl)c(OC)c1,c1ccccc1,59.0
COc1ccc(CO)c(OC)c1,c1ccccc1,37.0
COc1ccc(/C=C/[N+](=O)[O-])c(OC)c1,c1ccccc1,100.0
COc1ccc(N=C=O)c(OC)c1,c1ccccc1,32.0
COc1ccc(N=C=S)c(OC)c1,c1ccccc1,52.0
COc1ccc(CC(=O)O)c(OC)c1,c1ccccc1,110.0
COc1ccnc(OC)n1,c1cncnc1,17.0
CC(C)C(O)C(C)C,,-70.0
Cc1cc(C)c(N)c([N+](=O)[O-])c1,c1ccccc1,67.0
Cc1cc(C)c(O)c([N+](=O)[O-])c1,c1ccccc1,70.0
Cc1ccc(N)c(C)c1,c1ccccc1,-15.0
Cc1ccc(C=O)c(C)c1,c1ccccc1,-9.0
Cc1ccc(C(=O)O)c(C)c1,c1ccccc1,125.0
Cc1c[nH]c(C)n1,c1c[nH]cn1,86.0
CC(C)CC(C)C,,-123.0
Cc1ccc(O)c(C)c1,c1ccccc1,22.0
Cc1ccc(OCC(=O)O)c(C)c1,c1ccccc1,141.0
Cc1ccc(N=C=S)c(C)c1,c1ccccc1,27.0
C=Cc1ccc(C)cc1C,c1ccccc1,-64.0
O=[N+]([O-])c1ccc(OC(F)(F)F)c([N+](=O)[O-])c1,c1ccccc1,-21.0
O=[N+]([O-])c1cc([N+](=O)[O-])c2ccccc2c1O,c1ccc2ccccc2c1,132.0
Nc1ccc([N+](=O)[O-])cc1[N+](=O)[O-],c1ccccc1,178.0
COc1ccc([N+](=O)[O-])cc1[N+](=O)[O-],c1ccccc1,91.0
O=Cc1ccc([N+](=O)[O-])cc1[N+](=O)[O-],c1ccccc1,67.0
O=[N+]([O-])c1ccc(S(=O)(=O)Cl)c([N+](=O)[O-])c1,c1ccccc1,102.0
O=C(O)c1ccc([N+](=O)[O-])cc1[N+](=O)[O-],c1ccccc1,181.0
O=[N+]([O-])c1ccc(CBr)c([N+](=O)[O-])c1,c1ccccc1,51.0
O=[N+]([O-])c1ccc(O)c([N+](=O)[O-])c1,c1ccccc1,107.0
N#CSc1ccc([N+](=O)[O-])cc1[N+](=O)[O-],c1ccccc1,139.0
O=C(O)Cc1ccc([N+](=O)[O-])cc1[N+](=O)[O-],c1ccccc1,180.0
Cc1ccc([N+](=O)[O-])cc1[N+](=O)[O-],c1ccccc1,69.0
CC(C)(C)c1ccc(O)c(C(C)(C)C)c1,c1ccccc1,55.0
OCC#CC#CCO,,112.0
CC#CC#CC,,67.0
Cc1ccnc(C)c1,c1ccncc1,-60.0
CC(=O)CC(C)=O,,-23.0
CC(CC(C)=NO)=NO,,149.0
O=C1CSC(=O)N1,O=C1CSC(=O)N1,125.0
Cc1nc2cc(C)c(C)cc2s1,c1ccc2scnc2c1,84.0
c1ccc2c(-c3nnc(-c4cccc5ccccc45)o3)cccc2c1,c1ccc2c(-c3nnc(-c4cccc5ccccc45)o3)cccc2c1,177.0
c1ccc(-c2ccc(-c3nnc(-c4ccc(-c5ccccc5)cc4)o3)cc2)cc1,c1ccc(-c2ccc(-c3nnc(-c4ccc(-c5ccccc5)cc4)o3)cc2)cc1,237.0
c1ccc(-c2ccc(-c3cnc(-c4ccc(-c5ccccc5)cc4)o3)cc2)cc1,c1ccc(-c2ccc(-c3cnc(-c4ccc(-c5ccccc5)cc4)o3)cc2)cc1,239.0
O=[N+]([O-])c1ccc(-c2nnc(-c3ccc([N+](=O)[O-])cc3)o2)cc1,c1ccc(-c2nnc(-c3ccccc3)o2)cc1,311.0
CC(C)(C)c1ccc2oc(-c3ccc(-c4nc5cc(C(C)(C)C)ccc5o4)s3)nc2c1,c1ccc2oc(-c3ccc(-c4nc5ccccc5o4)s3)nc2c1,201.0
Cc1cc(CCl)c(C)cc1CCl,c1ccccc1,132.0
NS(=O)(=O)c1cc(C(F)(F)F)ccc1C(F)(F)F,c1ccccc1,147.0
O=S(=O)(Cl)c1cc(C(F)(F)F)ccc1C(F)(F)F,c1ccccc1,61.0
O=C(O)c1cc(C(F)(F)F)ccc1C(F)(F)F,c1ccccc1,79.0
CC(=O)Oc1ccc(OC(C)=O)c(C)c1,c1ccccc1,41.0
Nc1ccc(N)c(S(=O)(=O)O)c1,c1ccccc1,299.0
Nc1ccc(N)nc1,c1ccncc1,96.0
O=[N+]([O-])c1c(Br)sc(Br)c1[N+](=O)[O-],c1ccsc1,136.0
O=S(=O)(Cl)c1c(F)c(Br)cc(F)c1Br,c1ccccc1,69.0
Cc1cc(Br)cnc1Br,c1ccncc1,45.0
Cc1cc(Br)ncc1Br,c1ccncc1,38.0
Nc1cc(Br)ccc1Br,c1ccccc1,54.0
O=Cc1cc(Br)ccc1Br,c1ccccc1,95.0
O=S(=O)(Cl)c1cc(Br)ccc1Br,c1ccccc1,71.0
O=C(O)c1cc(Br)ccc1Br,c1ccccc1,155.0
FC(F)(F)c1cc(Br)ccc1Br,c1ccccc1,49.0
Cc1cc(Br)c(C)cc1Br,c1ccccc1,73.0
Brc1ccc(Br)nc1,c1ccncc1,94.0
Brc1cnc(Br)s1,c1cscn1,47.0
Brc1ccc(Br)s1,c1ccsc1,-6.0
Cc1cc(Br)ccc1Br,c1ccccc1,6.0
O=C1C=C(Cl)C(=O)C=C1Cl,O=C1C=CC(=O)C=C1,160.0
O=[N+]([O-])c1c(Cl)sc(Cl)c1[N+](=O)[O-],c1ccsc1,87.0
Clc1cnc(Cl)c(I)c1,c1ccncc1,52.0
O=C(O)c1cc(Cl)cc([N+](=O)[O-])c1Cl,c1ccccc1,220.0
Nc1cc(Cl)c([N+](=O)[O-])cc1Cl,c1ccccc1,155.0
CC(=O)CC(=O)Nc1cc(Cl)ccc1Cl,c1ccccc1,95.0
CC(=O)c1cc(Cl)ccc1Cl,c1ccccc1,12.0
Nc1cc(Cl)ccc1Cl,c1ccccc1,50.0
O=Cc1cc(Cl)ccc1Cl,c1ccccc1,56.0
NC(=O)c1cc(Cl)ccc1Cl,c1ccccc1,160.0
O=S(=O)(Cl)c1cc(Cl)ccc1Cl,c1ccccc1,38.0
NNC(=O)c1cc(Cl)ccc1Cl,c1ccccc1,180.0
O=C(O)c1cc(Cl)ccc1Cl,c1ccccc1,153.0
N#Cc1cc(Cl)ccc1Cl,c1ccccc1,130.0
OCc1cc(Cl)ccc1Cl,c1ccccc1,78.0
Clc1ccc(Cl)c(CBr)c1,c1ccccc1,41.0
Oc1cc(Cl)c(O)cc1Cl,c1ccccc1,170.0
Oc1cc(Cl)ccc1Cl,c1ccccc1,57.0
O=C=Nc1cc(Cl)ccc1Cl,c1ccccc1,30.0
NNc1cc(Cl)ccc1Cl,c1ccccc1,104.0
Cc1cc(Cl)c(C)cc1Cl,c1ccccc1,69.0
Clc1ccc(Cl)nc1,c1ccncc1,61.0
Clc1ccc(Cl)s1,c1ccsc1,-41.0
O=C(O)c1cc(Cl)sc1Cl,c1ccsc1,148.0
Cc1cc(Cl)ccc1Cl,c1ccccc1,5.0
CCOc1ccc(OCC)c(N)c1,c1ccccc1,85.0
CCOc1ccc(OCC)c(NC(=O)c2ccccc2)c1,O=C(Nc1ccccc1)c1ccccc1,88.0
O=Cc1cc(F)c(O)cc1F,c1ccccc1,147.0
COc1cc(F)c(C=O)cc1F,c1ccccc1,99.0
COc1cc(F)c(C#N)cc1F,c1ccccc1,91.0
Nc1cc(F)ccc1F,c1ccccc1,14.0
NC(=O)c1cc(F)ccc1F,c1ccccc1,112.0
NS(=O)(=O)c1cc(F)ccc1F,c1ccccc1,141.0
O=C(O)c1cc(F)ccc1F,c1ccccc1,130.0
N#Cc1cc(F)ccc1F,c1ccccc1,33.0
O=C(O)/C=C/c1cc(F)ccc1F,c1ccccc1,139.0
O=C(O)C(O)c1cc(F)ccc1F,c1ccccc1,111.0
Oc1cc(F)ccc1F,c1ccccc1,38.0
O=C(O)Cc1cc(F)ccc1F,c1ccccc1,125.0
NNc1cc(F)ccc1F,c1ccccc1,75.0
Cc1cc(F)ccc1F,c1ccccc1,-35.0
CC1=CCS(=O)(=O)C1,O=S1(=O)CC=CC1,63.0
CC(=O)c1cc(O)ccc1O,c1ccccc1,206.0
O=Cc1cc(O)ccc1O,c1ccccc1,99.0
CCC(=O)c1cc(O)ccc1O,c1ccccc1,98.0
Ic1ccc(I)nc1,c1ccncc1,155.0
Ic1ccc(I)s1,c1ccsc1,41.0
COc1ccc(OC)c(C(C)=O)c1,c1ccccc1,19.0
COc1ccc(OC)c(N)c1,c1ccccc1,80.0
COc1ccc(OC)c(C=O)c1,c1ccccc1,49.0
COc1ccc(OC)c(S(N)(=O)=O)c1,c1ccccc1,147.0
COc1ccc(OC)c(S(=O)(=O)Cl)c1,c1ccccc1,114.0
COc1ccc(OC)c(C(=O)O)c1,c1ccccc1,77.0
COc1ccc(OC)c(C#N)c1,c1ccccc1,82.0
COc1ccc(OC)c(N=C=O)c1,c1ccccc1,40.0
COc1ccc(OC)c(N=C=S)c1,c1ccccc1,36.0
COc1ccc(OC)c(CC(=O)O)c1,c1ccccc1,124.0
COc1ccc(OC)c(C)c1,c1ccccc1,20.0
Cc1nnc(C)s1,c1nncs1,63.0
C=C(C)CCC(=C)C,,-75.0
Cc1ccc(C)n1-c1ccccc1,c1ccc(-n2cccc2)cc1,50.0
Cc1cc(C=O)c(C)n1-c1ccccc1,c1ccc(-n2cccc2)cc1,89.0
CC(C)=CC=C(C)C,,12.0
CC(=CC=C(C)C(=O)O)C(=O)O,,221.0
CC(C)(O)CCC(C)(C)O,,89.0
Cc1cc(C(=O)Cl)c(C)o1,c1ccoc1,20.0
Cc1nc(-c2ccccc2)c(C)s1,c1ccc(-c2cscn2)cc1,28.0
Cc1ccc(C)c(N)c1,c1ccccc1,15.0
Cc1ccc(C)c(C(=O)O)c1,c1ccccc1,134.0
Cc1ccc2sc(C)nc2c1,c1ccc2scnc2c1,40.0
Cc1ccc(C)c(CO)c1,c1ccccc1,41.0
Cc1ccc(C)c(/C=C/C(=O)O)c1,c1ccccc1,130.0
Cc1ccc(C)o1,c1ccoc1,-62.0
Cc1ccc(C)c(O)c1,c1ccccc1,76.0
Cc1ccc(C)c(OCC(=O)O)c1,c1ccccc1,115.0
Cc1ccc(C)c(CC(=O)O)c1,c1ccccc1,128.0
Cc1ccc(C)c(CC#N)c1,c1ccccc1,28.0
Cc1cnc(C)cn1,c1cnccn1,15.0
Cc1cc2[nH]c(C)cc(=O)n2n1,O=c1cc[nH]c2ccnn12,253.0
C=Cc1cc(C)ccc1C,c1ccccc1,-35.0
Cc1ccc(C)s1,c1ccsc1,-63.0
c1ccc(-c2nnc(-c3ccccc3)o2)cc1,c1ccc(-c2nnc(-c3ccccc3)o2)cc1,140.0
O=C1C(O)=C(c2ccccc2)S(=O)(=O)C1c1ccccc1,O=C1C=C(c2ccccc2)S(=O)(=O)C1c1ccccc1,240.0
c1ccc(-c2ccc(-c3ccccc3)o2)cc1,c1ccc(-c2ccc(-c3ccccc3)o2)cc1,88.0
c1ccc(-c2cnc(-c3ccccc3)o2)cc1,c1ccc(-c2cnc(-c3ccccc3)o2)cc1,72.0
O=C1C=C(c2ccccc2)C(=O)C=C1c1ccccc1,O=C1C=C(c2ccccc2)C(=O)C=C1c1ccccc1,217.0
CC(C)(C)c1cc(O)c(C(C)(C)C)cc1O,c1ccccc1,216.0
CC(C)(C)C1=CC(=O)C(C(C)(C)C)=CC1=O,O=C1C=CC(=O)C=C1,153.0
CC(=O)CCC(C)=O,,-6.0
C1=CC2C=CC1C2,C1=CC2C=CC1C2,-20.0
CC1=CC(=O)CC(C)(C)C1=O,O=C1C=CC(=O)CC1,20.0
N#Cc1c(OCC(F)(F)F)cccc1OCC(F)(F)F,c1ccccc1,116.0
Cc1cc(CO)c(O)c(CO)c1,c1ccccc1,123.0
Cc1ccc(-c2cccc(-c3ccc(C)cc3)n2)cc1,c1ccc(-c2cccc(-c3ccccc3)n2)cc1,165.0
O=C(O)c1c(C(F)(F)F)cccc1C(F)(F)F,c1ccccc1,138.0
FC(F)(F)c1cccc(C(F)(F)F)n1,c1ccncc1,57.0
CC(=O)c1cccc(C(C)=O)n1,c1ccncc1,80.0
Nc1nc(N)c(F)cc1F,c1ccncc1,160.0
Nc1cc(C(F)(F)F)c(F)c(N)n1,c1ccncc1,71.0
Nc1nc(N)c2nc[nH]c2n1,c1ncc2nc[nH]c2n1,302.0
Nc1cccc(N)n1,c1ccncc1,120.0
Cc1c(N)cccc1N,c1ccccc1,105.0
O=C1C(=Cc2ccccc2)CCCC1=Cc1ccccc1,O=C1C(=Cc2ccccc2)CCCC1=Cc1ccccc1,117.0
N#Cc1c(OCc2ccccc2)cccc1OCc1ccccc1,c1ccc(COc2cccc(OCc3ccccc3)c2)cc1,123.0
Brc1ccc(-c2ccnc(Br)c2)cn1,c1cncc(-c2ccncc2)c1,191.0
Nc1c(Br)cc(C(F)(F)F)cc1Br,c1ccccc1,38.0
Nc1c(Br)cc(F)cc1Br,c1ccccc1,65.0
Oc1c(Br)cc(F)cc1Br,c1ccccc1,55.0
O=C=Nc1c(Br)cc(F)cc1Br,c1ccccc1,44.0
CC(C)c1cc(Br)c(N)c(Br)c1,c1ccccc1,46.0
Cc1cc(Br)c(N)c(Br)c1,c1ccccc1,74.0
Cc1cc(Br)c(O)c(Br)c1,c1ccccc1,50.0
Nc1c(Br)cc([N+](=O)[O-])cc1Br,c1ccccc1,207.0
Cc1c(Br)cc([N+](=O)[O-])cc1Br,c1ccccc1,56.0
CCCc1cc(Br)c(N)c(Br)c1,c1ccccc1,56.0
Nc1c(Br)cccc1Br,c1ccccc1,81.0
Brc1ccc2cc(Br)ccc2c1,c1ccc2ccccc2c1,165.0
Oc1c(Br)cccc1Br,c1ccccc1,55.0
Brc1cccc(Br)n1,c1ccncc1,119.0
O=C1C(Br)=CC(=NCl)C=C1Br,N=C1C=CC(=O)C=C1,80.0
Cc1c(Br)cccc1Br,c1ccccc1,4.0
O=C1C=C(Cl)C(=O)C(Cl)=C1,O=C1C=CC(=O)C=C1,123.0
Cc1cc(Cl)nc(Cl)c1C#N,c1ccncc1,110.0
N#Cc1cc(F)c(Cl)nc1Cl,c1ccncc1,91.0
N#Cc1c(Cl)ccc([N+](=O)[O-])c1Cl,c1ccccc1,108.0
O=[N+]([O-])c1ccc(Cl)nc1Cl,c1ccncc1,64.0
Cc1c(Cl)ccc([N+](=O)[O-])c1Cl,c1ccccc1,54.0
Nc1c(Cl)cc(OC(F)(F)F)cc1Cl,c1ccccc1,32.0
O=C(O)c1c(Cl)cc(OC(F)(F)F)cc1Cl,c1ccccc1,152.0
Nc1c(Cl)cc(C(F)(F)F)cc1Cl,c1ccccc1,36.0
O=S(=O)(Cl)c1c(Cl)cc(C(F)(F)F)cc1Cl,c1ccccc1,48.0
NNc1c(Cl)cc(C(F)(F)F)cc1Cl,c1ccccc1,59.0
Nc1c(Cl)cc(F)cc1Cl,c1ccccc1,56.0
Oc1c(Cl)cc(F)cc1Cl,c1ccccc1,49.0
O=Cc1c(Cl)cc(O)cc1Cl,c1ccccc1,228.0
Clc1cc(I)cc(Cl)n1,c1ccncc1,163.0
Nc1c(Cl)cc([N+](=O)[O-])cc1Cl,c1ccccc1,189.0
O=[N+]([O-])c1cc(Cl)nc(Cl)c1,c1ccncc1,96.0
O=[N+]([O-])c1cc(Cl)[n+]([O-])c(Cl)c1,c1cc[nH+]cc1,178.0
O=C(O)c1cc(F)c(Cl)nc1Cl,c1ccncc1,154.0
CC(=O)Nc1c(Cl)cccc1Cl,c1ccccc1,181.0
CC(=O)c1c(Cl)cccc1Cl,c1ccccc1,43.0
Nc1c(Cl)cccc1Cl,c1ccccc1,39.0
COc1c(Cl)cccc1Cl,c1ccccc1,10.0
O=Cc1c(Cl)cccc1Cl,c1ccccc1,71.0
ON=Cc1c(Cl)cccc1Cl,c1ccccc1,149.0
NC(=O)c1c(Cl)cccc1Cl,c1ccccc1,199.0
O=S(=O)(Cl)c1c(Cl)cccc1Cl,c1ccccc1,53.0
O=C(O)c1c(Cl)cccc1Cl,c1ccccc1,143.0
N#Cc1c(Cl)cccc1Cl,c1ccccc1,145.0
Clc1ccc2nc(Cl)sc2c1,c1ccc2scnc2c1,96.0
O=C(Cl)c1c(Cl)cccc1Cl,c1ccccc1,17.0
OCc1c(Cl)cccc1Cl,c1ccccc1,97.0
Clc1cccc(Cl)c1CBr,c1ccccc1,56.0
ClCc1c(Cl)cccc1Cl,c1ccccc1,38.0
O=[N+]([O-])/C=C/c1c(Cl)cccc1Cl,c1ccccc1,65.0
O=C(O)c1ccc(Cl)nc1Cl,c1ccncc1,149.0
Oc1c(Cl)cccc1Cl,c1ccccc1,67.0
O=C=Nc1c(Cl)cccc1Cl,c1ccccc1,44.0
S=C=Nc1c(Cl)cccc1Cl,c1ccccc1,43.0
NC(=O)Cc1c(Cl)cccc1Cl,c1ccccc1,217.0
O=C(O)Cc1c(Cl)cccc1Cl,c1ccccc1,160.0
N#CCc1c(Cl)cccc1Cl,c1ccccc1,76.0
Clc1cncc(Cl)n1,c1cnccn1,54.0
Clc1cccc(Cl)n1,c1ccncc1,86.0
[O-][n+]1c(Cl)cccc1Cl,c1cc[nH+]cc1,138.0
NC(=S)c1c(Cl)cccc1Cl,c1ccccc1,151.0
Cc1c(Cl)cccc1Cl,c1ccccc1,2.0
O=Cc1c(F)ccc(O)c1F,c1ccccc1,112.0
COc1ccc(F)c(C#N)c1F,c1ccccc1,72.0
COc1ccc(F)c(CBr)c1F,c1ccccc1,55.0
COc1ccc(F)c(O)c1F,c1ccccc1,75.0
Cc1ccc(F)c(C(=O)O)c1F,c1ccccc1,140.0
N#Cc1c(F)ccc([N+](=O)[O-])c1F,c1ccccc1,53.0
O=Cc1c(F)cc(O)cc1F,c1ccccc1,181.0
Oc1c(F)cc(I)cc1F,c1ccccc1,72.0
COc1cc(F)c(N)c(F)c1,c1ccccc1,39.0
COc1cc(F)c(C=O)c(F)c1,c1ccccc1,75.0
COc1cc(F)c(C(=O)O)c(F)c1,c1ccccc1,184.0
COc1cc(F)c(C#N)c(F)c1,c1ccccc1,55.0
COc1cc(F)c(CBr)c(F)c1,c1ccccc1,45.0
COc1cc(F)c(O)c(F)c1,c1ccccc1,69.0
O=Cc1c(F)cccc1F,c1ccccc1,16.0
NC(=O)c1c(F)cccc1F,c1ccccc1,147.0
NS(=O)(=O)c1c(F)cccc1F,c1ccccc1,190.0
O=C(O)c1c(F)cccc1F,c1ccccc1,158.0
N#Cc1c(F)cccc1F,c1ccccc1,30.0
Fc1cccc(F)c1CBr,c1ccccc1,51.0
Fc1cccc(F)c1CCl,c1ccccc1,34.0
O=C(O)/C=C/c1c(F)cccc1F,c1ccccc1,125.0
O=C(O)C(O)c1c(F)cccc1F,c1ccccc1,144.0
Oc1c(F)cccc1F,c1ccccc1,38.0
O=C=Nc1c(F)cccc1F,c1ccccc1,24.0
O=C(O)Cc1c(F)cccc1F,c1ccccc1,101.0
Cc1cc(O)nc(O)c1,c1ccncc1,197.0
CC(=O)c1c(O)cccc1O,c1ccccc1,158.0
Oc1ccc2cc(O)ccc2c1,c1ccc2ccccc2c1,224.0
O=[N+]([O-])c1cc(I)c(O)c(I)c1,c1ccccc1,153.0
CC(C)c1cccc(C(C)C)c1N,c1ccccc1,-54.0
CC(C)c1ccc2cc(C(C)C)ccc2c1,c1ccc2ccccc2c1,69.0
CC(C)c1cccc(C(C)C)c1O,c1ccccc1,18.0
COc1ccc([N+](=O)[O-])c(OC)c1C(=O)O,c1ccccc1,131.0
COc1cc(C)cc(OC)c1C=O,c1ccccc1,93.0
COc1cc(C)cc(OC)c1O,c1ccccc1,39.0
COc1cccc(OC)c1C(C)=O,c1ccccc1,70.0
COc1cccc(OC)c1N,c1ccccc1,77.0
COc1cccc(OC)c1C=O,c1ccccc1,97.0
COc1cccc(OC)c1C(=O)Cl,c1ccccc1,65.0
COc1cccc(OC)c1CN,c1ccccc1,85.0
COc1ccc2cc(OC)ccc2c1,c1ccc2ccccc2c1,153.0
COC1=CC(=O)C=C(OC)C1=O,O=C1C=CC(=O)C=C1,255.0
COc1cccc(OC)c1O,c1ccccc1,54.0
COc1cccc(OC)c1OCC(=O)O,c1ccccc1,81.0
COc1cccc(OC)c1C,c1ccccc1,39.0
CC(C)CCCC(C)(C)O,,-10.0
CC(C)CC(=O)CC(C)C,,-42.0
Cc1cc(I)cc(C)c1O,c1ccccc1,97.0
COc1c(C)cc([N+](=O)[O-])cc1C,c1ccccc1,87.0
Cc1cc(=O)cc(C)o1,O=c1ccocc1,134.0
CC(=O)Nc1c(C)cccc1C,c1ccccc1,181.0
Cc1cccc(C)c1N,c1ccccc1,11.0
Cc1cccc(C)c1C(=O)O,c1ccccc1,116.0
Cc1cccc(C)c1C#N,c1ccccc1,90.0
CC1=CC(=O)C=C(C)C1=O,O=C1C=CC(=O)C=C1,70.0
Cc1cccc(C)c1O,c1ccccc1,46.0
[C-]#[N+]c1c(C)cccc1C,c1ccccc1,74.0
Cc1cncc(C)n1,c1cnccn1,41.0
Cc1ccc2nc(C)ccc2c1,c1ccc2ncccc2c1,57.0
O=[N+]([O-])c1cc(F)cc([N+](=O)[O-])c1O,c1ccccc1,55.0
N#Cc1c([N+](=O)[O-])cccc1[N+](=O)[O-],c1ccccc1,148.0
Cc1c([N+](=O)[O-])cccc1[N+](=O)[O-],c1ccccc1,62.0
Oc1c(-c2ccccc2)cccc1-c1ccccc1,c1ccc(-c2cccc(-c3ccccc3)c2)cc1,102.0
c1ccc(-c2cccc(-c3ccccc3)n2)cc1,c1ccc(-c2cccc(-c3ccccc3)n2)cc1,78.0
CN(C)Cc1cc(C(C)(C)C)c(O)c(C(C)(C)C)c1,c1ccccc1,91.0
CCc1cc(C(C)(C)C)c(O)c(C(C)(C)C)c1,c1ccccc1,43.0
Cc1cc(C(C)(C)C)c(O)c(C(C)(C)C)c1,c1ccccc1,71.0
Cc1cc(C(C)(C)C)nc(C(C)(C)C)c1,c1ccncc1,33.0
CC(C)(C)C1=CC(=O)C=C(C(C)(C)C)C1=O,O=C1C=CC(=O)C=C1,67.0
CC(C)(C)c1cccc(C(C)(C)C)c1O,c1ccccc1,37.0
Cc1cccc(C)n1,c1ccncc1,-7.0
OCc1cccc(CO)n1,c1ccncc1,112.0
CC(=O)Oc1ccc2ccc(OC(C)=O)cc2c1,c1ccc2ccccc2c1,131.0
O=C1c2cc(Br)ccc2-c2ccc(Br)cc21,O=C1c2ccccc2-c2ccccc21,202.0
Brc1ccc2c(c1)Cc1cc(Br)ccc1-2,c1ccc2c(c1)Cc1ccccc1-2,166.0
Oc1ccc2ccc(O)cc2c1,c1ccc2ccccc2c1,186.0
COc1ccc2ccc(OC)cc2c1,c1ccc2ccccc2c1,138.0
Cc1ccc2ccc(C)cc2c1,c1ccc2ccccc2c1,97.0
CC(C)CCCCC(C)C,,-55.0
Oc1cc(C(F)(F)F)nc2c(C(F)(F)F)cccc12,c1ccc2ncccc2c1,132.0
CSC(SC)=C(C#N)C#N,,82.0
O=S(=O)(N(c1ccc(Cl)cn1)S(=O)(=O)C(F)(F)F)C(F)(F)F,c1ccncc1,46.0
O=S(=O)(N(c1ccccn1)S(=O)(=O)C(F)(F)F)C(F)(F)F,c1ccncc1,39.0
CC(=O)Nc1ccc(N)cn1,c1ccncc1,149.0
CC(=O)Nc1ccc(Br)cc1C(=O)O,c1ccccc1,223.0
CC(=O)Nc1ccc(Br)cn1,c1ccncc1,177.0
CC(=O)Nc1ncc(Cl)s1,c1cscn1,210.0
CC(=O)Nc1ccc([N+](=O)[O-])cn1,c1ccncc1,200.0
CC(=O)Nc1cccc(Cl)c1C(=O)O,c1ccccc1,217.0
CC(=O)Nc1ccccc1C(=O)O,c1ccccc1,186.0
CC(=O)Nc1ccccc1O,c1ccccc1,208.0
CC(=O)Nc1nccs1,c1cscn1,203.0
CC(=O)CC(=O)Nc1ccccc1C,c1ccccc1,105.0
CC(=O)Oc1ccccc1C(C)=O,c1ccccc1,90.0
CC(=O)c1ccc2ccccc2c1O,c1ccc2ccccc2c1,99.0
CC(=O)c1c(F)ccc(F)c1C(=O)O,c1ccccc1,86.0
CC(=O)c1sc(-c2ccccc2)cc1N,c1ccc(-c2cccs2)cc1,121.0
CC(=O)c1sccc1N,c1ccsc1,86.0
CC(=O)c1sccc1Br,c1ccsc1,43.0
CC(=O)c1sc2ccccc2c1C,c1ccc2sccc2c1,78.0
CC(=O)c1ccc(Br)s1,c1ccsc1,95.0
CC(=O)c1ccc(Cl)s1,c1ccsc1,46.0
CC(=O)c1ccc(I)s1,c1ccsc1,128.0
CC(=O)c1ccc(C)s1,c1ccsc1,26.0
CC(=O)c1cc2cc([N+](=O)[O-])ccc2o1,c1ccc2occc2c1,175.0
CC(=O)c1ccc([N+](=O)[O-])s1,c1ccsc1,106.0
COc1ccc2cc(C(C)=O)ccc2c1,c1ccc2ccccc2c1,108.0
COc1cccc2cc(C(C)=O)oc12,c1ccc2occc2c1,93.0
CC(=O)c1ccc2cc3ccccc3cc2c1,c1ccc2cc3ccccc3cc2c1,190.0
CC(=O)c1cc2ccccc2o1,c1ccc2occc2c1,71.0
CC(=O)c1cc2ccccc2s1,c1ccc2sccc2c1,87.0
CC(=O)c1ccccc1C(=O)O,c1ccccc1,117.0
CC(=O)c1ccc2c(c1)Cc1ccccc1-2,c1ccc2c(c1)Cc1ccccc1-2,130.0
CC(=O)c1ccco1,c1ccoc1,29.0
CC(=O)c1ccc2ccccc2c1,c1ccc2ccccc2c1,54.0
CC(=O)c1cnccn1,c1cnccn1,77.0
CC(=O)c1ccccn1,c1ccncc1,9.0
CC(=O)c1ccc[nH]1,c1cc[nH]c1,90.0
CC(=O)c1cnc2ccccc2n1,c1ccc2nccnc2c1,78.0
CC(=O)c1cccs1,c1ccsc1,10.0
OC1C2CC3CC(C2)CC1C3,C1C2CC3CC1CC(C2)C3,301.0
C=CCc1c(O)c(C(=O)c2ccccc2)cc(C(=O)c2ccccc2)c1O,O=C(c1ccccc1)c1cccc(C(=O)c2ccccc2)c1,161.0
C=CCc1ccccc1O,c1ccccc1,-6.0
Nc1nncs1,c1nncs1,191.0
NC(CO)CO,,54.0
CCC(N)CO,,-2.0
CC(N)CO,,8.0
Nc1ccc(Cl)cc1C(=O)c1ccccc1Cl,O=C(c1ccccc1)c1ccccc1,88.0
CC(C)(N)CO,,26.0
NC1=NCCS1,C1=NCCS1,80.0
Nc1c(C(=O)O)cccc1C(F)(F)F,c1ccccc1,155.0
COc1cc(C(=O)O)c(N)c(OC)c1OC,c1ccccc1,139.0
Cc1nc(N)c(Br)cc1Br,c1ccncc1,145.0
Nc1c(Br)cc(Br)cc1C(=O)O,c1ccccc1,233.0
Nc1ncc(Br)nc1Br,c1cnccn1,116.0
Nc1ncc(Br)cc1Br,c1ccncc1,104.0
Nc1c(Cl)cc(Cl)cc1C(=O)O,c1ccccc1,226.0
Nc1ncc(Cl)cc1Cl,c1ccncc1,82.0
Nc1ncc(F)cc1F,c1ccncc1,57.0
Cc1cc(C)c(N)c(C(=O)O)c1,c1ccccc1,192.0
Nc1c(Cl)ccc(Cl)c1C(=O)O,c1ccccc1,152.0
Nc1nc(F)cc(C(F)(F)F)c1F,c1ccncc1,67.0
Nc1ncccc1OCc1ccccc1,c1ccc(COc2cccnc2)cc1,93.0
Nc1ncc(C(F)(F)F)cc1Br,c1ccncc1,100.0
Nc1ncc(Cl)cc1Br,c1ccncc1,84.0
Cc1cc(Br)c(N)c(C(=O)O)c1,c1ccccc1,204.0
Cc1cnc(N)c(Br)c1,c1ccncc1,72.0
N#Cc1cc([N+](=O)[O-])cc(Br)c1N,c1ccccc1,188.0
Nc1ncccc1Br,c1ccncc1,66.0
N#Cc1cccc(Cl)c1N,c1ccccc1,95.0
Nc1nccnc1Cl,c1cnccn1,169.0
Nc1ncccc1Cl,c1ccncc1,61.0
N#Cc1cccnc1N,c1ccncc1,134.0
CCc1ccc(C)nc1N,c1ccncc1,47.0
Nc1ncc(C(F)(F)F)cc1F,c1ccncc1,66.0
Nc1ncccc1F,c1ccncc1,41.0
Nc1ncccc1O,c1ccncc1,170.0
Cc1cnc(N)c(I)c1,c1ccncc1,88.0
Nc1ncccc1I,c1ccncc1,90.0
Cc1cc([N+](=O)[O-])cnc1N,c1ccncc1,260.0
Cc1cccc(C(=O)O)c1N,c1ccccc1,176.0
Cc1cccnc1N,c1ccncc1,31.0
Nc1c(C(=O)O)cccc1[N+](=O)[O-],c1ccccc1,211.0
Nc1ncccc1[N+](=O)[O-],c1ccncc1,166.0
Nc1nc(-c2cccc3ccccc23)cs1,c1ccc2c(-c3cscn3)cccc2c1,157.0
Nc1nc(-c2ccc3ccccc3c2)cs1,c1ccc2cc(-c3cscn3)ccc2c1,155.0
Nc1nc(-c2ccc(Br)cc2)cs1,c1ccc(-c2cscn2)cc1,184.0
Nc1nc(-c2ccc(Cl)cc2)cs1,c1ccc(-c2cscn2)cc1,169.0
Cc1ccc(-c2csc(N)n2)cc1,c1ccc(-c2cscn2)cc1,137.0
Nc1cc(C(F)(F)F)ccn1,c1ccncc1,73.0
N#Cc1c(N)sc2c1CCCC2,c1cc2c(s1)CCCC2,143.0
Nc1cc(F)c(F)cc1C(=O)O,c1ccccc1,182.0
COc1cc(N)c(C(C)=O)cc1OC,c1ccccc1,106.0
COc1cc(N)c(C#N)cc1OC,c1ccccc1,99.0
Nc1nc(Cl)cc(Cl)n1,c1cncnc1,220.0
Nc1nc(Cl)c(C=O)c(Cl)n1,c1cncnc1,220.0
COc1cc(OC)nc(N)n1,c1cncnc1,95.0
Cc1cc(C)nc(N)n1,c1cncnc1,153.0
Nc1cc(Br)ccn1,c1ccncc1,146.0
CC(C)c1cc(Cl)nc(N)n1,c1cncnc1,100.0
Cc1cc(Cl)nc(N)n1,c1cncnc1,184.0
N#Cc1ccc(Cl)cc1N,c1ccccc1,161.0
Nc1nc2c(Cl)cccc2s1,c1ccc2scnc2c1,204.0
Nc1cc(Cl)ccc1O,c1ccccc1,140.0
N#Cc1ccnc(N)c1,c1ccncc1,150.0
CCc1ccnc(N)c1,c1ccncc1,67.0
Nc1cc(F)ccc1C(=O)O,c1ccccc1,194.0
Nc1cc(F)ccc1O,c1ccccc1,140.0
Nc1nc(O)cc(C(F)(F)F)n1,c1cncnc1,290.0
COc1nc(N)nc(SC)n1,c1ncncn1,201.0
COc1cc(C)nc(N)n1,c1cncnc1,161.0
COc1cccc2sc(N)nc12,c1ccc2scnc2c1,156.0
Cc1ccnc(N)c1[N+](=O)[O-],c1ccncc1,136.0
Cc1cc(N)ncc1[N+](=O)[O-],c1ccncc1,224.0
Cc1ccc(C#N)c(N)c1,c1ccccc1,92.0
Cc1cccc2sc(N)nc12,c1ccc2scnc2c1,138.0
Cc1ccc(O)c(N)c1,c1ccccc1,136.0
Cc1ccnc(N)c1,c1ccncc1,99.0
Cc1ccnc(N)n1,c1cncnc1,160.0
Cc1csc(N)n1,c1cscn1,44.0
Cc1csc(N)c1C(N)=O,c1ccsc1,174.0
Nc1cc([N+](=O)[O-])ccc1O,c1ccccc1,143.0
Nc1nc(-c2ccccc2)cs1,c1ccc(-c2cscn2)cc1,150.0
CC(C)(C)c1ccc(O)c(N)c1,c1ccccc1,163.0
CC(C)(C)c1csc(N)n1,c1cscn1,101.0
Nc1nnc(-c2ccncc2)s1,c1cc(-c2nncs2)ccn1,245.0
Nc1ccc(C(F)(F)F)cn1,c1ccncc1,47.0
N#Cc1c(N)sc2c1CCC2,c1cc2c(s1)CCC2,154.0
Cc1c(Br)cnc(N)c1C,c1ccncc1,134.0
Cc1cc(Br)cnc1N,c1ccncc1,92.0
Nc1ncc(Br)cc1[N+](=O)[O-],c1ccncc1,208.0
Cc1cc(N)ncc1Br,c1ccncc1,150.0
Nc1cnc(Br)cn1,c1cnccn1,115.0
Nc1ccc(Br)cn1,c1ccncc1,138.0
Nc1ncc(Br)cn1,c1cncnc1,233.0
Nc1ccc(Cl)cc1C(=O)c1ccccc1F,O=C(c1ccccc1)c1ccccc1,95.0
Nc1ncc(Cl)cc1F,c1ccncc1,96.0
Nc1ncc(Cl)cc1I,c1ccncc1,97.0
Nc1ncc(Cl)cc1[N+](=O)[O-],c1ccncc1,193.0
Nc1ccc(Cl)cc1C=O,c1ccccc1,72.0
NC(=O)c1cc(Cl)ccc1N,c1ccccc1,171.0
Nc1ccc(Cl)cc1S(N)(=O)=O,c1ccccc1,149.0
N#Cc1cc(Cl)ccc1N,c1ccccc1,96.0
Nc1ccc(Cl)cc1C(=O)c1ccccc1,O=C(c1ccccc1)c1ccccc1,98.0
Nc1ccc(Cl)cc1CO,c1ccccc1,108.0
Nc1ccc(Cl)cn1,c1ccncc1,137.0
Nc1ncc(Cl)cn1,c1cncnc1,235.0
N#Cc1ccc(N)nc1,c1ccncc1,162.0
Nc1nnc(C2CC2)s1,c1nnc(C2CC2)s1,214.0
CCc1nnc(N)s1,c1nncs1,200.0
CCSc1nnc(N)s1,c1nncs1,132.0
Nc1ccc(F)cc1C(=O)O,c1ccccc1,183.0
Nc1ccc(F)cc1O,c1ccccc1,138.0
Nc1ccc(F)cn1,c1ccncc1,95.0
Nc1ccc(I)cn1,c1ccncc1,128.0
Nc1ncc(I)cn1,c1cncnc1,219.0
COc1ccc(N)c(C(=O)O)c1,c1ccccc1,151.0
Cc1sc(N)nc1-c1ccccc1,c1ccc(-c2cscn2)cc1,110.0
Cc1ccc(N)c(O)c1,c1ccccc1,157.0
Cc1ccc(N)nc1,c1ccncc1,76.0
Cc1cnc(N)s1,c1cscn1,97.0
N#Cc1cc([N+](=O)[O-])ccc1N,c1ccccc1,209.0
Nc1ccc([N+](=O)[O-])cc1C(=O)c1ccccc1,O=C(c1ccccc1)c1ccccc1,167.0
Nc1ccc([N+](=O)[O-])cn1,c1ccncc1,188.0
Nc1ncc([N+](=O)[O-])cn1,c1cncnc1,237.0
CCCS(=O)(=O)c1ccc2[nH]c(N)nc2c1,c1ccc2[nH]cnc2c1,221.0
Nc1ccc(-c2ccccc2)cn1,c1ccc(-c2cccnc2)cc1,135.0
CC(C)(C)c1nnc(N)s1,c1nncs1,183.0
Nc1nnc(C(F)(F)F)s1,c1nncs1,225.0
Nc1cccc(C(F)(F)F)n1,c1ccncc1,88.0
Nc1cccc(Br)n1,c1ccncc1,90.0
Nc1cccc(Cl)c1C(=O)O,c1ccccc1,151.0
N#Cc1c(N)cccc1Cl,c1ccccc1,135.0
Nc1nc2ccc(Cl)cc2s1,c1ccc2scnc2c1,200.0
Nc1cccc(Cl)n1,c1ccncc1,71.0
CCOc1ccc2nc(N)sc2c1,c1ccc2scnc2c1,162.0
Nc1cccc(F)c1C(=O)O,c1ccccc1,166.0
N#Cc1c(N)cccc1F,c1ccccc1,127.0
Nc1nc2ccc(F)cc2s1,c1ccc2scnc2c1,184.0
Nc1cccc(F)n1,c1ccncc1,60.0
COc1ccc([N+](=O)[O-])c(N)n1,c1ccncc1,171.0
COc1ccc2nc(N)sc2c1,c1ccc2scnc2c1,163.0
Cc1ccc2nc(N)sc2c1,c1ccc2scnc2c1,141.0
Cc1cccc(N)n1,c1ccncc1,43.0
Nc1nc2ccc([N+](=O)[O-])cc2s1,c1ccc2scnc2c1,248.0
CC(=O)Nc1ccccc1N,c1ccccc1,135.0
Nc1ccc2cc3ccccc3cc2c1,c1ccc2cc3ccccc3cc2c1,237.0
NC(=O)c1ccccc1N,c1ccccc1,112.0
Nc1ccccc1C(=O)Nc1ccccc1,O=C(Nc1ccccc1)c1ccccc1,132.0
Nc1ccccc1S(N)(=O)=O,c1ccccc1,155.0
NNC(=O)c1ccccc1N,c1ccccc1,123.0
Nc1nc2ccccc2[nH]1,c1ccc2[nH]cnc2c1,230.0
N#Cc1ccccc1N,c1ccccc1,47.0
Nc1ccccc1C(=O)c1ccccc1,O=C(c1ccccc1)c1ccccc1,107.0
Nc1nc2ccccc2s1,c1ccc2scnc2c1,128.0
Nc1ccccc1CO,c1ccccc1,83.0
Nc1ccccc1-c1ccccc1,c1ccc(-c2ccccc2)cc1,50.0
CCC(C)N,,-104.0
Nc1ccc2c(c1)Cc1ccccc1-2,c1ccc2c(c1)Cc1ccccc1-2,128.0
Nc1ccccc1O,c1ccccc1,175.0
Nc1cnccn1,c1cnccn1,120.0
Nc1ccccn1,c1ccncc1,58.0
Nc1ncccc1C=O,c1ccncc1,101.0
NC(=O)c1ccnc(N)c1,c1ccncc1,258.0
Nc1cc(C(=O)O)ccn1,c1ccncc1,301.0
Nc1cc(CO)ccn1,c1ccncc1,83.0
NC(=S)c1ccc(N)nc1,c1ccncc1,174.0
Nc1ncccn1,c1cncnc1,125.0
Nc1nccs1,c1cscn1,90.0
N#Cc1cnc(N)s1,c1cscn1,185.0
c1ccc(Nc2nc(N3CCOCC3)nc(N3CCOCC3)n2)cc1,c1ccc(Nc2nc(N3CCOCC3)nc(N3CCOCC3)n2)cc1,173.0
N#CCc1nc2ccccc2[nH]1,c1ccc2[nH]cnc2c1,209.0
N#CCc1nc2ccccc2s1,c1ccc2scnc2c1,101.0
OCc1nc2ccccc2s1,c1ccc2scnc2c1,98.0
O=c1[nH]c2ccccc2o1,O=c1[nH]c2ccccc2o1,140.0
O=C(c1ccccc1)C1C(=O)c2ccccc2C1=O,O=C(c1ccccc1)C1C(=O)c2ccccc2C1=O,108.0
O=C(O)c1ccccc1C(=O)c1ccccc1,O=C(c1ccccc1)c1ccccc1,129.0
O=C(c1ccccc1)c1ccc2ccccc2c1,O=C(c1ccccc1)c1ccc2ccccc2c1,81.0
O=C(c1ccccc1)c1ccccn1,O=C(c1ccccc1)c1ccccn1,43.0
O=C(c1ccccc1)c1cccs1,O=C(c1ccccc1)c1cccs1,56.0
Oc1ccc(Cl)cc1Cc1ccccc1,c1ccc(Cc2ccccc2)cc1,48.0
c1ccc(CNc2ccccn2)cc1,c1ccc(CNc2ccccn2)cc1,95.0
O=C1CCCCC1Cc1ccccc1,O=C1CCCCC1Cc1ccccc1,29.0
O=C1CCCCC1=Cc1ccccc1,O=C1CCCCC1=Cc1ccccc1,54.0
Oc1cccnc1OCc1ccccc1,c1ccc(COc2ccccn2)cc1,71.0
COc1cc(C=O)c(OCc2ccccc2)cc1OC,c1ccc(COc2ccccc2)cc1,140.0
Brc1ccc(OCc2ccccc2)nc1,c1ccc(COc2ccccn2)cc1,47.0
Brc1cnc(OCc2ccccc2)nc1,c1ccc(COc2ncccn2)cc1,102.0
Oc1ccc(OCc2ccccc2)nc1,c1ccc(COc2ccccn2)cc1,92.0
Nc1ccccc1OCc1ccccc1,c1ccc(COc2ccccc2)cc1,37.0
O=Cc1ccccc1OCc1ccccc1,c1ccc(COc2ccccc2)cc1,47.0
O=C(O)c1ccccc1OCc1ccccc1,c1ccc(COc2ccccc2)cc1,77.0
O=C(O)Cc1ccccc1OCc1ccccc1,c1ccc(COc2ccccc2)cc1,97.0
N#CCc1ccccc1OCc1ccccc1,c1ccc(COc2ccccc2)cc1,77.0
Oc1ccccc1Cc1ccccc1,c1ccc(Cc2ccccc2)cc1,52.0
c1ccc(Cc2ccccn2)cc1,c1ccc(Cc2ccccn2)cc1,10.0
OCc1ccccc1-c1ccccc1,c1ccc(-c2ccccc2)cc1,49.0
Fc1cc(F)c(Br)c(F)c1,c1ccccc1,4.0
Clc1cccc(Cl)c1Br,c1ccccc1,61.0
COc1cccc(OC)c1Br,c1ccccc1,93.0
Clc1ccc(Cl)c(Br)c1,c1ccccc1,34.0
Fc1ccc(F)c(Br)c1,c1ccccc1,-31.0
OC1c2ccccc2CC1Br,c1ccc2c(c1)CCC2,130.0
O=C1c2ccccc2CC1Br,O=C1CCc2ccccc21,38.0
Brc1nccn1C(c1ccccc1)(c1ccccc1)c1ccccc1,c1ccc(C(c2ccccc2)(c2ccccc2)n2ccnc2)cc1,205.0
O=C(CBr)c1c(F)c(F)c(F)c(F)c1F,c1ccccc1,31.0
COc1ccc(C(=O)CBr)c(OC)c1,c1ccccc1,104.0
O=C(CBr)c1ccccc1O,c1ccccc1,46.0
COc1ccccc1C(=O)CBr,c1ccccc1,44.0
O=C(CBr)c1ccccc1[N+](=O)[O-],c1ccccc1,55.0
O=[N+]([O-])C(Br)(CO)CO,,127.0
O=C(CBr)c1cccc(C(F)(F)F)c1,c1ccccc1,22.0
FC(F)(F)c1cccnc1Br,c1ccncc1,38.0
O=C(CBr)c1ccc(Cl)c(Cl)c1,c1ccccc1,57.0
Nc1cc(C(F)(F)F)cc(C(F)(F)F)c1Br,c1ccccc1,35.0
CC(C)(C)c1cc(C(=O)CBr)cc(C(C)(C)C)c1O,c1ccccc1,106.0
Clc1cccnc1Br,c1ccncc1,60.0
O=C(O)c1cccc(F)c1Br,c1ccccc1,159.0
CC(C)(F)C(Br)C(=O)O,,54.0
Oc1cccnc1Br,c1ccncc1,184.0
Cc1cnc(Br)c(I)c1,c1ccncc1,85.0
COc1cccc(C(=O)CBr)c1,c1ccccc1,62.0
Cc1cc([N+](=O)[O-])cnc1Br,c1ccncc1,57.0
O=C(CBr)c1cccc([N+](=O)[O-])c1,c1ccccc1,94.0
O=[N+]([O-])c1cccnc1Br,c1ccncc1,124.0
O=C(CBr)c1ccc(N2CCCC2)cc1,c1ccc(N2CCCC2)cc1,121.0
CCN(CC)c1ccc(C(=O)CBr)cc1,c1ccccc1,51.0
Nc1ccc(C(F)(F)F)cc1Br,c1ccccc1,30.0
NS(=O)(=O)c1ccc(C(F)(F)F)cc1Br,c1ccccc1,162.0
COc1cc(Br)c(/C=C/C(=O)O)cc1OC,c1ccccc1,255.0
Nc1c(Cl)cc(Cl)cc1Br,c1ccccc1,80.0
Nc1c(F)cc(F)cc1Br,c1ccccc1,40.0
NS(=O)(=O)c1c(F)cc(F)cc1Br,c1ccccc1,126.0
Cc1cc(C)c(N)c(Br)c1,c1ccccc1,44.0
Nc1c(Br)cc([N+](=O)[O-])cc1[N+](=O)[O-],c1ccccc1,152.0
CC(C)(C)c1cc(Br)c(O)c(C(C)(C)C)c1,c1ccccc1,57.0
O=C(CBr)c1ccc(Cl)cc1,c1ccccc1,96.0
Nc1ccc(Cl)cc1Br,c1ccccc1,66.0
Oc1ccc(Cl)cc1Br,c1ccccc1,33.0
N#Cc1ccnc(Br)c1,c1ccncc1,72.0
Nc1cc(C(F)(F)F)c(F)cc1Br,c1ccccc1,27.0
CC(=O)Nc1ccc(F)cc1Br,c1ccccc1,118.0
O=C(CBr)c1ccc(F)cc1,c1ccccc1,47.0
O=C(O)c1ccc(F)cc1Br,c1ccccc1,168.0
N#Cc1ccc(F)cc1Br,c1ccccc1,76.0
Oc1ccc(F)cc1Br,c1ccccc1,44.0
Brc1cc(I)ccn1,c1ccncc1,61.0
COc1ccc(C(=O)CBr)cc1,c1ccccc1,70.0
COc1ccc(CC(=O)O)c(Br)c1,c1ccccc1,129.0
CC(=O)Nc1ccc(C)cc1Br,c1ccccc1,118.0
Cc1ccc(C(=O)CBr)cc1,c1ccccc1,52.0
Cc1ccc(N)c(Br)c1,c1ccccc1,15.0
Cc1ccc(C=O)c(Br)c1,c1ccccc1,35.0
Cc1ccc(O)c(Br)c1,c1ccccc1,16.0
Cc1cc(C)c([N+](=O)[O-])c(C)c1Br,c1ccccc1,60.0
O=C(CBr)c1ccc([N+](=O)[O-])cc1,c1ccccc1,97.0
COc1ccc([N+](=O)[O-])cc1Br,c1ccccc1,106.0
CCOc1ccc([N+](=O)[O-])cc1Br,c1ccccc1,55.0
O=[N+]([O-])c1cc[n+]([O-])c(Br)c1,c1cc[nH+]cc1,145.0
Cc1ccc([N+](=O)[O-])cc1Br,c1ccccc1,76.0
O=C(CBr)c1ccc(-c2ccccc2)cc1,c1ccc(-c2ccccc2)cc1,125.0
OCc1ccnc(Br)c1,c1ccncc1,61.0
OCc1cc(C(F)(F)F)ccc1Br,c1ccccc1,72.0
N#CCc1cc(C(F)(F)F)ccc1Br,c1ccccc1,61.0
FC(F)(F)c1ccc(Br)nc1,c1ccncc1,46.0
Cc1c(Br)sc2ccc(Cl)cc12,c1ccc2sccc2c1,106.0
O=C(O)c1cc(Cl)ccc1Br,c1ccccc1,154.0
FC(F)(F)c1cc(Cl)ccc1Br,c1ccccc1,19.0
Nc1cc(F)ccc1Br,c1ccccc1,44.0
O=Cc1cc(F)ccc1Br,c1ccccc1,54.0
O=C(O)c1cc(F)ccc1Br,c1ccccc1,155.0
N#Cc1cc(F)ccc1Br,c1ccccc1,90.0
Fc1ccc(Br)c(CBr)c1,c1ccccc1,35.0
O=C(O)/C=C/c1cc(F)ccc1Br,c1ccccc1,190.0
Fc1ccc(Br)nc1,c1ccncc1,29.0
Cc1cc(I)cnc1Br,c1ccncc1,45.0
Cc1cc(Br)ncc1I,c1ccncc1,51.0
O=C(O)c1cc(I)ccc1Br,c1ccccc1,175.0
Brc1ccc(I)cn1,c1ccncc1,124.0
COc1ccc(Br)c(C(N)=O)c1,c1ccccc1,160.0
COc1ccc(Br)c(C(=O)O)c1,c1ccccc1,158.0
Cc1ccc(Br)nc1,c1ccncc1,43.0
Nc1cc([N+](=O)[O-])ccc1Br,c1ccccc1,139.0
COc1cc([N+](=O)[O-])ccc1Br,c1ccccc1,104.0
O=C(O)c1cc([N+](=O)[O-])ccc1Br,c1ccccc1,180.0
O=[N+]([O-])c1ccc(Br)c(C(F)(F)F)c1,c1ccccc1,43.0
O=[N+]([O-])c1ccc(Br)nc1,c1ccncc1,138.0
O=[N+]([O-])c1cnc(Br)s1,c1cscn1,88.0
O=[N+]([O-])c1ccc(Br)s1,c1ccsc1,44.0
Cc1cc([N+](=O)[O-])ccc1Br,c1ccccc1,78.0
FC(F)(F)c1cccc(Br)n1,c1ccncc1,50.0
Nc1c(Cl)cc(C(F)(F)F)cc1Br,c1ccccc1,31.0
Nc1c(Cl)cc(F)cc1Br,c1ccccc1,56.0
Nc1c(Cl)cc([N+](=O)[O-])cc1Br,c1ccccc1,175.0
O=C(O)c1c(Cl)cccc1Br,c1ccccc1,149.0
Fc1cccc(Br)n1,c1ccncc1,32.0
COc1ccc2cc(Br)ccc2c1,c1ccc2ccccc2c1,108.0
COc1cccc(Br)c1O,c1ccccc1,64.0
Cc1cccc(Br)c1C(=O)O,c1ccccc1,109.0
Nc1c(Br)cc(C(F)(F)F)cc1[N+](=O)[O-],c1ccccc1,71.0
O=[N+]([O-])c1cccc(Br)c1O,c1ccccc1,68.0
Cc1c(Br)cccc1[N+](=O)[O-],c1ccccc1,40.0
NC(=O)CBr,,89.0
CC(=O)Nc1ccccc1Br,c1ccccc1,99.0
O=C(CBr)c1ccccc1,c1ccccc1,50.0
C=C(Br)C(=O)O,,68.0
BrC1C2CC3CC(C2)CC1C3,C1C2CC3CC1CC(C2)C3,139.0
Nc1ccccc1Br,c1ccccc1,29.0
COc1ccccc1Br,c1ccccc1,3.0
O=Cc1ccccc1Br,c1ccccc1,20.0
ON=Cc1ccccc1Br,c1ccccc1,102.0
NC(=O)c1ccccc1Br,c1ccccc1,161.0
NS(=O)(=O)c1ccccc1Br,c1ccccc1,192.0
O=S(=O)(Cl)c1ccccc1Br,c1ccccc1,50.0
NNC(=O)c1ccccc1Br,c1ccccc1,153.0
Brc1nc2ccccc2[nH]1,c1ccc2[nH]cnc2c1,198.0
O=C(O)c1ccccc1Br,c1ccccc1,148.0
N#Cc1ccccc1Br,c1ccccc1,55.0
O=C(Cl)c1ccccc1Br,c1ccccc1,10.0
OCc1ccccc1Br,c1ccccc1,80.0
BrCc1ccccc1Br,c1ccccc1,31.0
Brc1ccccc1-c1ccccc1,c1ccc(-c2ccccc2)cc1,1.0
CCC(C)Br,,-112.0
CCC(Br)C(=O)O,,-4.0
OCCBr,,-80.0
Brc1ccc2c(c1)Cc1ccccc1-2,c1ccc2c(c1)Cc1ccccc1-2,112.0
CCCCC(Br)C(=O)O,,4.0
BrC1=Cc2ccccc2C1,C1=Cc2ccccc2C1,36.0
CC(C)(Br)C(=O)O,,44.0
CC(C)C(Br)C(=O)O,,39.0
Cc1cc(C)c(Br)c(C)c1,c1ccccc1,2.0
Cc1cccc(C)c1Br,c1ccccc1,-10.0
Brc1ccc2ccccc2c1,c1ccc2ccccc2c1,55.0
O=C(O)c1cccnc1Br,c1ccncc1,254.0
CCCC(C)Br,,-96.0
Oc1ccccc1Br,c1ccccc1,5.0
N#CCOc1ccccc1Br,c1ccccc1,49.0
O=C(O)Cc1ccccc1Br,c1ccccc1,106.0
N#CCc1ccccc1Br,c1ccccc1,19.0
CC(C)Br,,-89.0
C=C(C)Br,,-87.0
CC(Br)C(=O)O,,25.0
Cc1ccc(C)c(Br)c1,c1ccccc1,10.0
O=Cc1ccnc(Br)c1,c1ccncc1,54.0
NC(=O)c1ccnc(Br)c1,c1ccncc1,192.0
Brc1ncccn1,c1cncnc1,55.0
C=Cc1ccccc1Br,c1ccccc1,-53.0
O=C(O)c1ccc(C(=O)O)c(Br)c1,c1ccccc1,299.0
CCCCCCCCCCCCC(Br)C(=O)O,,42.0
O=Cc1cnc(Br)s1,c1cscn1,94.0
O=C(O)c1cnc(Br)s1,c1cscn1,182.0
COc1ccccc1SBr,c1ccccc1,-24.0
Cc1ccccc1Br,c1ccccc1,-27.0
CCC(C)O,,-115.0
CCC(C)=O,,-87.0
CCC(C)=NO,,-30.0
CC#CCO,,-2.0
CC#CC,,-32.0
OCC#CCO,,56.0
CC#CC(=O)O,,77.0
CC#CCOS(=O)(=O)c1ccc(C)cc1,c1ccccc1,48.0
COc1ccc(C=O)c(C(=O)O)c1OC,c1ccccc1,147.0
O=Cc1ccccc1C(=O)O,c1ccccc1,99.0
Cc1ccnc(SCC(=O)O)n1,c1cncnc1,192.0
O=C(O)c1ccccc1OP(=O)(O)O,c1ccccc1,164.0
O=[N+]([O-])c1ccc(Oc2ccc(Cl)cc2Cl)c(Cl)c1,c1ccc(Oc2ccccc2)cc1,71.0
Fc1cc(Br)c(Cl)c(Br)c1,c1ccccc1,86.0
O=[N+]([O-])c1cccc([N+](=O)[O-])c1Cl,c1ccccc1,86.0
Clc1cc(Br)ccc1Br,c1ccccc1,40.0
O=[N+]([O-])c1ccc(F)c(Cl)c1,c1ccccc1,44.0
O=[N+]([O-])c1ccc(I)c(Cl)c1,c1ccccc1,99.0
Cn1ccnc1Cl,c1c[nH]cn1,-10.0
Clc1nccn1C(c1ccccc1)(c1ccccc1)c1ccccc1,c1ccc(C(c2ccccc2)(c2ccccc2)n2ccnc2)cc1,201.0
NC(=O)C(F)(F)Cl,,82.0
O=C(CCl)c1ccc(F)cc1F,c1ccccc1,46.0
CCc1cccc(CC)c1NC(=O)CCl,c1ccccc1,130.0
Cc1cccc(C)c1NC(=O)CCl,c1ccccc1,148.0
CCC(C)(C)Cl,,-73.0
O=C(CCl)Nc1ccccc1[N+](=O)[O-],c1ccccc1,88.0
Nc1cccc(C(F)(F)F)c1Cl,c1ccccc1,27.0
O=Cc1cccc(C(F)(F)F)c1Cl,c1ccccc1,44.0
O=C(O)c1cccc(C(F)(F)F)c1Cl,c1ccccc1,134.0
N#Cc1cccc(C(F)(F)F)c1Cl,c1ccccc1,40.0
OCc1cccc(C(F)(F)F)c1Cl,c1ccccc1,76.0
NCc1cccc(C(F)(F)F)c1Cl,c1ccccc1,36.0
O=C(O)Cc1cccc(C(F)(F)F)c1Cl,c1ccccc1,132.0
N#CCc1cccc(C(F)(F)F)c1Cl,c1ccccc1,58.0
FC(F)(F)c1cccnc1Cl,c1ccncc1,39.0
O=C(CCl)c1ccc(O)c(O)c1,c1ccccc1,174.0
COc1ccc(C#N)c(Cl)c1OC,c1ccccc1,102.0
COc1ccc(CO)c(Cl)c1OC,c1ccccc1,71.0
COc1ccc(/C=C/C(=O)O)c(Cl)c1OC,c1ccccc1,195.0
Clc1ncc(I)cc1I,c1ccncc1,73.0
O=C(O)c1cc([N+](=O)[O-])cc([N+](=O)[O-])c1Cl,c1ccccc1,199.0
O=[N+]([O-])c1cc([N+](=O)[O-])c(Cl)c(C(F)(F)F)c1,c1ccccc1,63.0
O=[N+]([O-])c1cnc(Cl)c([N+](=O)[O-])c1,c1ccncc1,63.0
Nc1c(F)ccc(F)c1Cl,c1ccccc1,29.0
O=Cc1c(F)ccc(F)c1Cl,c1ccccc1,47.0
O=C(O)c1c(F)ccc(F)c1Cl,c1ccccc1,127.0
OCc1c(F)ccc(F)c1Cl,c1ccccc1,47.0
Oc1c(F)ccc(F)c1Cl,c1ccccc1,54.0
Cc1cc(C)c(C#N)c(Cl)n1,c1ccncc1,99.0
N#Cc1cc(-c2ccccc2)cnc1Cl,c1ccc(-c2cccnc2)cc1,145.0
Cc1ccc(C#N)c(Cl)n1,c1ccncc1,116.0
N#Cc1cccnc1Cl,c1ccncc1,107.0
O=[N+]([O-])c1cc[n+]([O-])c(Cl)c1F,c1cc[nH+]cc1,177.0
Oc1cccnc1Cl,c1ccncc1,170.0
Clc1ncccc1I,c1ccncc1,95.0
COc1cccnc1Cl,c1ccncc1,47.0
Cc1cc2ccccc2nc1Cl,c1ccc2ncccc2c1,83.0
Cc1nc2ccccc2nc1Cl,c1ccc2nccnc2c1,73.0
O=C(CCl)Nc1cccc([N+](=O)[O-])c1,c1ccccc1,114.0
O=C(O)c1cccc([N+](=O)[O-])c1Cl,c1ccccc1,184.0
O=[N+]([O-])c1cccnc1Cl,c1ccncc1,101.0
CS(=O)(=O)c1ccc(C(=O)O)c(Cl)c1,c1ccccc1,194.0
CC(=O)Nc1ccc(C(F)(F)F)cc1Cl,c1ccccc1,136.0
NS(=O)(=O)c1ccc(C(F)(F)F)cc1Cl,c1ccccc1,170.0
O=S(=O)(Cl)c1ccc(C(F)(F)F)cc1Cl,c1ccccc1,37.0
N#Cc1ccc(C(F)(F)F)cc1Cl,c1ccccc1,83.0
O=C(O)c1c(C(F)(F)F)ccnc1Cl,c1ccncc1,159.0
O=C(O)c1cc(F)c(F)cc1Cl,c1ccccc1,106.0
N#Cc1cc(F)c(F)cc1Cl,c1ccccc1,35.0
Cc1cc(O)c(Cl)cc1C,c1ccccc1,71.0
CCNc1nc(Cl)nc(NCC)n1,c1ncncn1,228.0
Nc1c(Cl)cc(Br)cc1Br,c1ccccc1,100.0
Nc1c(F)cc(F)cc1Cl,c1ccccc1,30.0
COc1nc(Cl)nc(OC)n1,c1ncncn1,77.0
Nc1c(Cl)cc([N+](=O)[O-])cc1[N+](=O)[O-],c1ccccc1,154.0
N#Cc1ccc(S(=O)(=O)Cl)c(Cl)c1,c1ccccc1,103.0
N#Cc1ccnc(Cl)c1,c1ccncc1,71.0
O=[N+]([O-])c1ccc(F)cc1Cl,c1ccccc1,35.0
Cc1c(F)ccc(C(=O)O)c1Cl,c1ccccc1,188.0
CC(=O)Nc1ccc(F)cc1Cl,c1ccccc1,117.0
O=C(CCl)c1ccc(F)cc1,c1ccccc1,48.0
O=Cc1ccc(F)cc1Cl,c1ccccc1,62.0
O=S(=O)(Cl)c1ccc(F)cc1Cl,c1ccccc1,30.0
O=C(O)c1ccc(F)cc1Cl,c1ccccc1,185.0
N#Cc1ccc(F)cc1Cl,c1ccccc1,64.0
OCc1ccc(F)cc1Cl,c1ccccc1,45.0
Fc1ccc(CBr)c(Cl)c1,c1ccccc1,37.0
O=C(O)/C=C/c1ccc(F)cc1Cl,c1ccccc1,247.0
Oc1ccc(F)cc1Cl,c1ccccc1,22.0
O=C(O)Cc1ccc(F)cc1Cl,c1ccccc1,104.0
N#CCc1ccc(F)cc1Cl,c1ccccc1,68.0
O=C1OP(Cl)Oc2ccccc21,O=C1OPOc2ccccc21,38.0
Oc1ccnc(Cl)c1,c1ccncc1,171.0
Cc1c(I)ccnc1Cl,c1ccncc1,107.0
Nc1ccc(I)cc1Cl,c1ccccc1,70.0
Clc1cc(I)ccn1,c1ccncc1,43.0
COc1ccc(CBr)c(Cl)c1,c1ccccc1,57.0
COc1ccc(O)c(Cl)c1,c1ccccc1,42.0
COc1ccc(CC#N)c(Cl)c1,c1ccccc1,42.0
Cc1ccnc(Cl)c1[N+](=O)[O-],c1ccncc1,53.0
Cc1ccc(N)c(Cl)c1,c1ccccc1,7.0
Cc1ccnc(Cl)n1,c1cncnc1,47.0
Cc1cc(Cl)nc2ccccc12,c1ccc2ncccc2c1,55.0
Nc1ccc([N+](=O)[O-])cc1Cl,c1ccccc1,108.0
NC(=O)c1ccc([N+](=O)[O-])cc1Cl,c1ccccc1,170.0
O=C(O)c1ccc([N+](=O)[O-])cc1Cl,c1ccccc1,142.0
N#Cc1ccc([N+](=O)[O-])cc1Cl,c1ccccc1,80.0
O=[N+]([O-])c1ccc(O)c(Cl)c1,c1ccccc1,110.0
O=C=Nc1ccc([N+](=O)[O-])cc1Cl,c1ccccc1,61.0
O=[N+]([O-])c1ccc(N=C=S)c(Cl)c1,c1ccccc1,97.0
O=[N+]([O-])c1ccnc(Cl)c1,c1ccncc1,52.0
O=[N+]([O-])c1cc[n+]([O-])c(Cl)c1,c1cc[nH+]cc1,154.0
Cc1ccc([N+](=O)[O-])cc1Cl,c1ccccc1,64.0
ClCc1ccc(Cl)nc1,c1ccncc1,40.0
Nc1cc(C(F)(F)F)ccc1Cl,c1ccccc1,9.0
N#Cc1cc(C(F)(F)F)ccc1Cl,c1ccccc1,39.0
OCc1cc(C(F)(F)F)ccc1Cl,c1ccccc1,59.0
O=C(O)Cc1cc(C(F)(F)F)ccc1Cl,c1ccccc1,113.0
N#CCc1cc(C(F)(F)F)ccc1Cl,c1ccccc1,32.0
FC(F)(F)c1ccc(Cl)nc1,c1ccncc1,31.0
CC1(C)CC(=O)C(Cl)C(=O)C1,O=C1CCCC(=O)C1,163.0
N#Cc1ccc(Cl)nc1,c1ccncc1,118.0
Nc1cc(F)ccc1Cl,c1ccccc1,26.0
O=C(O)c1cc(F)ccc1Cl,c1ccccc1,148.0
N#Cc1cc(F)ccc1Cl,c1ccccc1,84.0
OCc1cc(F)ccc1Cl,c1ccccc1,70.0
Fc1ccc(Cl)nc1,c1ccncc1,19.0
O=C(O)c1cc(O)ccc1Cl,c1ccccc1,179.0
Oc1ccc(Cl)nc1,c1ccncc1,155.0
O=C(O)c1cc(I)ccc1Cl,c1ccccc1,159.0
Clc1ccc(I)cn1,c1ccncc1,97.0
COc1ccc(Cl)c(N)c1,c1ccccc1,27.0
COc1ccc2[nH]c(Cl)nc2c1,c1ccc2[nH]cnc2c1,167.0
COc1ccc(Cl)c(C(=O)O)c1,c1ccccc1,172.0
Cc1ccc(Cl)c(N)c1,c1ccccc1,32.0
Cc1ccc(Cl)c(O)c1,c1ccccc1,46.0
Nc1cc([N+](=O)[O-])ccc1Cl,c1ccccc1,119.0
O=Cc1cc([N+](=O)[O-])ccc1Cl,c1ccccc1,79.0
NC(=O)c1cc([N+](=O)[O-])ccc1Cl,c1ccccc1,179.0
O=C(O)c1cc([N+](=O)[O-])ccc1Cl,c1ccccc1,167.0
N#Cc1cc([N+](=O)[O-])ccc1Cl,c1ccccc1,106.0
O=[N+]([O-])c1ccc(Cl)c(C(F)(F)F)c1,c1ccccc1,22.0
O=C(Cl)c1cc([N+](=O)[O-])ccc1Cl,c1ccccc1,59.0
O=[N+]([O-])c1ccc(Cl)c(CO)c1,c1ccccc1,77.0
O=C=Nc1cc([N+](=O)[O-])ccc1Cl,c1ccccc1,94.0
O=[N+]([O-])c1ccc(Cl)nc1,c1ccncc1,107.0
Cc1cc([N+](=O)[O-])ccc1Cl,c1ccccc1,43.0
O=C(O)c1ccc(C(F)(F)F)nc1Cl,c1ccncc1,119.0
O=C(O)Cc1c(Cl)cccc1C(F)(F)F,c1ccccc1,151.0
FC(F)(F)c1cccc(Cl)n1,c1ccncc1,29.0
N#Cc1cccc(Cl)n1,c1ccncc1,87.0
COc1ccc(F)c(C#N)c1Cl,c1ccccc1,102.0
COc1ccc(F)c(CBr)c1Cl,c1ccccc1,49.0
Cc1ccc(F)c(C=O)c1Cl,c1ccccc1,27.0
Cc1ccc(F)c(C(N)=O)c1Cl,c1ccccc1,152.0
Cc1ccc(F)c(C(=O)O)c1Cl,c1ccccc1,117.0
Cc1ccc(F)c(C#N)c1Cl,c1ccccc1,59.0
Cc1ccc(F)c(CO)c1Cl,c1ccccc1,69.0
Cc1ccc(F)c(CBr)c1Cl,c1ccccc1,36.0
Cc1ccc(F)c(O)c1Cl,c1ccccc1,49.0
O=Cc1c(F)cccc1Cl,c1ccccc1,37.0
ON=Cc1c(F)cccc1Cl,c1ccccc1,126.0
NC(=O)c1c(F)cccc1Cl,c1ccccc1,141.0
O=C(O)c1c(F)cccc1Cl,c1ccccc1,158.0
N#Cc1c(F)cccc1Cl,c1ccccc1,58.0
Fc1ccc2nc(Cl)sc2c1,c1ccc2scnc2c1,91.0
OCc1c(F)cccc1Cl,c1ccccc1,43.0
O=[N+]([O-])/C=C/c1c(F)cccc1Cl,c1ccccc1,63.0
Oc1c(F)cccc1Cl,c1ccccc1,63.0
O=C(O)Cc1c(F)cccc1Cl,c1ccccc1,122.0
N#CCc1c(F)cccc1Cl,c1ccccc1,42.0
Oc1cccc(Cl)n1,c1ccncc1,130.0
Cc1c(Cl)cccc1I,c1ccccc1,11.0
COc1ccc2nc(Cl)c(C=O)cc2c1,c1ccc2ncccc2c1,150.0
Cc1cc([N+](=O)[O-])cc(Cl)c1N,c1ccccc1,175.0
Cc1cccc(Cl)c1N,c1ccccc1,2.0
Cc1cccc(Cl)c1C=O,c1ccccc1,37.0
Cc1cccc(Cl)c1C(N)=O,c1ccccc1,165.0
Cc1cccc(Cl)c1C(=O)O,c1ccccc1,104.0
Cc1cccc(Cl)c1C#N,c1ccccc1,81.0
Cc1ccc(C(=O)O)c(Cl)n1,c1ccncc1,160.0
Nc1c(Cl)cc(C(F)(F)F)cc1[N+](=O)[O-],c1ccccc1,65.0
NC(=O)c1c(Cl)cccc1[N+](=O)[O-],c1ccccc1,185.0
O=C(O)c1c(Cl)cccc1[N+](=O)[O-],c1ccccc1,164.0
N#Cc1c(Cl)cccc1[N+](=O)[O-],c1ccccc1,121.0
O=[N+]([O-])c1cccc(Cl)c1O,c1ccccc1,70.0
Cc1c(Cl)cccc1[N+](=O)[O-],c1ccccc1,36.0
N#Cc1c(Cl)cccc1Oc1ccccc1,c1ccc(Oc2ccccc2)cc1,61.0
COc1ccc2c(C)cc(Cl)nc2c1,c1ccc2ncccc2c1,112.0
NC(=O)CCl,,118.0
CC(=O)Nc1ccccc1Cl,c1ccccc1,87.0
CC(=O)CC(=O)Nc1ccccc1Cl,c1ccccc1,105.0
O=C(CCl)c1ccccc1,c1ccccc1,54.0
C=C(Cl)C(=O)O,,65.0
Nc1ccccc1Cl,c1ccccc1,-3.0
O=C1c2ccccc2C(=O)c2cc(Cl)ccc21,O=C1c2ccccc2C(=O)c2ccccc21,209.0
O=Cc1ccccc1Cl,c1ccccc1,10.0
NC(=O)c1ccccc1Cl,c1ccccc1,142.0
NS(=O)(=O)c1ccccc1Cl,c1ccccc1,190.0
O=S(=O)(Cl)c1ccccc1Cl,c1ccccc1,27.0
NNC(=O)c1ccccc1Cl,c1ccccc1,118.0
Clc1nc2ccccc2[nH]1,c1ccc2[nH]cnc2c1,183.0
O=C(O)c1ccccc1Cl,c1ccccc1,140.0
N#Cc1ccccc1Cl,c1ccccc1,45.0
O=C(c1ccccc1)c1ccccc1Cl,O=C(c1ccccc1)c1ccccc1,46.0
Clc1nc2ccccc2s1,c1ccc2scnc2c1,32.0
Clc1ccccc1C(Cl)(Cl)Cl,c1ccccc1,30.0
FC(F)(F)c1ccccc1Cl,c1ccccc1,-6.0
O=C(Cl)c1ccccc1Cl,c1ccccc1,-4.0
N#CCC(=O)c1ccccc1Cl,c1ccccc1,56.0
OCc1ccccc1Cl,c1ccccc1,70.0
ClCc1ccccc1Cl,c1ccccc1,-13.0
O=[N+]([O-])/C=C/c1ccccc1Cl,c1ccccc1,48.0
CCC(C)Cl,,-141.0
CCC(Cl)C(N)=O,,75.0
O=C(Cl)/C=C/c1ccccc1Cl,c1ccccc1,38.0
N[C@H](Cc1ccccc1Cl)C(=O)O,c1ccccc1,212.0
OCCCl,,-63.0
O=S(=O)(CCCl)c1ccc(F)cc1,c1ccccc1,69.0
CCOCCCl,,-60.0
O=S(=O)(CCCl)c1ccccc1,c1ccccc1,54.0
Cc1ccc(S(=O)(=O)CCCl)cc1,c1ccccc1,79.0
O=P(O)(O)CCCl,,70.0
Oc1ccc(O)c(Cl)c1,c1ccccc1,102.0
Clc1ncc[nH]1,c1c[nH]cn1,166.0
N[C@@H](Cc1ccccc1Cl)C(=O)O,c1ccccc1,234.0
O=C(O)C(O)c1ccccc1Cl,c1ccccc1,83.0
Cc1cccc(C)c1Cl,c1ccccc1,-36.0
O=C(CCl)NCO,,100.0
O=C(CCl)NC1CC1,C1CC1,82.0
NC(=O)c1cccnc1Cl,c1ccncc1,165.0
O=C(Cl)c1cccnc1Cl,c1ccncc1,40.0
CON(C)C(=O)CCl,,40.0
CNC(=O)CCl,,46.0
Oc1ccccc1Cl,c1ccccc1,8.0
Clc1ccc2c(c1)Nc1ccccc1S2,c1ccc2c(c1)Nc1ccccc1S2,200.0
O=C(O)COc1ccccc1Cl,c1ccccc1,150.0
NNC(=O)COc1ccccc1Cl,c1ccccc1,112.0
O=C(O)Cc1ccccc1Cl,c1ccccc1,96.0
N#CCc1ccccc1Cl,c1ccccc1,23.0
CC(C)Cl,,-117.0
C=C(C)Cl,,-138.0
Clc1ccccn1,c1ccncc1,-46.0
[O-][n+]1ccccc1Cl,c1cc[nH+]cc1,69.0
O=Cc1cccnc1Cl,c1ccncc1,52.0
O=Cc1ccnc(Cl)c1,c1ccncc1,48.0
NC(=O)c1ccnc(Cl)c1,c1ccncc1,202.0
O=C(O)c1ccnc(Cl)c1,c1ccncc1,231.0
OCc1ccnc(Cl)c1,c1ccncc1,65.0
Clc1ncccn1,c1cncnc1,66.0
Clc1ccc2ccccc2n1,c1ccc2ncccc2c1,36.0
O=Cc1cc2ccccc2nc1Cl,c1ccc2ncccc2c1,149.0
C=Cc1ccccc1Cl,c1ccccc1,-63.0
Clc1cccs1,c1ccsc1,-72.0
Cc1ccccc1Cl,c1ccccc1,-36.0
COc1ccc(C=O)c(Cl)c1OC,c1ccccc1,71.0
O=C1Cc2ccccc2O1,O=C1Cc2ccccc2O1,50.0
N#Cc1ncc(F)cc1F,c1ccncc1,32.0
N#Cc1nc(I)ccc1I,c1ccncc1,194.0
N#Cc1ncccc1F,c1ccncc1,29.0
N#Cc1ncccc1I,c1ccncc1,99.0
Cc1cccnc1C#N,c1ccncc1,86.0
Cc1ccc(-c2ccccc2C#N)cc1,c1ccc(-c2ccccc2)cc1,51.0
Cc1ccnc(C#N)c1,c1ccncc1,87.0
N#Cc1ccc(F)cn1,c1ccncc1,43.0
N#Cc1cccc(F)n1,c1ccncc1,34.0
N#Cc1ccccc1C=O,c1ccccc1,104.0
N#Cc1ccccc1C(N)=O,c1ccccc1,173.0
N#Cc1ccccc1S(=O)(=O)Cl,c1ccccc1,67.0
N#Cc1ccccc1C(=O)O,c1ccccc1,211.0
N#Cc1ccccn1,c1ccncc1,27.0
O=C1C=CCCC1,O=C1C=CCCC1,-53.0
O=C(O)c1ccccc1C1CCCCC1,c1ccc(C2CCCCC2)cc1,104.0
OCCC1CCCCC1,C1CCCCC1,-20.0
CCCCCCCCC(C)O,,-5.0
CCCCCCCCC(C)=O,,3.0
OC[C@H]1OC(O)C[C@@H](O)[C@@H]1O,C1CCOCC1,150.0
O=CC[C@H](O)[C@H](O)CO,,85.0
O=c1ccn(C2C[C@H](O)[C@@H](CO)O2)c(=O)[nH]1,O=c1ccn(C2CCCO2)c(=O)[nH]1,166.0
CN(C)c1ccccc1-c1ccccc1P(C1CCCCC1)C1CCCCC1,c1ccc(-c2ccccc2P(C2CCCCC2)C2CCCCC2)cc1,123.0
CC(C)Oc1cccc(OC(C)C)c1-c1ccccc1P(C1CCCCC1)C1CCCCC1,c1ccc(-c2ccccc2P(C2CCCCC2)C2CCCCC2)cc1,125.0
Cc1ccccc1-c1ccccc1P(C1CCCCC1)C1CCCCC1,c1ccc(-c2ccccc2P(C2CCCCC2)C2CCCCC2)cc1,109.0
CN(C)c1ccccc1C(=O)O,c1ccccc1,72.0
O=C(O)c1c(P(c2ccccc2)c2ccccc2)ccc2ccccc12,c1ccc(P(c2ccccc2)c2ccc3ccccc3c2)cc1,191.0
CCCCCCCCCCC(C)=O,,19.0
CCOC(=O)N1c2ccccc2C=CC1OCC,C1=Cc2ccccc2NC1,65.0
CCOc1ccc2ccccc2c1C=O,c1ccc2ccccc2c1,112.0
CCOc1ccc2ccccc2c1C(=O)O,c1ccc2ccccc2c1,144.0
CCOc1ccc2ccccc2c1C(=O)Cl,c1ccc2ccccc2c1,78.0
CCOc1cc(C)ccc1O,c1ccccc1,29.0
CCOc1cc([N+](=O)[O-])ccc1C(=O)O,c1ccccc1,150.0
CCOc1ccccc1C(C)=O,c1ccccc1,40.0
CCOc1ccccc1C(N)=O,c1ccccc1,133.0
CCOc1ccccc1C(=O)O,c1ccccc1,20.0
CCOc1ccccc1/C=C/C(=O)O,c1ccccc1,135.0
CCOCCO,,-90.0
CCOCCOC(C)=O,,-62.0
CCOc1ccc2ccccc2c1,c1ccc2ccccc2c1,36.0
CCOc1ccccc1O,c1ccccc1,26.0
CCC1C(=O)CCC1=O,O=C1CCC(=O)C1,169.0
CCC(CC)CO,,-52.0
C=C(CC)CC,,-132.0
CCCCC(CC)CO,,-76.0
CCC(CO)(CO)CO,,60.0
CCC1=NCCO1,C1=NCCO1,-62.0
CCc1nc(C)c[nH]1,c1c[nH]cn1,47.0
CCc1cccc(C)c1N,c1ccccc1,-25.0
CCc1ccccc1N,c1ccccc1,-47.0
CCc1ccc2c(c1)C(=O)c1ccccc1C2=O,O=C1c2ccccc2C(=O)c2ccccc21,109.0
CCC(CC)C(=O)O,,-15.0
CCCC(O)C(CC)CO,,-40.0
CCCCC(CC)C(=O)O,,-59.0
CCCCC(CC)COC(C)=O,,-45.0
C=CC(=O)OCC(CC)CCCC,,-90.0
CCCCC(CC)CN,,-76.0
CCc1ncc[nH]1,c1c[nH]cn1,82.0
CCc1ccccc1O,c1ccccc1,-18.0
CCc1ccccn1,c1ccncc1,-63.0
CCSc1nnc(S)s1,c1nncs1,121.0
CCc1ccccc1C,c1ccccc1,-17.0
NC(=O)c1cccc(C(F)(F)F)c1F,c1ccccc1,96.0
O=C(O)c1cccc(C(F)(F)F)c1F,c1ccccc1,127.0
OCc1cccc(C(F)(F)F)c1F,c1ccccc1,25.0
Fc1c(CBr)cccc1C(F)(F)F,c1ccccc1,48.0
Oc1cccnc1F,c1ccncc1,132.0
COc1cccc(C=O)c1F,c1ccccc1,49.0
Cc1cccc(C(=O)O)c1F,c1ccccc1,115.0
NC(=O)c1ccc(C(F)(F)F)cc1F,c1ccccc1,141.0
O=C(O)c1ccc(C(F)(F)F)cc1F,c1ccccc1,168.0
O=C(c1ccccc1)c1ccc(C(F)(F)F)cc1F,O=C(c1ccccc1)c1ccccc1,39.0
Fc1cc(C(F)(F)F)ccc1CBr,c1ccccc1,29.0
O=C(O)c1c(C(F)(F)F)ccnc1F,c1ccncc1,92.0
O=C(O)Cc1ccc(C(F)(F)F)cc1F,c1ccccc1,80.0
CC(=O)c1ccc(O)cc1F,c1ccccc1,122.0
O=Cc1ccc(O)cc1F,c1ccccc1,169.0
N#Cc1ccc(O)cc1F,c1ccccc1,125.0
O=C(c1ccc(O)cc1)c1ccccc1F,O=C(c1ccccc1)c1ccccc1,117.0
Oc1ccnc(F)c1,c1ccncc1,148.0
Nc1ccc(I)cc1F,c1ccccc1,56.0
Fc1cc(I)ccn1,c1ccncc1,58.0
Cc1ccc(I)cc1F,c1ccccc1,23.0
COc1ccc(C(C)=O)c(F)c1,c1ccccc1,52.0
COc1ccc(C=O)c(F)c1,c1ccccc1,45.0
COc1ccc(C(=O)O)c(F)c1,c1ccccc1,196.0
COc1ccc(C(=O)c2ccccc2F)cc1,O=C(c1ccccc1)c1ccccc1,56.0
Cc1ccc(C(=O)O)c(F)c1,c1ccccc1,188.0
Cc1ccc(C#N)c(F)c1,c1ccccc1,53.0
Cc1ccc(C(=O)Cl)c(F)c1,c1ccccc1,45.0
COc1ccc([N+](=O)[O-])cc1F,c1ccccc1,104.0
O=C(O)c1ccc([N+](=O)[O-])cc1F,c1ccccc1,174.0
O=[N+]([O-])c1ccc(O)c(F)c1,c1ccccc1,119.0
Cc1ccc([N+](=O)[O-])cc1F,c1ccccc1,35.0
NC(=O)c1cc(C(F)(F)F)ccc1F,c1ccccc1,116.0
O=C(O)c1cc(C(F)(F)F)ccc1F,c1ccccc1,102.0
O=C(O)/C=C/c1cc(C(F)(F)F)ccc1F,c1ccccc1,120.0
O=C(O)c1cc(O)ccc1F,c1ccccc1,205.0
Oc1ccc(F)nc1,c1ccncc1,152.0
O=Cc1cc(I)ccc1F,c1ccccc1,44.0
O=C(O)c1cc(I)ccc1F,c1ccccc1,163.0
N#Cc1cc(I)ccc1F,c1ccccc1,72.0
O=C(Cl)c1cc(I)ccc1F,c1ccccc1,29.0
Fc1ccc(I)cn1,c1ccncc1,32.0
COc1ccc(F)c(C#N)c1,c1ccccc1,83.0
Cc1ccc(F)c(S(=O)(=O)Cl)c1,c1ccccc1,33.0
Cc1ccc(F)c(C(=O)O)c1,c1ccccc1,161.0
Cc1ccc(F)c(C#N)c1,c1ccccc1,51.0
Nc1cc([N+](=O)[O-])ccc1F,c1ccccc1,101.0
O=Cc1cc([N+](=O)[O-])ccc1F,c1ccccc1,58.0
O=C(O)c1cc([N+](=O)[O-])ccc1F,c1ccccc1,143.0
N#Cc1cc([N+](=O)[O-])ccc1F,c1ccccc1,71.0
Cc1cc([N+](=O)[O-])ccc1F,c1ccccc1,39.0
O=C(O)c1c(F)cccc1C(F)(F)F,c1ccccc1,86.0
N#Cc1c(F)cccc1C(F)(F)F,c1ccccc1,27.0
Fc1cccc(C(F)(F)F)c1CBr,c1ccccc1,44.0
N#Cc1c(O)cccc1F,c1ccccc1,156.0
Oc1cccc(F)n1,c1ccncc1,127.0
N#Cc1c(F)cccc1I,c1ccccc1,50.0
COc1cccc(F)c1C=O,c1ccccc1,59.0
COc1cccc(F)c1C(N)=O,c1ccccc1,192.0
COc1cccc(F)c1C(=O)O,c1ccccc1,91.0
COc1cccc(F)c1C#N,c1ccccc1,103.0
COc1cccc(F)c1CO,c1ccccc1,37.0
COc1cccc(F)c1CBr,c1ccccc1,20.0
O=[N+]([O-])c1cccc(F)c1CBr,c1ccccc1,52.0
O=[N+]([O-])c1cccc(F)c1O,c1ccccc1,93.0
Cc1c(F)cccc1[N+](=O)[O-],c1ccccc1,7.0
N#Cc1c(F)cccc1Oc1ccccc1,c1ccc(Oc2ccccc2)cc1,92.0
CC(=O)Nc1ccccc1F,c1ccccc1,78.0
CC(C(=O)O)c1ccc(-c2ccccc2)c(F)c1,c1ccc(-c2ccccc2)cc1,113.0
Nc1ccccc1F,c1ccccc1,-29.0
COc1ccccc1F,c1ccccc1,-39.0
O=Cc1ccccc1F,c1ccccc1,-45.0
NC(=O)c1ccccc1F,c1ccccc1,116.0
O=S(=O)(Cl)c1ccccc1F,c1ccccc1,30.0
NNC(=O)c1ccccc1F,c1ccccc1,73.0
O=C(O)c1ccccc1F,c1ccccc1,124.0
Fc1ccccc1C(Cl)(Cl)Cl,c1ccccc1,-20.0
Fc1ccccc1C(F)(F)F,c1ccccc1,-49.0
O=C(Cl)c1ccccc1F,c1ccccc1,5.0
Fc1ccccc1-c1ccccc1,c1ccc(-c2ccccc2)cc1,74.0
N[C@H](Cc1ccccc1F)C(=O)O,c1ccccc1,210.0
OCCF,,-27.0
O=C(O)C(O)c1ccccc1F,c1ccccc1,115.0
Oc1ccccc1F,c1ccccc1,15.0
O=C(O)Cc1ccccc1F,c1ccccc1,63.0
O=C(O)c1ccnc(F)c1,c1ccncc1,346.0
Cc1ccccc1F,c1ccccc1,-87.0
O=Cc1ccccc1OCC(=O)O,c1ccccc1,133.0
O=Cc1ccco1,c1ccoc1,-38.0
NC(=O)c1ccco1,c1ccoc1,141.0
O=C(O)c1ccco1,c1ccoc1,130.0
NNC(=O)c1ccco1,c1ccoc1,79.0
O=C(Cl)c1ccco1,c1ccoc1,-1.0
N#CCC(=O)c1ccco1,c1ccoc1,79.0
O=C1COc2ccccc2N1,O=C1COc2ccccc2N1,174.0
CCCCCC(C)=O,,-35.0
CCCCC(C)=O,,-56.0
CC#CCCC,,-90.0
CCCC#CC(=O)O,,25.0
O=C1COc2cccnc2N1,O=C1COc2cccnc2N1,206.0
NNc1nc2ccccc2s1,c1ccc2scnc2c1,200.0
O=Cc1c(O)ccc2ccccc12,c1ccc2ccccc2c1,79.0
CC(O)(C(=O)O)C(F)(F)F,,85.0
O=[N+]([O-])c1cnc(O)c([N+](=O)[O-])c1,c1ccncc1,178.0
Cc1cnc(O)c(I)c1,c1ccncc1,192.0
COc1cc([N+](=O)[O-])cc(C=O)c1O,c1ccccc1,140.0
COc1cccc(C=O)c1O,c1ccccc1,41.0
COc1cccc(C(=O)O)c1O,c1ccccc1,152.0
Cc1cc([N+](=O)[O-])cnc1O,c1ccncc1,230.0
Cc1cccc(C(=O)NN)c1O,c1ccccc1,191.0
Cc1nccnc1O,c1cnccn1,153.0
O=Cc1cccc([N+](=O)[O-])c1O,c1ccccc1,110.0
C=C(C)C(=O)Oc1ccc(C(=O)c2ccccc2)c(O)c1,O=C(c1ccccc1)c1ccccc1,78.0
Oc1cc(C(F)(F)F)ccn1,c1ccncc1,159.0
COc1cc(O)c(C(C)=O)c(OC)c1,c1ccccc1,82.0
COc1cc(O)c(C(=O)O)c(OC)c1,c1ccccc1,161.0
Cc1cc(C)[nH]c(=O)n1,O=c1nccc[nH]1,203.0
COc1ccc(C(=O)c2ccc(C)cc2)c(O)c1,O=C(c1ccccc1)c1ccccc1,99.0
COc1ccc(C(C)=O)c(O)c1,c1ccccc1,49.0
COc1ccc(C=O)c(O)c1,c1ccccc1,42.0
COc1ccc(C(=O)c2ccccc2)c(O)c1,O=C(c1ccccc1)c1ccccc1,64.0
Cc1cc(O)ncc1[N+](=O)[O-],c1ccncc1,189.0
Cc1ccnc(O)c1,c1ccncc1,130.0
Cc1cc(O)nc2ccccc12,c1ccc2ncccc2c1,226.0
CCCCCCCCOc1ccc(C(=O)c2ccccc2)c(O)c1,O=C(c1ccccc1)c1ccccc1,48.0
CC(=O)c1cc(OC(F)(F)F)ccc1O,c1ccccc1,30.0
O=Cc1cc(OC(F)(F)F)ccc1O,c1ccccc1,32.0
N#Cc1cc(OC(F)(F)F)ccc1O,c1ccccc1,86.0
COc1cc(I)cc(C=O)c1O,c1ccccc1,129.0
Oc1ccc(I)cn1,c1ccncc1,190.0
COc1ccc(O)c(C(C)=O)c1,c1ccccc1,49.0
COc1ccc(O)c(C=O)c1,c1ccccc1,15.0
COc1ccc(O)c(C(=O)O)c1,c1ccccc1,143.0
CC(=O)c1cc(C)cc([N+](=O)[O-])c1O,c1ccccc1,135.0
CC(=O)Nc1cc(C)ccc1O,c1ccccc1,149.0
CC(=O)c1cc(C)ccc1O,c1ccccc1,47.0
Cc1ccc(O)nc1,c1ccncc1,185.0
O=Cc1cc([N+](=O)[O-])ccc1O,c1ccccc1,125.0
O=C(O)c1cc([N+](=O)[O-])cnc1O,c1ccncc1,246.0
O=[N+]([O-])c1ccc(O)nc1,c1ccncc1,190.0
COc1cccc(O)c1C(C)=O,c1ccccc1,58.0
COc1cccc(O)c1C=O,c1ccccc1,71.0
Cc1nc(O)ccc1[N+](=O)[O-],c1ccncc1,235.0
Cc1ccc(C(=O)O)c(O)n1,c1ccncc1,236.0
Cc1cccc(O)n1,c1ccncc1,159.0
CC(=O)c1ccccc1O,c1ccccc1,5.0
NNC(=O)c1ccccc1O,c1ccccc1,148.0
Oc1nc2ccccc2[nH]1,c1ccc2[nH]cnc2c1,315.0
N#Cc1ccccc1O,c1ccccc1,94.0
O=C(c1ccccc1)c1ccccc1O,O=C(c1ccccc1)c1ccccc1,39.0
Oc1nc2ccccc2s1,c1ccc2scnc2c1,138.0
OCc1ccccc1O,c1ccccc1,85.0
Oc1ccc2c(c1)[nH]c1ccccc12,c1ccc2c(c1)[nH]c1ccccc12,272.0
O=C(/C=C/c1ccccc1)c1ccccc1O,O=C(C=Cc1ccccc1)c1ccccc1,90.0
C=C(C)C(=O)OCCO,,-12.0
CC(C)(O)C(=O)O,,79.0
OCC1COc2ccccc2O1,c1ccc2c(c1)OCCO2,89.0
O=C(O)c1cccnc1O,c1ccncc1,259.0
CCCCCCC(O)C(=O)O,,69.0
O=C(O)COc1ccccc1O,c1ccccc1,128.0
O=C(O)Cc1ccccc1O,c1ccccc1,146.0
Oc1ccccn1,c1ccncc1,107.0
O=c1ccc2ccccc2[nH]1,O=c1ccc2ccccc2[nH]1,198.0
OC1Cc2ccccc2C1,c1ccc2c(c1)CCC2,70.0
O=C1Cc2ccccc2C1,O=C1Cc2ccccc2C1,54.0
Cc1ccc(S(=O)(=O)OC2Cc3ccccc3C2)cc1,O=S(=O)(OC1Cc2ccccc2C1)c1ccccc1,120.0
O=C(O)CC1Cc2ccccc2C1,c1ccc2c(c1)CCC2,92.0
Ic1c(-c2ccccc2)cccc1-c1ccccc1,c1ccc(-c2cccc(-c3ccccc3)c2)cc1,115.0
Cc1cc(C)c(I)c(C)c1,c1ccccc1,29.0
Cn1ccnc1I,c1c[nH]cn1,81.0
Ic1nccn1C(c1ccccc1)(c1ccccc1)c1ccccc1,c1ccc(C(c2ccccc2)(c2ccccc2)n2ccnc2)cc1,171.0
CC(C)(C)I,,-38.0
COc1cccnc1I,c1ccncc1,59.0
Cc1cccc(C(=O)O)c1I,c1ccccc1,152.0
Nc1ccc(C(F)(F)F)cc1I,c1ccccc1,51.0
Cc1cc(C)c(N)c(I)c1,c1ccccc1,65.0
O=[N+]([O-])c1ccc(I)nc1,c1ccncc1,166.0
Cc1cc([N+](=O)[O-])ccc1I,c1ccccc1,102.0
Nc1ccccc1I,c1ccccc1,55.0
O=Cc1ccccc1I,c1ccccc1,37.0
O=C(O)c1ccccc1I,c1ccccc1,162.0
O=C(Cl)c1ccccc1I,c1ccccc1,30.0
OCc1ccccc1I,c1ccccc1,91.0
BrCc1ccccc1I,c1ccccc1,56.0
CCC(C)I,,-104.0
Ic1ncc[nH]1,c1c[nH]cn1,191.0
Oc1ccccc1I,c1ccccc1,40.0
S=C=Nc1ccccc1I,c1ccccc1,38.0
O=C(O)Cc1ccccc1I,c1ccccc1,116.0
CC(C)I,,-90.0
NC(=O)c1ccnc(I)c1,c1ccncc1,165.0
Ic1cccs1,c1ccsc1,-40.0
CC(C)OCCO,,-60.0
CC(=O)Nc1ccccc1C(C)C,c1ccccc1,73.0
CC(C)c1nc2ccccc2[nH]1,c1ccc2[nH]cnc2c1,235.0
CC(C)c1ncc[nH]1,c1c[nH]cn1,129.0
CC(C)c1ccc2ccccc2c1,c1ccc2ccccc2c1,14.0
CC(C)c1ccccc1O,c1ccccc1,15.0
O=C(O)CCC(=O)C(=O)O,,115.0
Sc1nncs1,c1nncs1,143.0
Cn1ccnc1S,c1c[nH]cn1,146.0
Cc1csc(S)n1,c1cscn1,88.0
Sc1nc(-c2ccccc2)cs1,c1ccc(-c2cscn2)cc1,174.0
COc1ccc2nc(S)[nH]c2n1,c1cnc2[nH]cnc2c1,240.0
COc1ccc2[nH]c(S)nc2c1,c1ccc2[nH]cnc2c1,257.0
COc1ccc2sc(S)nc2c1,c1ccc2scnc2c1,196.0
Cc1nnc(S)s1,c1nncs1,184.0
CCCc1cnc(S)nc1,c1cncnc1,209.0
O=[N+]([O-])c1ccc2nc(S)sc2c1,c1ccc2scnc2c1,252.0
COc1ccc2c(C)cc(S)nc2c1,c1ccc2ncccc2c1,234.0
Sc1nc2ccccc2[nH]1,c1ccc2[nH]cnc2c1,303.0
Sc1nc2ccccc2s1,c1ccc2scnc2c1,180.0
Sc1nc2ccccc2o1,c1ccc2ocnc2c1,192.0
OCc1ccccc1S,c1ccccc1,32.0
OCCS,,-100.0
Sc1ncc[nH]1,c1c[nH]cn1,225.0
CC(S)C(=O)O,,11.0
Sc1ccccn1,c1ccncc1,127.0
[O-][n+]1ccccc1S,c1cc[nH+]cc1,71.0
Sc1nccs1,c1cscn1,79.0
S=C1NCCS1,S=C1NCCS1,105.0
Cc1cc(C)c(CCO)c(C)c1,c1ccccc1,82.0
COc1ccc2ccccc2c1C=O,c1ccc2ccccc2c1,83.0
COc1ncccc1[N+](=O)[O-],c1ccncc1,54.0
COc1cc(OC(F)(F)F)ccc1C#N,c1ccccc1,35.0
COc1cc(C)ccc1S(N)(=O)=O,c1ccccc1,169.0
COc1cc(C)ccc1S(=O)(=O)Cl,c1ccccc1,87.0
COc1cc(C)ccc1O,c1ccccc1,6.0
COc1cc([N+](=O)[O-])ccc1N,c1ccccc1,140.0
COc1cc([N+](=O)[O-])ccc1S(=O)(=O)Cl,c1ccccc1,97.0
COc1cc([N+](=O)[O-])ccc1C(=O)O,c1ccccc1,147.0
COc1cc([N+](=O)[O-])ccc1C#N,c1ccccc1,179.0
COc1cc([N+](=O)[O-])ccc1N=C=S,c1ccccc1,108.0
C=Cc1ccc(O)c(OC)c1,c1ccccc1,27.0
COc1ccc(OC(F)(F)F)cc1C(C)=O,c1ccccc1,46.0
COc1ccc(OC(F)(F)F)cc1C=O,c1ccccc1,23.0
COc1ccc(OC(F)(F)F)cc1C(=O)O,c1ccccc1,64.0
COc1ccc(C(F)(F)F)cc1N,c1ccccc1,58.0
COc1ccc(C(F)(F)F)cc1C=O,c1ccccc1,87.0
COc1ccc(C(F)(F)F)cc1C(=O)O,c1ccccc1,110.0
COc1ccc(C(F)(F)F)cc1C#N,c1ccccc1,32.0
COc1ccc(C(F)(F)F)cc1CBr,c1ccccc1,36.0
COc1ccc(C)cc1O,c1ccccc1,37.0
COc1ccc([N+](=O)[O-])cc1N,c1ccccc1,117.0
COc1ccc([N+](=O)[O-])cc1C(=O)O,c1ccccc1,157.0
COc1ccc([N+](=O)[O-])cc1O,c1ccccc1,105.0
COc1ccccc1C=O,c1ccccc1,37.0
COc1ccccc1C(N)=O,c1ccccc1,129.0
COc1ccccc1C(=O)NN,c1ccccc1,80.0
COc1ccccc1C(=O)O,c1ccccc1,101.0
COc1ccccc1C(=O)c1ccccc1,O=C(c1ccccc1)c1ccccc1,37.0
COc1ccccc1-c1ccccc1,c1ccc(-c2ccccc2)cc1,30.0
C/C=C(\OC)C(=O)O,,58.0
COCCO,,-85.0
COCCN,,-82.0
COc1cc(O)ccc1O,c1ccccc1,89.0
COc1ccc2ccccc2c1,c1ccc2ccccc2c1,72.0
COc1ncccc1C(=O)O,c1ccncc1,149.0
COc1ccccc1O,c1ccccc1,30.0
COc1ccccc1OCC(=O)O,c1ccccc1,120.0
COc1ccccc1OC(=O)c1ccccc1,O=C(Oc1ccccc1)c1ccccc1,59.0
COc1ccccc1CC(=O)O,c1ccccc1,124.0
COc1ccccc1CC#N,c1ccccc1,68.0
CC1=CC(=O)c2ccccc2C1=O,O=C1C=CC(=O)c2ccccc21,106.0
C#CC(=C)C,,-113.0
C=C(C)CC,,-137.0
C=C(C)CCC,,-136.0
CC(C)(O)Cc1ccccc1,c1ccccc1,24.0
Cc1ccc(C2(C)CNCCO2)cc1,c1ccc(C2CNCCO2)cc1,50.0
CC(O)CC(C)(C)O,,-40.0
CC1(O)C2CC3CC(C2)CC1C3,C1C2CC3CC1CC(C2)C3,216.0
CCC(C)(C)O,,-12.0
CC=C(C)C,,-134.0
CC1=NCCN1,C1=NCCN1,100.0
CC(CO)(CO)[N+](=O)[O-],,150.0
CCCC(C)(C)O,,-103.0
CC1(c2ccccc2)CNCCO1,c1ccc(C2CNCCO2)cc1,36.0
CC1=NCCS1,C1=NCCS1,-101.0
Cc1c(N)cccc1C(F)(F)F,c1ccccc1,39.0
Cc1c(C#N)cccc1C(F)(F)F,c1ccccc1,30.0
Cc1c(C(=O)O)cc([N+](=O)[O-])cc1[N+](=O)[O-],c1ccccc1,205.0
C=CC(C)(C)O,,-28.0
C#CC(C)(C)O,,3.0
Cc1occc1C(=O)O,c1ccoc1,98.0
Cc1c(N)cccc1[N+](=O)[O-],c1ccccc1,90.0
COc1cccc([N+](=O)[O-])c1C,c1ccccc1,53.0
Cc1c(C(=O)O)cccc1[N+](=O)[O-],c1ccccc1,184.0
Cc1c(O)cccc1[N+](=O)[O-],c1ccccc1,150.0
Cc1c(N=C=O)cccc1[N+](=O)[O-],c1ccccc1,36.0
CC(=O)Nc1ccc([N+](=O)[O-])cc1C,c1ccccc1,199.0
Cc1cc([N+](=O)[O-])ccc1N,c1ccccc1,132.0
Cc1cc([N+](=O)[O-])ccc1C(=O)O,c1ccccc1,154.0
Cc1cc([N+](=O)[O-])ccc1N=C=O,c1ccccc1,83.0
Cc1nc(-c2ccccc2)cs1,c1ccc(-c2cscn2)cc1,54.0
Cc1ccc(C(F)(F)F)cc1N,c1ccccc1,38.0
Cc1ccc(C(F)(F)F)cc1C(=O)O,c1ccccc1,124.0
Cn1cc2cc([N+](=O)[O-])ccc2n1,c1ccc2n[nH]cc2c1,129.0
Cc1ccc([N+](=O)[O-])cc1N,c1ccccc1,107.0
Cc1ccc([N+](=O)[O-])cc1S(=O)(=O)Cl,c1ccccc1,44.0
Cc1ccc([N+](=O)[O-])cc1C(=O)O,c1ccccc1,179.0
Cc1ccc([N+](=O)[O-])cc1C#N,c1ccccc1,106.0
Cc1nc2cc([N+](=O)[O-])ccc2s1,c1ccc2scnc2c1,133.0
Cc1ccc([N+](=O)[O-])cc1O,c1ccccc1,118.0
Cc1ccc([N+](=O)[O-])cc1N=C=O,c1ccccc1,51.0
Cc1oc(-c2ccccc2)cc1C(=O)O,c1ccc(-c2ccco2)cc1,183.0
Cc1ccc(-c2ccccc2)s1,c1ccc(-c2cccs2)cc1,48.0
Cc1cccc([N+](=O)[O-])c1N,c1ccccc1,95.0
Cc1cccc([N+](=O)[O-])c1C(=O)O,c1ccccc1,155.0
Cc1nc2ccc([N+](=O)[O-])cc2o1,c1ccc2ocnc2c1,155.0
Cc1ccc2cc([N+](=O)[O-])ccc2n1,c1ccc2ncccc2c1,164.0
Cc1ccc2cccc([N+](=O)[O-])c2n1,c1ccc2ncccc2c1,138.0
CC(=O)Nc1ccccc1C,c1ccccc1,111.0
Cc1ccc2c(c1)C(=O)c1ccccc1C2=O,O=C1c2ccccc2C(=O)c2ccccc21,172.0
Cc1ccccc1C(O)c1ccccc1,c1ccc(Cc2ccccc2)cc1,94.0
Cc1nc2ccccc2[nH]1,c1ccc2[nH]cnc2c1,176.0
Cc1cc2ccccc2s1,c1ccc2sccc2c1,52.0
Cc1ccccc1C(=O)c1ccccc1,O=C(c1ccccc1)c1ccccc1,-18.0
Cc1nc2cc(O)ccc2s1,c1ccc2scnc2c1,186.0
Cc1nc2ccccc2s1,c1ccc2scnc2c1,12.0
Cc1nc2ccccc2o1,c1ccc2ocnc2c1,3.0
Cc1ccccc1CO,c1ccccc1,35.0
Cc1ccccc1CBr,c1ccccc1,19.0
Cc1ccccc1CCl,c1ccccc1,2.0
Cc1ccccc1CP(=O)(O)O,c1ccccc1,186.0
Cc1ccccc1-c1ccccc1,c1ccc(-c2ccccc2)cc1,0.0
CC1C(=O)CCCC1=O,O=C1CCCC(=O)C1,206.0
CC1CCCCC1=O,O=C1CCCCC1,-14.0
CC1C(=O)CCC1=O,O=C1CCC(=O)C1,214.0
Cc1ccccc1NC=O,c1ccccc1,59.0
Cc1ccco1,c1ccoc1,-89.0
CC(CCC(=O)O)C(=O)O,,76.0
Cc1cc(O)ccc1O,c1ccccc1,129.0
Cc1nc2cnccc2[nH]1,c1cc2[nH]cnc2cn1,177.0
Cc1ncc[nH]1,c1c[nH]cn1,143.0
Cc1cc2ccccc2[nH]1,c1ccc2[nH]ccc2c1,58.0
CC(C(N)=O)C(N)=O,,209.0
Cc1ccc2ccccc2c1,c1ccc2ccccc2c1,33.0
Cc1nc2c(ccc3ccccc32)s1,c1ccc2c(c1)ccc1scnc12,96.0
Cc1nc2cc3ccccc3cc2o1,c1ccc2cc3ocnc3cc2c1,87.0
CCCC(C)C,,-154.0
Cc1ccccc1OCC(=O)O,c1ccccc1,154.0
CC1CCCCN1,C1CCNCC1,-4.0
Cc1cnccn1,c1cnccn1,-30.0
Cc1cnc(C(=O)O)cn1,c1cnccn1,166.0
Cc1c(O)cccc1O,c1ccccc1,120.0
C=Cc1ccccc1C,c1ccccc1,-69.0
CC1CCCO1,C1CCOC1,-136.0
Cc1cccs1,c1ccsc1,-63.0
CCCC(C)C=O,,-100.0
CCCC(C)C(=O)O,,-85.0
O=Cc1ccc2ccccc2c1,c1ccc2ccccc2c1,61.0
O=C(O)c1ccc2ccccc2c1,c1ccc2ccccc2c1,184.0
NNC(=O)c1ccc2ccccc2c1,c1ccc2ccccc2c1,147.0
Oc1ccc2ccccc2c1,c1ccc2ccccc2c1,122.0
O=C(O)COc1ccc2ccccc2c1,c1ccc2ccccc2c1,156.0
O=C(Cl)c1ccc2ccccc2c1,c1ccc2ccccc2c1,50.0
CC(=O)Oc1ccc2ccccc2c1,c1ccc2ccccc2c1,69.0
O=C(Oc1ccc2ccccc2c1)c1ccccc1,O=C(Oc1ccc2ccccc2c1)c1ccccc1,107.0
O=C=Nc1ccc2ccccc2c1,c1ccc2ccccc2c1,55.0
O=C(O)Cc1ccc2ccccc2c1,c1ccc2ccccc2c1,142.0
N#CCc1ccc2ccccc2c1,c1ccc2ccccc2c1,83.0
CCCCOCCO,,-79.0
CCCCCCCCC(CCCCCC)C(=O)O,,10.0
Nc1ccc(C(F)(F)F)cc1[N+](=O)[O-],c1ccccc1,107.0
O=[N+]([O-])c1cc(C(F)(F)F)ccc1S(=O)(=O)Cl,c1ccccc1,43.0
N#Cc1ccc(C(F)(F)F)cc1[N+](=O)[O-],c1ccccc1,42.0
O=[N+]([O-])c1cc(C(F)(F)F)ccc1CO,c1ccccc1,64.0
O=[N+]([O-])c1cc(C(F)(F)F)ccc1CBr,c1ccccc1,38.0
O=[N+]([O-])c1cc(C(F)(F)F)ccc1CCl,c1ccccc1,44.0
N#CCc1ccc(C(F)(F)F)cc1[N+](=O)[O-],c1ccccc1,40.0
O=[N+]([O-])c1ccc(N2CCCCC2)cc1O,c1ccc(N2CCCCC2)cc1,69.0
Nc1cc(C(F)(F)F)ccc1[N+](=O)[O-],c1ccccc1,100.0
CC(=O)Nc1ccccc1[N+](=O)[O-],c1ccccc1,92.0
CC(=O)c1ccccc1[N+](=O)[O-],c1ccccc1,27.0
Nc1ccccc1[N+](=O)[O-],c1ccccc1,72.0
COc1ccccc1[N+](=O)[O-],c1ccccc1,10.0
O=Cc1ccccc1[N+](=O)[O-],c1ccccc1,45.0
O=[N+]([O-])c1ccccc1C=NO,c1ccccc1,100.0
NC(=O)c1ccccc1[N+](=O)[O-],c1ccccc1,176.0
O=[N+]([O-])c1ccccc1SCl,c1ccccc1,74.0
NS(=O)(=O)c1ccccc1[N+](=O)[O-],c1ccccc1,191.0
O=[N+]([O-])c1ccccc1S(=O)(=O)Cl,c1ccccc1,67.0
NNC(=O)c1ccccc1[N+](=O)[O-],c1ccccc1,121.0
O=C(O)c1ccccc1[N+](=O)[O-],c1ccccc1,148.0
N#Cc1ccccc1[N+](=O)[O-],c1ccccc1,109.0
O=[N+]([O-])c1ccccc1CO,c1ccccc1,72.0
O=[N+]([O-])c1ccccc1CBr,c1ccccc1,47.0
O=[N+]([O-])c1ccccc1CCl,c1ccccc1,49.0
O=C(/C=C/c1ccccc1[N+](=O)[O-])c1ccccc1,O=C(C=Cc1ccccc1)c1ccccc1,126.0
O=[N+]([O-])CCO,,-80.0
Cc1cccc(C)c1[N+](=O)[O-],c1ccccc1,15.0
O=[N+]([O-])c1ccccc1O,c1ccccc1,46.0
O=C(O)COc1ccccc1[N+](=O)[O-],c1ccccc1,158.0
O=[N+]([O-])c1ccccc1N=C=S,c1ccccc1,75.0
O=C(O)Cc1ccccc1[N+](=O)[O-],c1ccccc1,141.0
N#CCc1ccccc1[N+](=O)[O-],c1ccccc1,83.0
O=[N+]([O-])c1c(O)cc(O)cc1O,c1ccccc1,189.0
O=[N+]([O-])c1c(O)cccc1O,c1ccccc1,83.0
COC(=O)c1ccc(C(=O)O)cc1[N+](=O)[O-],c1ccccc1,175.0
COC(=O)c1ccc(C(=O)O)c([N+](=O)[O-])c1,c1ccccc1,134.0
O=[N+]([O-])c1cccs1,c1ccsc1,44.0
N#Cc1csc([N+](=O)[O-])c1,c1ccsc1,122.0
O=Cc1csc([N+](=O)[O-])c1,c1ccsc1,80.0
O=C(O)c1csc([N+](=O)[O-])c1,c1ccsc1,147.0
Cc1ccccc1[N+](=O)[O-],c1ccccc1,-4.0
CCCCCCCCCCCCCCCCCC(C)=O,,55.0
CCCCCCCC(C)O,,-35.0
CCCCCCCC(C)=O,,-15.0
CCCc1c(O)cccc1O,c1ccccc1,103.0
CCCCCCC(C)=O,,-16.0
O=C1NCCO1,O=C1NCCO1,87.0
O=C(O)CC1CCCC1=O,O=C1CCCC1,49.0
CCCCCCCCCCCCCC(C)=O,,39.0
CCCC(C)=O,,-78.0
CC#CCC,,-109.0
CCC#CC(=O)O,,50.0
NC(=O)COc1ccccc1,c1ccccc1,102.0
Nc1ccccc1Oc1ccccc1,c1ccc(Oc2ccccc2)cc1,47.0
O=C(O)c1ccccc1Oc1ccccc1,c1ccc(Oc2ccccc2)cc1,113.0
c1ccc(Oc2ccccc2-c2ccccc2)cc1,c1ccc(Oc2ccccc2-c2ccccc2)cc1,49.0
OCCOc1ccccc1,c1ccccc1,12.0
BrCCOc1ccccc1,c1ccccc1,33.0
ClCCOc1ccccc1,c1ccccc1,24.0
O=C(O)c1cccnc1Oc1ccccc1,c1ccc(Oc2ccccn2)cc1,181.0
CC(Oc1ccccc1)C(=O)O,c1ccccc1,118.0
CC(C)(O)c1ccccc1,c1ccccc1,32.0
C#CC(C)(O)c1ccccc1,c1ccccc1,49.0
O=C1CNC(c2ccccc2)O1,O=C1CNC(c2ccccc2)O1,91.0
O=C1c2ccccc2C(=O)c2cc(-c3ccccc3)ccc21,O=C1c2ccccc2C(=O)c2cc(-c3ccccc3)ccc21,162.0
c1ccc(-c2nc3ccccc3[nH]2)cc1,c1ccc(-c2nc3ccccc3[nH]2)cc1,297.0
c1ccc(-c2nc3ccccc3s2)cc1,c1ccc(-c2nc3ccccc3s2)cc1,114.0
c1ccc(-c2nc3ccccc3o2)cc1,c1ccc(-c2nc3ccccc3o2)cc1,103.0
O=C1CCCCC1c1ccccc1,O=C1CCCCC1c1ccccc1,58.0
OCCc1ccccc1,c1ccccc1,-27.0
CC(=O)OCCc1ccccc1,c1ccccc1,-31.0
NCCc1ccccc1,c1ccccc1,-60.0
Oc1ccc(O)c(-c2ccccc2)c1,c1ccc(-c2ccccc2)cc1,101.0
c1ccc(-c2ncc[nH]2)cc1,c1ccc(-c2ncc[nH]2)cc1,148.0
c1ccc(-c2cc3ccccc3[nH]2)cc1,c1ccc(-c2cc3ccccc3[nH]2)cc1,190.0
O=Cc1c(-c2ccccc2)[nH]c2ccccc12,c1ccc(-c2cc3ccccc3[nH]2)cc1,251.0
Oc1ccccc1-c1ccccc1,c1ccc(-c2ccccc2)cc1,56.0
c1ccc(C2CNCCN2)cc1,c1ccc(C2CNCCN2)cc1,85.0
CC(C(=O)O)c1ccccc1,c1ccccc1,-5.0
c1ccc(-c2ccccn2)cc1,c1ccc(-c2ccccn2)cc1,-5.0
c1ccc(-c2ccc3ccccc3n2)cc1,c1ccc(-c2ccc3ccccc3n2)cc1,83.0
O=C(O)c1cc(-c2ccccc2)nc2ccccc12,c1ccc(-c2ccc3ccccc3n2)cc1,215.0
CCC(C(=O)O)P(=O)(O)O,,125.0
CC(C(=O)O)P(=O)(O)O,,120.0
CC(C(=O)O)N1C(=O)c2ccccc2C1=O,O=C1NC(=O)c2ccccc21,163.0
Cc1ccccn1,c1ccncc1,-70.0
Cc1cccc[n+]1[O-],c1cc[nH+]cc1,48.0
O=C(O)c1ccccn1,c1ccncc1,137.0
O=C1CNCCN1,O=C1CNCCN1,132.0
CC(C)S(=O)(=O)Cl,,-47.0
CC(C)S,,-131.0
CC(C)O,,-90.0
CCC(=O)c1ccco1,c1ccoc1,28.0
CCC(=O)c1ccc[nH]1,c1cc[nH]c1,50.0
NC(=O)Cc1ccccn1,c1ccncc1,119.0
N#CCc1ccccn1,c1ccncc1,24.0
OCc1ccccn1,c1ccncc1,-6.0
N#CCS(=O)(=O)c1ccccn1,c1ccncc1,78.0
O=C1CCCN1,O=C1CCCN1,24.0
CCC(C)c1ccccc1O,c1ccccc1,10.0
O=C1OS(=O)(=O)c2ccccc21,O=C1OS(=O)(=O)c2ccccc21,120.0
Cc1ccc(O)c(C(C)(C)C)c1,c1ccccc1,52.0
Cc1nc(C(C)(C)C)sc1C(=O)O,c1cscn1,156.0
Cc1cccc(C(C)(C)C)c1N=C=O,c1ccccc1,37.0
CC(C)(C)c1ccc2c(c1)C(=O)c1ccccc1C2=O,O=C1c2ccccc2C(=O)c2ccccc21,99.0
CC(C)(C)c1ccccc1O,c1ccccc1,-7.0
CC(C)(C)C(CO)CO,,55.0
O=C1CCc2ccccc2C1,O=C1CCc2ccccc2C1,18.0
Sc1ccc2ccccc2c1,c1ccc2ccccc2c1,81.0
NC(=O)Cc1cccs1,c1ccsc1,147.0
O=C(O)Cc1cccs1,c1ccsc1,63.0
OCc1cccs1,c1ccsc1,0.0
CCCCCCCCCCCC(C)O,,25.0
CCCCCCCCCCCC(C)=O,,30.0
CCCCCCCCCC(C)O,,2.0
CCCCCCCCCC(C)=O,,12.0
C=Cc1ccccc1C(=O)O,c1ccccc1,94.0
C=Cc1ccc2ccccc2c1,c1ccc2ccccc2c1,65.0
C=Cc1ccccn1,c1ccncc1,-50.0
Nc1cccc(-c2nnn[nH]2)c1,c1ccc(-c2nnn[nH]2)cc1,204.0
O=C(O)c1cccc(-c2nnn[nH]2)c1,c1ccc(-c2nnn[nH]2)cc1,285.0
OCc1cccc(-c2nnn[nH]2)c1,c1ccc(-c2nnn[nH]2)cc1,209.0
O=C(O)/C=C/c1cccc2ccccc12,c1ccc2ccccc2c1,211.0
c1ccc2c(N3CCNCC3)noc2c1,c1ccc2c(N3CCNCC3)noc2c1,75.0
Oc1cccc(N2CCNCC2)c1,c1ccc(N2CCNCC2)cc1,207.0
Oc1cccc(CN2CCCCC2)c1,c1ccc(CN2CCCCC2)cc1,140.0
O=C(O)CCc1ccc(Cl)cc1Cl,c1ccccc1,91.0
C#CCOc1c(Cl)cccc1Cl,c1ccccc1,44.0
Cc1onc(-c2c(Cl)cccc2Cl)c1C(=O)O,c1ccc(-c2ccon2)cc1,223.0
Cc1onc(-c2c(F)cccc2Cl)c1C(=O)Cl,c1ccc(-c2ccon2)cc1,51.0
Cc1onc(-c2c(F)cccc2Cl)c1C(=O)O,c1ccc(-c2ccon2)cc1,202.0
Cc1onc(-c2ccccc2Cl)c1C(=O)Cl,c1ccc(-c2ccon2)cc1,42.0
Cc1onc(-c2ccccc2Cl)c1C(=O)O,c1ccc(-c2ccon2)cc1,190.0
O=C(O)CCc1ccccc1Cl,c1ccccc1,96.0
O=CC(=Cc1ccco1)c1ccccc1,C(=Cc1ccco1)c1ccccc1,59.0
O=C/C=C/c1ccco1,c1ccoc1,51.0
O=C(O)/C=C/c1ccco1,c1ccoc1,142.0
O=C(O)CCc1ccco1,c1ccoc1,58.0
O=C(O)CCc1ccccc1O,c1ccccc1,87.0
COc1ccccc1OCC(O)CO,c1ccccc1,81.0
COc1ccccc1CCC(=O)O,c1ccccc1,87.0
Cc1nc([N+](=O)[O-])cn1CCC#N,c1c[nH]cn1,115.0
Cc1ccccc1OCC(O)CO,c1ccccc1,70.0
O=C(O)CCSc1ccc2ccccc2c1,c1ccc2ccccc2c1,105.0
Oc1cccc(C2CNCCN2)c1,c1ccc(C2CNCCN2)cc1,184.0
Cc1ccc(C(=O)C=Cc2cccs2)cc1,O=C(C=Cc1cccs1)c1ccccc1,79.0
COc1cc(CCC(=O)O)cc(OC)c1OC,c1ccccc1,104.0
CN(C)C(=O)Nc1ccc(Cl)c(Cl)c1,c1ccccc1,158.0
O=C(O)CCc1ccc(F)c(F)c1,c1ccccc1,51.0
O=C(O)CCc1ccc(O)c(O)c1,c1ccccc1,138.0
COc1ccc(C(=O)CCC(=O)O)cc1OC,c1ccccc1,160.0
COc1ccc(CCC(=O)O)cc1OC,c1ccccc1,98.0
O=Cc1c[nH]nc1-c1cc(F)cc(F)c1,c1ccc(-c2cc[nH]n2)cc1,180.0
Nc1cccc(CCC(=O)O)c1,c1ccccc1,100.0
O=C(O)CCc1cccc(Br)c1,c1ccccc1,64.0
COc1ccc(C(=O)CCC(=O)O)cc1F,c1ccccc1,171.0
O=C(O)CCc1cccc(F)c1,c1ccccc1,45.0
O=C(O)/C=C/c1ccoc1,c1ccoc1,153.0
O=C(O)CCc1cccc(O)c1,c1ccccc1,112.0
COc1cccc(CCC(=O)O)c1,c1ccccc1,45.0
O=C(O)CCc1cccnc1,c1ccncc1,158.0
Nc1ccc(CCC(=O)O)cc1,c1ccccc1,134.0
O=C(O)CCC(=O)c1ccc(Br)cc1,c1ccccc1,147.0
O=C(O)CCc1ccc(Br)cc1,c1ccccc1,135.0
O=C(O)CCSc1ccc(Br)cc1,c1ccccc1,111.0
O=C(O)CCc1ccc(C(=O)O)cc1,c1ccccc1,290.0
O=C(O)/C=C/C(=O)c1ccc(Cl)cc1,c1ccccc1,158.0
O=C(O)CCC(=O)c1ccc(Cl)cc1,c1ccccc1,129.0
OCC(O)COc1ccc(Cl)cc1,c1ccccc1,80.0
O=C(O)CC(CC(=O)O)c1ccc(Cl)cc1,c1ccccc1,166.0
O=C(O)CCc1ccc(Cl)cc1,c1ccccc1,119.0
CCc1ccc(C(=O)CCC(=O)O)cc1,c1ccccc1,93.0
O=C(O)CCC(=O)c1ccc(F)cc1,c1ccccc1,101.0
CC(C)n1cc(-c2ccc(F)cc2)c2ccccc21,c1ccc(-c2c[nH]c3ccccc23)cc1,97.0
O=C(O)CCc1ccc(F)cc1,c1ccccc1,90.0
COc1cc(CCC(=O)O)ccc1O,c1ccccc1,90.0
O=C(O)CCc1ccc(O)cc1,c1ccccc1,129.0
N#CCCc1ccc(O)cc1,c1ccccc1,56.0
COc1ccc(C(=O)/C=C/C(=O)O)cc1,c1ccccc1,139.0
COc1ccc(C(=O)CCC(=O)O)cc1,c1ccccc1,149.0
COc1ccc(CCC(=O)O)cc1,c1ccccc1,104.0
Cc1ccc(C(=O)/C=C/C(=O)O)cc1,c1ccccc1,139.0
Cc1ccc(C(=O)CCC(=O)O)cc1,c1ccccc1,126.0
Cc1ccc(CCC(=O)O)cc1,c1ccccc1,116.0
CS(=O)(=O)c1ccc(C(=O)CCC(=O)O)cc1,c1ccccc1,170.0
Oc1cccc(N2CCOCC2)c1,c1ccc(N2CCOCC2)cc1,130.0
NCCCN1CCOCC1,C1COCCN1,-15.0
NCc1cccnc1,c1ccncc1,-21.0
CC(C)(C)OC(=O)NC(CC(=O)O)c1ccccc1F,c1ccccc1,143.0
CC(C)(C)OC(=O)NC(CC(=O)O)c1cccc(F)c1,c1ccccc1,125.0
COc1cccc(C(CC(=O)O)NC(=O)OC(C)(C)C)c1,c1ccccc1,82.0
N#Cc1cccc(CBr)c1,c1ccccc1,94.0
O=C(O)COc1cccc(CBr)c1,c1ccccc1,126.0
O=C(O)c1cccc(S(=O)(=O)Cl)c1,c1ccccc1,135.0
O=C(O)c1cccc(OC(F)F)c1,c1ccccc1,105.0
COC(=O)c1cccc(N=C=O)c1,c1ccccc1,37.0
C[S+]([O-])c1cccc(CC(=O)O)c1,c1ccccc1,111.0
CS(=O)(=O)c1cccc(C(=O)O)c1,c1ccccc1,234.0
CSc1cccc(C(=O)O)c1,c1ccccc1,128.0
CSc1cccc(CC(=O)O)c1,c1ccccc1,79.0
CSCCC=O,,-58.0
CSCCC(=O)O,,16.0
N#CCCS(=O)(=O)c1ccccc1,c1ccccc1,95.0
O=S(=O)(c1ccccc1)c1ccsc1,O=S(=O)(c1ccccc1)c1ccsc1,116.0
NC(=O)c1cccc(OC(F)(F)F)c1,c1ccccc1,116.0
O=C(O)c1cccc(OC(F)(F)F)c1,c1ccccc1,89.0
O=C(O)/C=C/c1cccc(OC(F)(F)F)c1,c1ccccc1,94.0
O=C(O)Cc1cccc(OC(F)(F)F)c1,c1ccccc1,54.0
O=Cc1cccc(OC(F)(F)F)c1O,c1ccccc1,59.0
CC(=O)Nc1cccc(C(F)(F)F)c1,c1ccccc1,105.0
Nc1cccc(C(F)(F)F)c1,c1ccccc1,6.0
NC(=O)c1cccc(C(F)(F)F)c1,c1ccccc1,124.0
NS(=O)(=O)c1cccc(C(F)(F)F)c1,c1ccccc1,124.0
OC(c1ccccc1)c1cccc(C(F)(F)F)c1,c1ccc(Cc2ccccc2)cc1,63.0
O=C(O)c1cccc(C(F)(F)F)c1,c1ccccc1,105.0
N#Cc1cccc(C(F)(F)F)c1,c1ccccc1,16.0
O=C(c1ccccc1)c1cccc(C(F)(F)F)c1,O=C(c1ccccc1)c1ccccc1,52.0
N#CCC(=O)c1cccc(C(F)(F)F)c1,c1ccccc1,61.0
C/C(=C/C(=O)O)C(F)(F)F,,29.0
Oc1cccc(C(F)(F)F)c1,c1ccccc1,-2.0
O=C(O)Cc1cccc(C(F)(F)F)c1,c1ccccc1,78.0
CCC(=O)c1cccc(C(F)(F)F)c1,c1ccccc1,19.0
O=Cc1cccc(C(F)(F)F)c1O,c1ccccc1,57.0
O=C(O)c1cccc(SC(F)(F)F)c1,c1ccccc1,73.0
O=C(O)C(C(F)(F)F)C(F)(F)F,,52.0
CC(C)(C(=O)O)C(F)(F)F,,70.0
O=C(O)C(O)(C(F)(F)F)C(F)(F)F,,81.0
O=C(O)C(O)C(F)(F)F,,69.0
O=C(O)CC(F)(F)F,,9.0
O=C(O)CC(c1ccccc1)(c1ccccc1)c1ccccc1,c1ccc(C(c2ccccc2)c2ccccc2)cc1,182.0
Cc1ccc(-c2ccc(C)c(C)c2)cc1C,c1ccc(-c2ccccc2)cc1,76.0
OC(c1cc(C(F)(F)F)cc(C(F)(F)F)c1)c1cc(C(F)(F)F)cc(C(F)(F)F)c1,c1ccc(Cc2ccccc2)cc1,148.0
O=C(c1cc(C(F)(F)F)cc(C(F)(F)F)c1)c1cc(C(F)(F)F)cc(C(F)(F)F)c1,O=C(c1ccccc1)c1ccccc1,140.0
Cc1cc(-c2cc(C)c(N)c(C)c2)cc(C)c1N,c1ccc(-c2ccccc2)cc1,170.0
Cc1cc(C)cc(-c2cc(C)cc(C)c2)c1,c1ccc(-c2ccccc2)cc1,48.0
O=C(c1cccc(C(F)(F)F)c1)c1cccc(C(F)(F)F)c1,O=C(c1ccccc1)c1ccccc1,101.0
Nc1cccc(C(=O)c2cccc(N)c2)c1,O=C(c1ccccc1)c1ccccc1,150.0
Nc1cccc(Cc2cccc(N)c2)c1,c1ccc(Cc2ccccc2)cc1,82.0
O=C(c1cccc(F)c1)c1cccc(F)c1,O=C(c1ccccc1)c1ccccc1,59.0
Fc1cccc(-c2cccc(F)c2)c1,c1ccc(-c2ccccc2)cc1,8.0
COc1cccc(C(=O)C(=O)c2cccc(OC)c2)c1,O=C(C(=O)c1ccccc1)c1ccccc1,82.0
CC(C)(C)C(O)CO,,38.0
CC(C)(C)CCO,,-60.0
C=CC(C)(C)C,,-115.0
C#CC(C)(C)C,,-78.0
CC(O)C(C)(C)C,,5.0
CC(C)=CC(=O)O,,67.0
CC(C)(C)CC(=O)O,,6.0
CC(C)(CC(=O)O)CC(=O)O,,101.0
CC(C)(CC(=O)O)CC(=O)OC(=O)CC(C)(C)CC(=O)O,,124.0
CCC(C)(C)CC,,-135.0
O=C(c1cccc([N+](=O)[O-])c1)c1cccc([N+](=O)[O-])c1,O=C(c1ccccc1)c1ccccc1,154.0
NCCC(c1ccccc1)c1ccccc1,c1ccc(Cc2ccccc2)cc1,27.0
O=C(O)CCSSCCC(=O)O,,158.0
O=C(O)CC1(CC(=O)O)CCCC1,C1CCCC1,180.0
O=C(O)CCSCCC(=O)O,,131.0
OCc1ccc2c(c1)OCO2,c1ccc2c(c1)OCO2,53.0
O=C(O)c1nc(Cl)c(Cl)c(Cl)c1Cl,c1ccncc1,172.0
COc1cc(OC)c2c(=O)cc(-c3ccc(OC)c(OC)c3)oc2c1,O=c1cc(-c2ccccc2)oc2ccccc12,196.0
Brc1n[nH]c(Br)c1Br,c1cn[nH]c1,186.0
Brc1cncc(Br)c1Br,c1ccncc1,107.0
Nc1cc(Cl)c(Cl)c(Cl)c1,c1ccccc1,99.0
FC(F)(F)c1cc(Cl)c(Cl)c(Cl)c1,c1ccccc1,-10.0
Clc1cncc(Cl)c1Cl,c1ccncc1,72.0
O=C(Cl)c1sc(Cl)c(Cl)c1Cl,c1ccsc1,39.0
O=C(O)c1sc(Cl)c(Cl)c1Cl,c1ccsc1,227.0
CCOc1cc(C(=O)O)cc(OCC)c1OCC,c1ccccc1,112.0
Nc1cc(F)c(F)c(F)c1,c1ccccc1,60.0
COc1cc(F)c(F)c(F)c1,c1ccccc1,20.0
O=Cc1cc(F)c(F)c(F)c1,c1ccccc1,25.0
O=C(O)c1cc(F)c(F)c(F)c1,c1ccccc1,98.0
N#Cc1cc(F)c(F)c(F)c1,c1ccccc1,46.0
O=C(O)/C=C/c1cc(F)c(F)c(F)c1,c1ccccc1,197.0
Oc1cc(F)c(F)c(F)c1,c1ccccc1,54.0
N#CCc1cc(F)c(F)c(F)c1,c1ccccc1,31.0
COc1cc(C(C)=O)cc(OC)c1OC,c1ccccc1,81.0
COc1cc(N)cc(OC)c1OC,c1ccccc1,112.0
COc1cc(C=O)cc(OC)c1OC,c1ccccc1,75.0
COc1cc(C(N)=O)cc(OC)c1OC,c1ccccc1,179.0
COc1cc(C(=O)NN)cc(OC)c1OC,c1ccccc1,159.0
COc1cc(C(=O)O)cc(OC)c1OC,c1ccccc1,170.0
COc1cc(C#N)cc(OC)c1OC,c1ccccc1,93.0
COc1cc(C(=O)Cl)cc(OC)c1OC,c1ccccc1,80.0
COc1cc(C=CC(=O)O)cc(OC)c1OC,c1ccccc1,127.0
COc1cc(O)cc(OC)c1OC,c1ccccc1,146.0
COc1cc(N=C=O)cc(OC)c1OC,c1ccccc1,40.0
COc1cc(N=C=S)cc(OC)c1OC,c1ccccc1,65.0
COc1cc(CC(=O)O)cc(OC)c1OC,c1ccccc1,120.0
COc1cc(CC#N)cc(OC)c1OC,c1ccccc1,77.0
COc1cc(C)cc(OC)c1OC,c1ccccc1,36.0
Cc1cc(O)cc(C)c1C,c1ccccc1,106.0
CC(=O)OC[C@H]1OC=C[C@@H](OC(C)=O)[C@@H]1OC(C)=O,C1=COCCC1,54.0
COc1ccc(-c2cc(=O)c3ccc(OC)c(OC)c3o2)cc1OC,O=c1cc(-c2ccccc2)oc2ccccc12,207.0
O=c1c(-c2ccc(O)c(O)c2)coc2cc(O)ccc12,O=c1c(-c2ccccc2)coc2ccccc12,281.0
CC12CCC(=O)C=C1CCCC2=O,O=C1C=C2CCCC(=O)C2CC1,49.0
O=C(c1ccc(C(F)(F)F)cc1)c1cccc(C(F)(F)F)c1,O=C(c1ccccc1)c1ccccc1,94.0
CC(=O)Nc1ccc(C(=O)O)cc1NC(C)=O,c1ccccc1,226.0
NNC(=O)c1ccc(N)c(N)c1,c1ccccc1,149.0
Nc1ccc(C(=O)c2ccccc2)cc1N,O=C(c1ccccc1)c1ccccc1,117.0
Nc1ccncc1N,c1ccncc1,219.0
Cc1ccc(N)c(N)c1,c1ccccc1,88.0
Fc1nccc(Br)c1Br,c1ccncc1,76.0
O=Cc1ccc(Br)c(Br)c1,c1ccccc1,71.0
Brc1cscc1Br,c1ccsc1,5.0
Cc1ccc(Br)c(Br)c1,c1ccccc1,-10.0
CC(=O)c1ccc(Cl)c(Cl)c1,c1ccccc1,74.0
Nc1ccc(Cl)c(Cl)c1,c1ccccc1,72.0
COc1ccc(Cl)c(Cl)c1,c1ccccc1,-8.0
O=Cc1ccc(Cl)c(Cl)c1,c1ccccc1,43.0
ON=Cc1ccc(Cl)c(Cl)c1,c1ccccc1,122.0
NC(=O)c1ccc(Cl)c(Cl)c1,c1ccccc1,141.0
O=S(=O)(Cl)c1ccc(Cl)c(Cl)c1,c1ccccc1,21.0
O=C(O)c1ccc(Cl)c(Cl)c1,c1ccccc1,207.0
N#Cc1ccc(Cl)c(Cl)c1,c1ccccc1,72.0
O=C(c1ccccc1)c1ccc(Cl)c(Cl)c1,O=C(c1ccccc1)c1ccccc1,102.0
FC(F)(F)c1ccc(Cl)c(Cl)c1,c1ccccc1,-12.0
O=C(Cl)c1ccc(Cl)c(Cl)c1,c1ccccc1,32.0
N#CCC(=O)c1ccc(Cl)c(Cl)c1,c1ccccc1,116.0
OCc1ccc(Cl)c(Cl)c1,c1ccccc1,38.0
ClCc1ccc(Cl)c(Cl)c1,c1ccccc1,-3.0
S=C=NCc1ccc(Cl)c(Cl)c1,c1ccccc1,27.0
O=[N+]([O-])/C=C/c1ccc(Cl)c(Cl)c1,c1ccccc1,93.0
O=C(O)/C=C/c1ccc(Cl)c(Cl)c1,c1ccccc1,219.0
Oc1ccc(Cl)c(Cl)c1,c1ccccc1,66.0
O=C=Nc1ccc(Cl)c(Cl)c1,c1ccccc1,42.0
O=C(O)Cc1ccc(Cl)c(Cl)c1,c1ccccc1,90.0
N#CCc1ccc(Cl)c(Cl)c1,c1ccccc1,40.0
O=C(CCCl)c1ccc(Cl)cc1,c1ccccc1,50.0
CCC(=O)c1ccc(Cl)c(Cl)c1,c1ccccc1,45.0
Cc1ccc(Cl)c(Cl)c1,c1ccccc1,-15.0
CCOc1ccc(C(=O)O)cc1OCC,c1ccccc1,168.0
COc1c(C(=O)O)ccc(F)c1F,c1ccccc1,138.0
Cc1c(C(=O)O)ccc(F)c1F,c1ccccc1,154.0
Cc1c(C#N)ccc(F)c1F,c1ccccc1,42.0
CC(=O)c1ccc(F)c(F)c1,c1ccccc1,20.0
Nc1ccc(F)c(F)c1,c1ccccc1,21.0
NC(=O)c1ccc(F)c(F)c1,c1ccccc1,133.0
O=C(O)c1ccc(F)c(F)c1,c1ccccc1,123.0
N#Cc1ccc(F)c(F)c1,c1ccccc1,50.0
O=C(c1ccccc1)c1ccc(F)c(F)c1,O=C(c1ccccc1)c1ccccc1,56.0
O=C(O)/C=C/c1ccc(F)c(F)c1,c1ccccc1,195.0
N[C@@H](Cc1ccc(F)c(F)c1)C(=O)O,c1ccccc1,233.0
O=C(O)C(O)c1ccc(F)c(F)c1,c1ccccc1,94.0
Oc1ccc(F)c(F)c1,c1ccccc1,36.0
O=C(O)Cc1ccc(F)c(F)c1,c1ccccc1,49.0
O=C(O)c1ccc(F)c(F)c1O,c1ccccc1,178.0
Nc1ccc2c(c1)OCCCO2,c1ccc2c(c1)OCCCO2,79.0
O=C(O)c1ccc2c(c1)OCCCO2,c1ccc2c(c1)OCCCO2,148.0
C1=COCCC1,C1=COCCC1,-70.0
O=C(O)CC1Sc2ccccc2NC1=O,O=C1CSc2ccccc2N1,188.0
O=Cc1ccc(O)c(O)c1,c1ccccc1,155.0
O=c1c(O)c(-c2ccc(O)cc2)oc2ccccc12,O=c1cc(-c2ccccc2)oc2ccccc12,286.0
O=c1cc(-c2ccc(O)c(O)c2)oc2ccccc12,O=c1cc(-c2ccccc2)oc2ccccc12,251.0
O=C(O)Cc1ccc(O)c(O)c1,c1ccccc1,129.0
CCC(=O)c1ccc(O)c(O)c1,c1ccccc1,146.0
COc1c(OC)c(=O)c1=O,O=c1ccc1=O,55.0
COc1ccc(C(C)=O)cc1OC,c1ccccc1,49.0
COc1ccc(N)cc1OC,c1ccccc1,88.0
COc1ccc(S(=O)(=O)Cl)cc1OC,c1ccccc1,68.0
COc1ccc(C(=O)NN)cc1OC,c1ccccc1,145.0
COc1ccc(C(=O)O)cc1OC,c1ccccc1,181.0
COc1ccc(C#N)cc1OC,c1ccccc1,67.0
COc1ccc(C(=O)Cl)cc1OC,c1ccccc1,71.0
COc1ccc(CO)cc1OC,c1ccccc1,22.0
COc1ccc(/C=C/[N+](=O)[O-])cc1OC,c1ccccc1,140.0
COc1ccc(/C=C/C(=O)c2ccccc2)cc1OC,O=C(C=Cc1ccccc1)c1ccccc1,89.0
COc1ccc(-c2cc(=O)c3ccccc3o2)cc1OC,O=c1cc(-c2ccccc2)oc2ccccc12,155.0
COc1ccc(C[C@H](N)C(=O)O)cc1OC,c1ccccc1,256.0
COc1ccc(O)cc1OC,c1ccccc1,81.0
COc1ccc(N=C=S)cc1OC,c1ccccc1,48.0
COc1ccc(CC(=O)O)cc1OC,c1ccccc1,97.0
COc1ccc(CC(=O)NN)cc1OC,c1ccccc1,103.0
COc1ccc(CC#N)cc1OC,c1ccccc1,64.0
COc1ccc(C)cc1OC,c1ccccc1,27.0
CC(=O)Nc1ccc(C)c(C)c1,c1ccccc1,97.0
Cc1ccc(N)cc1C,c1ccccc1,50.0
Cc1ccc(C(N)=O)cc1C,c1ccccc1,102.0
Cc1ccc(C(=O)O)cc1C,c1ccccc1,166.0
Cc1ccc(C#N)cc1C,c1ccccc1,66.0
Cc1ccc(C(=O)c2ccccc2)cc1C,O=C(c1ccccc1)c1ccccc1,46.0
Cc1ccc(CO)cc1C,c1ccccc1,64.0
Cc1ccc(O)cc1C,c1ccccc1,67.0
Cc1ccc(OCC(=O)O)cc1C,c1ccccc1,163.0
Cc1c(C#N)sc(C#N)c1C,c1ccsc1,123.0
O=C(O)c1ccc([N+](=O)[O-])c([N+](=O)[O-])c1,c1ccccc1,165.0
N#Cc1ccc([N+](=O)[O-])c([N+](=O)[O-])c1,c1ccccc1,90.0
Cc1ccc([N+](=O)[O-])c([N+](=O)[O-])c1,c1ccccc1,56.0
CCC(=O)C(=O)CC,,-10.0
Cc1ccncc1C,c1ccncc1,-11.0
CC1(C)O[C@H]([C@H](O)CO)[C@@H]([C@H](O)CO)O1,C1COCO1,87.0
Cc1ccc(S)c(S)c1,c1ccccc1,30.0
CC1CC(C)(C)CC(=O)C1=O,O=C1CCCCC1=O,91.0
CC(CC(=O)O)CC(C)(C)C,,-70.0
CN1C(=O)OC(C)(C)C1=O,O=C1COC(=O)N1,47.0
O=C(O)c1c(O)c(Cl)cc(Cl)c1Cl,c1ccccc1,210.0
COc1ccc([C@@H]2CC(=O)c3c(O)cc(O)cc3O2)cc1O,O=C1CC(c2ccccc2)Oc2ccccc21,230.0
O=c1c(O)c(-c2ccccc2)oc2cc(O)cc(O)c12,O=c1cc(-c2ccccc2)oc2ccccc12,215.0
CC(=O)Nc1cc(C(F)(F)F)cc(C(F)(F)F)c1,c1ccccc1,161.0
NC(=O)c1cc(C(F)(F)F)cc(C(F)(F)F)c1,c1ccccc1,162.0
O=S(=O)(Cl)c1cc(C(F)(F)F)cc(C(F)(F)F)c1,c1ccccc1,36.0
NNC(=O)c1cc(C(F)(F)F)cc(C(F)(F)F)c1,c1ccccc1,133.0
O=C(O)c1cc(C(F)(F)F)cc(C(F)(F)F)c1,c1ccccc1,142.0
N#Cc1cc(C(F)(F)F)cc(C(F)(F)F)c1,c1ccccc1,18.0
OCc1cc(C(F)(F)F)cc(C(F)(F)F)c1,c1ccccc1,54.0
FC(F)(F)c1cc(CCl)cc(C(F)(F)F)c1,c1ccccc1,31.0
NCc1cc(C(F)(F)F)cc(C(F)(F)F)c1,c1ccccc1,57.0
N#C/C=C/c1cc(C(F)(F)F)cc(C(F)(F)F)c1,c1ccccc1,82.0
Oc1cc(C(F)(F)F)cc(C(F)(F)F)c1,c1ccccc1,21.0
O=C(O)Cc1cc(C(F)(F)F)cc(C(F)(F)F)c1,c1ccccc1,122.0
NNc1cc(C(F)(F)F)cc(C(F)(F)F)c1,c1ccccc1,82.0
FC(F)(F)c1cncc(C(F)(F)F)c1,c1ccncc1,37.0
C=Cc1cc(C(F)(F)F)cc(C(F)(F)F)c1,c1ccccc1,8.0
CC(=O)Oc1cc(OC(C)=O)cc(C(=O)O)c1,c1ccccc1,159.0
CC(=O)c1cc(OCc2ccccc2)cc(OCc2ccccc2)c1,c1ccc(COc2cccc(OCc3ccccc3)c2)cc1,61.0
COc1nc(OC)c(Br)cc1Br,c1ccncc1,86.0
CC(=O)c1cc(Br)cc(Br)c1O,c1ccccc1,110.0
Oc1ncc(Br)cc1Br,c1ccncc1,210.0
N#Cc1c(Br)cncc1Br,c1ccncc1,150.0
O=Cc1cc(Br)c(O)c(Br)c1,c1ccccc1,181.0
O=C(O)c1cc(Br)c(O)c(Br)c1,c1ccccc1,271.0
Cc1cc(Br)c(I)c(Br)c1,c1ccccc1,71.0
Cc1c(Br)cc(N)cc1Br,c1ccccc1,91.0
Cc1c(Br)cc(C(=O)O)cc1Br,c1ccccc1,242.0
Cc1c(Br)cc(O)cc1Br,c1ccccc1,108.0
Cc1c(Br)cncc1Br,c1ccncc1,106.0
O=Cc1cc(Br)cc(Br)c1,c1ccccc1,91.0
NC(=O)c1cc(Br)cc(Br)c1,c1ccccc1,182.0
O=C(O)c1cc(Br)cc(Br)c1,c1ccccc1,220.0
OCc1cc(Br)cc(Br)c1,c1ccccc1,108.0
BrCc1cc(Br)cc(Br)c1,c1ccccc1,94.0
Brc1cncc(Br)c1,c1ccncc1,112.0
O=Cc1cc(Br)cc(Br)c1O,c1ccccc1,83.0
O=C(O)c1cc(Br)cc(Br)c1O,c1ccccc1,226.0
Cc1cc(Br)cc(Br)c1,c1ccccc1,39.0
Fc1nc(F)c(Cl)c(F)c1Cl,c1ccncc1,25.0
Cc1ccc(C(=O)c2cc(Cl)cc(Cl)c2)c(C)c1,O=C(c1ccccc1)c1ccccc1,57.0
N#Cc1ncc(Cl)cc1Cl,c1ccncc1,101.0
Fc1ncc(Cl)cc1Cl,c1ccncc1,42.0
CC(=O)c1cc(Cl)cc(Cl)c1O,c1ccccc1,97.0
O=Cc1cc(Cl)cc(Cl)c1O,c1ccccc1,96.0
O=S(=O)(Cl)c1cc(Cl)cc(Cl)c1O,c1ccccc1,79.0
Cc1cc(Cl)cc(Cl)c1I,c1ccccc1,44.0
O=c1[nH]cc(Cl)cc1Cl,O=c1cccc[nH]1,180.0
O=S(=O)(Cl)c1cc(Cl)c(O)c(Cl)c1,c1ccccc1,119.0
O=C(O)c1cc(Cl)c(O)c(Cl)c1,c1ccccc1,268.0
O=c1c(Cl)c[nH]cc1Cl,O=c1cc[nH]cc1,323.0
Nc1cc(Cl)cc(Cl)c1,c1ccccc1,51.0
COc1cc(Cl)cc(Cl)c1,c1ccccc1,41.0
O=Cc1cc(Cl)cc(Cl)c1,c1ccccc1,63.0
NC(=O)c1cc(Cl)cc(Cl)c1,c1ccccc1,160.0
O=S(=O)(Cl)c1cc(Cl)cc(Cl)c1,c1ccccc1,32.0
NNC(=O)c1cc(Cl)cc(Cl)c1,c1ccccc1,206.0
O=C(O)c1cc(Cl)cc(Cl)c1,c1ccccc1,186.0
N#Cc1cc(Cl)cc(Cl)c1,c1ccccc1,66.0
O=C(Cl)c1cc(Cl)cc(Cl)c1,c1ccccc1,26.0
OCc1cc(Cl)cc(Cl)c1,c1ccccc1,78.0
Oc1cc(Cl)cc(Cl)c1,c1ccccc1,66.0
N#CCOc1cc(Cl)cc(Cl)c1,c1ccccc1,59.0
O=C=Nc1cc(Cl)cc(Cl)c1,c1ccccc1,30.0
S=C=Nc1cc(Cl)cc(Cl)c1,c1ccccc1,46.0
NNc1cc(Cl)cc(Cl)c1,c1ccccc1,115.0
Clc1cncc(Cl)c1,c1ccncc1,65.0
O=C(O)c1cc(Cl)cc(Cl)c1O,c1ccccc1,224.0
Nc1c(Cl)cc(S(N)(=O)=O)cc1Cl,c1ccccc1,207.0
CC(=O)c1cc(F)cc(F)c1O,c1ccccc1,107.0
COc1c(F)cc(F)cc1C#N,c1ccccc1,35.0
COc1ncc(F)cc1F,c1ccncc1,38.0
O=Cc1cc(F)c(O)c(F)c1,c1ccccc1,123.0
CCC(=O)c1cc(F)c(O)c(F)c1,c1ccccc1,130.0
COc1c(F)cc(N)cc1F,c1ccccc1,79.0
COc1c(F)cc(C=O)cc1F,c1ccccc1,39.0
COc1c(F)cc(C(=O)O)cc1F,c1ccccc1,165.0
COc1c(F)cc(C#N)cc1F,c1ccccc1,86.0
COc1c(F)cc(CBr)cc1F,c1ccccc1,41.0
COc1c(F)cc(O)cc1F,c1ccccc1,69.0
CC(=O)c1cc(F)cc(F)c1,c1ccccc1,39.0
Nc1cc(F)cc(F)c1,c1ccccc1,39.0
NC(=O)c1cc(F)cc(F)c1,c1ccccc1,156.0
NS(=O)(=O)c1cc(F)cc(F)c1,c1ccccc1,159.0
O=S(=O)(Cl)c1cc(F)cc(F)c1,c1ccccc1,58.0
O=C(O)c1cc(F)cc(F)c1,c1ccccc1,121.0
N#Cc1cc(F)cc(F)c1,c1ccccc1,86.0
O=C(c1ccccc1)c1cc(F)cc(F)c1,O=C(c1ccccc1)c1ccccc1,58.0
O=C(O)/C=C/c1cc(F)cc(F)c1,c1ccccc1,205.0
O=C(O)C(O)c1cc(F)cc(F)c1,c1ccccc1,136.0
Oc1cc(F)cc(F)c1,c1ccccc1,53.0
O=C(O)Cc1cc(F)cc(F)c1,c1ccccc1,69.0
N#CCc1cc(F)cc(F)c1,c1ccccc1,35.0
CCC(=O)c1cc(F)cc(F)c1,c1ccccc1,26.0
O=C(O)c1cc(F)cc(F)c1O,c1ccccc1,189.0
COc1ccc(-c2cc(=O)c3c(O)c(OC)c(OC)cc3o2)cc1O,O=c1cc(-c2ccccc2)oc2ccccc12,191.0
CC(=O)c1cc(O)cc(O)c1,c1ccccc1,144.0
O=Cc1cc(O)cc(O)c1,c1ccccc1,160.0
NNC(=O)c1cc(O)cc(O)c1,c1ccccc1,257.0
N#Cc1cc(O)cc(O)c1,c1ccccc1,188.0
Cc1cc(O)cc(O)c1,c1ccccc1,107.0
O=Cc1cc(I)c(O)c(I)c1,c1ccccc1,201.0
N#Cc1cc(I)c(O)c(I)c1,c1ccccc1,204.0
O=Cc1cc(I)cc(I)c1O,c1ccccc1,108.0
O=C(O)c1cc(I)cc(I)c1O,c1ccccc1,231.0
CC(C)c1cc(C(=O)O)c(O)c(C(C)C)c1,c1ccccc1,117.0
COc1cc(C(C)=O)cc(OC)c1O,c1ccccc1,119.0
COc1cc(C(=O)NN)cc(OC)c1O,c1ccccc1,156.0
COc1cc(CC(=O)O)cc(OC)c1O,c1ccccc1,129.0
COc1cc(C(=O)O)cc(OC)c1C,c1ccccc1,213.0
COc1cc(OC)cc(C(C)=O)c1,c1ccccc1,40.0
COc1cc(N)cc(OC)c1,c1ccccc1,55.0
COc1cc(C=O)cc(OC)c1,c1ccccc1,46.0
COc1cc(OC)cc(C(N)=O)c1,c1ccccc1,144.0
COc1cc(OC)cc(C(=O)O)c1,c1ccccc1,184.0
COc1cc(C#N)cc(OC)c1,c1ccccc1,88.0
COc1cc(OC)cc(C(=O)Cl)c1,c1ccccc1,43.0
COc1cc(CO)cc(OC)c1,c1ccccc1,48.0
COc1cc(O)cc(OC)c1,c1ccccc1,46.0
COc1cc(N=C=S)cc(OC)c1,c1ccccc1,51.0
COc1cc(CC(=O)O)cc(OC)c1,c1ccccc1,103.0
COc1cc(CC#N)cc(OC)c1,c1ccccc1,55.0
Cc1cc(C)[nH]n1,c1cn[nH]c1,107.0
Cc1cc(C)n(C(N)=O)n1,c1cn[nH]c1,113.0
Cc1cc(C)n(CO)n1,c1cn[nH]c1,109.0
Cc1cc(C#N)cc(C)c1O,c1ccccc1,125.0
Cc1n[nH]c(C)c1I,c1cn[nH]c1,139.0
Cc1noc(C)c1I,c1cnoc1,54.0
Cc1cc(O)cc(C)c1I,c1ccccc1,130.0
Cc1cc(C(=O)O)cc(C)c1[N+](=O)[O-],c1ccccc1,224.0
Cc1cnc(CO)c(C)c1[N+](=O)[O-],c1ccncc1,67.0
CC(=O)c1cc(C)cc(C)c1,c1ccccc1,20.0
CC12CC3CC(C)(C1)CC(C(=O)O)(C3)C2,C1C2CC3CC1CC(C2)C3,101.0
Cc1cc(C)cc(N)c1,c1ccccc1,10.0
Cc1cc(C)cc(C=O)c1,c1ccccc1,9.0
Cc1cc(C)cc(S(=O)(=O)Cl)c1,c1ccccc1,93.0
Cc1cc(C)cc(C(=O)O)c1,c1ccccc1,170.0
Cc1cc(C)cc(CBr)c1,c1ccccc1,38.0
Cc1cc(C)on1,c1cnoc1,-14.0
Cc1noc(C)c1C(=O)O,c1cnoc1,141.0
Cc1noc(C)c1S(=O)(=O)Cl,c1cnoc1,39.0
Cc1cc(C)cc(O)c1,c1ccccc1,63.0
Cc1cc(C)cc(CC(=O)O)c1,c1ccccc1,101.0
Cc1cc(C)cc(CC#N)c1,c1ccccc1,44.0
O=C(O)c1cc([N+](=O)[O-])c(O)c([N+](=O)[O-])c1,c1ccccc1,251.0
O=C(O)Cc1cc([N+](=O)[O-])c(O)c([N+](=O)[O-])c1,c1ccccc1,167.0
NC(=O)c1cc([N+](=O)[O-])cc([N+](=O)[O-])c1,c1ccccc1,182.0
O=C(O)c1cc([N+](=O)[O-])cc([N+](=O)[O-])c1,c1ccccc1,206.0
N#Cc1cc([N+](=O)[O-])cc([N+](=O)[O-])c1,c1ccccc1,129.0
O=[N+]([O-])c1cc([N+](=O)[O-])cc(C(F)(F)F)c1,c1ccccc1,51.0
O=C(Cl)c1cc([N+](=O)[O-])cc([N+](=O)[O-])c1,c1ccccc1,67.0
O=Cc1cc([N+](=O)[O-])cc([N+](=O)[O-])c1O,c1ccccc1,73.0
O=C(O)c1cc([N+](=O)[O-])cc([N+](=O)[O-])c1O,c1ccccc1,171.0
c1ccc(-c2cc(-c3ccccc3)[nH]n2)cc1,c1ccc(-c2cc(-c3ccccc3)[nH]n2)cc1,202.0
CC(C)(C)c1cc(C=O)c(O)c(C(C)(C)C)c1,c1ccccc1,60.0
CC(=O)c1cc(C(C)(C)C)c(O)c(C(C)(C)C)c1,c1ccccc1,147.0
COc1cc(C(C)(C)C)c(O)c(C(C)(C)C)c1,c1ccccc1,105.0
CC(C)(C)c1cc(C=O)cc(C(C)(C)C)c1O,c1ccccc1,188.0
CC(C)(C)c1cc(C(=O)O)cc(C(C)(C)C)c1O,c1ccccc1,208.0
CC(C)(C)c1cc(C#N)cc(C(C)(C)C)c1O,c1ccccc1,142.0
CC(C)(C)c1cc(CO)cc(C(C)(C)C)c1O,c1ccccc1,140.0
CC(C)(C)c1cc(CC(=O)O)cc(C(C)(C)C)c1O,c1ccccc1,156.0
CC(C)(C)c1cc(CC#N)cc(C(C)(C)C)c1O,c1ccccc1,111.0
CC(C)(C)c1cc(N)cc(C(C)(C)C)c1,c1ccccc1,56.0
CC(C)(C)c1cc(C(=O)O)cc(C(C)(C)C)c1,c1ccccc1,161.0
CC(C)(C)C1=CC(=O)C(=O)C(C(C)(C)C)=C1,O=C1C=CC=CC1=O,115.0
Cc1cc(C(C)(C)C)cc(C(C)(C)C)c1,c1ccccc1,32.0
Cc1cncc(C)c1,c1ccncc1,-9.0
Cc1nc(Br)ccc1Br,c1ccncc1,38.0
Cc1cc(Cl)nnc1Cl,c1ccnnc1,87.0
Clc1ccc(Cl)nn1,c1ccnnc1,68.0
O=C(O)c1cc(Cl)nnc1Cl,c1ccnnc1,139.0
O=Cc1c(F)ccc(F)c1O,c1ccccc1,75.0
O=C(O)c1c(F)ccc(F)c1O,c1ccccc1,152.0
O=c1c(O)c(-c2ccccc2)oc2ccc(O)cc12,O=c1cc(-c2ccccc2)oc2ccccc12,233.0
Cc1cc(O)c(C)c(=O)o1,O=c1cccco1,210.0
CCC(C)(O)C#CC(C)(O)CC,,54.0
CC(C)(C)c1ccc2c(c1)-c1cc(C(C)(C)C)ccc1C2,c1ccc2c(c1)Cc1ccccc1-2,81.0
Nc1ccc2c(c1)nc(-c1ccccc1)c1cc(N)ccc12,c1ccc(-c2nc3ccccc3c3ccccc23)cc1,197.0
COc1cc2cccc(OC)c2cc1C=O,c1ccc2ccccc2c1,137.0
CC(C)(CO)C1OCC2(CO1)COC(C(C)(C)CO)OC2,C1OCC2(CO1)COCOC2,199.0
COc1ccc(-c2ccc(S(=O)(=O)Nc3cccc(C(=O)O)c3)cc2)cc1,O=S(=O)(Nc1ccccc1)c1ccc(-c2ccccc2)cc1,236.0
CC(=O)Nc1cccc(C(C)=O)c1,c1ccccc1,127.0
CC(=O)Nc1cccc(C(=O)O)c1,c1ccccc1,251.0
CC(=O)Nc1cccc(O)c1,c1ccccc1,148.0
CC(=O)Oc1cccc(C(=O)O)c1C,c1ccccc1,150.0
CC(=O)Oc1cccc(C(=O)Cl)c1C,c1ccccc1,33.0
CCOC(=O)c1[nH]c(C)c(C(C)=O)c1C,c1cc[nH]c1,142.0
CC(=O)c1cc(Cl)sc1Cl,c1ccsc1,38.0
CC(=O)c1cc(-c2ccccc2)sc1C,c1ccc(-c2cccs2)cc1,68.0
CC(=O)c1cncc(Br)c1,c1ccncc1,78.0
CC(=O)/C=C/C(=O)O,,124.0
CC(=O)c1cccc(S(=O)(=O)Cl)c1,c1ccccc1,43.0
CC(=O)c1csc2ccccc12,c1ccc2sccc2c1,64.0
CC(=O)c1cccc(C(=O)O)c1,c1ccccc1,164.0
CC(=O)c1cccc(C#N)c1,c1ccccc1,99.0
CC(=O)c1cc2ccccc2oc1=O,O=c1ccc2ccccc2o1,122.0
CC(=O)c1c[nH]c2ccccc12,c1ccc2[nH]ccc2c1,189.0
CC(=O)c1cccc(N=C=S)c1,c1ccccc1,24.0
CC(=O)c1cccnc1,c1ccncc1,12.0
CC(=O)c1cc[nH]c1,c1cc[nH]c1,112.0
CC(=O)c1ccsc1,c1ccsc1,60.0
Nc1ccn(-c2ccc(Cl)cc2)n1,c1ccc(-n2cccn2)cc1,108.0
COc1ccc(-n2ccc(N)n2)cc1,c1ccc(-n2cccn2)cc1,182.0
Nc1nc[nH]n1,c1nc[nH]n1,151.0
Nc1cc[nH]n1,c1cn[nH]c1,37.0
N#Cc1c[nH]nc1N,c1cn[nH]c1,175.0
CC(N)CCc1ccccc1,c1ccccc1,-50.0
NCCCO,,11.0
Nc1cccnc1C(F)(F)F,c1ccncc1,70.0
CC(C)(CN)CO,,70.0
Nc1cc(F)c(F)c(C(=O)O)c1F,c1ccccc1,178.0
Cc1ccc(N)c(C)n1,c1ccncc1,122.0
Cc1cnc(Br)c(N)c1,c1ccncc1,105.0
Nc1cccnc1Br,c1ccncc1,77.0
Cc1ccnc(Cl)c1N,c1ccncc1,66.0
Nc1cccnc1Cl,c1ccncc1,78.0
NC1=CC(=O)CCC1,O=C1C=CCCC1,131.0
Cc1c(N)cccc1C(=O)O,c1ccccc1,187.0
Cc1ncccc1N,c1ccncc1,117.0
Nc1cc2ccccc2cc1O,c1ccc2ccccc2c1,235.0
Nc1cccnc1[N+](=O)[O-],c1ccncc1,192.0
NC1=C(c2ccccc2)C(=O)c2ccccc21,O=C1C(c2ccccc2)=Cc2ccccc21,271.0
NC1=NN(c2ccccc2)CC1,C1=NN(c2ccccc2)CC1,169.0
Nc1n[nH]cc1Br,c1cn[nH]c1,136.0
Cn1cc(Br)c(N)n1,c1cn[nH]c1,98.0
Cc1onc(N)c1Br,c1cnoc1,74.0
Nc1n[nH]c(-c2ccccc2)c1Br,c1ccc(-c2ccn[nH]2)cc1,114.0
NC(=O)c1ccc(Cl)c(N)c1,c1ccccc1,165.0
Nc1cc(C(=O)O)ccc1Cl,c1ccccc1,216.0
Nc1cnccc1Cl,c1ccncc1,61.0
NNC(=O)c1ccc(O)c(N)c1,c1ccccc1,251.0
Nc1cnccc1I,c1ccncc1,61.0
COc1ccc(C(N)=O)cc1N,c1ccccc1,158.0
COc1ccc(C(=O)Nc2ccccc2)cc1N,O=C(Nc1ccccc1)c1ccccc1,155.0
COc1ccc(S(=O)(=O)F)cc1N,c1ccccc1,62.0
COc1ccc(C(=O)O)cc1N,c1ccccc1,209.0
Cc1ccc(C(N)=O)cc1N,c1ccccc1,129.0
Cc1ccc(C(=O)O)cc1N,c1ccccc1,166.0
Cc1ccncc1N,c1ccncc1,104.0
Nc1n[nH]cc1-c1ccccc1,c1ccc(-c2cn[nH]c2)cc1,172.0
Nc1cc(-c2ccco2)[nH]n1,c1coc(-c2ccn[nH]2)c1,126.0
Nc1n[nH]c2ccc(C(F)(F)F)cc12,c1ccc2[nH]ncc2c1,135.0
Nc1cc(C(=O)O)cc(C(F)(F)F)c1,c1ccccc1,144.0
Cc1nnc(N)nc1C,c1cnncn1,211.0
Nc1cc(Br)cnc1Cl,c1ccncc1,131.0
Nc1cncc(Cl)c1,c1ccncc1,73.0
Cc1cc(N)n[nH]1,c1cn[nH]c1,45.0
CSc1[nH]nc(N)c1C#N,c1cn[nH]c1,149.0
Nc1cc(C(=O)O)cc([N+](=O)[O-])c1,c1ccccc1,216.0
Nc1cc(-c2ccccc2)[nH]n1,c1ccc(-c2ccn[nH]2)cc1,126.0
CC(C)(C)c1cc(N)n[nH]1,c1cn[nH]c1,77.0
CC(C)(C)c1cc(N)no1,c1cnoc1,112.0
CCn1c2ccccc2c2cc(N)ccc21,c1ccc2c(c1)[nH]c1ccccc12,99.0
CC(=O)c1cccc(N)c1,c1ccccc1,96.0
NC(=O)c1cccc(N)c1,c1ccccc1,113.0
Nc1cccc(S(N)(=O)=O)c1,c1ccccc1,141.0
NNC(=O)c1cccc(N)c1,c1ccccc1,92.0
Nc1cccc(C(=O)O)c1,c1ccccc1,175.0
N#Cc1cccc(N)c1,c1ccccc1,52.0
Nc1cccc(C(=O)c2ccccc2)c1,O=C(c1ccccc1)c1ccccc1,86.0
Nc1cccc(CO)c1,c1ccccc1,93.0
NC(=O)c1cc(C(=O)O)cc([N+](=O)[O-])c1,c1ccccc1,241.0
Nc1cc2ccccc2oc1=O,O=c1ccc2ccccc2o1,136.0
Nc1cccc(O)c1,c1ccccc1,124.0
C#Cc1cccc(N)c1,c1ccccc1,27.0
Nc1cccc2c(=O)[nH][nH]c(=O)c12,O=c1[nH][nH]c(=O)c2ccccc12,328.0
Nc1cccnc1,c1ccncc1,61.0
Nc1cnc2ccccc2c1,c1ccc2ncccc2c1,94.0
NC(=O)c1sccc1N,c1ccsc1,121.0
O=C1C=C(Nc2ccccc2)CCC1,O=C1C=C(Nc2ccccc2)CCC1,177.0
O=C(CC(=O)C(F)(F)F)c1ccccc1,c1ccccc1,39.0
O=C(O)c1cccc(C(=O)c2ccccc2)c1,O=C(c1ccccc1)c1ccccc1,164.0
O=C(O)CCC(=O)c1ccccc1,c1ccccc1,117.0
O=C(c1ccccc1)c1cccnc1,O=C(c1ccccc1)c1cccnc1,38.0
O=C(c1ccccc1)c1ccsc1C(=O)O,O=C(c1ccccc1)c1ccsc1,152.0
Nc1cccc(Cc2ccccc2)c1,c1ccc(Cc2ccccc2)cc1,50.0
COc1ccc(C=O)cc1OCc1ccccc1,c1ccc(COc2ccccc2)cc1,62.0
COc1ccc(C(=O)O)cc1OCc1ccccc1,c1ccc(COc2ccccc2)cc1,180.0
O=Cc1cccc(OCc2ccccc2)c1,c1ccc(COc2ccccc2)cc1,56.0
O=C(O)c1cccc(OCc2ccccc2)c1,c1ccc(COc2ccccc2)cc1,134.0
OCc1cccc(OCc2ccccc2)c1,c1ccc(COc2ccccc2)cc1,49.0
S=C=Nc1cccc(OCc2ccccc2)c1,c1ccc(COc2ccccc2)cc1,50.0
N#CCc1cccc(OCc2ccccc2)c1,c1ccc(COc2ccccc2)cc1,49.0
O=C(c1ccccc1)c1cccc(Br)c1,O=C(c1ccccc1)c1ccccc1,76.0
O=C(O)C(CBr)CBr,,100.0
O=C(O)c1cc(F)c(F)c(Br)c1F,c1ccccc1,123.0
Cc1cc(C)c(Br)c(C)c1N,c1ccccc1,36.0
Cc1sc(-c2ccccc2)c(C)c1Br,c1ccc(-c2cccs2)cc1,34.0
Clc1cnc(Cl)c(Br)c1,c1ccncc1,39.0
Clc1ccc(Br)c(Cl)n1,c1ccncc1,70.0
O=Cc1c(F)ccc(Br)c1F,c1ccccc1,55.0
COc1ccc(Br)c(OC)c1C(=O)O,c1ccccc1,146.0
Clc1ncccc1Br,c1ccncc1,55.0
O=S(=O)(Cl)c1cnc(Cl)c(Br)c1,c1ccncc1,68.0
N#Cc1ncccc1Br,c1ccncc1,98.0
O=C(O)c1cccc(Br)c1F,c1ccccc1,169.0
Cc1cnc(O)c(Br)c1,c1ccncc1,157.0
Oc1ncccc1Br,c1ccncc1,187.0
O=[N+]([O-])c1ncccc1Br,c1ccncc1,104.0
Nc1cc(F)c(F)c(Br)c1,c1ccccc1,68.0
O=C(O)c1ccc(Cl)c(Br)c1,c1ccccc1,220.0
FC(F)(F)c1ccc(Cl)c(Br)c1,c1ccccc1,-23.0
N#Cc1ccncc1Br,c1ccncc1,93.0
CC(=O)c1ccc(F)c(Br)c1,c1ccccc1,56.0
Nc1ccc(F)c(Br)c1,c1ccccc1,35.0
O=Cc1ccc(F)c(Br)c1,c1ccccc1,31.0
O=C(O)c1ccc(F)c(Br)c1,c1ccccc1,140.0
N#Cc1ccc(F)c(Br)c1,c1ccccc1,56.0
O=C(O)/C=C/c1ccc(F)c(Br)c1,c1ccccc1,194.0
CCC(=O)c1ccc(F)c(Br)c1,c1ccccc1,62.0
COc1cc(/C=C/C(=O)O)cc(Br)c1O,c1ccccc1,256.0
O=Cc1ccc(O)c(Br)c1,c1ccccc1,127.0
O=C(O)c1ccc(O)c(Br)c1,c1ccccc1,177.0
N#Cc1ccc(O)c(Br)c1,c1ccccc1,159.0
OCc1ccc(O)c(Br)c1,c1ccccc1,130.0
COc1ccc(C=O)cc1Br,c1ccccc1,51.0
COc1ccc(C(=O)O)cc1Br,c1ccccc1,220.0
COc1ccc(C#N)cc1Br,c1ccccc1,122.0
COc1ccc(CO)cc1Br,c1ccccc1,61.0
COc1ccc(CC#N)cc1Br,c1ccccc1,52.0
Cc1ccc(N)cc1Br,c1ccccc1,27.0
Cc1ccc(C(=O)O)cc1Br,c1ccccc1,209.0
Cc1ccc(C#N)cc1Br,c1ccccc1,41.0
Cc1ccc(O)cc1Br,c1ccccc1,56.0
O=C(O)c1ccc([N+](=O)[O-])c(Br)c1,c1ccccc1,202.0
O=[N+]([O-])c1cc[n+]([O-])cc1Br,c1cc[nH+]cc1,153.0
FC(F)(F)c1cncc(Br)c1,c1ccncc1,45.0
O=Cc1cc(Cl)cc(Br)c1O,c1ccccc1,86.0
Clc1cncc(Br)c1,c1ccncc1,80.0
CCOc1cc(C=O)cc(Br)c1O,c1ccccc1,142.0
COc1c(F)cc(N)cc1Br,c1ccccc1,72.0
O=C(O)c1cc(F)cc(Br)c1,c1ccccc1,143.0
Fc1cncc(Br)c1,c1ccncc1,26.0
O=C(O)c1cc(Br)cc(I)c1,c1ccccc1,220.0
COc1cncc(Br)c1,c1ccncc1,31.0
O=C(O)c1cc(Br)cc([N+](=O)[O-])c1,c1ccccc1,160.0
O=Cc1cc([N+](=O)[O-])cc(Br)c1O,c1ccccc1,149.0
CC(=O)c1cccc(Br)c1,c1ccccc1,8.0
Nc1cccc(Br)c1,c1ccccc1,16.0
COc1cccc(Br)c1,c1ccccc1,2.0
O=Cc1cccc(Br)c1,c1ccccc1,20.0
ON=Cc1cccc(Br)c1,c1ccccc1,72.0
O=C1c2ccccc2-c2ccc(Br)c3cccc1c23,O=C1c2ccccc2-c2cccc3cccc1c23,166.0
NS(=O)(=O)c1cccc(Br)c1,c1ccccc1,156.0
O=S(=O)(Cl)c1cccc(Br)c1,c1ccccc1,32.0
NNC(=O)c1cccc(Br)c1,c1ccccc1,156.0
O=C(O)c1cccc(Br)c1,c1ccccc1,155.0
N#Cc1cccc(Br)c1,c1ccccc1,39.0
BrCc1cccc(Br)c1,c1ccccc1,42.0
Oc1cccc(Br)c1O,c1ccccc1,41.0
O=c1c(Br)coc2ccccc12,O=c1ccoc2ccccc12,96.0
Brc1cnc2ccccn12,c1ccn2ccnc2c1,93.0
CN(C)c1cccc(Br)c1,c1ccccc1,11.0
Oc1cccc(Br)c1,c1ccccc1,30.0
O=C(O)Cc1cccc(Br)c1,c1ccccc1,101.0
N#CCc1cccc(Br)c1,c1ccccc1,27.0
O=C(O)CCBr,,60.0
CCC(=O)c1cccc(Br)c1,c1ccccc1,40.0
Brc1cccnc1,c1ccncc1,-27.0
[O-][n+]1cccc(Br)c1,c1cc[nH+]cc1,35.0
Brc1cnc2ccccc2c1,c1ccc2ncccc2c1,14.0
N#Cc1sccc1Br,c1ccsc1,49.0
NC(=O)c1sccc1Br,c1ccsc1,78.0
O=C(O)c1sccc1Br,c1ccsc1,196.0
Cc1cccc(Br)c1,c1ccccc1,-40.0
C#CCCO,,-63.0
CCCC(=O)c1cc2ccccc2oc1=O,O=c1ccc2ccccc2o1,94.0
O=Cc1cccc(C(=O)O)c1,c1ccccc1,174.0
Clc1nsc2ccccc12,c1ccc2sncc2c1,39.0
OCC(O)CCl,,-40.0
OCCCCl,,-20.0
O=C(O)c1c(F)c(F)c(F)c(Cl)c1F,c1ccccc1,90.0
O=C(O)c1ccc(F)c(Cl)c1F,c1ccccc1,176.0
Nc1c(Br)cc(F)c(Cl)c1Br,c1ccccc1,98.0
Cc1cc(Br)c(N)c(Br)c1Cl,c1ccccc1,77.0
Nc1c(F)ccc(Cl)c1F,c1ccccc1,47.0
O=Cc1c(F)ccc(Cl)c1F,c1ccccc1,45.0
NC(=O)c1c(F)ccc(Cl)c1F,c1ccccc1,135.0
O=C(O)c1c(F)ccc(Cl)c1F,c1ccccc1,127.0
COc1c(Cl)cc([N+](=O)[O-])c(OC)c1C(=O)O,c1ccccc1,131.0
Cc1ccc(Cl)c(C)c1N,c1ccccc1,31.0
N#Cc1ncccc1Cl,c1ccncc1,84.0
O=C(O)c1cc(C(F)(F)F)cc(Cl)c1F,c1ccccc1,90.0
O=C(O)c1c(C(F)(F)F)ccc(Cl)c1F,c1ccccc1,97.0
NC(=O)c1cccc(Cl)c1F,c1ccccc1,126.0
O=C(O)c1cccc(Cl)c1F,c1ccccc1,177.0
N#Cc1cccc(Cl)c1F,c1ccccc1,42.0
Fc1c(Cl)cccc1CBr,c1ccccc1,38.0
Oc1cccc(Cl)c1F,c1ccccc1,36.0
Oc1ncccc1Cl,c1ccncc1,181.0
Cc1cccc(Cl)c1I,c1ccccc1,27.0
CC(=O)Nc1cccc(Cl)c1C,c1ccccc1,156.0
Cc1c(N)cccc1Cl,c1ccccc1,2.0
COc1cccc(Cl)c1C,c1ccccc1,-3.0
Cc1c(Cl)cccc1S(=O)(=O)Cl,c1ccccc1,71.0
Cc1c(Cl)cccc1C(=O)O,c1ccccc1,164.0
Cc1c(Cl)cccc1C#N,c1ccccc1,22.0
C=C(C)CCl,,-80.0
O=C(O)c1cccc(Cl)c1[N+](=O)[O-],c1ccccc1,237.0
O=[N+]([O-])c1ncccc1Cl,c1ccncc1,91.0
C#CC(C)(C)Cl,,-61.0
Clc1nsnc1-c1cccnc1,c1cncc(-c2cnsn2)c1,56.0
Nc1ccc(OC(F)(F)F)c(Cl)c1,c1ccccc1,30.0
N#Cc1ccc(OC(F)(F)F)c(Cl)c1,c1ccccc1,40.0
Nc1ccc(SC(F)(F)F)c(Cl)c1,c1ccccc1,43.0
N#Cc1ccncc1Cl,c1ccncc1,73.0
CC(=O)Nc1ccc(F)c(Cl)c1,c1ccccc1,118.0
CC(=O)c1ccc(F)c(Cl)c1,c1ccccc1,39.0
Nc1ccc(F)c(Cl)c1,c1ccccc1,46.0
O=Cc1ccc(F)c(Cl)c1,c1ccccc1,27.0
NC(=O)c1ccc(F)c(Cl)c1,c1ccccc1,146.0
NS(=O)(=O)c1ccc(F)c(Cl)c1,c1ccccc1,109.0
O=C(O)c1ccc(F)c(Cl)c1,c1ccccc1,135.0
N#Cc1ccc(F)c(Cl)c1,c1ccccc1,70.0
Oc1ccc(F)c(Cl)c1,c1ccccc1,41.0
O=C(O)Cc1ccc(F)c(Cl)c1,c1ccccc1,57.0
NNc1ccc(F)c(Cl)c1,c1ccccc1,74.0
O=C(CCCl)c1ccc(F)cc1,c1ccccc1,48.0
COc1cc(CO)cc(Cl)c1O,c1ccccc1,117.0
O=Cc1ccc(O)c(Cl)c1,c1ccccc1,130.0
O=C(O)c1ccc(O)c(Cl)c1,c1ccccc1,169.0
N#Cc1ccc(O)c(Cl)c1,c1ccccc1,148.0
Nc1ccc(I)c(Cl)c1,c1ccccc1,68.0
COc1ccc(C(C)=O)cc1Cl,c1ccccc1,75.0
COc1ccc(C(=O)O)cc1Cl,c1ccccc1,217.0
COc1ccc(C#N)cc1Cl,c1ccccc1,109.0
CC(=O)Nc1ccc(C)c(Cl)c1,c1ccccc1,104.0
Cc1ccc(N)cc1Cl,c1ccccc1,23.0
Cc1ccc(S(N)(=O)=O)cc1Cl,c1ccccc1,137.0
Cc1ccc(S(=O)(=O)Cl)cc1Cl,c1ccccc1,36.0
Cc1ccc(C(=O)O)cc1Cl,c1ccccc1,199.0
Cc1ccc(O)cc1Cl,c1ccccc1,52.0
Cc1ccc(N=C=O)cc1Cl,c1ccccc1,22.0
Nc1ccc([N+](=O)[O-])c(Cl)c1,c1ccccc1,159.0
O=[N+]([O-])c1ccc(S(=O)(=O)Cl)cc1Cl,c1ccccc1,38.0
O=C(O)Cc1cc(Cl)cc(C(F)(F)F)c1,c1ccccc1,126.0
COc1c(F)cc(C#N)cc1Cl,c1ccccc1,72.0
COc1c(F)cc(CBr)cc1Cl,c1ccccc1,38.0
CC(=O)c1cc(F)cc(Cl)c1,c1ccccc1,53.0
N#Cc1cc(F)cc(Cl)c1,c1ccccc1,57.0
O=C(O)Cc1cc(F)cc(Cl)c1,c1ccccc1,84.0
Fc1cncc(Cl)c1,c1ccncc1,26.0
NNc1ccc(Cl)nn1,c1ccnnc1,137.0
COc1ccc(Cl)nn1,c1ccnnc1,91.0
Cc1ccc(Cl)nn1,c1ccnnc1,57.0
CC(=O)Nc1cccc(Cl)c1,c1ccccc1,77.0
Nc1cccc(Cl)c1,c1ccccc1,-10.0
O=Cc1cccc(Cl)c1,c1ccccc1,17.0
NC(=O)c1cccc(Cl)c1,c1ccccc1,135.0
NS(=O)(=O)c1cccc(Cl)c1,c1ccccc1,146.0
O=S(=O)(Cl)c1cccc(Cl)c1,c1ccccc1,21.0
NNC(=O)c1cccc(Cl)c1,c1ccccc1,158.0
O=C(Cl)c1sc2ccccc2c1Cl,c1ccc2sccc2c1,113.0
NC(=O)c1sc2ccccc2c1Cl,c1ccc2sccc2c1,235.0
O=C(O)c1sc2ccccc2c1Cl,c1ccc2sccc2c1,266.0
O=C(O)c1cccc(Cl)c1,c1ccccc1,157.0
N#Cc1cccc(Cl)c1,c1ccccc1,41.0
O=C(c1ccccc1)c1cccc(Cl)c1,O=C(c1ccccc1)c1ccccc1,83.0
FC(F)(F)c1cccc(Cl)c1,c1ccccc1,-56.0
N#CCC(=O)c1cccc(Cl)c1,c1ccccc1,81.0
O=c1oc2ccccc2cc1Cl,O=c1ccc2ccccc2o1,123.0
Oc1cccc(Cl)c1,c1ccccc1,32.0
O=C(O)COc1cccc(Cl)c1,c1ccccc1,108.0
N#CCOc1cccc(Cl)c1,c1ccccc1,29.0
O=C=Nc1cccc(Cl)c1,c1ccccc1,-4.0
O=C(O)Cc1cccc(Cl)c1,c1ccccc1,79.0
N#CCc1cccc(Cl)c1,c1ccccc1,12.0
O=S(=O)(Cl)Cc1cccc(Cl)c1,c1ccccc1,71.0
O=C(O)CCCl,,39.0
N#CCCCl,,-51.0
O=C(Cl)CCCl,,-32.0
CCC(=O)c1cccc(Cl)c1,c1ccccc1,46.0
O=C(O)c1sccc1Cl,c1ccsc1,186.0
Cc1cccc(Cl)c1,c1ccccc1,-48.0
N#Cc1cccnc1F,c1ccncc1,29.0
N#Cc1cccnc1Oc1ccccc1,c1ccc(Oc2ccccn2)cc1,108.0
N#Cc1cc(S(=O)(=O)Cl)ccc1F,c1ccccc1,69.0
Cc1ccncc1C#N,c1ccncc1,43.0
Cc1cncc(C#N)c1,c1ccncc1,84.0
N#Cc1cccc(C=O)c1,c1ccccc1,77.0
N#Cc1cccc(S(N)(=O)=O)c1,c1ccccc1,152.0
N#Cc1cccc(S(=O)(=O)Cl)c1,c1ccccc1,50.0
N#Cc1cccc(C(=O)O)c1,c1ccccc1,222.0
N#Cc1cccc(N=C=O)c1,c1ccccc1,53.0
N#Cc1cccc(N=C=S)c1,c1ccccc1,65.0
N#Cc1cccnc1,c1ccncc1,50.0
N#Cc1ccc[n+]([O-])c1,c1cc[nH+]cc1,177.0
O=CC1CC=CCC1,C1=CCCCC1,2.0
O=C(O)C1CC=CCC1,C1=CCCCC1,17.0
O=C(O)CCC1CCCCC1,C1CCCCC1,16.0
CCCCCCCC(=O)CC,,-4.0
CCOP(=O)(OCC)On1nnc2ccccc2c1=O,O=c1[nH]nnc2ccccc12,74.0
CN(C)c1nc(=S)ss1,S=c1ncss1,176.0
CN(C)CCCO,,-35.0
CN(C)c1cccc(C(=O)O)c1,c1ccccc1,151.0
CN(C)c1cccc(O)c1,c1ccccc1,82.0
CCOc1cccnc1[N+](=O)[O-],c1ccncc1,30.0
CCOc1cc(C=O)ccc1O,c1ccccc1,77.0
CCOc1cc(C=O)ccc1OC,c1ccccc1,52.0
CCOc1cc(C(=O)O)ccc1OC,c1ccccc1,158.0
CCOc1cccc(NC(C)=O)c1,c1ccccc1,97.0
CCOc1cccc(C(N)=O)c1,c1ccccc1,139.0
CCOc1cccc(C(=O)NN)c1,c1ccccc1,103.0
CCOc1cccc(C(=O)O)c1,c1ccccc1,136.0
CCOc1cccc(O)c1,c1ccccc1,30.0
CCOc1cccc(C=O)c1O,c1ccccc1,67.0
CCOc1ccsc1C(=O)O,c1ccsc1,122.0
CCC(O)(CC)CC,,-13.0
CCc1noc(C)c1C(=O)O,c1cnoc1,123.0
CCNc1cc(O)ccc1C,c1ccccc1,88.0
CCc1cccc(O)c1,c1ccccc1,-4.0
CCc1cccnc1,c1ccncc1,-77.0
CCN1C(=O)CSC1=S,O=C1CSC(=S)N1,38.0
CCc1cccc(C)c1,c1ccccc1,-96.0
C#Cc1cccnc1,c1ccncc1,40.0
Cc1c(F)ccc([N+](=O)[O-])c1C,c1ccccc1,41.0
Fc1cccc(CBr)c1C(F)(F)F,c1ccccc1,42.0
Oc1ncccc1F,c1ccncc1,159.0
COc1c(F)cccc1C(=O)O,c1ccccc1,113.0
Cc1c(N)cccc1F,c1ccccc1,7.0
Cc1c(F)cccc1CC#N,c1ccccc1,47.0
Nc1ccc(C(F)(F)F)c(F)c1,c1ccccc1,56.0
O=C(O)c1ccc(C(F)(F)F)c(F)c1,c1ccccc1,175.0
N#Cc1ccc(C(F)(F)F)c(F)c1,c1ccccc1,47.0
O=C(c1ccccc1)c1ccc(C(F)(F)F)c(F)c1,O=C(c1ccccc1)c1ccccc1,66.0
OCc1ccc(C(F)(F)F)c(F)c1,c1ccccc1,30.0
Fc1cc(CBr)ccc1C(F)(F)F,c1ccccc1,26.0
CCC(=O)c1ccc(C(F)(F)F)c(F)c1,c1ccccc1,37.0
CC(=O)c1ccc(O)c(F)c1,c1ccccc1,128.0
O=Cc1ccc(O)c(F)c1,c1ccccc1,123.0
N#Cc1ccc(O)c(F)c1,c1ccccc1,134.0
O=C(O)Cc1ccc(O)c(F)c1,c1ccccc1,132.0
Fc1cnccc1I,c1ccncc1,88.0
COc1ccc(C(C)=O)cc1F,c1ccccc1,92.0
COc1ccc(N)cc1F,c1ccccc1,82.0
COc1ccc(C=O)cc1F,c1ccccc1,35.0
COc1ccc(S(N)(=O)=O)cc1F,c1ccccc1,126.0
COc1ccc(S(=O)(=O)Cl)cc1F,c1ccccc1,79.0
COc1ccc(C(=O)O)cc1F,c1ccccc1,211.0
COc1ccc(C#N)cc1F,c1ccccc1,99.0
COc1ccc(C(=O)Cl)cc1F,c1ccccc1,70.0
COc1ccc(CBr)cc1F,c1ccccc1,45.0
COc1ccc(CCl)cc1F,c1ccccc1,37.0
COc1ccc(CC#N)cc1F,c1ccccc1,48.0
CC(=O)c1ccc(C)c(F)c1,c1ccccc1,33.0
Cc1ccc(N)cc1F,c1ccccc1,33.0
Cc1ccc(S(=O)(=O)Cl)cc1F,c1ccccc1,48.0
Cc1ccc(C(=O)O)cc1F,c1ccccc1,170.0
Cc1ccc(C#N)cc1F,c1ccccc1,47.0
Cc1ccc(CO)cc1F,c1ccccc1,35.0
Cc1ccc(CC(=O)O)cc1F,c1ccccc1,106.0
Nc1ccc([N+](=O)[O-])c(F)c1,c1ccccc1,160.0
O=[N+]([O-])c1ccc(S(=O)(=O)Cl)cc1F,c1ccccc1,46.0
O=C(O)c1ccc([N+](=O)[O-])c(F)c1,c1ccccc1,175.0
O=[N+]([O-])c1ccc(CBr)cc1F,c1ccccc1,47.0
O=[N+]([O-])c1ccc(O)cc1F,c1ccccc1,92.0
Cc1ccc([N+](=O)[O-])c(F)c1,c1ccccc1,53.0
NC(=O)c1cc(F)cc(C(F)(F)F)c1,c1ccccc1,116.0
O=C(O)c1cc(F)cc(C(F)(F)F)c1,c1ccccc1,104.0
Oc1cncc(F)c1,c1ccncc1,163.0
Cc1cc(F)cc(C(=O)O)c1,c1ccccc1,142.0
CC(=O)Nc1cccc(F)c1,c1ccccc1,88.0
CC(=O)c1cccc(F)c1,c1ccccc1,-3.0
COc1cccc(F)c1,c1ccccc1,-35.0
NC(=O)c1cccc(F)c1,c1ccccc1,131.0
O=S(=O)(Cl)c1cccc(F)c1,c1ccccc1,7.0
O=C(O)c1cccc(F)c1,c1ccccc1,123.0
N#Cc1cccc(F)c1,c1ccccc1,-16.0
O=C(c1ccccc1)c1cccc(F)c1,O=C(c1ccccc1)c1ccccc1,50.0
O=C(Cl)c1cccc(F)c1,c1ccccc1,-30.0
Oc1cccc(F)c1O,c1ccccc1,72.0
N[C@@H](Cc1ccc(O)c(F)c1)C(=O)O,c1ccccc1,261.0
O=C(O)C(O)c1cccc(F)c1,c1ccccc1,96.0
Oc1cccc(F)c1,c1ccccc1,12.0
O=C(O)Cc1cccc(F)c1,c1ccccc1,46.0
[O-][n+]1cccc(F)c1,c1cc[nH+]cc1,67.0
O=Cc1cccc(F)c1O,c1ccccc1,69.0
O=C(O)c1cccc(F)c1O,c1ccccc1,147.0
Cc1cccc(F)c1,c1ccccc1,-87.0
O=C(O)c1ccoc1,c1ccoc1,122.0
N#Cc1ccoc1,c1ccoc1,29.0
O=C1SS(=O)(=O)c2ccccc21,O=C1SS(=O)(=O)c2ccccc21,105.0
CCCCC(=O)CC,,-37.0
CCCCCCCCCCCCCC(=O)CC,,43.0
CCCC(=O)CC,,-55.0
CC(C)(CO)C(=O)O,,124.0
COc1ccc2oc(-c3cc(OC)c(OC)cc3OC)c(O)c(=O)c2c1,O=c1cc(-c2ccccc2)oc2ccccc12,202.0
O=Cc1c(Br)cc(Br)c(O)c1Br,c1ccccc1,121.0
O=C(O)c1c(Br)cc(Br)c(O)c1Br,c1ccccc1,147.0
O=C(O)c1c(I)cc(I)c(O)c1I,c1ccccc1,213.0
Oc1cccnc1I,c1ccncc1,193.0
Cc1occc(=O)c1O,O=c1ccocc1,163.0
Cc1c(O)cccc1C(=O)O,c1ccccc1,144.0
Cc1ncccc1O,c1ccncc1,168.0
O=C(O)c1cc2ccccc2cc1O,c1ccc2ccccc2c1,220.0
O=C(O)c1cccc(O)c1[N+](=O)[O-],c1ccccc1,179.0
O=[N+]([O-])c1ncccc1O,c1ccncc1,71.0
CC(=NO)C(C)(C)O,,85.0
COc1ccc(-c2oc3c(OC)c(OC)ccc3c(=O)c2O)cc1,O=c1cc(-c2ccccc2)oc2ccccc12,198.0
O=C(O)c1ccc(I)c(O)c1,c1ccccc1,227.0
COc1ccc(C=O)cc1O,c1ccccc1,114.0
COc1ccc(C(=O)O)cc1O,c1ccccc1,253.0
COc1ccc(CO)cc1O,c1ccccc1,136.0
Cc1ccc(C(=O)O)cc1O,c1ccccc1,210.0
O=C(O)c1ccc([N+](=O)[O-])c(O)c1,c1ccccc1,234.0
O=C(O)c1cc(O)cc(C(F)(F)F)c1,c1ccccc1,192.0
COc1cccc2oc(-c3ccccc3)c(O)c(=O)c12,O=c1cc(-c2ccccc2)oc2ccccc12,175.0
Cc1cncc(O)c1,c1ccncc1,138.0
O=C1C=C(O)CC(c2ccccc2)C1,O=C1C=CCC(c2ccccc2)C1,187.0
Cc1ccc(O)c([N+](=O)[O-])n1,c1ccncc1,107.0
Cc1ccc2oc(-c3cccc(O)c3)cc(=O)c2c1,O=c1cc(-c2ccccc2)oc2ccccc12,205.0
CC(=O)c1cccc(O)c1,c1ccccc1,95.0
O=C(O)CC12CC3CC(CC(O)(C3)C1)C2,C1C2CC3CC1CC(C2)C3,127.0
O=C(O)C12CC3CC(CC(O)(C3)C1)C2,C1C2CC3CC1CC(C2)C3,205.0
O=Cc1cccc(O)c1,c1ccccc1,104.0
NNC(=O)c1cccc(O)c1,c1ccccc1,158.0
O=C(O)c1cccc(O)c1,c1ccccc1,202.0
N#Cc1cccc(O)c1,c1ccccc1,80.0
O=C(c1ccccc1)c1cccc(O)c1,O=C(c1ccccc1)c1ccccc1,114.0
OCc1cccc(O)c1,c1ccccc1,71.0
CC(O)CC(=O)O,,38.0
Oc1cccc(Nc2ccccc2)c1,c1ccc(Nc2ccccc2)cc1,80.0
O=C1CC(c2cccc(O)c2)Oc2ccccc21,O=C1CC(c2ccccc2)Oc2ccccc21,140.0
O=c1c(O)c(-c2ccccc2)oc2ccccc12,O=c1cc(-c2ccccc2)oc2ccccc12,170.0
O=C(O)Cc1cccc(O)c1,c1ccccc1,130.0
OC1CCCNC1,C1CCNCC1,58.0
N#CCCO,,-46.0
Oc1cccnc1,c1ccncc1,127.0
O=c1[nH][nH]c2ccccc12,O=c1[nH][nH]c2ccccc12,250.0
Cc1cc(C)c(C)c(I)c1C,c1ccccc1,79.0
COc1ccc(C(=O)O)cc1I,c1ccccc1,240.0
Cc1ccc(N)cc1I,c1ccccc1,36.0
Cc1ccc(C(=O)O)cc1I,c1ccccc1,208.0
Nc1cccc(I)c1,c1ccccc1,23.0
O=Cc1cccc(I)c1,c1ccccc1,56.0
O=C(O)c1cccc(I)c1,c1ccccc1,187.0
N#Cc1cccc(I)c1,c1ccccc1,40.0
FC(F)(F)c1cccc(I)c1,c1ccccc1,-8.0
O=C(Cl)c1cccc(I)c1,c1ccccc1,24.0
BrCc1cccc(I)c1,c1ccccc1,50.0
Oc1cccc(I)c1,c1ccccc1,41.0
S=C=Nc1cccc(I)c1,c1ccccc1,46.0
O=C(O)Cc1cccc(I)c1,c1ccccc1,130.0
N#CCc1cccc(I)c1,c1ccccc1,34.0
O=C(O)CCI,,82.0
Ic1cccnc1,c1ccncc1,55.0
Cc1cccc(I)c1,c1ccccc1,-27.0
O=C(CCN1C(=O)C=CC1=O)ON1C(=O)CCC1=O,O=C(CCN1C(=O)C=CC1=O)ON1C(=O)CCC1=O,169.0
Sc1nc[nH]n1,c1nc[nH]n1,221.0
Cn1cnnc1S,c1nnc[nH]1,168.0
O=C(O)CCS,,18.0
COc1ccc[nH]c1=O,O=c1cccc[nH]1,115.0
COc1c(F)c(F)cc(C(=O)O)c1F,c1ccccc1,115.0
COc1cccc(C(=O)O)c1[N+](=O)[O-],c1ccccc1,256.0
COc1cc(N)ccc1C,c1ccccc1,58.0
COc1cc(C(=O)O)ccc1C,c1ccccc1,159.0
COc1cc(C(=O)O)ccc1[N+](=O)[O-],c1ccccc1,233.0
COc1cc(C)cc(O)c1,c1ccccc1,63.0
COc1cccc(C(C)=O)c1,c1ccccc1,-7.0
COc1cccc(C(N)=O)c1,c1ccccc1,133.0
COc1cccc(S(N)(=O)=O)c1,c1ccccc1,132.0
COc1cccc(C(=O)NN)c1,c1ccccc1,92.0
COc1cccc(C(=O)O)c1,c1ccccc1,106.0
COc1cccc(C#N)c1,c1ccccc1,23.0
COc1cccc(O)c1O,c1ccccc1,42.0
COc1cccc(O)c1,c1ccccc1,-18.0
COc1cccc(OCC(=O)O)c1,c1ccccc1,118.0
COc1cccc(CC(=O)O)c1,c1ccccc1,70.0
COCCC#N,,-63.0
C=C=C(C)C,,-114.0
CC(C)CCO,,-117.0
Cc1ccn(C(N)=O)n1,c1cn[nH]c1,125.0
C=CC(C)CC,,-154.0
Cc1ccn(-c2ccccc2)n1,c1ccc(-n2cccn2)cc1,37.0
CC1=NN(c2ccccc2)C(=O)C1,O=C1CC=NN1c1ccccc1,129.0
Cc1nc2ccccc2[nH]c1=O,O=c1cnc2ccccc2[nH]1,271.0
Cc1c(Br)cc(Br)c(N)c1Br,c1ccccc1,101.0
CC(=O)C(C)C,,-92.0
CC(C)=CC=O,,-20.0
CC1=CC(=O)CC1,O=C1C=CCC1,2.0
Cc1ccoc1C(=O)O,c1ccoc1,135.0
COc1cccc(C)c1[N+](=O)[O-],c1ccccc1,50.0
Cc1cccc(C(=O)O)c1[N+](=O)[O-],c1ccccc1,222.0
CC1=NNC(=O)C1,O=C1CC=NN1,222.0
Cc1ccc[nH]c1=O,O=c1cccc[nH]1,140.0
Cc1n[nH]cc1[N+](=O)[O-],c1cn[nH]c1,133.0
Cc1cc(N)ccc1[N+](=O)[O-],c1ccccc1,135.0
COc1ccc([N+](=O)[O-])c(C)c1,c1ccccc1,49.0
Cc1cc(C(N)=O)ccc1[N+](=O)[O-],c1ccccc1,159.0
Cc1cc(C(=O)NN)ccc1[N+](=O)[O-],c1ccccc1,148.0
Cc1cc(C(=O)O)ccc1[N+](=O)[O-],c1ccccc1,218.0
Cc1cc(C#N)ccc1[N+](=O)[O-],c1ccccc1,81.0
Cc1cc(O)ccc1[N+](=O)[O-],c1ccccc1,128.0
Cc1n[nH]cc1-c1ccccc1,c1ccc(-c2cn[nH]c2)cc1,142.0
Cc1cncc([N+](=O)[O-])c1,c1ccncc1,96.0
Cc1cc(-c2ccccc2)[nH]n1,c1ccc(-c2ccn[nH]2)cc1,126.0
CC(=O)c1cccc(C)c1,c1ccccc1,-9.0
CC(CCC(=O)O)CC(=O)O,,100.0
Cc1csc2ccccc12,c1ccc2sccc2c1,-40.0
Cc1c(CC(=O)O)sc2ccccc12,c1ccc2sccc2c1,149.0
Cc1c(C=O)sc2ccccc12,c1ccc2sccc2c1,89.0
Cc1c(C(=O)O)sc2ccccc12,c1ccc2sccc2c1,243.0
Cc1ccc2c(ccc3ccccc32)n1,c1ccc2c(c1)ccc1ncccc12,76.0
Cc1c(C(=O)O)oc2ccccc12,c1ccc2occc2c1,196.0
Cc1cccc(-c2ccccc2)c1,c1ccc(-c2ccccc2)cc1,5.0
Cc1cccc(O)c1O,c1ccccc1,65.0
CC1CCCC(=O)C1=O,O=C1CCCCC1=O,58.0
CC1CCC(=O)C1=O,O=C1CCCC1=O,105.0
CC1CCC(=O)C1,O=C1CCCC1,-58.0
Cc1c(-c2ccccc2)oc2c(C(=O)O)cccc2c1=O,O=c1cc(-c2ccccc2)oc2ccccc12,235.0
CC(CC(=O)O)CC(=O)O,,86.0
CC(CC(=O)O)CC(=O)OC(=O)CC(C)CC(=O)O,,46.0
CCCCC(C)CC,,-121.0
Cc1cccc(C(=O)NCC(=O)O)c1,c1ccccc1,139.0
Cc1c[nH]c2ccccc12,c1ccc2[nH]ccc2c1,96.0
Cc1nocc1C(=O)O,c1cnoc1,186.0
CCC(C)CC,,-118.0
Cc1cccc(OCC(=O)O)c1,c1ccccc1,104.0
CC1CCCNC1,C1CCNCC1,-24.0
Cc1cccnc1C(N)=S,c1ccncc1,120.0
Cc1cnc2ccccc2c1,c1ccc2ncccc2c1,15.0
Cc1cc2ccccc2[n+]([O-])c1,c1ccc2[nH+]cccc2c1,89.0
Cc1cccc(C(=O)O)c1O,c1ccccc1,165.0
C=Cc1cccc(C)c1,c1ccccc1,-82.0
Cc1ccsc1,c1ccsc1,-69.0
Cc1ccsc1C(N)=O,c1ccsc1,124.0
Cc1ccsc1C(=O)O,c1ccsc1,147.0
CCC(C)CC(=O)O,,-42.0
CCCCCCCCCCCCCCCCc1ccsc1,c1ccsc1,28.0
CCCCCCSc1nc[nH]n1,c1nc[nH]n1,67.0
O=Cc1ccc(N2CCCCC2)c([N+](=O)[O-])c1,c1ccc(N2CCCCC2)cc1,52.0
O=Cc1ccc(N2CCCC2)c([N+](=O)[O-])c1,c1ccc(N2CCCC2)cc1,103.0
Nc1cc([N+](=O)[O-])cc(C(F)(F)F)c1,c1ccccc1,79.0
O=C(O)c1cc([N+](=O)[O-])cc(C(F)(F)F)c1,c1ccccc1,130.0
O=[N+]([O-])c1cc(O)cc(C(F)(F)F)c1,c1ccccc1,91.0
CC(=O)Nc1cccc([N+](=O)[O-])c1,c1ccccc1,152.0
CC(=O)c1cccc([N+](=O)[O-])c1,c1ccccc1,78.0
O=[N+]([O-])c1cccc(CS(=O)(=O)Cl)c1,c1ccccc1,99.0
Nc1cccc([N+](=O)[O-])c1,c1ccccc1,113.0
O=Cc1cccc([N+](=O)[O-])c1,c1ccccc1,58.0
O=[N+]([O-])c1cccc(C=NO)c1,c1ccccc1,124.0
NC(=O)c1cccc([N+](=O)[O-])c1,c1ccccc1,142.0
O=[N+]([O-])c1cccc(S(=O)(=O)Cl)c1,c1ccccc1,61.0
NNC(=O)c1cccc([N+](=O)[O-])c1,c1ccccc1,154.0
O=C(O)c1cccc([N+](=O)[O-])c1,c1ccccc1,142.0
N#Cc1cccc([N+](=O)[O-])c1,c1ccccc1,116.0
O=[N+]([O-])c1cccc(C(F)(F)F)c1,c1ccccc1,-5.0
O=C(Cl)c1cccc([N+](=O)[O-])c1,c1ccccc1,33.0
O=[N+]([O-])c1cccc(CO)c1,c1ccccc1,31.0
O=[N+]([O-])c1cccc(CBr)c1,c1ccccc1,58.0
O=[N+]([O-])c1cccc(CCl)c1,c1ccccc1,45.0
O=[N+]([O-])c1cccc(-c2ccccc2)c1,c1ccc(-c2ccccc2)cc1,59.0
O=C(/C=C/c1cccc([N+](=O)[O-])c1)c1ccccc1,O=C(C=Cc1ccccc1)c1ccccc1,146.0
O=[N+]([O-])c1cnc2ccccn12,c1ccn2ccnc2c1,205.0
Cc1cccc([N+](=O)[O-])c1C,c1ccccc1,14.0
O=[N+]([O-])c1cccc(O)c1,c1ccccc1,96.0
O=C=Nc1cccc([N+](=O)[O-])c1,c1ccccc1,52.0
O=[N+]([O-])c1cccc(N=C=S)c1,c1ccccc1,57.0
O=C(O)Cc1cccc([N+](=O)[O-])c1,c1ccccc1,119.0
O=C1NC(=O)c2c1cccc2[N+](=O)[O-],O=C1NC(=O)c2ccccc21,219.0
N#Cc1cccc([N+](=O)[O-])c1C#N,c1ccccc1,164.0
CCC(=O)c1cccc([N+](=O)[O-])c1,c1ccccc1,101.0
O=[N+]([O-])c1cccnc1,c1ccncc1,40.0
C=Cc1cccc([N+](=O)[O-])c1,c1ccccc1,-5.0
Cc1cccc([N+](=O)[O-])c1,c1ccccc1,16.0
CCCCCCC(=O)CC,,-8.0
O=C(O)C12CC3CC(CC1C3)C2,C1C2CC3CC1CC3C2,106.0
CCCC1=NNC(=O)C1,O=C1CC=NN1,208.0
CCCCCC(O)CC,,-45.0
CCCCCC(=O)CC,,-23.0
CCC#CCCCC,,-104.0
N#CCC(=O)c1cccs1,c1ccsc1,134.0
CCC(=O)CC#N,,29.0
CCC(=O)CC,,-39.0
OCC(O)COc1ccccc1,c1ccccc1,58.0
Nc1cccc(Oc2ccccc2)c1,c1ccc(Oc2ccccc2)cc1,36.0
O=Cc1cccc(Oc2ccccc2)c1,c1ccc(Oc2ccccc2)cc1,13.0
O=C(O)c1cccc(Oc2ccccc2)c1,c1ccc(Oc2ccccc2)cc1,148.0
OCc1cccc(Oc2ccccc2)c1,c1ccc(Oc2ccccc2)cc1,6.0
Oc1cccc(Oc2ccccc2)c1,c1ccc(Oc2ccccc2)cc1,42.0
O=C(O)Cc1cccc(Oc2ccccc2)c1,c1ccc(Oc2ccccc2)cc1,89.0
O=C(O)CCOc1ccccc1,c1ccccc1,98.0
OCCCc1ccccc1,c1ccccc1,-18.0
O=C1OCCN1c1ccccc1,O=C1OCCN1c1ccccc1,121.0
O=c1c2ccccc2ncn1-c1ccccc1,O=c1c2ccccc2ncn1-c1ccccc1,139.0
O=c1cc(-c2ccccc2)[nH]o1,O=c1cc(-c2ccccc2)[nH]o1,152.0
CC(=O)C(N=Nc1ccccc1)C(C)=O,c1ccccc1,87.0
CC(CC(=O)O)c1ccccc1,c1ccccc1,38.0
O=C(O)CC(CC(=O)O)c1ccccc1,c1ccccc1,142.0
O=C1OC(c2ccccc2)c2ccccc21,O=C1OC(c2ccccc2)c2ccccc21,117.0
O=CCCc1ccccc1,c1ccccc1,-42.0
O=C(O)CCc1ccccc1,c1ccccc1,49.0
N#CCCc1ccccc1,c1ccccc1,-2.0
O=C(Cl)CCc1ccccc1,c1ccccc1,-7.0
O=C(O)CCP(=O)(O)O,,164.0
O=C(O)CCN1C(=O)c2ccccc2C1=O,O=C1NC(=O)c2ccccc21,152.0
Cc1cccnc1,c1ccncc1,-18.0
Cc1ccc[n+]([O-])c1,c1cc[nH+]cc1,38.0
OCC1CCCNC1,C1CCNCC1,60.0
NC(=O)Cc1cccnc1,c1ccncc1,123.0
OCc1cccnc1,c1ccncc1,-7.0
O=C(O)COc1cccnc1,c1ccncc1,211.0
OC1CN2CCC1CC2,C1CN2CCC1CC2,221.0
O=S1(=O)CC=CC1,O=S1(=O)CC=CC1,65.0
CN1N=C(C(C)(C)C)CC1=O,O=C1CC=NN1,149.0
CC(C)(C)C1=NN(c2ccccc2)C(=O)C1,O=C1CC=NN1c1ccccc1,111.0
CC(C)(C)C1=NNC(=O)C1,O=C1CC=NN1,210.0
CC(C)(C)c1cccc(O)c1,c1ccccc1,45.0
Cc1cccc(C(C)(C)C)c1,c1ccccc1,-41.0
O=C(O)Cc1ccsc1,c1ccsc1,79.0
CCCCCCCCC(=O)CC,,9.0
C=Cc1cccc(C(=O)O)c1,c1ccccc1,95.0
Oc1ccc(-n2cncn2)cc1,c1ccc(-n2cncn2)cc1,255.0
CC(=O)Nc1ccc(-n2cnnc2)cc1,c1ccc(-n2cnnc2)cc1,285.0
Oc1ccc(C2SCCS2)cc1,c1ccc(C2SCCS2)cc1,118.0
CC(Br)c1ccc(C(=O)O)cc1,c1ccccc1,156.0
N#Cc1ccc(-c2cc[nH]n2)cc1,c1ccc(-c2cc[nH]n2)cc1,141.0
CC(=O)c1ccc(-n2ccnc2)cc1,c1ccc(-n2ccnc2)cc1,116.0
Oc1ccc(-n2ccnc2)cc1,c1ccc(-n2ccnc2)cc1,206.0
CC(=O)c1ccc(N2CCNCC2)cc1,c1ccc(N2CCNCC2)cc1,96.0
Oc1ccc(N2CCNCC2)cc1,c1ccc(N2CCNCC2)cc1,221.0
Nc1ccc(N2CCCCC2)cc1,c1ccc(N2CCCCC2)cc1,27.0
CC(=O)c1ccc(N2CCCC2)cc1,c1ccc(N2CCCC2)cc1,129.0
O=Cc1ccc(N2CCCC2)cc1,c1ccc(N2CCCC2)cc1,84.0
c1cc(N2CCCC2)ccn1,c1cc(N2CCCC2)ccn1,56.0
CC(C)(C)C(=O)Nc1ccncc1,c1ccncc1,136.0
NNC(=S)Nc1ccc(Cl)cc1Cl,c1ccccc1,169.0
Cc1ccc(NC(=S)NN)c(C)c1,c1ccccc1,151.0
NCCc1ccc(S(N)(=O)=O)cc1,c1ccccc1,151.0
NCCN1CCOCC1,C1COCCN1,24.0
O=C(O)c1ccc(CCCl)cc1,c1ccccc1,188.0
Nc1ccc(Oc2ccccc2Cl)cc1,c1ccc(Oc2ccccc2)cc1,82.0
NNC(=S)Nc1ccccc1Cl,c1ccccc1,138.0
OCCN1CCOCC1,C1COCCN1,2.0
OCCc1ccncc1,c1ccncc1,9.0
COCCc1ccc(O)cc1,c1ccccc1,44.0
Cc1ccccc1NC(=S)NN,c1ccccc1,147.0
CC(C)(O)C#Cc1ccccn1,c1ccncc1,83.0
CN(C)c1ccc(N=Nc2ccccn2)cc1,c1ccc(N=Nc2ccccn2)cc1,109.0
Oc1ccc(-c2nccs2)cc1,c1ccc(-c2nccs2)cc1,164.0
CC(=O)C=Cc1cccs1,c1ccsc1,24.0
Nc1ccc(-c2cccs2)cc1,c1ccc(-c2cccs2)cc1,76.0
COc1ccc(CCCC(=O)O)cc1OC,c1ccccc1,62.0
NNC(=S)Nc1cccc(Cl)c1,c1ccccc1,132.0
O=Cc1ccc(-c2cccnc2)cc1,c1ccc(-c2cccnc2)cc1,55.0
CC(=O)Nc1ccc(-c2csc(N)n2)cc1,c1ccc(-c2cscn2)cc1,250.0
Brc1cnc(N2CCOCC2)nc1OCc1ccccc1,c1ccc(COc2ccnc(N3CCOCC3)n2)cc1,115.0
CC(=O)c1ccc(-c2ccc(Br)cc2)cc1,c1ccc(-c2ccccc2)cc1,126.0
O=C(c1ccncc1)c1ccc(Cl)cc1,O=C(c1ccccc1)c1ccncc1,108.0
OC1(c2ccc(Cl)cc2)CCNCC1,c1ccc(C2CCNCC2)cc1,139.0
CCc1ccc(NC(=S)NN)cc1,c1ccccc1,130.0
O=C(O)CCCC(=O)c1ccc(F)cc1,c1ccccc1,143.0
O=C(c1ccncc1)c1ccc(F)cc1,O=C(c1ccccc1)c1ccncc1,86.0
O=C(O)CCCc1ccc(F)cc1,c1ccccc1,45.0
COc1cc(CCC(C)=O)ccc1O,c1ccccc1,41.0
CC(=O)CCc1ccc(O)cc1,c1ccccc1,82.0
COc1ccc(-c2cc(-c3ccccn3)nc(-c3ccccn3)c2)cc1,c1ccc(-c2cc(-c3ccccn3)nc(-c3ccccn3)c2)cc1,162.0
COc1ccc(CCC(C)=O)cc1,c1ccccc1,8.0
CN1CCN(c2ccc(N)cc2)CC1,c1ccc(N2CCNCC2)cc1,92.0
Cc1ccc(-c2cc(-c3ccccn3)nc(-c3ccccn3)c2)cc1,c1ccc(-c2cc(-c3ccccn3)nc(-c3ccccn3)c2)cc1,169.0
Cc1ccc(NC(=S)NN)cc1,c1ccccc1,136.0
Nc1ccc(N2CCOCC2)cc1,c1ccc(N2CCOCC2)cc1,131.0
O=C(O)c1ccc(CN2CCOCC2)cc1,c1ccc(CN2CCOCC2)cc1,181.0
O=[N+]([O-])c1ccc(Cc2ccncc2)cc1,c1ccc(Cc2ccncc2)cc1,71.0
CC(=O)c1ccc(OCc2ccc([N+](=O)[O-])cc2)cc1,c1ccc(COc2ccccc2)cc1,130.0
O=Cc1ccc(OCc2ccc([N+](=O)[O-])cc2)cc1,c1ccc(COc2ccccc2)cc1,130.0
O=[N+]([O-])c1ccc(-c2csnn2)cc1,c1ccc(-c2csnn2)cc1,209.0
O=[N+]([O-])c1ccc(N2CCOCC2)cc1,c1ccc(N2CCOCC2)cc1,150.0
NC(=O)c1ccc(OC2CCNCC2)cc1,c1ccc(OC2CCNCC2)cc1,228.0
Ic1ccc(N2CCOCC2)nc1,c1ccc(N2CCOCC2)nc1,133.0
Clc1cc(N2CCOCC2)ncn1,c1cc(N2CCOCC2)ncn1,150.0
NCC1CCNCC1,C1CCNCC1,24.0
NCc1ccncc1,c1ccncc1,-8.0
Oc1ccc(NCc2ccccc2)cc1,c1ccc(CNc2ccccc2)cc1,84.0
O=C(NC1CCC(O)CC1)OCc1ccccc1,O=C(NC1CCCCC1)OCc1ccccc1,163.0
O=C1CCC(NC(=O)OCc2ccccc2)CC1,O=C1CCC(NC(=O)OCc2ccccc2)CC1,82.0
CC(C)(C)OC(=O)Nc1ccncc1I,c1ccncc1,81.0
CC(C)(C)OC(=O)NC1CCNCC1,C1CCNCC1,164.0
CC(C)(C)OC(=O)Nc1ccncc1,c1ccncc1,149.0
N#Cc1ccc(C(=O)CBr)cc1,c1ccccc1,94.0
O=S(=O)(Cl)c1ccc(CBr)cc1,c1ccccc1,74.0
O=C(O)c1ccc(CBr)cc1,c1ccccc1,225.0
N#Cc1ccc(CBr)cc1,c1ccccc1,115.0
O=C(O)Cc1ccc(CBr)cc1,c1ccccc1,179.0
O=C(CCl)N1CCOCC1,C1COCCN1,29.0
O=C(O)c1ccc(CCl)cc1,c1ccccc1,201.0
N#Cc1ccc(CCl)cc1,c1ccccc1,79.0
O=C=Nc1ccc(CCl)cc1,c1ccccc1,33.0
O=C(O)c1ccc(S(=O)(=O)Cl)cc1,c1ccccc1,230.0
N#CCC(=O)N1CCOCC1,C1COCCN1,87.0
O=C(O)c1ccc(OC(F)F)cc1,c1ccccc1,170.0
Cc1c(N(C)C)c(=O)n(-c2ccccc2)n1C,O=c1cc[nH]n1-c1ccccc1,107.0
CN(C)c1ccncc1,c1ccncc1,112.0
CCCN(CCC)S(=O)(=O)c1ccc(C(=O)Cl)cc1,c1ccccc1,60.0
CCOC(=O)c1ccc(N=C=O)cc1,c1ccccc1,30.0
CCOC(=O)c1ccc(N=C=S)cc1,c1ccccc1,54.0
O=C(O)c1ccc(CO)cc1,c1ccccc1,181.0
O=C(O)COc1ccc(CO)cc1,c1ccccc1,112.0
O=C(O)Cc1ccc(CO)cc1,c1ccccc1,133.0
COC(=O)c1ccc(N=C=S)cc1,c1ccccc1,48.0
CNc1ccc(C(=O)O)cc1,c1ccccc1,159.0
CNc1ccncc1,c1ccncc1,126.0
CS(=O)(=O)c1ccc(S(=O)(=O)Cl)cc1,c1ccccc1,161.0
CS(=O)(=O)c1ccc(C(=O)O)cc1,c1ccccc1,273.0
CS(=O)(=O)c1ccc(O)cc1,c1ccccc1,93.0
CS(=O)(=O)c1ccc(CC(=O)O)cc1,c1ccccc1,136.0
CS(=O)(=O)Nc1ccc(C#N)cc1,c1ccccc1,194.0
CSc1ccc(C(C)=O)cc1,c1ccccc1,81.0
CSc1ccc(C=O)cc1,c1ccccc1,6.0
CSc1ccc(C(=O)O)cc1,c1ccccc1,195.0
CSc1ccc(C#N)cc1,c1ccccc1,62.0
CSc1ccc(CO)cc1,c1ccccc1,42.0
CSc1ccc(O)cc1C,c1ccccc1,56.0
CSc1ccc(O)cc1,c1ccccc1,86.0
CSc1ccc(N=C=S)cc1,c1ccccc1,50.0
CSc1ccc(CC(=O)O)cc1,c1ccccc1,100.0
CSc1ccc(S)cc1,c1ccccc1,13.0
O=NCNCCCC(=O)c1cccnc1,c1ccncc1,64.0
CCCCCCCCCOc1ccc(C(=O)O)cc1,c1ccccc1,143.0
CCCCCCCCOc1ccc(O)cc1,c1ccccc1,80.0
CC(=O)c1ccc(C#Cc2ccccc2)cc1,C(#Cc1ccccc1)c1ccccc1,101.0
O=S(=O)(Cl)c1cc(S(=O)(=O)c2ccccc2)cs1,O=S(=O)(c1ccccc1)c1ccsc1,102.0
Cc1ccc(CCCC(=O)O)cc1,c1ccccc1,57.0
CC(C)(C)Oc1ccc(O)cc1,c1ccccc1,152.0
O=C(O)c1ccc(C(=O)C(F)(F)F)cc1,c1ccccc1,178.0
NC(=O)c1ccc(OC(F)(F)F)cc1,c1ccccc1,156.0
NS(=O)(=O)c1ccc(OC(F)(F)F)cc1,c1ccccc1,147.0
O=C(O)c1ccc(OC(F)(F)F)cc1,c1ccccc1,153.0
FC(F)(F)Oc1ccc(CBr)cc1,c1ccccc1,23.0
Oc1ccc(OC(F)(F)F)cc1,c1ccccc1,18.0
O=C=Nc1ccc(OC(F)(F)F)cc1,c1ccccc1,-29.0
O=C(O)Cc1ccc(OC(F)(F)F)cc1,c1ccccc1,87.0
N#CCc1ccc(OC(F)(F)F)cc1,c1ccccc1,29.0
CC(=O)Nc1ccc(C(F)(F)F)cc1,c1ccccc1,152.0
CC(=O)c1ccc(C(F)(F)F)cc1,c1ccccc1,32.0
Nc1ccc(C(F)(F)F)cc1,c1ccccc1,7.0
O=Cc1ccc(C(F)(F)F)cc1,c1ccccc1,2.0
NC(=O)c1ccc(C(F)(F)F)cc1,c1ccccc1,184.0
NS(=O)(=O)c1ccc(C(F)(F)F)cc1,c1ccccc1,180.0
O=S(=O)(Cl)c1ccc(C(F)(F)F)cc1,c1ccccc1,31.0
NNC(=O)c1ccc(C(F)(F)F)cc1,c1ccccc1,119.0
OC(c1ccccc1)c1ccc(C(F)(F)F)cc1,c1ccc(Cc2ccccc2)cc1,60.0
O=C(O)c1ccc(C(F)(F)F)cc1,c1ccccc1,221.0
N#Cc1ccc(C(F)(F)F)cc1,c1ccccc1,38.0
O=C(c1ccccc1)c1ccc(C(F)(F)F)cc1,O=C(c1ccccc1)c1ccccc1,118.0
O=C(Cl)c1ccc(C(F)(F)F)cc1,c1ccccc1,-3.0
OCc1ccc(C(F)(F)F)cc1,c1ccccc1,19.0
FC(F)(F)c1ccc(CBr)cc1,c1ccccc1,31.0
O=C(O)c1ccccc1-c1ccc(C(F)(F)F)cc1,c1ccc(-c2ccccc2)cc1,169.0
O=C(O)C(O)c1ccc(C(F)(F)F)cc1,c1ccccc1,130.0
O=C(O)c1cnccc1C(F)(F)F,c1ccncc1,148.0
FC(F)(F)c1ccc(N=C=S)cc1,c1ccccc1,41.0
O=C(O)Cc1ccc(C(F)(F)F)cc1,c1ccccc1,80.0
N#CCc1ccc(C(F)(F)F)cc1,c1ccccc1,45.0
NNc1ccc(C(F)(F)F)cc1,c1ccccc1,62.0
CCC(=O)c1ccc(C(F)(F)F)cc1,c1ccccc1,36.0
N#Cc1ccc(S(=O)(=O)C(F)(F)F)cc1,c1ccccc1,90.0
CC(=O)c1ccc(SC(F)(F)F)cc1,c1ccccc1,30.0
O=Cc1ccc(SC(F)(F)F)cc1,c1ccccc1,30.0
O=C(O)c1ccc(SC(F)(F)F)cc1,c1ccccc1,161.0
OCc1ccc(SC(F)(F)F)cc1,c1ccccc1,52.0
FC(F)(F)Sc1ccc(CBr)cc1,c1ccccc1,55.0
Oc1ccc(SC(F)(F)F)cc1,c1ccccc1,59.0
Brc1cc2ccc1CCc1ccc(c(Br)c1)CC2,c1cc2ccc1CCc1ccc(cc1)CC2,251.0
CC(C)(C)c1ccc2c(c1)OCCOCCOc1cc(C(C)(C)C)ccc1OCCOCCO2,c1ccc2c(c1)OCCOCCOc1ccccc1OCCOCCO2,110.0
Oc1ccc(C(c2ccc(O)cc2)(C(F)(F)F)C(F)(F)F)cc1,c1ccc(Cc2ccccc2)cc1,160.0
O=C1OC(=O)c2cc(C(c3ccc4c(c3)C(=O)OC4=O)(C(F)(F)F)C(F)(F)F)ccc21,O=C1OC(=O)c2cc(Cc3ccc4c(c3)C(=O)OC4=O)ccc21,246.0
OC(c1ccc(Cl)cc1)(c1ccc(Cl)cc1)c1ccc(Cl)cc1,c1ccc(C(c2ccccc2)c2ccccc2)cc1,96.0
O=C(CC(=O)C(F)(F)F)c1ccco1,c1ccoc1,21.0
O=C(O)CC(O)(C(F)(F)F)C(F)(F)F,,87.0
CC(O)(CC(=O)O)C(F)(F)F,,40.0
O=C(O)CCC(F)(F)F,,31.0
COc1ccc(C(O)(c2ccc(OC)cc2)c2ccc(OC)cc2)cc1,c1ccc(C(c2ccccc2)c2ccccc2)cc1,79.0
Cc1ccc(C(O)(c2ccc(C)cc2)c2ccc(C)cc2)cc1,c1ccc(C(c2ccccc2)c2ccccc2)cc1,95.0
c1cc(-c2ccncc2)ccn1,c1cc(-c2ccncc2)ccn1,113.0
Cc1ccc(C)c(/C=C/c2ccc(-c3ccc(/C=C/c4cc(C)ccc4C)cc3)cc2)c1,C(=Cc1ccc(-c2ccc(C=Cc3ccccc3)cc2)cc1)c1ccccc1,198.0
CC(CCC(=O)O)(c1ccc(O)cc1)c1ccc(O)cc1,c1ccc(Cc2ccccc2)cc1,173.0
CCN(CC)c1ccc(C(=O)c2ccc(N(CC)CC)cc2)cc1,O=C(c1ccccc1)c1ccccc1,94.0
CC(=O)Oc1ccc(-c2ccc(OC(C)=O)cc2)cc1,c1ccc(-c2ccccc2)cc1,164.0
CC(=O)c1ccc(-c2ccc(C(C)=O)cc2)cc1,c1ccc(-c2ccccc2)cc1,192.0
Nc1ccc(NC(=O)c2ccc(N)cc2)cc1,O=C(Nc1ccccc1)c1ccccc1,201.0
Nc1ccc(S(=O)(=O)c2ccc(N)cc2)cc1,O=S(=O)(c1ccccc1)c1ccccc1,177.0
Nc1ccc(Cc2ccc(N)cc2)cc1,c1ccc(Cc2ccccc2)cc1,90.0
Nc1ccc(-c2ccc(-c3ccc(N)cc3)cc2)cc1,c1ccc(-c2ccc(-c3ccccc3)cc2)cc1,247.0
CC1=NNC(=O)C1(Br)Br,O=C1CC=NN1,131.0
O=C(C(=O)c1ccc(Br)cc1)c1ccc(Br)cc1,O=C(C(=O)c1ccccc1)c1ccccc1,225.0
O=C(c1ccc(Br)cc1)c1ccc(Br)cc1,O=C(c1ccccc1)c1ccccc1,174.0
Brc1ccc(-c2ccc(Br)cc2)cc1,c1ccc(-c2ccccc2)cc1,167.0
OC(c1ccc(Cl)cc1)c1ccc(Cl)cc1,c1ccc(Cc2ccccc2)cc1,92.0
O=C(c1ccc(Cl)cc1)c1ccc(Cl)cc1,O=C(c1ccccc1)c1ccccc1,145.0
O=C(CCCCl)c1ccc(Cl)cc1,c1ccccc1,30.0
O=C(/C=C/c1ccc(Cl)cc1)c1ccc(Cl)cc1,O=C(C=Cc1ccccc1)c1ccccc1,158.0
OC(c1ccc(F)cc1)c1ccc(F)cc1,c1ccc(Cc2ccccc2)cc1,47.0
O=C(C(=O)c1ccc(F)cc1)c1ccc(F)cc1,O=C(C(=O)c1ccccc1)c1ccccc1,121.0
O=C(c1ccc(F)cc1)c1ccc(F)cc1,O=C(c1ccccc1)c1ccccc1,108.0
Fc1ccc(-c2ccc(F)cc2)cc1,c1ccc(-c2ccccc2)cc1,88.0
O=C(O)C1CCC(F)(F)CC1,C1CCCCC1,106.0
O=C1CCC(F)(F)CC1,O=C1CCCCC1,39.0
O=C(c1ccc(O)cc1)c1ccc(O)cc1,O=C(c1ccccc1)c1ccccc1,223.0
Oc1ccc(-c2ccc(O)cc2)cc1,c1ccc(-c2ccccc2)cc1,282.0
Oc1ccc(Cc2ccc(O)cc2)cc1,c1ccc(Cc2ccccc2)cc1,161.0
Ic1ccc(-c2ccc(I)cc2)cc1,c1ccc(-c2ccccc2)cc1,207.0
CC(C)c1ccc(-c2ccc(C(C)C)cc2)cc1,c1ccc(-c2ccccc2)cc1,66.0
COc1ccc(C(O)c2ccc(OC)cc2)cc1,c1ccc(Cc2ccccc2)cc1,70.0
COc1ccc(C(=O)c2ccc(OC)cc2)cc1,O=C(c1ccccc1)c1ccccc1,144.0
COc1ccc(/C=C/C(=O)c2ccc(OC)cc2)cc1,O=C(C=Cc1ccccc1)c1ccccc1,101.0
COc1ccc(Nc2ccc(OC)cc2)cc1,c1ccc(Nc2ccccc2)cc1,102.0
COc1ccc(C(Cl)(c2ccccc2)c2ccc(OC)cc2)cc1,c1ccc(C(c2ccccc2)c2ccccc2)cc1,124.0
CC1(C)CN(c2ccccc2)NC1=O,O=C1CCN(c2ccccc2)N1,170.0
Cc1ccnc(-c2cc(C)ccn2)c1,c1ccc(-c2ccccn2)nc1,174.0
CC1(C)COC(c2ccccc2)=N1,c1ccc(C2=NCCO2)cc1,22.0
CN(C)C(=S)NN,,145.0
Cc1ccc(C(O)c2ccc(C)cc2)cc1,c1ccc(Cc2ccccc2)cc1,71.0
Cc1ccc(C(=O)C(=O)c2ccc(C)cc2)cc1,O=C(C(=O)c1ccccc1)c1ccccc1,103.0
Cc1ccc(C(=O)c2ccc(C)cc2)cc1,O=C(c1ccccc1)c1ccccc1,94.0
Cc1ccc(-c2ccc(C)cc2)cc1,c1ccc(-c2ccccc2)cc1,120.0
CC1(C)CCC(=O)CC1,O=C1CCCCC1,42.0
O=[N+]([O-])c1ccc(-c2ccc(-c3ccc([N+](=O)[O-])cc3)cc2)cc1,c1ccc(-c2ccc(-c3ccccc3)cc2)cc1,278.0
CCCCCCCCCc1ccnc(-c2cc(CCCCCCCCC)ccn2)c1,c1ccc(-c2ccccn2)nc1,62.0
O=C(c1ccc(Oc2ccccc2)cc1)c1ccc(Oc2ccccc2)cc1,O=C(c1ccc(Oc2ccccc2)cc1)c1ccc(Oc2ccccc2)cc1,149.0
O=C(c1ccc(-c2ccccc2)cc1)c1ccc(-c2ccccc2)cc1,O=C(c1ccc(-c2ccccc2)cc1)c1ccc(-c2ccccc2)cc1,238.0
c1cc(SSc2ccncc2)ccn1,c1cc(SSc2ccncc2)ccn1,76.0
CC(C)(C)c1ccc(-c2ccc(C(C)(C)C)cc2)cc1,c1ccc(-c2ccccc2)cc1,128.0
CC(C)(C)c1ccc(Cc2ccc(C(C)(C)C)cc2)cc1,c1ccc(Cc2ccccc2)cc1,72.0
CC(C)(C)c1cc(Cc2cc(C(C)(C)C)c(O)c(C(C)(C)C)c2)cc(C(C)(C)C)c1O,c1ccc(Cc2ccccc2)cc1,156.0
CN(C)c1ccc(Cc2ccc(N(C)C)cc2)cc1,c1ccc(Cc2ccccc2)cc1,87.0
O=C(O)c1ccc(Oc2ccc(C(=O)O)cc2)cc1,c1ccc(Oc2ccccc2)cc1,331.0
Oc1ccc(Sc2ccc(O)cc2)cc1,c1ccc(Sc2ccccc2)cc1,153.0
c1n[nH]c2c1CCCC2,c1n[nH]c2c1CCCC2,82.0
O=C1CC(c2ccc(O)cc2)Oc2cc(O)cc(O)c21,O=C1CC(c2ccccc2)Oc2ccccc21,250.0
O=c1c(-c2ccc(O)cc2)coc2cc(O)cc(O)c12,O=c1c(-c2ccccc2)coc2ccccc12,300.0
CC1(C)c2cccc(P(c3ccccc3)c3ccccc3)c2Oc2c(P(c3ccccc3)c3ccccc3)cccc21,c1ccc(P(c2ccccc2)c2cccc3c2Oc2c(cccc2P(c2ccccc2)c2ccccc2)C3)cc1,226.0
CC1(C)c2cccc(P(C(C)(C)C)C(C)(C)C)c2Oc2c(P(C(C)(C)C)C(C)(C)C)cccc21,c1ccc2c(c1)Cc1ccccc1O2,155.0
O=C(O)c1cc(Br)c(Br)o1,c1ccoc1,171.0
O=C1OC2(c3ccccc31)c1ccc(O)c(Br)c1Oc1c2ccc(O)c1Br,O=C1OC2(c3ccccc3Oc3ccccc32)c2ccccc21,272.0
Cc1cc(Br)c(Br)cc1C,c1ccccc1,86.0
O=Cc1cc(Br)c(Br)s1,c1ccsc1,80.0
O=C(O)c1cc(Br)c(Br)s1,c1ccsc1,230.0
O=S(=O)(Cl)c1cc(Br)c(Br)s1,c1ccsc1,77.0
COc1cc(Br)c(Br)cc1OC,c1ccccc1,91.0
Cc1nc(Cl)c(Cl)n1C,c1c[nH]cn1,54.0
Cn1cnc(Cl)c1Cl,c1c[nH]cn1,54.0
Nc1cc(Cl)c(Cl)cc1[N+](=O)[O-],c1ccccc1,181.0
Clc1nc[nH]c1Cl,c1c[nH]cn1,181.0
O=c1[nH]ncc(Cl)c1Cl,O=c1cccn[nH]1,202.0
N#Cc1nc[nH]c1C#N,c1c[nH]cn1,175.0
N#Cc1cc(F)c(F)cc1O,c1ccccc1,162.0
COc1cc(F)c(F)cc1C#N,c1ccccc1,99.0
COc1cc(F)c(F)cc1CBr,c1ccccc1,42.0
Cc1cc(F)c(F)cc1N,c1ccccc1,57.0
Cc1cc(F)c(F)cc1C(=O)O,c1ccccc1,120.0
O=C(O)c1cc(F)c(F)cc1[N+](=O)[O-],c1ccccc1,165.0
O=Cc1cc(F)c(F)cc1O,c1ccccc1,70.0
COc1cc(O)c2c(=O)cc(-c3ccc(O)cc3)oc2c1,O=c1cc(-c2ccccc2)oc2ccccc12,289.0
COc1cc(C(=O)O)c([N+](=O)[O-])cc1OC,c1ccccc1,194.0
COc1cc(CO)c([N+](=O)[O-])cc1OC,c1ccccc1,146.0
COc1cc(CC(=O)O)c([N+](=O)[O-])cc1OC,c1ccccc1,207.0
COc1cc(CC#N)c([N+](=O)[O-])cc1OC,c1ccccc1,111.0
COc1cc(C=O)cc(I)c1OC,c1ccccc1,64.0
Cc1cc(N)c([N+](=O)[O-])cc1C,c1ccccc1,141.0
Cc1cc(C(=O)O)sc1C,c1ccsc1,209.0
c1ccc(-c2nnsc2-c2ccccc2)cc1,c1ccc(-c2nnsc2-c2ccccc2)cc1,93.0
Sc1nc(-c2ccccc2)c(-c2ccccc2)o1,c1ccc(-c2ncoc2-c2ccccc2)cc1,253.0
c1ccc(-c2nc[nH]c2-c2ccccc2)cc1,c1ccc(-c2nc[nH]c2-c2ccccc2)cc1,232.0
c1ccc(P(c2ccccc2)c2cccc3c2Oc2c(cccc2P(c2ccccc2)c2ccccc2)N3)cc1,c1ccc(P(c2ccccc2)c2cccc3c2Oc2c(cccc2P(c2ccccc2)c2ccccc2)N3)cc1,259.0
CSc1nc(N)cc(N)n1,c1cncnc1,189.0
Brc1ccnc(-c2ccc(Br)nc2)c1,c1ccc(-c2cccnc2)nc1,129.0
Nc1c(Br)cc(Br)c(Cl)c1Cl,c1ccccc1,97.0
Brc1cc(Br)ncn1,c1cncnc1,51.0
CSc1nc(Cl)cc(Cl)n1,c1cncnc1,40.0
Cc1c(Cl)ncnc1Cl,c1cncnc1,58.0
Clc1cc(Cl)ncn1,c1cncnc1,66.0
Oc1cc(O)c(Cl)cc1Cl,c1ccccc1,115.0
O=Cc1c(O)cc(Cl)cc1Cl,c1ccccc1,52.0
CC(C)c1cc2c(c(C(C)C)c1O)C(C)(C)CC2(C)C,c1ccc2c(c1)CCC2,147.0
COc1cc(OC)nc(S(C)(=O)=O)n1,c1cncnc1,131.0
O=c1cc(-c2ccccc2)cc(-c2ccccc2)o1,O=c1cc(-c2ccccc2)cc(-c2ccccc2)o1,137.0
O=c1oc2c(o1)=C(c1ccccc1)S(=O)(=O)C=2c1ccccc1,O=c1oc2c(o1)=C(c1ccccc1)S(=O)(=O)C=2c1ccccc1,227.0
O=C1Nc2c(Cl)ccc(Cl)c2C1=O,O=C1Nc2ccccc2C1=O,248.0
Clc1ccc2c(Cl)ccnc2c1,c1ccc2ncccc2c1,85.0
COc1ccc(-c2coc3cc(OC)ccc3c2=O)cc1,O=c1c(-c2ccccc2)coc2ccccc12,162.0
Cc1ccnc2c1ccc1c(C)ccnc12,c1cnc2c(c1)ccc1cccnc12,194.0
FC(F)(F)c1cc(Cl)c2cccc(Cl)c2n1,c1ccc2ncccc2c1,62.0
NNC(=S)NCCN1CCOCC1,C1COCCN1,166.0
O=[N+]([O-])c1ccc(OCCN2CCOCC2)cc1,c1ccc(OCCN2CCOCC2)cc1,80.0
NNC(=S)NCCCN1CCOCC1,C1COCCN1,136.0
NNC(=S)Nc1cccc(C(F)(F)F)c1,c1ccccc1,121.0
OC1(c2cccc(C(F)(F)F)c2)CCNCC1,c1ccc(C2CCNCC2)cc1,93.0
FC(F)(F)Oc1ccc(OC2CCNCC2)cc1,c1ccc(OC2CCNCC2)cc1,72.0
NNC(=S)Nc1ccc(C(F)(F)F)cc1,c1ccccc1,167.0
CC(=O)Nc1ccc(C(C)=O)c(C)c1,c1ccccc1,139.0
CC(=O)Nc1ccc(C#N)c(C)c1,c1ccccc1,163.0
CC(=O)Nc1ccc(C(C)=O)cc1Br,c1ccccc1,140.0
CC(=O)Nc1ccc(C(=O)O)cc1[N+](=O)[O-],c1ccccc1,226.0
CC(=O)Nc1cccc2c1-c1ccccc1C2=O,O=C1c2ccccc2-c2ccccc21,263.0
CC(=O)Nc1ccc(C(C)=O)cc1,c1ccccc1,169.0
CC(=O)Nc1c(C)n(C)n(-c2ccccc2)c1=O,O=c1cc[nH]n1-c1ccccc1,202.0
CC(=O)Nc1ccc(C=O)cc1,c1ccccc1,156.0
CC(=O)Nc1ccc(S(=O)(=O)N=[N+]=[N-])cc1,c1ccccc1,109.0
CC(=O)NCCCC(=O)O,,130.0
CC(=O)Nc1ccc(O)cc1,c1ccccc1,170.0
CC(=O)NC1CCNCC1,C1CCNCC1,141.0
COc1cc(C=O)ccc1OC(C)=O,c1ccccc1,76.0
COc1cc(/C=C/C(=O)O)ccc1OC(C)=O,c1ccccc1,195.0
CC(=O)Oc1ccc(C(C)=O)cc1,c1ccccc1,53.0
CC(=O)Oc1ccc(C(=O)O)cc1,c1ccccc1,194.0
CC(=O)Oc1ccc(-c2ccccc2)cc1,c1ccc(-c2ccccc2)cc1,88.0
C=Cc1ccc(OC(C)=O)cc1,c1ccccc1,8.0
CC(=O)C(C)(CCC(=O)O)CCC(=O)O,,123.0
CC(=O)c1cnn(-c2ccccc2)c1C,c1ccc(-n2cccn2)cc1,104.0
CC(=O)c1ccc(S(=O)(=O)Cl)cc1,c1ccccc1,84.0
CC(=O)c1ccc(C(=O)O)cc1,c1ccccc1,210.0
CC(=O)c1ccc(C#N)cc1,c1ccccc1,57.0
CC(=O)c1ccc(-c2ccccc2)cc1,c1ccc(-c2ccccc2)cc1,120.0
CC(=O)CCCC(=O)O,,12.0
CC(=O)c1ccc(OCC(=O)O)cc1,c1ccccc1,173.0
CC(=O)c1ccc(N=C=O)cc1,c1ccccc1,34.0
CC(=O)c1ccc(N=C=S)cc1,c1ccccc1,79.0
CC(=O)c1ccncc1,c1ccncc1,15.0
C=CC(=O)N1CCOCC1,C1COCCN1,-8.0
Nn1cnnc1,c1nnc[nH]1,86.0
Cc1nn(C)c(C)c1N,c1cn[nH]c1,102.0
CC(C)(C)OC(=O)N1CCC(N)CC1,C1CCNCC1,46.0
NCCCCO,,17.0
Nc1cn[nH]c1,c1cn[nH]c1,75.0
Nc1ncnc2c1cnn2-c1ccccc1,c1ccc(-n2ncc3cncnc32)cc1,216.0
CSc1ncc(C#N)c(N)n1,c1cncnc1,242.0
N#Cc1ccc(N)cc1C(F)(F)F,c1ccccc1,138.0
CC1(C)CC(N)CC(C)(C)N1,C1CCNCC1,17.0
Nc1c(F)c(F)c(C(=O)O)c(F)c1F,c1ccccc1,183.0
Nc1c(F)c(F)nc(F)c1F,c1ccncc1,86.0
N#Cc1cc(F)c(N)cc1F,c1ccccc1,93.0
CC(=O)Nc1c(Br)cc(N)cc1Br,c1ccccc1,248.0
Nc1cc(Br)c(O)c(Br)c1,c1ccccc1,196.0
Nc1cc(Cl)c(O)c(Cl)c1,c1ccccc1,167.0
Nc1cc(Cl)nc(Cl)c1,c1ccncc1,174.0
Cc1cc(N)nc(C)n1,c1cncnc1,185.0
Nc1ccnc(Br)c1,c1ccncc1,98.0
CC(=O)Nc1ccc(N)cc1Cl,c1ccccc1,132.0
N#Cc1ccc(N)cc1Cl,c1ccccc1,118.0
Nc1ccc(O)c(Cl)c1,c1ccccc1,152.0
Nc1ccnc(Cl)c1,c1ccncc1,93.0
N#Cc1cnc(Cl)nc1N,c1cncnc1,244.0
Nc1ccc(C(=O)O)c(F)c1,c1ccccc1,210.0
Nc1ccc(O)c(F)c1,c1ccccc1,171.0
Cc1cc(N)c2ccccc2n1,c1ccc2ncccc2c1,164.0
Nc1ccc(O)c([N+](=O)[O-])c1,c1ccccc1,129.0
N#Cc1ccc(N)c(C(F)(F)F)c1,c1ccccc1,62.0
Nc1ccncc1C(F)(F)F,c1ccncc1,100.0
N#Cc1cc(Cl)c(N)c(Cl)c1,c1ccccc1,118.0
Nc1c(Cl)cncc1Cl,c1ccncc1,161.0
Nc1c(F)cc(O)cc1F,c1ccccc1,149.0
Cc1nnc(C)n1N,c1nnc[nH]1,198.0
Nc1ccncc1Br,c1ccncc1,67.0
Cc1cc(C#N)cc(Cl)c1N,c1ccccc1,129.0
N#Cc1ccc(N)c(Cl)c1,c1ccccc1,101.0
Nc1ccncc1Cl,c1ccncc1,51.0
CCc1cc(C#N)ccc1N,c1ccccc1,63.0
Nc1ccc(C(=O)O)cc1F,c1ccccc1,215.0
N#Cc1ccc(N)c(F)c1,c1ccccc1,89.0
Nc1ccc(O)cc1F,c1ccccc1,139.0
COc1cc(C(=O)O)ccc1N,c1ccccc1,187.0
Cc1cc(C(=O)O)ccc1N,c1ccccc1,170.0
Cc1cc(C#N)ccc1N,c1ccccc1,94.0
Cc1cc(O)ccc1N,c1ccccc1,178.0
N#Cc1ccc(N)c([N+](=O)[O-])c1,c1ccccc1,160.0
Nc1ccc(C(=O)c2ccccc2)cc1[N+](=O)[O-],O=C(c1ccccc1)c1ccccc1,140.0
Nc1ccc(O)cc1[N+](=O)[O-],c1ccccc1,151.0
Nc1ccncc1[N+](=O)[O-],c1ccncc1,203.0
CC(=O)C=C(C)N,,39.0
Nc1ccc(Oc2ccc(Cl)cc2)cc1,c1ccc(Oc2ccccc2)cc1,102.0
Nc1cc(Cl)ncc1Br,c1ccncc1,128.0
Cc1nc(C)c(Cl)c(N)n1,c1cncnc1,165.0
Nc1cc(O)ncn1,c1cncnc1,263.0
CC(=O)Nc1ccc(N)cc1,c1ccccc1,163.0
CC(=O)c1ccc(N)cc1,c1ccccc1,106.0
Cc1c(N)c(=O)n(-c2ccccc2)n1C,O=c1cc[nH]n1-c1ccccc1,108.0
NC(=O)c1ccc(N)cc1,c1ccccc1,183.0
Nc1ccc(NC(=O)c2ccccc2)cc1,O=C(Nc1ccccc1)c1ccccc1,129.0
NNC(=O)c1ccc(N)cc1,c1ccccc1,228.0
Nc1ccc(C(=O)O)cc1,c1ccccc1,188.0
N#Cc1ccc(N)cc1,c1ccccc1,85.0
Nc1ccc(C(=O)c2ccccc2)cc1,O=C(c1ccccc1)c1ccccc1,123.0
Nc1ccc(CO)cc1,c1ccccc1,61.0
Nc1cccc2[nH]ccc12,c1ccc2[nH]ccc2c1,108.0
CC(C)(C)OC(=O)N[C@@H](Cc1ccc(N)cc1)C(=O)O,c1ccccc1,125.0
CNS(=O)(=O)Cc1ccc(N)cc1,c1ccccc1,141.0
Nc1ccc(O)cc1,c1ccccc1,188.0
N#CCc1ccc(N)cc1,c1ccccc1,44.0
Nc1ccc2c(c1)C(=O)NC2=O,O=C1NC(=O)c2ccccc21,290.0
N#Cc1ccc(N)cc1C#N,c1ccccc1,181.0
Nc1ccncc1,c1ccncc1,159.0
Nc1ccncc1C=O,c1ccncc1,110.0
Nc1ccncc1CO,c1ccncc1,168.0
Nc1ccncn1,c1cncnc1,150.0
N#Cc1cncnc1N,c1cncnc1,255.0
C=Cc1ccc(N)cc1,c1ccccc1,24.0
CN1CCC(Nc2ccccc2)CC1,c1ccc(NC2CCNCC2)cc1,84.0
c1cnc2nc[nH]c2c1,c1cnc2nc[nH]c2c1,148.0
Cc1[nH]n(-c2ccccc2)c(=O)c1C(=O)c1ccccc1,O=C(c1ccccc1)c1c[nH]n(-c2ccccc2)c1=O,91.0
O=C(c1ccccc1)c1ccc(-c2ccc(Br)cc2)cc1,O=C(c1ccccc1)c1ccc(-c2ccccc2)cc1,157.0
O=C(O)c1ccc(C(=O)c2ccccc2)cc1,O=C(c1ccccc1)c1ccccc1,199.0
O=C(c1ccccc1)c1ccc(-c2ccccc2)cc1,O=C(c1ccccc1)c1ccc(-c2ccccc2)cc1,101.0
O=C(O)CCCC(=O)c1ccccc1,c1ccccc1,127.0
O=C(c1ccccc1)c1ccncc1,O=C(c1ccccc1)c1ccncc1,70.0
NNC(=S)NCc1ccccc1,c1ccccc1,130.0
OC1(Cc2ccccc2)CCNCC1,c1ccc(CC2CCNCC2)cc1,80.0
Nc1ccc(Cc2ccccc2)cc1,c1ccc(Cc2ccccc2)cc1,37.0
c1ccc(Cc2ccc(-c3ccccc3)cc2)cc1,c1ccc(Cc2ccc(-c3ccccc3)cc2)cc1,86.0
Fc1cc(OCc2ccccc2)ccc1Br,c1ccc(COc2ccccc2)cc1,34.0
O=C(O)c1ccc(OCc2ccccc2)cc1F,c1ccc(COc2ccccc2)cc1,167.0
O=Cc1ccc(OCc2ccccc2)cc1O,c1ccc(COc2ccccc2)cc1,79.0
Oc1cc(OCc2ccccc2)ccn1,c1ccc(COc2ccncc2)cc1,196.0
COc1cc(OCc2ccccc2)ccc1C=O,c1ccc(COc2ccccc2)cc1,96.0
Cc1cc(C(=O)O)cc(C)c1OCc1ccccc1,c1ccc(COc2ccccc2)cc1,159.0
COc1cc(C(C)=O)ccc1OCc1ccccc1,c1ccc(COc2ccccc2)cc1,86.0
COc1cc(C=O)ccc1OCc1ccccc1,c1ccc(COc2ccccc2)cc1,63.0
COc1cc(CO)ccc1OCc1ccccc1,c1ccc(COc2ccccc2)cc1,72.0
COc1cc(/C=C/[N+](=O)[O-])ccc1OCc1ccccc1,c1ccc(COc2ccccc2)cc1,123.0
COc1cc(/C=C/C(=O)O)ccc1OCc1ccccc1,c1ccc(COc2ccccc2)cc1,192.0
COc1cc(CC#N)ccc1OCc1ccccc1,c1ccc(COc2ccccc2)cc1,69.0
Brc1cnc(N2CCCCC2)nc1OCc1ccccc1,c1ccc(COc2ccnc(N3CCCCC3)n2)cc1,107.0
Brc1cnc(N2CCCC2)nc1OCc1ccccc1,c1ccc(COc2ccnc(N3CCCC3)n2)cc1,107.0
CN1CCN(c2ncc(Br)c(OCc3ccccc3)n2)CC1,c1ccc(COc2ccnc(N3CCNCC3)n2)cc1,63.0
Clc1ncc(Br)c(OCc2ccccc2)n1,c1ccc(COc2ccncn2)cc1,115.0
CC(=O)c1ccc(OCc2ccccc2)cc1,c1ccc(COc2ccccc2)cc1,92.0
O=Cc1ccc(OCc2ccccc2)cc1,c1ccc(COc2ccccc2)cc1,72.0
O=C(O)c1ccc(OCc2ccccc2)cc1,c1ccc(COc2ccccc2)cc1,189.0
N#Cc1ccc(OCc2ccccc2)cc1,c1ccc(COc2ccccc2)cc1,97.0
O=C(c1ccccc1)c1ccc(OCc2ccccc2)cc1,O=C(c1ccccc1)c1ccc(OCc2ccccc2)cc1,82.0
OCc1ccc(OCc2ccccc2)cc1,c1ccc(COc2ccccc2)cc1,86.0
O=C1CN(C(=O)OCc2ccccc2)CCN1,O=C1CN(C(=O)OCc2ccccc2)CCN1,120.0
c1ccc(COc2cccc3[nH]ccc23)cc1,c1ccc(COc2cccc3[nH]ccc23)cc1,60.0
Oc1ccc(OCc2ccccc2)cc1,c1ccc(COc2ccccc2)cc1,120.0
O=C(O)COc1ccc(OCc2ccccc2)cc1,c1ccc(COc2ccccc2)cc1,140.0
S=C=Nc1ccc(OCc2ccccc2)cc1,c1ccc(COc2ccccc2)cc1,64.0
N#CCc1ccc(OCc2ccccc2)cc1,c1ccc(COc2ccccc2)cc1,68.0
CCC(=O)c1ccc(OCc2ccccc2)cc1,c1ccc(COc2ccccc2)cc1,100.0
[O-][n+]1ccc(OCc2ccccc2)cc1,c1ccc(COc2cc[nH+]cc2)cc1,174.0
Oc1ccc(Cc2ccccc2)cc1,c1ccc(Cc2ccccc2)cc1,83.0
N#CCc1ccc(Cc2ccccc2)cc1,c1ccc(Cc2ccccc2)cc1,36.0
c1ccc(CC2CCNCC2)cc1,c1ccc(CC2CCNCC2)cc1,7.0
c1ccc(Cc2ccncc2)cc1,c1ccc(Cc2ccncc2)cc1,10.0
O=C(O)Cc1ccc(-c2ccccc2)cc1,c1ccc(-c2ccccc2)cc1,161.0
N#CCc1ccc(-c2ccccc2)cc1,c1ccc(-c2ccccc2)cc1,95.0
NNC(=O)c1ccc(-c2ccccc2)cc1,c1ccc(-c2ccccc2)cc1,194.0
OCc1ccc(-c2ccccc2)cc1,c1ccc(-c2ccccc2)cc1,101.0
Clc1ccc(Br)cc1Cl,c1ccccc1,24.0
Fc1ccc(Br)cc1F,c1ccccc1,-4.0
Cc1nn(C)c(C)c1Br,c1cn[nH]c1,35.0
O=[N+]([O-])c1cc(Br)ccc1F,c1ccccc1,19.0
Oc1ccc(Br)cc1-c1cc[nH]n1,c1ccc(-c2cc[nH]n2)cc1,162.0
CC(=Cc1cc(Br)cs1)[N+](=O)[O-],c1ccsc1,89.0
Oc1ccc(Br)cc1-c1ccno1,c1ccc(-c2ccno2)cc1,211.0
CC(=O)Nc1ccc(Br)cc1OC(F)(F)F,c1ccccc1,136.0
Oc1ccc(Br)cc1OC(F)(F)F,c1ccccc1,53.0
O=S(=O)(Cl)c1ccc(Br)cc1C(F)(F)F,c1ccccc1,56.0
Oc1ccc(Br)cc1C(F)(F)F,c1ccccc1,84.0
N#CC(CCBr)(c1ccccc1)c1ccccc1,c1ccc(Cc2ccccc2)cc1,68.0
O=C(O)c1c(F)c(F)c(Br)c(F)c1F,c1ccccc1,144.0
Cc1c(Br)cc([N+](=O)[O-])c(N)c1C,c1ccccc1,153.0
O=S(=O)(Cl)c1c(Cl)sc(Cl)c1Br,c1ccsc1,69.0
Nc1cc(F)c(Br)cc1F,c1ccccc1,75.0
COc1cc(F)c(Br)cc1F,c1ccccc1,63.0
NS(=O)(=O)c1cc(F)c(Br)cc1F,c1ccccc1,165.0
O=S(=O)(Cl)c1cc(F)c(Br)cc1F,c1ccccc1,35.0
Oc1cc(F)c(Br)cc1F,c1ccccc1,52.0
COc1cc(C=O)c(OC)cc1Br,c1ccccc1,134.0
Nc1c(Cl)cc(Br)cc1Cl,c1ccccc1,87.0
O=S(=O)(Cl)c1c(Cl)cc(Br)cc1Cl,c1ccccc1,45.0
Nc1c(F)cc(Br)cc1F,c1ccccc1,64.0
O=Cc1c(F)cc(Br)cc1F,c1ccccc1,78.0
O=C(O)c1c(F)cc(Br)cc1F,c1ccccc1,203.0
N#Cc1c(F)cc(Br)cc1F,c1ccccc1,81.0
Oc1c(F)cc(Br)cc1F,c1ccccc1,50.0
Cc1cc(Br)cc(C)c1N,c1ccccc1,50.0
Cc1cc(Br)cc(C)c1O,c1ccccc1,76.0
Cc1cc(Br)cc(C)c1N=C=O,c1ccccc1,61.0
Cc1cc(Br)cc(C)c1N=C=S,c1ccccc1,80.0
Cc1c([N+](=O)[O-])cc(Br)cc1[N+](=O)[O-],c1ccccc1,87.0
CC(C)(C)c1cc(Br)cc(C(C)(C)C)c1O,c1ccccc1,83.0
Clc1cc(Br)ccc1I,c1ccccc1,34.0
Cc1cc(Br)cc(Cl)c1N,c1ccccc1,39.0
CC(=O)Nc1ccc(Br)cc1Cl,c1ccccc1,152.0
Nc1ccc(Br)cc1Cl,c1ccccc1,70.0
NS(=O)(=O)c1ccc(Br)cc1Cl,c1ccccc1,174.0
O=S(=O)(Cl)c1ccc(Br)cc1Cl,c1ccccc1,79.0
O=C(O)c1ccc(Br)cc1Cl,c1ccccc1,173.0
N#Cc1ccc(Br)cc1Cl,c1ccccc1,70.0
Oc1ccc(Br)cc1Cl,c1ccccc1,49.0
S=C=Nc1ccc(Br)cc1Cl,c1ccccc1,46.0
Clc1cc(Br)ccn1,c1ccncc1,19.0
CCc1cc(Br)ccc1NC(C)=O,c1ccccc1,143.0
Fc1cc(Br)ccc1I,c1ccccc1,48.0
Nc1cc(C(F)(F)F)c(Br)cc1F,c1ccccc1,36.0
COc1c(F)cc(Br)cc1[N+](=O)[O-],c1ccccc1,55.0
CC(=O)Nc1ccc(Br)cc1F,c1ccccc1,156.0
Nc1ccc(Br)cc1F,c1ccccc1,40.0
O=Cc1ccc(Br)cc1F,c1ccccc1,61.0
NC(=O)c1ccc(Br)cc1F,c1ccccc1,152.0
O=S(=O)(Cl)c1ccc(Br)cc1F,c1ccccc1,65.0
O=C(O)c1ccc(Br)cc1F,c1ccccc1,212.0
N#Cc1ccc(Br)cc1F,c1ccccc1,71.0
O=C(Cl)c1ccc(Br)cc1F,c1ccccc1,25.0
OCc1ccc(Br)cc1F,c1ccccc1,32.0
Fc1cc(Br)ccc1CBr,c1ccccc1,35.0
Fc1cc(Br)ccc1-c1ccccc1,c1ccc(-c2ccccc2)cc1,40.0
O=C(O)/C=C/c1ccc(Br)cc1F,c1ccccc1,219.0
O=Cc1cc(Br)co1,c1ccoc1,56.0
CC(=O)c1cc(C)c(Br)cc1O,c1ccccc1,88.0
Oc1cc(Br)ccn1,c1ccncc1,203.0
COc1cc(Br)ccc1CO,c1ccccc1,68.0
COc1cc(Br)ccc1O,c1ccccc1,35.0
Cc1cc(Br)cc([N+](=O)[O-])c1N,c1ccccc1,145.0
CC(=O)Nc1ccc(Br)cc1C,c1ccccc1,156.0
Cc1cc(Br)ccc1N,c1ccccc1,58.0
COc1ccc(Br)cc1C,c1ccccc1,68.0
Cc1cc(Br)ccc1C(=O)O,c1ccccc1,183.0
Cc1cc(Br)ccc1C#N,c1ccccc1,64.0
Cc1cc(Br)ccc1O,c1ccccc1,64.0
Cc1cc(Br)ccc1N=C=O,c1ccccc1,49.0
Cc1cc(Br)ccc1N=C=S,c1ccccc1,45.0
Nc1ccc(Br)cc1[N+](=O)[O-],c1ccccc1,112.0
O=C(O)c1ccc(Br)cc1[N+](=O)[O-],c1ccccc1,167.0
O=[N+]([O-])c1cc(Br)ccc1O,c1ccccc1,92.0
Cc1ccc(Br)cc1[N+](=O)[O-],c1ccccc1,47.0
CC(=O)Nc1ccc(Br)c(C(F)(F)F)c1,c1ccccc1,118.0
Nc1ccc(Br)c(C(F)(F)F)c1,c1ccccc1,48.0
NS(=O)(=O)c1ccc(Br)c(C(F)(F)F)c1,c1ccccc1,187.0
Nc1cc(F)c(Br)c(F)c1,c1ccccc1,100.0
COc1cc(F)c(Br)c(F)c1,c1ccccc1,28.0
Oc1cc(F)c(Br)c(F)c1,c1ccccc1,74.0
O=C(O)c1cc(O)c(Br)c(O)c1,c1ccccc1,270.0
COc1cc(C(=O)O)cc(OC)c1Br,c1ccccc1,256.0
Cc1n[nH]c(C)c1Br,c1cn[nH]c1,121.0
Cc1cc(O)cc(C)c1Br,c1ccccc1,115.0
CC(=O)Nc1ccc(Br)c(Cl)c1,c1ccccc1,124.0
Nc1ccc(Br)c(Cl)c1,c1ccccc1,64.0
O=C(O)c1ccc(Br)c(Cl)c1,c1ccccc1,222.0
Oc1ccc(Br)c(Cl)c1,c1ccccc1,66.0
O=C(CCCl)c1ccc(Br)cc1,c1ccccc1,60.0
N#Cc1cnccc1Br,c1ccncc1,121.0
CC(=O)Nc1ccc(Br)c(F)c1,c1ccccc1,151.0
Nc1ccc(Br)c(F)c1,c1ccccc1,68.0
COc1ccc(Br)c(F)c1,c1ccccc1,218.0
NS(=O)(=O)c1ccc(Br)c(F)c1,c1ccccc1,139.0
O=C(O)c1ccc(Br)c(F)c1,c1ccccc1,212.0
COc1cc(N)ccc1Br,c1ccccc1,98.0
COc1cc(O)ccc1Br,c1ccccc1,79.0
Cc1n[nH]cc1Br,c1cn[nH]c1,75.0
CC(=O)Nc1ccc(Br)c(C)c1,c1ccccc1,103.0
Cc1cc(N)ccc1Br,c1ccccc1,81.0
Cc1cc(C(N)=O)ccc1Br,c1ccccc1,180.0
Cc1cc(S(N)(=O)=O)ccc1Br,c1ccccc1,151.0
Cc1cc(S(=O)(=O)Cl)ccc1Br,c1ccccc1,59.0
Cc1cc(C(=O)O)ccc1Br,c1ccccc1,217.0
Cc1cc(C#N)ccc1Br,c1ccccc1,53.0
Cc1cc(C(=O)Cl)ccc1Br,c1ccccc1,26.0
Cc1cc(O)ccc1Br,c1ccccc1,59.0
CC(=O)c1ccc(Br)c([N+](=O)[O-])c1,c1ccccc1,119.0
COc1ccc(Br)c([N+](=O)[O-])c1,c1ccccc1,31.0
Cc1ccc(Br)c([N+](=O)[O-])c1,c1ccccc1,31.0
O=C(CCCCl)c1ccc(Br)cc1,c1ccccc1,37.0
Oc1ccc(-c2ccc(Br)cc2)cc1,c1ccc(-c2ccccc2)cc1,166.0
CC(C)(C)c1ccc(-c2ccc(Br)cc2)cc1,c1ccc(-c2ccccc2)cc1,142.0
Cc1cc(F)c(Br)cc1[N+](=O)[O-],c1ccccc1,61.0
CC(=O)Nc1ccc(Br)cc1,c1ccccc1,169.0
CC(=O)c1ccc(Br)cc1,c1ccccc1,51.0
Nc1ccc(Br)cc1,c1ccccc1,63.0
COc1ccc(Br)cc1,c1ccccc1,11.0
O=Cc1ccc(Br)cc1,c1ccccc1,57.0
NC(=O)c1ccc(Br)cc1,c1ccccc1,192.0
NS(=O)(=O)c1ccc(Br)cc1,c1ccccc1,166.0
O=S(=O)(Cl)c1ccc(Br)cc1,c1ccccc1,75.0
NNC(=O)c1ccc(Br)cc1,c1ccccc1,168.0
O=C(O)c1ccc(Br)cc1,c1ccccc1,256.0
N#Cc1ccc(Br)cc1,c1ccccc1,113.0
O=C(c1ccccc1)c1ccc(Br)cc1,O=C(c1ccccc1)c1ccccc1,81.0
O=C(Cl)c1ccc(Br)cc1,c1ccccc1,40.0
OCc1ccc(Br)cc1,c1ccccc1,78.0
BrCc1ccc(Br)cc1,c1ccccc1,62.0
ClCc1ccc(Br)cc1,c1ccccc1,40.0
SCc1ccc(Br)cc1,c1ccccc1,27.0
Brc1ccc(-c2ccccc2)cc1,c1ccc(-c2ccccc2)cc1,90.0
O=C(O)CCCBr,,32.0
O=C(/C=C/CBr)OCC(=O)c1ccccc1,c1ccccc1,90.0
Brc1ccc(Oc2ccccc2)cc1,c1ccc(Oc2ccccc2)cc1,18.0
Brc1cccc2[nH]ccc12,c1ccc2[nH]ccc2c1,17.0
O=C(O)c1ccc(Br)c(C(=O)O)c1,c1ccccc1,299.0
Brc1cncc2ccccc12,c1ccc2cnccc2c1,41.0
O=C(O)C(O)c1ccc(Br)cc1,c1ccccc1,117.0
O=C(O)c1ccc(CBr)c([N+](=O)[O-])c1,c1ccccc1,131.0
COc1cc2oc(=O)cc(CBr)c2cc1OC,O=c1ccc2ccccc2o1,202.0
CCN(CC)c1ccc(Br)cc1,c1ccccc1,34.0
CN(C)c1ccc(Br)cc1,c1ccccc1,54.0
CCOc1ccc(Br)cc1,c1ccccc1,4.0
Oc1ccc(Br)cc1,c1ccccc1,64.0
O=C=Nc1ccc(Br)cc1,c1ccccc1,41.0
S=C=Nc1ccc(Br)cc1,c1ccccc1,58.0
CS(=O)(=O)c1ccc(Br)cc1,c1ccccc1,102.0
O=C(O)Cc1ccc(Br)cc1,c1ccccc1,117.0
N#CCc1ccc(Br)cc1,c1ccccc1,47.0
C#Cc1ccc(Br)cc1,c1ccccc1,66.0
O=C(O)c1ccc(Br)cc1C(=O)O,c1ccccc1,163.0
CCC(=O)c1ccc(Br)cc1,c1ccccc1,46.0
C=Cc1ccc(Br)cc1,c1ccccc1,5.0
CSc1ccc(Br)cc1,c1ccccc1,39.0
O=Cc1cc(Br)cs1,c1ccsc1,46.0
Sc1ccc(Br)cc1,c1ccccc1,75.0
Cc1ccc(Br)cc1,c1ccccc1,28.0
Brc1ccc(/C=C/c2ccccc2)cc1,C(=Cc1ccccc1)c1ccccc1,139.0
CCCCC(=O)c1ccc(Br)cc1,c1ccccc1,35.0
O=Cc1ccc(C(=O)O)cc1,c1ccccc1,245.0
Oc1ccc(Cl)cc1-c1cc[nH]n1,c1ccc(-c2cc[nH]n2)cc1,157.0
Oc1ccc(Cl)cc1-c1ccno1,c1ccc(-c2ccno2)cc1,202.0
CSc1nccc(Cl)n1,c1cncnc1,-2.0
Nc1ccc(Cl)cc1C(F)(F)F,c1ccccc1,9.0
O=C(O)Cc1ccc(Cl)cc1C(F)(F)F,c1ccccc1,89.0
FC(F)(F)c1cc(Cl)c2ccccc2n1,c1ccc2ncccc2c1,32.0
Clc1cc(-c2ccccn2)nc(-c2ccccn2)c1,c1ccc(-c2cccc(-c3ccccn3)n2)nc1,150.0
COc1cc(Cl)c(OC)cc1N,c1ccccc1,120.0
Cc1cc(Cl)c(C)cc1N,c1ccccc1,92.0
Cc1cc(S(N)(=O)=O)c(C)cc1Cl,c1ccccc1,191.0
Cc1cc(S(=O)(=O)Cl)c(C)cc1Cl,c1ccccc1,49.0
Nc1cc(Cl)nc(N)n1,c1cncnc1,201.0
Cc1c(Cl)c(C)c(Br)c(O)c1Br,c1ccccc1,159.0
Nc1c(Br)cc(Cl)cc1Br,c1ccccc1,93.0
N#Cc1c(F)cc(Cl)cc1F,c1ccccc1,102.0
Cc1cc(Cl)cc(C)c1N,c1ccccc1,48.0
Cc1cc(Cl)cc(C)c1O,c1ccccc1,82.0
Nc1c(F)cc(Cl)cc1I,c1ccccc1,40.0
CC(=O)Nc1ccc(Cl)cc1F,c1ccccc1,156.0
O=Cc1ccc(Cl)cc1F,c1ccccc1,59.0
O=S(=O)(Cl)c1ccc(Cl)cc1F,c1ccccc1,36.0
O=C(O)c1ccc(Cl)cc1F,c1ccccc1,205.0
N#Cc1ccc(Cl)cc1F,c1ccccc1,60.0
O=C(O)/C=C/c1ccc(Cl)cc1F,c1ccccc1,215.0
N#CCc1ccc(Cl)cc1F,c1ccccc1,39.0
CC(=O)c1ccc(Cl)cc1O,c1ccccc1,29.0
Oc1cc(Cl)ccn1,c1ccncc1,178.0
Nc1ccc(Cl)cc1I,c1ccccc1,40.0
COc1ccc(Cl)cc1I,c1ccccc1,46.0
Cc1cc(O)c(C(C)C)cc1Cl,c1ccccc1,60.0
COc1cc(Cl)ccc1C(=O)O,c1ccccc1,147.0
COc1cc(Cl)ccc1CO,c1ccccc1,47.0
COc1cc(Cl)ccc1O,c1ccccc1,17.0
Cc1cc(Cl)cc([N+](=O)[O-])c1N,c1ccccc1,122.0
CC(=O)Nc1ccc(Cl)cc1C,c1ccccc1,140.0
COc1ccc(Cl)cc1C,c1ccccc1,34.0
Cc1cc(Cl)ccc1C(=O)O,c1ccccc1,172.0
Cc1cc(Cl)ccc1CO,c1ccccc1,62.0
Cc1cc(Cl)ccc1O,c1ccccc1,47.0
Cc1cc(Cl)ccc1N=C=O,c1ccccc1,38.0
Cc1cc(Cl)ccc1N=C=S,c1ccccc1,34.0
Cc1cc(Cl)c2ccccc2n1,c1ccc2ncccc2c1,25.0
Nc1ccc(Cl)cc1[N+](=O)[O-],c1ccccc1,116.0
COc1ccc(Cl)cc1[N+](=O)[O-],c1ccccc1,98.0
O=C(O)c1ccc(Cl)cc1[N+](=O)[O-],c1ccccc1,144.0
O=[N+]([O-])c1cc(Cl)ccc1O,c1ccccc1,87.0
Cc1ccc(Cl)cc1[N+](=O)[O-],c1ccccc1,36.0
N#Cc1ccc(Cl)c(OC(F)(F)F)c1,c1ccccc1,37.0
O=C(O)Cc1ccc(Cl)c(OC(F)(F)F)c1,c1ccccc1,62.0
CC(=O)c1ccc(Cl)c(C(F)(F)F)c1,c1ccccc1,62.0
Nc1ccc(Cl)c(C(F)(F)F)c1,c1ccccc1,37.0
O=C(O)c1ccc(Cl)c(C(F)(F)F)c1,c1ccccc1,164.0
N#Cc1ccc(Cl)c(C(F)(F)F)c1,c1ccccc1,66.0
OCc1ccc(Cl)c(C(F)(F)F)c1,c1ccccc1,45.0
FC(F)(F)c1cc(CBr)ccc1Cl,c1ccccc1,38.0
Oc1ccc(Cl)c(C(F)(F)F)c1,c1ccccc1,44.0
O=C=Nc1ccc(Cl)c(C(F)(F)F)c1,c1ccccc1,35.0
O=C(O)Cc1ccc(Cl)c(C(F)(F)F)c1,c1ccccc1,83.0
Cc1cc(O)cc(C)c1Cl,c1ccccc1,114.0
O=C(O)c1cc([N+](=O)[O-])c(Cl)c([N+](=O)[O-])c1,c1ccccc1,161.0
N#Cc1cc([N+](=O)[O-])c(Cl)c([N+](=O)[O-])c1,c1ccccc1,141.0
O=[N+]([O-])c1cc(C(F)(F)F)cc([N+](=O)[O-])c1Cl,c1ccccc1,56.0
Nc1ccc(Cl)c(F)c1,c1ccccc1,60.0
O=Cc1ccc(Cl)c(F)c1,c1ccccc1,47.0
O=C(O)c1ccc(Cl)c(F)c1,c1ccccc1,192.0
N#Cc1ccc(Cl)c(F)c1,c1ccccc1,80.0
Fc1cc(CBr)ccc1Cl,c1ccccc1,32.0
O=C(O)/C=C/c1ccc(Cl)c(F)c1,c1ccccc1,243.0
Oc1ccc(Cl)c(F)c1,c1ccccc1,52.0
Oc1ccc(Cl)c(I)c1,c1ccccc1,76.0
COc1cc(N)ccc1Cl,c1ccccc1,80.0
Cc1cc(N)ccc1Cl,c1ccccc1,84.0
Cc1cc(C(=O)O)ccc1Cl,c1ccccc1,214.0
Cc1cc(O)ccc1Cl,c1ccccc1,66.0
O=c1[nH]ccc(Cl)c1[N+](=O)[O-],O=c1cccc[nH]1,223.0
CC(=O)c1ccc(Cl)c([N+](=O)[O-])c1,c1ccccc1,98.0
Nc1ccc(Cl)c([N+](=O)[O-])c1,c1ccccc1,103.0
COc1ccc(Cl)c([N+](=O)[O-])c1,c1ccccc1,44.0
O=Cc1ccc(Cl)c([N+](=O)[O-])c1,c1ccccc1,63.0
NC(=O)c1ccc(Cl)c([N+](=O)[O-])c1,c1ccccc1,152.0
O=[N+]([O-])c1cc(S(=O)(=O)Cl)ccc1Cl,c1ccccc1,60.0
O=C(O)c1ccc(Cl)c([N+](=O)[O-])c1,c1ccccc1,182.0
N#Cc1ccc(Cl)c([N+](=O)[O-])c1,c1ccccc1,100.0
O=C(c1ccccc1)c1ccc(Cl)c([N+](=O)[O-])c1,O=C(c1ccccc1)c1ccccc1,105.0
O=[N+]([O-])c1cc(C(F)(F)F)ccc1Cl,c1ccccc1,-3.0
O=[N+]([O-])c1cc(CO)ccc1Cl,c1ccccc1,63.0
O=C(O)/C=C/c1ccc(Cl)c([N+](=O)[O-])c1,c1ccccc1,187.0
O=[N+]([O-])c1cc(O)ccc1Cl,c1ccccc1,127.0
O=C=Nc1ccc(Cl)c([N+](=O)[O-])c1,c1ccccc1,66.0
O=[N+]([O-])c1cc(N=C=S)ccc1Cl,c1ccccc1,66.0
O=[N+]([O-])c1cnccc1Cl,c1ccncc1,32.0
Cc1ccc(Cl)c([N+](=O)[O-])c1,c1ccccc1,7.0
NS(=O)(=O)c1cc(C(=O)O)ccc1Cl,c1ccccc1,258.0
O=C(CCCCl)c1ccc(F)cc1,c1ccccc1,6.0
O=C(c1ccc(O)cc1)c1ccc(Cl)cc1,O=C(c1ccccc1)c1ccccc1,180.0
O=C(CCCCl)c1ccc(O)cc1,c1ccccc1,113.0
COc1ccc(C(=O)CCCCl)cc1,c1ccccc1,32.0
Clc1ncnc2sc3c(c12)CCCC3,c1ncc2c3c(sc2n1)CCCC3,96.0
O=C1NC(=O)c2cc([N+](=O)[O-])c(Cl)cc21,O=C1NC(=O)c2ccccc21,201.0
Clc1ncnc2scc(-c3ccccc3)c12,c1ccc(-c2csc3ncncc23)cc1,130.0
Clc1cc(N2CCCCC2)ncn1,c1cc(N2CCCCC2)ncn1,79.0
Clc1cc(N2CCCC2)ncn1,c1cc(N2CCCC2)ncn1,97.0
Clc1ncnc2sc3c(c12)CCC3,c1ncc2c3c(sc2n1)CCC3,105.0
COc1cc2ncnc(Cl)c2cc1OC,c1ccc2ncncc2c1,186.0
Cc1cc(Cl)c(N=C=O)cc1N=C=O,c1ccccc1,62.0
O=[N+]([O-])c1ccc(Cl)c2nonc12,c1ccc2nonc2c1,98.0
FC(F)(F)c1cccc2c(Cl)ccnc12,c1ccc2ncccc2c1,81.0
CC(=O)Nc1ccc(Cl)cc1,c1ccccc1,179.0
CC(=O)c1ccc(Cl)cc1,c1ccccc1,19.0
CC(C)(C(=O)O)c1ccc(Cl)cc1,c1ccccc1,127.0
CC(C(=O)O)c1ccc(Cl)cc1,c1ccccc1,57.0
O=S(=O)(Cl)Cc1ccc(Cl)cc1,c1ccccc1,95.0
Nc1ccc(Cl)cc1,c1ccccc1,70.0
COc1ccc(Cl)cc1,c1ccccc1,-18.0
O=Cc1ccc(Cl)cc1,c1ccccc1,47.0
NC(=O)c1ccc(Cl)cc1,c1ccccc1,178.0
NS(=O)(=O)c1ccc(Cl)cc1,c1ccccc1,146.0
O=S(=O)(Cl)c1ccc(Cl)cc1,c1ccccc1,52.0
NNC(=O)c1ccc(Cl)cc1,c1ccccc1,164.0
OC(c1ccccc1)c1ccc(Cl)cc1,c1ccc(Cc2ccccc2)cc1,60.0
O=C(C(=O)c1ccc(Cl)cc1)c1ccccc1,O=C(C(=O)c1ccccc1)c1ccccc1,67.0
O=C(O)c1ccc(Cl)cc1,c1ccccc1,241.0
N#Cc1ccc(Cl)cc1,c1ccccc1,92.0
O=C(c1ccccc1)c1ccc(Cl)cc1,O=C(c1ccccc1)c1ccccc1,76.0
Clc1ccc(C(Cl)(Cl)Cl)cc1,c1ccccc1,6.0
FC(F)(F)c1ccc(Cl)cc1,c1ccccc1,-36.0
O=C(Cl)c1ccc(Cl)cc1,c1ccccc1,12.0
N#CCC(=O)c1ccc(Cl)cc1,c1ccccc1,130.0
OCc1ccc(Cl)cc1,c1ccccc1,70.0
Clc1ccc(CBr)cc1,c1ccccc1,49.0
ClCc1ccc(Cl)cc1,c1ccccc1,28.0
SCc1ccc(Cl)cc1,c1ccccc1,20.0
CCCC(=O)c1ccc(Cl)cc1,c1ccccc1,36.0
O=C(Cl)CCCCl,,-49.0
O=C(/C=C/c1ccccc1)c1ccc(Cl)cc1,O=C(C=Cc1ccccc1)c1ccccc1,99.0
O=C(/C=C/c1ccc(Cl)cc1)c1ccccc1,O=C(C=Cc1ccccc1)c1ccccc1,115.0
NC(=O)/C=C/c1ccc(Cl)cc1,c1ccccc1,213.0
O=S(=O)(c1ccccc1)c1ccc(Cl)cc1,O=S(=O)(c1ccccc1)c1ccccc1,92.0
N[C@H](Cc1ccc(Cl)cc1)C(=O)O,c1ccccc1,260.0
O=C(O)C(O)c1ccc(Cl)cc1,c1ccccc1,120.0
CNC(=O)c1cc(Cl)ccn1,c1ccncc1,42.0
Nc1ccc(Cl)cc1N,c1ccccc1,72.0
Oc1ccc(Cl)cc1,c1ccccc1,41.0
O=C(O)COc1ccc(Cl)cc1,c1ccccc1,159.0
N#CCOc1ccc(Cl)cc1,c1ccccc1,47.0
O=C(c1ccc(Cl)cc1)C1CC1,O=C(c1ccccc1)C1CC1,30.0
O=C=Nc1ccc(Cl)cc1,c1ccccc1,30.0
S=C=Nc1ccc(Cl)cc1,c1ccccc1,45.0
CS(=O)(=O)c1ccc(Cl)cc1,c1ccccc1,97.0
O=C(O)Cc1ccc(Cl)cc1,c1ccccc1,105.0
N#CCc1ccc(Cl)cc1,c1ccccc1,30.0
C#Cc1ccc(Cl)cc1,c1ccccc1,45.0
CCC(=O)c1ccc(Cl)cc1,c1ccccc1,35.0
Oc1ccc(Cl)c(O)c1,c1ccccc1,107.0
C=Cc1ccc(Cl)cc1,c1ccccc1,-16.0
Clc1nccc2sccc12,c1cc2sccc2cn1,99.0
Sc1ccc(Cl)cc1,c1ccccc1,50.0
Cc1ccc(Cl)cc1,c1ccccc1,8.0
CCCCC(=O)c1ccc(Cl)cc1,c1ccccc1,31.0
CC(C)CCC[C@@H](C)[C@H]1CC[C@H]2[C@@H]3CCC4=CC(=O)CC[C@]4(C)[C@H]3CC[C@]12C,O=C1C=C2CCC3C4CCCC4CCC3C2CC1,80.0
OC1CCOc2ccccc21,c1ccc2c(c1)CCCO2,40.0
O=C1CCOc2ccccc21,O=C1CCOc2ccccc21,38.0
CC(C)(c1ccccc1)c1ccc(O)cc1,c1ccc(Cc2ccccc2)cc1,72.0
CCC(C=O)(CC)CCC#N,,97.0
N#Cc1ccc(C(=O)O)c(F)c1,c1ccccc1,216.0
N#Cc1ccnc(F)c1,c1ccncc1,32.0
N#Cc1ccnc(I)c1,c1ccncc1,79.0
N#Cc1ccncc1I,c1ccncc1,121.0
COc1cccc(C2(C#N)CCN(C)CC2)c1,c1ccc(C2CCNCC2)cc1,45.0
N#CC1(c2ccc(F)cc2)CCC(=O)CC1,O=C1CCC(c2ccccc2)CC1,93.0
CCc1ccc(-c2ccc(C#N)cc2)cc1,c1ccc(-c2ccccc2)cc1,75.0
CCCCCCCc1ccc(-c2ccc(C#N)cc2)cc1,c1ccc(-c2ccccc2)cc1,31.0
CCCCCCCOc1ccc(-c2ccc(C#N)cc2)cc1,c1ccc(-c2ccccc2)cc1,54.0
CCCCCc1ccc(-c2ccc(C#N)cc2)cc1,c1ccc(-c2ccccc2)cc1,23.0
CCCCCOc1ccc(-c2ccc(C#N)cc2)cc1,c1ccc(-c2ccccc2)cc1,48.0
CCCCCc1ccc(-c2ccc(-c3ccc(C#N)cc3)cc2)cc1,c1ccc(-c2ccc(-c3ccccc3)cc2)cc1,129.0
CCCc1ccc(-c2ccc(C#N)cc2)cc1,c1ccc(-c2ccccc2)cc1,65.0
N#CC1(c2ccccc2)CCC(=O)CC1,O=C1CCC(c2ccccc2)CC1,115.0
CC(=O)Nc1ccc(C#N)cc1,c1ccccc1,205.0
N#Cc1ccc(C=O)cc1,c1ccccc1,101.0
N#Cc1ccc(C(N)=O)cc1,c1ccccc1,227.0
N#Cc1ccc(S(N)(=O)=O)cc1,c1ccccc1,170.0
N#Cc1ccc(S(=O)(=O)Cl)cc1,c1ccccc1,109.0
N#Cc1ccc(C(=O)c2ccccc2)cc1,O=C(c1ccccc1)c1ccccc1,112.0
N#Cc1ccc(C(=O)Cl)cc1,c1ccccc1,69.0
N#Cc1ccc(-c2ccccc2)cc1,c1ccc(-c2ccccc2)cc1,86.0
CCCCc1ccc(C(=O)Oc2ccc(C#N)cc2)cc1,O=C(Oc1ccccc1)c1ccccc1,68.0
CCCCCCc1ccc(C(=O)Oc2ccc(C#N)cc2)cc1,O=C(Oc1ccccc1)c1ccccc1,46.0
CCCc1ccc(C(=O)Oc2ccc(C#N)cc2)cc1,O=C(Oc1ccccc1)c1ccccc1,102.0
N#Cc1ccc(N=C=S)cc1,c1ccccc1,120.0
N#Cc1ccc(CC(=O)O)cc1,c1ccccc1,151.0
N#Cc1ccncc1,c1ccncc1,78.0
CC(=O)c1ccc(C2CCCCC2)cc1,c1ccc(C2CCCCC2)cc1,68.0
Nc1ccc(C2CCCCC2)cc1,c1ccc(C2CCCCC2)cc1,54.0
O=C(O)c1ccc(C2CCCCC2)cc1,c1ccc(C2CCCCC2)cc1,196.0
CCN(CC)c1ccc(C(C)=O)cc1,c1ccccc1,48.0
CCN(CC)c1ccc(C=O)cc1,c1ccccc1,40.0
CCN(CC)c1ccc(C=NO)cc1,c1ccccc1,96.0
CCN(CC)c1ccc(C(=O)O)cc1,c1ccccc1,194.0
CCN(CC)c1ccc(C#N)cc1,c1ccccc1,67.0
CCN(CC)c1ccc(N=C=S)cc1,c1ccccc1,32.0
CCN(CC)c1ccc(C=O)c(O)c1,c1ccccc1,62.0
COc1cc(N(C)C)ccc1C=O,c1ccccc1,59.0
CN(C)c1c([N+](=O)[O-])cc(C(=O)O)cc1[N+](=O)[O-],c1ccccc1,249.0
Cc1ccc(/N=N/c2ccc(N(C)C)cc2)cc1,c1ccc(N=Nc2ccccc2)cc1,166.0
CN(C)c1ccc(/N=N/c2ccc(N=C=S)cc2)cc1,c1ccc(N=Nc2ccccc2)cc1,170.0
CN(C)c1ccc(C=O)cc1,c1ccccc1,74.0
CN(C)c1ccc(C(=O)NN)cc1,c1ccccc1,175.0
CN(C)c1ccc(C#N)cc1,c1ccccc1,74.0
CN(C)c1ccc(C(=O)c2ccccc2)cc1,O=C(c1ccccc1)c1ccccc1,89.0
CN(C)c1ccc(C(=O)Cl)cc1,c1ccccc1,145.0
CN(C)c1ccc(/C=C/C=O)cc1,c1ccccc1,141.0
CN(C)c1ccc(N=C=S)cc1,c1ccccc1,67.0
CCCCCCCCC(O)CCC,,11.0
CCOC=CC(=O)C(F)(F)F,,-30.0
CCOc1ccc(C(=O)O)c(F)c1F,c1ccccc1,202.0
CCOc1ccc(C=O)cc1OC,c1ccccc1,61.0
CCOc1ccc(NC(C)=O)cc1,c1ccccc1,135.0
CCOc1ccc(C(C)=O)cc1,c1ccccc1,37.0
CCOc1ccc(C=O)cc1,c1ccccc1,14.0
CCOc1ccc(C(=O)NN)cc1,c1ccccc1,126.0
CCOc1ccc(C(=O)O)cc1,c1ccccc1,198.0
CCOc1ccc(C#N)cc1,c1ccccc1,62.0
CCOc1ccc(CO)cc1,c1ccccc1,33.0
CCOC=C1N=C(c2ccccc2)OC1=O,C=C1N=C(c2ccccc2)OC1=O,95.0
CCOc1ccc(O)cc1,c1ccccc1,66.0
CCOc1ccc(N=C=S)cc1,c1ccccc1,59.0
CCOc1ccc(CC(=O)O)cc1,c1ccccc1,89.0
CCc1ccc(O)c(OC)c1,c1ccccc1,15.0
CCc1ccc(N)cc1,c1ccccc1,-5.0
CCc1ccc(C(N)=O)cc1,c1ccccc1,163.0
CCc1ccc(S(=O)(=O)Cl)cc1,c1ccccc1,10.0
CCc1ccc(C(=O)O)cc1,c1ccccc1,113.0
CCc1ccc(-c2ccccc2)cc1,c1ccc(-c2ccccc2)cc1,35.0
CCc1ccc(O)c(O)c1,c1ccccc1,39.0
CCN1CCOCC1,C1COCCN1,-63.0
CCc1ccc(O)cc1,c1ccccc1,43.0
CCc1ccc(OCC(=O)O)cc1,c1ccccc1,93.0
CCc1ccncc1,c1ccncc1,-91.0
CCc1ccc(O)cc1O,c1ccccc1,97.0
CCc1ccc(C)cc1,c1ccccc1,-62.0
O=C(O)c1ccc(F)c2ccccc12,c1ccc2ccccc2c1,225.0
NC(=O)c1ccc(F)cc1C(F)(F)F,c1ccccc1,136.0
NS(=O)(=O)c1ccc(F)cc1C(F)(F)F,c1ccccc1,167.0
O=S(=O)(Cl)c1ccc(F)cc1C(F)(F)F,c1ccccc1,50.0
O=C(O)c1ccc(F)cc1C(F)(F)F,c1ccccc1,123.0
N#Cc1ccc(F)cc1C(F)(F)F,c1ccccc1,44.0
OCc1ccc(F)cc1C(F)(F)F,c1ccccc1,56.0
O=C(O)/C=C/c1ccc(F)cc1C(F)(F)F,c1ccccc1,182.0
Oc1ccc(F)cc1C(F)(F)F,c1ccccc1,52.0
Cc1c(N)ccc(F)c1C,c1ccccc1,44.0
CC(=O)c1ccc(F)cc1O,c1ccccc1,32.0
COc1cc(F)ccc1C(C)=O,c1ccccc1,52.0
COc1cc(F)ccc1C=O,c1ccccc1,61.0
COc1cc(F)ccc1C(=O)O,c1ccccc1,135.0
COc1cc(F)ccc1C#N,c1ccccc1,76.0
Cc1cc(F)ccc1S(N)(=O)=O,c1ccccc1,181.0
Cc1cc(F)ccc1C(=O)O,c1ccccc1,170.0
Cc1cc(F)ccc1C#N,c1ccccc1,72.0
Cc1cc(F)ccc1O,c1ccccc1,34.0
Cc1cc(F)ccc1CC(=O)O,c1ccccc1,98.0
Cc1cc(F)ccc1CC#N,c1ccccc1,26.0
Nc1ccc(F)cc1[N+](=O)[O-],c1ccccc1,92.0
O=C(O)c1ccc(F)cc1[N+](=O)[O-],c1ccccc1,149.0
N#Cc1ccc(F)cc1[N+](=O)[O-],c1ccccc1,71.0
O=[N+]([O-])c1cc(F)ccc1O,c1ccccc1,75.0
Cc1ccc(F)cc1[N+](=O)[O-],c1ccccc1,26.0
O=C(O)c1ccc(F)c(OC(F)(F)F)c1,c1ccccc1,88.0
NC(=O)c1ccc(F)c(C(F)(F)F)c1,c1ccccc1,85.0
NS(=O)(=O)c1ccc(F)c(C(F)(F)F)c1,c1ccccc1,162.0
O=C(O)c1ccc(F)c(C(F)(F)F)c1,c1ccccc1,115.0
N#Cc1ccc(F)c(C(F)(F)F)c1,c1ccccc1,68.0
O=C(c1ccccc1)c1ccc(F)c(C(F)(F)F)c1,O=C(c1ccccc1)c1ccccc1,46.0
O=C(O)/C=C/c1ccc(F)c(C(F)(F)F)c1,c1ccccc1,143.0
CCC(=O)c1ccc(F)c(C(F)(F)F)c1,c1ccccc1,32.0
Cc1cc(C(=O)O)cc(C)c1F,c1ccccc1,166.0
Cc1cc(CBr)cc(C)c1F,c1ccccc1,45.0
O=C(O)c1ccc(F)c(O)c1,c1ccccc1,216.0
COc1cc(C(C)=O)ccc1F,c1ccccc1,52.0
COc1cc(C=O)ccc1F,c1ccccc1,62.0
COc1cc(C(=O)O)ccc1F,c1ccccc1,207.0
COc1cc(C#N)ccc1F,c1ccccc1,109.0
COc1cc(CO)ccc1F,c1ccccc1,49.0
Cc1cc(N)ccc1F,c1ccccc1,34.0
Cc1cc(C(=O)O)ccc1F,c1ccccc1,167.0
Cc1cc(C#N)ccc1F,c1ccccc1,55.0
Cc1cc(O)ccc1F,c1ccccc1,30.0
Cc1cc(CC(=O)O)ccc1F,c1ccccc1,106.0
O=C(O)c1cc([N+](=O)[O-])c(F)c(C(F)(F)F)c1,c1ccccc1,122.0
CC(=O)c1ccc(F)c([N+](=O)[O-])c1,c1ccccc1,48.0
Nc1ccc(F)c([N+](=O)[O-])c1,c1ccccc1,96.0
O=Cc1ccc(F)c([N+](=O)[O-])c1,c1ccccc1,46.0
O=C(O)c1ccc(F)c([N+](=O)[O-])c1,c1ccccc1,124.0
N#Cc1ccc(F)c([N+](=O)[O-])c1,c1ccccc1,92.0
CC(=O)Nc1ccc(F)cc1,c1ccccc1,152.0
CC(=O)c1ccc(F)cc1,c1ccccc1,4.0
O=S(=O)(Cl)Cc1ccc(F)cc1,c1ccccc1,60.0
Nc1ccc(F)cc1,c1ccccc1,-2.0
COc1ccc(F)cc1,c1ccccc1,-45.0
O=Cc1ccc(F)cc1,c1ccccc1,-10.0
NC(=O)c1ccc(F)cc1,c1ccccc1,156.0
O=S(=O)(Cl)c1ccc(F)cc1,c1ccccc1,37.0
NNC(=O)c1ccc(F)cc1,c1ccccc1,164.0
O=C(O)c1ccc(F)cc1,c1ccccc1,185.0
N#Cc1ccc(F)cc1,c1ccccc1,36.0
O=C(c1ccccc1)c1ccc(F)cc1,O=C(c1ccccc1)c1ccccc1,47.0
Fc1ccc(C(F)(F)F)cc1,c1ccccc1,-42.0
O=C(Cl)c1ccc(F)cc1,c1ccccc1,10.0
OCc1ccc(F)cc1,c1ccccc1,23.0
Fc1ccc(CCl)cc1,c1ccccc1,-18.0
Fc1ccc(-c2ccccc2)cc1,c1ccc(-c2ccccc2)cc1,74.0
CCCC(=O)c1ccc(F)cc1,c1ccccc1,37.0
O=C(O)/C=C/c1ccc(F)cc1,c1ccccc1,209.0
O=C(O)C(O)c1ccc(F)cc1,c1ccccc1,136.0
N#Cc1ccc(F)c2ccccc12,c1ccc2ccccc2c1,90.0
Oc1ccc(F)cc1,c1ccccc1,46.0
O=C(O)COc1ccc(F)cc1,c1ccccc1,105.0
NNC(=O)COc1ccc(F)cc1,c1ccccc1,125.0
O=C(c1ccc(F)cc1)c1cccs1,O=C(c1ccccc1)c1cccs1,97.0
Fc1ccc(N=C=S)cc1,c1ccccc1,26.0
CS(=O)(=O)c1ccc(F)cc1,c1ccccc1,79.0
O=C(O)Cc1ccc(F)cc1,c1ccccc1,83.0
C#Cc1ccc(F)cc1,c1ccccc1,28.0
N#CCS(=O)(=O)c1ccc(F)cc1,c1ccccc1,91.0
O=C(O)c1ccc(F)cc1C(=O)O,c1ccccc1,156.0
N#Cc1ccc(F)cc1C#N,c1ccccc1,101.0
O=Cc1ccc(F)cc1O,c1ccccc1,71.0
O=C(O)c1ccc(F)cc1O,c1ccccc1,188.0
C=Cc1ccc(F)cc1,c1ccccc1,-36.0
Cc1ccc(F)cc1,c1ccccc1,-56.0
CCCCC(=O)c1ccc(F)cc1,c1ccccc1,27.0
O=CN1CCOCC1,C1COCCN1,22.0
O=Cc1ccc(OCC(=O)O)cc1,c1ccccc1,196.0
CCCCCCCCCCCCCC(=O)CCC,,40.0
CCCC(=O)CCC,,-33.0
Oc1cccc2[nH]nnc12,c1ccc2[nH]nnc2c1,222.0
CN1CCC(O)CC1,C1CCNCC1,28.0
Oc1ncnc2c1cnn2-c1ccccc1,c1ccc(-n2ncc3cncnc32)cc1,306.0
O=C(O)c1ccc(O)cc1C(F)(F)F,c1ccccc1,160.0
N#Cc1ccc(O)cc1C(F)(F)F,c1ccccc1,122.0
Oc1ccnc(C(F)(F)F)n1,c1cncnc1,170.0
Oc1cc(C(F)(F)F)nc2ccccc12,c1ccc2ncccc2c1,210.0
CC1(C)CC(O)CC(C)(C)N1,C1CCNCC1,131.0
O=C(O)c1c(F)c(F)c(O)c(F)c1F,c1ccccc1,149.0
COc1cc(O)ccc1C=O,c1ccccc1,158.0
Cc1cc(O)c2ccccc2n1,c1ccc2ncccc2c1,235.0
CSc1nc(O)cc(C(F)(F)F)n1,c1cncnc1,178.0
O=Cc1ccc(O)c(OC(F)(F)F)c1,c1ccccc1,78.0
CC(=O)c1ccc(O)c(C(F)(F)F)c1,c1ccccc1,176.0
O=Cc1ccc(O)c(C(F)(F)F)c1,c1ccccc1,161.0
O=C(O)c1ccc(O)c(C(F)(F)F)c1,c1ccccc1,146.0
N#Cc1ccc(O)c(C(F)(F)F)c1,c1ccccc1,173.0
COc1cc(CO)cc(OC)c1O,c1ccccc1,131.0
Cc1cc(C=O)cc(C)c1O,c1ccccc1,114.0
Cc1cc(C(=O)O)cc(C)c1O,c1ccccc1,224.0
COc1cc(C(C)=O)ccc1O,c1ccccc1,114.0
COc1cc(C#N)ccc1O,c1ccccc1,87.0
COc1cc(CO)ccc1O,c1ccccc1,114.0
CC(=O)c1ccc(O)c(C)c1,c1ccccc1,108.0
CC(=O)c1ccc(O)c([N+](=O)[O-])c1,c1ccccc1,132.0
O=Cc1ccc(O)c([N+](=O)[O-])c1,c1ccccc1,142.0
O=C(O)c1ccc(O)c([N+](=O)[O-])c1,c1ccccc1,183.0
O=[N+]([O-])c1cc(-c2ccccc2)ccc1O,c1ccc(-c2ccccc2)cc1,67.0
O=C(O)Cc1ccc(O)c([N+](=O)[O-])c1,c1ccccc1,147.0
Oc1ccc(-c2ccc(I)cc2)cc1,c1ccc(-c2ccccc2)cc1,118.0
CC(=O)CC(C)(C)O,,-47.0
O=[N+]([O-])c1ccc(/C=C/c2ccc(O)cc2)cc1,C(=Cc1ccccc1)c1ccccc1,207.0
Oc1cc(C(F)(F)F)nc(S)n1,c1cncnc1,251.0
Oc1ccnc2ccc(C(F)(F)F)cc12,c1ccc2ncccc2c1,267.0
Cc1ccc2nc(C(F)(F)F)cc(O)c2c1,c1ccc2ncccc2c1,253.0
Cc1ccc2oc(-c3ccc(O)cc3)cc(=O)c2c1,O=c1cc(-c2ccccc2)oc2ccccc12,241.0
Oc1ccnc2c(C(F)(F)F)cccc12,c1ccc2ncccc2c1,172.0
Cc1cccc2c(O)cc(C(F)(F)F)nc12,c1ccc2ncccc2c1,128.0
CC(=O)c1ccc(O)cc1,c1ccccc1,107.0
O=Cc1ccc(O)cc1,c1ccccc1,117.0
NC(=O)c1ccc(O)cc1,c1ccccc1,161.0
O=C(O)c1ccc(O)cc1,c1ccccc1,215.0
N#Cc1ccc(O)cc1,c1ccccc1,112.0
O=C(c1ccccc1)c1ccc(O)cc1,O=C(c1ccccc1)c1ccccc1,134.0
OCc1ccc(O)cc1,c1ccccc1,118.0
N#CC(C#N)=Cc1ccc(O)cc1,c1ccccc1,189.0
N#Cc1ccc(-c2ccc(O)cc2)cc1,c1ccc(-c2ccccc2)cc1,198.0
O=C(O)c1ccc(-c2ccc(O)cc2)cc1,c1ccc(-c2ccccc2)cc1,294.0
C=CC(=O)OCCCCO,,-112.0
NNC(=O)CCCO,,93.0
O=C(/C=C/c1ccccc1)c1ccc(O)cc1,O=C(C=Cc1ccccc1)c1ccccc1,176.0
O=C(/C=C/c1ccc(O)cc1)c1ccccc1,O=C(C=Cc1ccccc1)c1ccccc1,184.0
Oc1ccc(Nc2ccccc2)cc1,c1ccc(Nc2ccccc2)cc1,69.0
O=C1CC(c2ccc(O)cc2)Oc2ccccc21,O=C1CC(c2ccccc2)Oc2ccccc21,182.0
Oc1cccc2[nH]ccc12,c1ccc2[nH]ccc2c1,98.0
CC1(CO)CN(c2ccccc2)NC1=O,O=C1CCN(c2ccccc2)N1,125.0
O=C(O)COc1ccc(O)cc1,c1ccccc1,156.0
O=C(Oc1ccc(O)cc1)c1ccccc1,O=C(Oc1ccccc1)c1ccccc1,166.0
NC(=O)Cc1ccc(O)cc1,c1ccccc1,174.0
O=C(O)Cc1ccc(O)cc1,c1ccccc1,149.0
N#CCc1ccc(O)cc1,c1ccccc1,69.0
OC1CCNCC1,C1CCNCC1,88.0
CCC(=O)c1ccc(O)cc1,c1ccccc1,150.0
Oc1ccncc1,c1ccncc1,145.0
O=c1[nH]cnc2ccccc12,O=c1[nH]cnc2ccccc12,218.0
Oc1ccnc2ccccc12,c1ccc2ncccc2c1,203.0
Cc1cc(I)ccc1N,c1ccccc1,86.0
COc1ccc(I)cc1[N+](=O)[O-],c1ccccc1,97.0
Cc1ccc(I)cc1[N+](=O)[O-],c1ccccc1,60.0
COc1ccc(I)c([N+](=O)[O-])c1,c1ccccc1,62.0
O=C(O)c1ccc(I)c([N+](=O)[O-])c1,c1ccccc1,210.0
CC(=O)c1ccc(I)cc1,c1ccccc1,83.0
Nc1ccc(I)cc1,c1ccccc1,63.0
COc1ccc(I)cc1,c1ccccc1,50.0
O=Cc1ccc(I)cc1,c1ccccc1,77.0
O=S(=O)(Cl)c1ccc(I)cc1,c1ccccc1,82.0
N#Cc1ccc(I)cc1,c1ccccc1,126.0
FC(F)(F)c1ccc(I)cc1,c1ccccc1,-8.0
O=C(Cl)c1ccc(I)cc1,c1ccccc1,63.0
OCc1ccc(I)cc1,c1ccccc1,73.0
BrCc1ccc(I)cc1,c1ccccc1,80.0
NCc1ccc(I)cc1,c1ccccc1,47.0
Ic1ccc(-c2ccccc2)cc1,c1ccc(-c2ccccc2)cc1,112.0
CCOc1ccc(I)cc1,c1ccccc1,28.0
Oc1ccc(I)cc1,c1ccccc1,93.0
O=C(O)COc1ccc(I)cc1,c1ccccc1,157.0
O=C=Nc1ccc(I)cc1,c1ccccc1,45.0
S=C=Nc1ccc(I)cc1,c1ccccc1,76.0
O=C(O)Cc1ccc(I)cc1,c1ccccc1,138.0
N#CCc1ccc(I)cc1,c1ccccc1,53.0
NNc1ccc(I)cc1,c1ccccc1,101.0
Ic1ccncc1,c1ccncc1,98.0
Cc1ccc(I)cc1,c1ccccc1,34.0
CC(C)Cc1ccc(C(C)C(=O)O)cc1,c1ccccc1,77.0
CC(C)Oc1ccc(S(=O)(=O)Cl)cc1,c1ccccc1,33.0
CC(C)Oc1ccc(C(=O)O)cc1,c1ccccc1,165.0
CC(=O)Nc1ccc(C(C)C)cc1,c1ccccc1,104.0
CC(C)c1ccc(N)cc1,c1ccccc1,-63.0
CC(C)c1ccc(S(N)(=O)=O)cc1,c1ccccc1,105.0
CC(C)c1ccc(C(=O)O)cc1,c1ccccc1,119.0
CC(C)c1ccc(CO)cc1,c1ccccc1,27.0
CC(C)c1ccc(/C=C/[N+](=O)[O-])cc1,c1ccccc1,37.0
CC(C)c1ccc(-c2ccccc2)cc1,c1ccc(-c2ccccc2)cc1,11.0
CC(C)c1ccc(O)cc1,c1ccccc1,60.0
CC(C)c1ccc(OCC(=O)O)cc1,c1ccccc1,86.0
CC(C)c1ccc(CC(=O)O)cc1,c1ccccc1,52.0
O=C(O)Cc1ccc(S)cc1,c1ccccc1,107.0
COc1ccc(C=O)c2ccccc12,c1ccc2ccccc2c1,34.0
COc1ccc(O)c2ccccc12,c1ccc2ccccc2c1,129.0
COc1ccc(C#N)c2ccccc12,c1ccc2ccccc2c1,102.0
COc1ccc(C#N)c(OC(F)(F)F)c1,c1ccccc1,32.0
COc1ccc(C=O)c(C(F)(F)F)c1,c1ccccc1,40.0
COc1ccc(C(=O)O)c(C(F)(F)F)c1,c1ccccc1,149.0
COc1cc(C)c(S(=O)(=O)Cl)c(C)c1C,c1ccccc1,58.0
COc1ccc(N)c(C)c1,c1ccccc1,14.0
COc1ccc(C(=O)O)c(C)c1,c1ccccc1,179.0
COc1ccc(NC(C)=O)c([N+](=O)[O-])c1,c1ccccc1,118.0
COc1ccc(N)c([N+](=O)[O-])c1,c1ccccc1,127.0
COc1ccc(O)c([N+](=O)[O-])c1,c1ccccc1,79.0
COc1ccc(N=C=S)c([N+](=O)[O-])c1,c1ccccc1,92.0
COc1cc(C(=O)O)nc2ccccc12,c1ccc2ncccc2c1,197.0
COc1ccc(N)cc1C(F)(F)F,c1ccccc1,59.0
COc1ccc(C=O)cc1C(F)(F)F,c1ccccc1,39.0
COc1ccc(C(=O)O)cc1C(F)(F)F,c1ccccc1,170.0
COc1ccc(C#N)cc1C(F)(F)F,c1ccccc1,99.0
COc1ccc(CBr)cc1C(F)(F)F,c1ccccc1,77.0
COc1c(C)cc(N)cc1C,c1ccccc1,64.0
COc1ccc(C(C)=O)cc1[N+](=O)[O-],c1ccccc1,98.0
COc1ccc(C=O)cc1[N+](=O)[O-],c1ccccc1,99.0
COc1ccc(C(N)=O)cc1[N+](=O)[O-],c1ccccc1,175.0
COc1ccc(C(=O)O)cc1[N+](=O)[O-],c1ccccc1,188.0
COc1ccc(C(F)(F)F)cc1[N+](=O)[O-],c1ccccc1,48.0
COC1=CC(=O)NC1,O=C1C=CCN1,132.0
COc1ccc(C(=O)c2ccc([N+](=O)[O-])cc2)cc1,O=C(c1ccccc1)c1ccccc1,126.0
COc1ccc(NC(C)=O)cc1,c1ccccc1,127.0
COc1ccc(C(C)=O)cc1,c1ccccc1,38.0
COc1ccc(C=O)cc1,c1ccccc1,1.0
COc1ccc(C(N)=O)cc1,c1ccccc1,166.0
COc1ccc(S(N)(=O)=O)cc1,c1ccccc1,112.0
COc1ccc(S(=O)(=O)Cl)cc1,c1ccccc1,40.0
COc1ccc(C(=O)NN)cc1,c1ccccc1,138.0
COc1ccc(C(O)c2ccccc2)cc1,c1ccc(Cc2ccccc2)cc1,67.0
COc1ccc(C(=O)O)cc1,c1ccccc1,184.0
COc1ccc(C(=O)OC(=O)c2ccc(OC)cc2)cc1,O=C(OC(=O)c1ccccc1)c1ccccc1,97.0
COc1ccc(C#N)cc1,c1ccccc1,59.0
COc1ccc(C(=O)c2ccccc2)cc1,O=C(c1ccccc1)c1ccccc1,62.0
COc1ccc(C(=O)Cl)cc1,c1ccccc1,22.0
COc1ccc(C(=O)CC#N)cc1,c1ccccc1,128.0
COc1ccc(CO)cc1,c1ccccc1,24.0
COc1ccc(COC(=O)NN)cc1,c1ccccc1,76.0
COc1ccc(CN)cc1,c1ccccc1,-10.0
COc1ccc(-c2ccccc2)cc1,c1ccc(-c2ccccc2)cc1,88.0
COc1ccc(-c2ccc(S(=O)(=O)Cl)cc2)cc1,c1ccc(-c2ccccc2)cc1,103.0
COc1ccc(C(=O)/C=C/c2ccccc2)cc1,O=C(C=Cc1ccccc1)c1ccccc1,102.0
COc1ccc(/C=C/C(=O)c2ccccc2)cc1,O=C(C=Cc1ccccc1)c1ccccc1,75.0
COc1cc(=O)oc2ccccc12,O=c1ccc2ccccc2o1,124.0
COc1cccc2[nH]ccc12,c1ccc2[nH]ccc2c1,70.0
COc1ccc(C(O)C(=O)O)cc1,c1ccccc1,107.0
COc1ccc(O)cc1,c1ccccc1,57.0
COc1ccc(OCC(=O)O)cc1,c1ccccc1,111.0
COc1ccc(N=C=S)cc1,c1ccccc1,19.0
COc1ccc(CC(N)=O)cc1,c1ccccc1,186.0
COc1ccc(CC(=O)O)cc1,c1ccccc1,87.0
COc1ccc(CC#N)cc1,c1ccccc1,8.0
C#Cc1ccc(OC)cc1,c1ccccc1,28.0
CCC(=O)c1ccc(OC)cc1,c1ccccc1,28.0
COc1ccncc1,c1ccncc1,4.0
COc1cc[n+]([O-])cc1,c1cc[nH+]cc1,102.0
COc1ccc(/C=C/c2ccccc2)cc1,C(=Cc1ccccc1)c1ccccc1,137.0
COc1ccc(C(Cl)(c2ccccc2)c2ccccc2)cc1,c1ccc(C(c2ccccc2)c2ccccc2)cc1,123.0
Cc1ccnc2c1ccc1cccnc12,c1cnc2c(c1)ccc1cccnc12,145.0
Cc1nnsc1C(=O)O,c1csnn1,185.0
Cc1cn[nH]c1,c1cn[nH]c1,13.0
C=CCC(C)C,,-153.0
Cc1nc(-c2ccccn2)sc1C(=O)O,c1ccc(-c2nccs2)nc1,226.0
Cc1nc(-c2cccnc2)sc1C(=O)O,c1cncc(-c2nccs2)c1,246.0
Cc1nc(-c2ccncc2)sc1C(=O)O,c1cc(-c2nccs2)ccn1,305.0
Cc1ccc(C#N)c(C(F)(F)F)c1,c1ccccc1,25.0
Cc1c(F)c(F)c(CBr)c(F)c1F,c1ccccc1,42.0
CN1C(=O)COc2ccccc21,O=C1COc2ccccc2N1,59.0
Cc1ccc(N)c([N+](=O)[O-])c1,c1ccccc1,117.0
Cc1ccc(C#N)c([N+](=O)[O-])c1,c1ccccc1,97.0
Cc1ccc(O)c([N+](=O)[O-])c1,c1ccccc1,34.0
Cc1ccc(N=C=S)c([N+](=O)[O-])c1,c1ccccc1,65.0
CC(=O)CC(C)C,,-84.0
Cc1nn(-c2ccccc2)nc1C(=O)O,c1ccc(-n2nccn2)cc1,203.0
Cc1c[nH]c(-c2ccccc2)n1,c1ccc(-c2ncc[nH]2)cc1,175.0
Cc1ccc(C(=O)O)cc1C(F)(F)F,c1ccccc1,177.0
Cc1ccc(C#N)cc1C(F)(F)F,c1ccccc1,61.0
CC(=O)c1ccc(C)c([N+](=O)[O-])c1,c1ccccc1,60.0
Cc1ccc(N)cc1[N+](=O)[O-],c1ccccc1,77.0
Cc1ccc(C=O)cc1[N+](=O)[O-],c1ccccc1,46.0
Cc1ccc(C(N)=O)cc1[N+](=O)[O-],c1ccccc1,166.0
Cc1ccc(S(N)(=O)=O)cc1[N+](=O)[O-],c1ccccc1,143.0
Cc1ccc(S(=O)(=O)Cl)cc1[N+](=O)[O-],c1ccccc1,35.0
Cc1ccc(C(=O)O)cc1[N+](=O)[O-],c1ccccc1,189.0
Cc1ccc(C#N)cc1[N+](=O)[O-],c1ccccc1,106.0
Cc1ccc(O)cc1[N+](=O)[O-],c1ccccc1,79.0
Cc1ccc(N=C=O)cc1[N+](=O)[O-],c1ccccc1,51.0
Cc1ccncc1[N+](=O)[O-],c1ccncc1,20.0
CNC(=S)NN,,137.0
C=Cc1scnc1C,c1cscn1,-15.0
CC(=O)Nc1ccc(C)cc1,c1ccccc1,149.0
CC(=O)c1ccc(C)cc1,c1ccccc1,-19.0
COc1ccc(C)cc1,c1ccccc1,-50.0
Cc1ccc(C(O)c2ccccc2)cc1,c1ccc(Cc2ccccc2)cc1,52.0
Cc1ccc(C(=O)c2ccccc2)cc1,O=C(c1ccccc1)c1ccccc1,55.0
Cc1ccc(CO)cc1,c1ccccc1,59.0
Cc1ccc(CBr)cc1,c1ccccc1,35.0
Cc1ccc(CCl)cc1,c1ccccc1,5.0
Cc1ccc(CN)cc1,c1ccccc1,12.0
Cc1ccc(-c2ccccc2)cc1,c1ccc(-c2ccccc2)cc1,46.0
Cc1ccc(O)c(O)c1,c1ccccc1,68.0
CC1CCC(=O)CC1,O=C1CCCCC1,-41.0
Cc1c[nH]cn1,c1c[nH]cn1,51.0
CN1CCOCC1,C1COCCN1,-65.0
Cc1ccc(OCC(=O)O)cc1,c1ccccc1,140.0
Cc1ccc(OCC#N)cc1,c1ccccc1,43.0
CC1CCNCC1,C1CCNCC1,5.0
CCC(=O)c1ccc(C)cc1,c1ccccc1,7.0
Cc1ccc(C(=O)O)c(O)c1,c1ccccc1,178.0
C=Cc1ccc(C)cc1,c1ccccc1,-34.0
Cc1ccc(S(C)(=O)=O)cc1[N+](=O)[O-],c1ccccc1,121.0
CSc1ccc(N)cc1C(F)(F)F,c1ccccc1,57.0
CN1CCS(=O)(=O)CC1,O=S1(=O)CCNCC1,86.0
Cc1cc(=O)oc2cc(O)ccc12,O=c1ccc2ccccc2o1,189.0
CC(=O)Oc1ccc2c(C)cc(=O)oc2c1,O=c1ccc2ccccc2o1,150.0
CC(C)CCC(=O)O,,-35.0
N#CCCN1CCOCC1,C1COCCN1,21.0
CCCCc1ccc(-c2ccc(C#N)cc2)cc1,c1ccc(-c2ccccc2)cc1,50.0
CCCCc1ccc(N)cc1,c1ccccc1,-14.0
CCCCc1ccc(C=O)cc1,c1ccccc1,-43.0
CCCCc1ccc(C(N)=O)cc1,c1ccccc1,128.0
CCCCc1ccc(S(N)(=O)=O)cc1,c1ccccc1,94.0
CCCCc1ccc(S(=O)(=O)Cl)cc1,c1ccccc1,14.0
CCCCc1ccc(C(=O)O)cc1,c1ccccc1,107.0
CCCCc1ccc(-c2ccccc2)cc1,c1ccc(-c2ccccc2)cc1,7.0
CCCCc1ccc(O)cc1,c1ccccc1,22.0
CCCCCCCCCCc1ccc(N)cc1,c1ccccc1,24.0
CCCCCCCCCCc1ccc(-c2ccccc2)cc1,c1ccc(-c2ccccc2)cc1,53.0
CCCCCCCCCCOc1ccc(C(=O)O)cc1,c1ccccc1,97.0
CCCCCCCCCCCCOc1ccc(C=O)cc1,c1ccccc1,28.0
CCCCCCCCCCCCOc1ccc(C(=O)O)cc1,c1ccccc1,135.0
CCCCCCCc1ccc(C(=O)O)cc1,c1ccccc1,102.0
CCCCCCCc1ccc(-c2ccccc2)cc1,c1ccc(-c2ccccc2)cc1,27.0
CCCCCCCOc1ccc(N)cc1,c1ccccc1,45.0
CCCCCCCOc1ccc(C(=O)O)cc1,c1ccccc1,93.0
CCCCCCCc1ccc(O)cc1,c1ccccc1,27.0
CCCCCCCCCCCCCCCCOc1ccc(N)cc1,c1ccccc1,60.0
CCCCCCc1ccc(-c2ccccc2)cc1,c1ccc(-c2ccccc2)cc1,30.0
CCCCCCc1ccc(-c2ccc(C(=O)O)cc2)cc1,c1ccc(-c2ccccc2)cc1,223.0
CCCCCCOc1ccc(C(=O)O)cc1,c1ccccc1,104.0
CCCCCCOc1ccc(O)cc1,c1ccccc1,46.0
CCCCCCc1ccc(O)cc1O,c1ccccc1,66.0
O=[N+]([O-])c1cn[nH]c1,c1cn[nH]c1,161.0
O=[N+]([O-])c1ccc(O)c2ccccc12,c1ccc2ccccc2c1,166.0
CC(=O)Nc1ccc([N+](=O)[O-])cc1C(F)(F)F,c1ccccc1,148.0
Nc1ccc([N+](=O)[O-])cc1C(F)(F)F,c1ccccc1,92.0
N#Cc1ccc([N+](=O)[O-])cc1C(F)(F)F,c1ccccc1,52.0
Cc1cc([N+](=O)[O-])cc[n+]1[O-],c1cc[nH+]cc1,156.0
Nc1ccc([N+](=O)[O-])c(C(F)(F)F)c1,c1ccccc1,127.0
O=[N+]([O-])c1ccc(S(=O)(=O)Cl)cc1C(F)(F)F,c1ccccc1,64.0
O=[N+]([O-])c1ccc(O)cc1C(F)(F)F,c1ccccc1,76.0
Cc1c[n+]([O-])ccc1[N+](=O)[O-],c1cc[nH+]cc1,136.0
CC(=O)Nc1ccc([N+](=O)[O-])cc1,c1ccccc1,216.0
CC(=O)c1ccc([N+](=O)[O-])cc1,c1ccccc1,79.0
O=[N+]([O-])c1ccc(CS(=O)(=O)Cl)cc1,c1ccccc1,92.0
Nc1ccc([N+](=O)[O-])cc1,c1ccccc1,148.0
COc1ccc([N+](=O)[O-])cc1,c1ccccc1,52.0
O=Cc1ccc([N+](=O)[O-])cc1,c1ccccc1,105.0
O=[N+]([O-])c1ccc(C=NO)cc1,c1ccccc1,128.0
NC(=O)c1ccc([N+](=O)[O-])cc1,c1ccccc1,200.0
NS(=O)(=O)c1ccc([N+](=O)[O-])cc1,c1ccccc1,180.0
O=[N+]([O-])c1ccc(S(=O)(=O)Cl)cc1,c1ccccc1,78.0
O=[N+]([O-])c1ccc2c(c1)OCCOCCOCCOCCO2,c1ccc2c(c1)OCCOCCOCCOCCO2,94.0
O=C(O)c1ccc([N+](=O)[O-])cc1,c1ccccc1,240.0
N#Cc1ccc([N+](=O)[O-])cc1,c1ccccc1,145.0
O=C(c1ccccc1)c1ccc([N+](=O)[O-])cc1,O=C(c1ccccc1)c1ccccc1,137.0
O=[N+]([O-])c1ccc(C(F)(F)F)cc1,c1ccccc1,40.0
O=C(Cl)c1ccc([N+](=O)[O-])cc1,c1ccccc1,73.0
O=[N+]([O-])c1ccc(CO)cc1,c1ccccc1,94.0
O=[N+]([O-])c1ccc(CBr)cc1,c1ccccc1,99.0
O=C(CBr)OCc1ccc([N+](=O)[O-])cc1,c1ccccc1,50.0
O=[N+]([O-])c1ccc(CCl)cc1,c1ccccc1,72.0
O=[N+]([O-])c1ccc(O)c(O)c1,c1ccccc1,176.0
O=C(/C=C/c1ccc([N+](=O)[O-])cc1)c1ccccc1,O=C(C=Cc1ccccc1)c1ccccc1,164.0
O=[N+]([O-])c1ccc(/C=C/CO)cc1,c1ccccc1,127.0
O=C(O)CNC(=O)c1ccc([N+](=O)[O-])cc1,c1ccccc1,130.0
O=[N+]([O-])c1cccc2[nH]ccc12,c1ccc2[nH]ccc2c1,205.0
Cc1ccc([N+](=O)[O-])c(C)c1,c1ccccc1,6.0
Nc1ccc([N+](=O)[O-])cc1N,c1ccccc1,201.0
Cc1ccc([N+](=O)[O-])cc1C,c1ccccc1,29.0
O=[N+]([O-])c1ccc(O)cc1,c1ccccc1,113.0
NNC(=O)COc1ccc([N+](=O)[O-])cc1,c1ccccc1,189.0
N#CCOc1ccc([N+](=O)[O-])cc1,c1ccccc1,75.0
CC(=O)Oc1ccc([N+](=O)[O-])cc1,c1ccccc1,78.0
O=C(Oc1ccc([N+](=O)[O-])cc1)c1ccccc1,O=C(Oc1ccccc1)c1ccccc1,143.0
O=C(CBr)Oc1ccc([N+](=O)[O-])cc1,c1ccccc1,86.0
O=C(CCl)Oc1ccc([N+](=O)[O-])cc1,c1ccccc1,94.0
O=C(Cl)Oc1ccc([N+](=O)[O-])cc1,c1ccccc1,79.0
O=COc1ccc([N+](=O)[O-])cc1,c1ccccc1,72.0
O=C=Nc1ccc([N+](=O)[O-])cc1,c1ccccc1,58.0
O=[N+]([O-])c1ccc(N=C=S)cc1,c1ccccc1,108.0
CCCCCCCCCCCCCCCC(=O)Oc1ccc([N+](=O)[O-])cc1,c1ccccc1,66.0
O=[N+]([O-])c1ccc(Oc2ccccc2)cc1,c1ccc(Oc2ccccc2)cc1,55.0
O=[N+]([O-])c1ccc(Sc2ccccc2)cc1,c1ccc(Sc2ccccc2)cc1,56.0
O=[N+]([O-])c1ccc(OS(=O)(=O)C(F)(F)F)cc1,c1ccccc1,52.0
O=C(O)Cc1ccc([N+](=O)[O-])cc1,c1ccccc1,154.0
N#CCc1ccc([N+](=O)[O-])cc1,c1ccccc1,116.0
O=C(O)C(=O)c1ccc([N+](=O)[O-])cc1,c1ccccc1,110.0
O=C(O)c1ccc([N+](=O)[O-])cc1C(=O)O,c1ccccc1,163.0
O=C1NC(=O)c2cc([N+](=O)[O-])ccc21,O=C1NC(=O)c2ccccc21,202.0
O=[N+]([O-])c1cc[n+]([O-])cc1,c1cc[nH+]cc1,161.0
O=[N+]([O-])c1cc[n+]([O-])c2ccccc12,c1ccc2[nH+]cccc2c1,155.0
C=Cc1ccc([N+](=O)[O-])cc1,c1ccccc1,27.0
COc1ccc(S[N+](=O)[O-])cc1,c1ccccc1,69.0
Cc1ccc([N+](=O)[O-])cc1,c1ccccc1,52.0
COc1ccc([N+](=O)[O-])cc1OC,c1ccccc1,97.0
CCCCCCCCCOc1ccc(N)cc1,c1ccccc1,39.0
CCCCCCCCCc1ccc(O)cc1,c1ccccc1,45.0
CCCCCCCCc1ccc(C(=O)O)cc1,c1ccccc1,98.0
CCCCCCCCc1ccc(-c2ccc(C#N)cc2)cc1,c1ccc(-c2ccccc2)cc1,21.0
CCCCCCCCOc1ccc(C(=O)O)cc1,c1ccccc1,103.0
CCCCCCCCOc1ccc(C#N)cc1,c1ccccc1,25.0
CCCCCCCCc1ccc(O)cc1,c1ccccc1,45.0
CCCCCc1ccc(S(=O)(=O)Cl)cc1,c1ccccc1,42.0
CCCCCc1ccc(-c2ccccc2)cc1,c1ccc(-c2ccccc2)cc1,10.0
CCCCCOc1ccc(C(=O)O)cc1,c1ccccc1,123.0
CCCCCc1ccc(O)cc1,c1ccccc1,24.0
CCCc1ccc(S(=O)(=O)Cl)cc1,c1ccccc1,21.0
CCCc1ccc(C(=O)O)cc1,c1ccccc1,142.0
CCCc1ccc(-c2ccc(C(=O)O)cc2)cc1,c1ccc(-c2ccccc2)cc1,226.0
CCCc1ccc(O)cc1,c1ccccc1,21.0
O=C(O)CCC(=O)c1cccs1,c1ccsc1,119.0
C=CCCC(=O)O,,-22.0
C#CCCC(=O)O,,56.0
CC(=O)c1ccc(Oc2ccccc2)cc1,c1ccc(Oc2ccccc2)cc1,50.0
Nc1ccc(Oc2ccccc2)cc1,c1ccc(Oc2ccccc2)cc1,84.0
O=Cc1ccc(Oc2ccccc2)cc1,c1ccc(Oc2ccccc2)cc1,25.0
NS(=O)(=O)c1ccc(Oc2ccccc2)cc1,c1ccc(Oc2ccccc2)cc1,131.0
O=S(=O)(Cl)c1ccc(Oc2ccccc2)cc1,c1ccc(Oc2ccccc2)cc1,44.0
O=C(O)c1ccc(Oc2ccccc2)cc1,c1ccc(Oc2ccccc2)cc1,162.0
N#Cc1ccc(Oc2ccccc2)cc1,c1ccc(Oc2ccccc2)cc1,44.0
O=C(c1ccccc1)c1ccc(Oc2ccccc2)cc1,O=C(c1ccccc1)c1ccc(Oc2ccccc2)cc1,64.0
O=C(O)CCCOc1ccccc1,c1ccccc1,63.0
Oc1ccc(Oc2ccccc2)cc1,c1ccc(Oc2ccccc2)cc1,84.0
O=C(O)Cc1ccc(Oc2ccccc2)cc1,c1ccc(Oc2ccccc2)cc1,76.0
O=c1[nH]nc(-c2ccccc2)c2ccccc12,O=c1[nH]nc(-c2ccccc2)c2ccccc12,240.0
c1ccc(-c2csnn2)cc1,c1ccc(-c2csnn2)cc1,78.0
c1ccc(-c2csc(-c3ccccn3)n2)cc1,c1ccc(-c2csc(-c3ccccn3)n2)cc1,57.0
c1ccc(-c2csc(-c3cccnc3)n2)cc1,c1ccc(-c2csc(-c3cccnc3)n2)cc1,54.0
c1ccc(-c2csc(-c3ccncc3)n2)cc1,c1ccc(-c2csc(-c3ccncc3)n2)cc1,93.0
Cc1cccc(-c2nc(-c3ccccc3)cs2)c1,c1ccc(-c2csc(-c3ccccc3)n2)cc1,48.0
Cc1ccc(-c2nc(-c3ccccc3)cs2)cc1,c1ccc(-c2csc(-c3ccccc3)n2)cc1,58.0
NNC(=S)Nc1ccccc1,c1ccccc1,138.0
c1ccc(N=Nc2ccc(Nc3ccccc3)cc2)cc1,c1ccc(N=Nc2ccc(Nc3ccccc3)cc2)cc1,83.0
O=C1C=CC(=O)N1c1ccc(/N=N/c2ccccc2)cc1,O=C1C=CC(=O)N1c1ccc(N=Nc2ccccc2)cc1,164.0
Oc1ccc(/N=N/c2ccccc2)cc1,c1ccc(N=Nc2ccccc2)cc1,154.0
S=C=Nc1ccc(N=Nc2ccccc2)cc1,c1ccc(N=Nc2ccccc2)cc1,97.0
O=C(O)CCCc1ccccc1,c1ccccc1,51.0
O=C(O)/C=C/c1ccc(-c2ccccc2)cc1,c1ccc(-c2ccccc2)cc1,226.0
O=C1CCC(c2ccccc2)CC1,O=C1CCC(c2ccccc2)CC1,80.0
c1ccc(-c2c[nH]cn2)cc1,c1ccc(-c2c[nH]cn2)cc1,144.0
Oc1ccc(-c2ccccc2)cc1,c1ccc(-c2ccccc2)cc1,166.0
c1ccc(C23CCN(CC2)CC3)cc1,c1ccc(C23CCN(CC2)CC3)cc1,124.0
NNC(=O)Nc1ccccc1,c1ccccc1,124.0
O=c1[nH][nH]c(=O)n1-c1ccccc1,O=c1[nH][nH]c(=O)n1-c1ccccc1,208.0
Cc1ccncc1,c1ccncc1,3.0
Cc1cc[n+]([O-])cc1,c1cc[nH+]cc1,184.0
OCC1CCNCC1,C1CCNCC1,59.0
NC(=O)Cc1ccncc1,c1ccncc1,146.0
OCc1ccncc1,c1ccncc1,54.0
OCc1ccncn1,c1cncnc1,77.0
CC(C)(C)c1ccc(C(=O)CCl)cc1,c1ccccc1,36.0
CC(C)(C)NC(=S)NN,,140.0
CC(C)(C)c1ccc(C(=O)CCCCl)cc1,c1ccccc1,48.0
CC(=O)c1ccc(C(C)(C)C)cc1,c1ccccc1,18.0
CC(C)(C)c1ccc(N)cc1,c1ccccc1,16.0
COc1ccc(C(C)(C)C)cc1,c1ccccc1,18.0
CC(C)(C)c1ccc(C(N)=O)cc1,c1ccccc1,173.0
CC(C)(C)c1ccc(S(=O)(=O)Cl)cc1,c1ccccc1,82.0
CC(C)(C)c1ccc(C(=O)NN)cc1,c1ccccc1,129.0
CC(C)(C)c1ccc(C(=O)O)cc1,c1ccccc1,166.0
CC(C)(C)c1ccc(C(=O)c2ccccc2)cc1,O=C(c1ccccc1)c1ccccc1,40.0
CC(C)(C)c1ccc(CBr)cc1,c1ccccc1,10.0
CC(C)(C)c1ccc2cc1Cc1cccc(c1)Cc1cccc(c1)Cc1cccc(c1)C2,c1cc2cc(c1)Cc1cccc(c1)Cc1cccc(c1)Cc1cccc(c1)C2,342.0
CC(C)(C)c1ccc2cc1Cc1cccc(c1)Cc1cccc(c1)Cc1cccc(c1)Cc1cccc(c1)Cc1cccc(c1)C2,c1cc2cc(c1)Cc1cccc(c1)Cc1cccc(c1)Cc1cccc(c1)Cc1cccc(c1)Cc1cccc(c1)C2,379.0
CC(C)(C)c1ccc(O)c(O)c1,c1ccccc1,55.0
CC(C)(C)C1CCC(=O)CC1,O=C1CCCCC1,49.0
CC(C)(C)c1ccc(O)cc1,c1ccccc1,99.0
C=Cc1ccc(C(C)(C)C)cc1,c1ccccc1,-38.0
Cc1ccc(C(C)(C)C)cc1,c1ccccc1,-63.0
CCC(C)(C)c1ccc(S(=O)(=O)Cl)cc1,c1ccccc1,47.0
CCC(C)(C)c1ccc(O)cc1,c1ccccc1,89.0
CCCCCCCCCC(=O)CCC,,19.0
O=S(=O)(Cl)Cc1ccc(C(F)(F)F)cc1,c1ccccc1,104.0
Nc1ccc(C(c2ccccc2)(c2ccccc2)c2ccccc2)cc1,c1ccc(C(c2ccccc2)(c2ccccc2)c2ccccc2)cc1,258.0
Oc1ccc(C(c2ccccc2)(c2ccccc2)c2ccccc2)cc1,c1ccc(C(c2ccccc2)(c2ccccc2)c2ccccc2)cc1,281.0
C=Cc1ccc(C(=O)O)cc1,c1ccccc1,142.0
C=Cc1ccc(-c2ccccc2)cc1,c1ccc(-c2ccccc2)cc1,116.0
Clc1cccc(-c2nnn[nH]2)c1Cl,c1ccc(-c2nnn[nH]2)cc1,181.0
Clc1ccc(-c2nnn[nH]2)c(Cl)c1,c1ccc(-c2nnn[nH]2)cc1,163.0
Clc1ccc(Cl)c(-c2nnn[nH]2)c1,c1ccc(-c2nnn[nH]2)cc1,157.0
Clc1cccc(Cl)c1-c1nnn[nH]1,c1ccc(-c2nnn[nH]2)cc1,203.0
Brc1ccccc1-c1nnn[nH]1,c1ccc(-c2nnn[nH]2)cc1,182.0
Clc1ccccc1-c1nnn[nH]1,c1ccc(-c2nnn[nH]2)cc1,180.0
Fc1ccccc1-c1nnn[nH]1,c1ccc(-c2nnn[nH]2)cc1,158.0
O=C(O)c1cc(-c2ccco2)[nH]n1,c1coc(-c2ccn[nH]2)c1,220.0
COc1ccccc1-c1nnn[nH]1,c1ccc(-c2nnn[nH]2)cc1,155.0
Cc1ccccc1-c1nnn[nH]1,c1ccc(-c2nnn[nH]2)cc1,153.0
O=C(O)CCCCc1cccs1,c1ccsc1,41.0
Clc1ccc(-c2nnn[nH]2)cc1Cl,c1ccc(-c2nnn[nH]2)cc1,161.0
Clc1cc(Cl)cc(-c2nnn[nH]2)c1,c1ccc(-c2nnn[nH]2)cc1,207.0
Fc1cc(F)cc(-c2ccno2)c1,c1ccc(-c2ccno2)cc1,77.0
c1ccc(COc2cccc(-c3nnn[nH]3)c2)cc1,c1ccc(COc2cccc(-c3nnn[nH]3)c2)cc1,209.0
Brc1cccc(-c2nnn[nH]2)c1,c1ccc(-c2nnn[nH]2)cc1,151.0
Clc1cccc(-c2nnn[nH]2)c1,c1ccc(-c2nnn[nH]2)cc1,140.0
Fc1cccc(-c2nnn[nH]2)c1,c1ccc(-c2nnn[nH]2)cc1,143.0
COc1cccc(-c2nnn[nH]2)c1,c1ccc(-c2nnn[nH]2)cc1,157.0
Cc1cccc(-c2nnn[nH]2)c1,c1ccc(-c2nnn[nH]2)cc1,145.0
c1ccc(Oc2cccc(-c3nnn[nH]3)c2)cc1,c1ccc(Oc2cccc(-c3nnn[nH]3)c2)cc1,153.0
FC(F)(F)Oc1cccc(-c2nnn[nH]2)c1,c1ccc(-c2nnn[nH]2)cc1,158.0
Clc1ccc(-c2nnn[nH]2)cc1,c1ccc(-c2nnn[nH]2)cc1,263.0
CCN(CC)c1ccc(C=C2SC(=S)NC2=O)cc1,O=C1NC(=S)SC1=Cc1ccccc1,163.0
CN(C)c1ccc(/C=C2\SC(=S)NC2=O)cc1,O=C1NC(=S)SC1=Cc1ccccc1,278.0
Fc1ccc(-c2nnn[nH]2)cc1,c1ccc(-c2nnn[nH]2)cc1,210.0
Fc1ccc(-c2ccno2)cc1,c1ccc(-c2ccno2)cc1,55.0
O=C(O)CCCCc1ccc(F)cc1,c1ccccc1,74.0
O=C(O)CCCCc1ccc(O)cc1,c1ccccc1,118.0
COc1ccc(-c2nnn[nH]2)cc1,c1ccc(-c2nnn[nH]2)cc1,237.0
Cc1ccc(-c2nnn[nH]2)cc1,c1ccc(-c2nnn[nH]2)cc1,251.0
O=[N+]([O-])c1ccc(N2CCOCC2)cc1O,c1ccc(N2CCOCC2)cc1,144.0
Brc1cncc(-c2nnn[nH]2)c1,c1cncc(-c2nnn[nH]2)c1,227.0
CCSc1nnn[nH]1,c1nnn[nH]1,76.0
O=S(=O)(Cl)c1ccc(S(=O)(=O)c2ccccc2)s1,O=S(=O)(c1ccccc1)c1cccs1,104.0
O=C1Nc2ccc(OC(F)(F)F)cc2C1=O,O=C1Nc2ccccc2C1=O,171.0
O=C(O)c1cc(OC(F)(F)F)ccc1O,c1ccccc1,132.0
FC(F)(F)c1ccc2[nH]ccc2c1,c1ccc2[nH]ccc2c1,69.0
O=Cc1ccc(C(F)(F)F)cn1,c1ccncc1,32.0
O=c1[nH]cc(C(F)(F)F)c(=O)[nH]1,O=c1cc[nH]c(=O)[nH]1,253.0
CC(C[C@H](N)C(=O)O)C(F)(F)F,,274.0
Cc1ccc(-c2ccc(C)cn2)nc1,c1ccc(-c2ccccn2)nc1,116.0
CC1(C)NC(=O)NC1=O,O=C1CNC(=O)N1,176.0
CC1(C)OC(=O)NC1=O,O=C1COC(=O)N1,79.0
O=C1NC(=O)C(c2ccccc2)(c2ccccc2)N1,O=C1NC(=O)C(c2ccccc2)(c2ccccc2)N1,296.0
c1ccc2c3c([nH]c2c1)CCCCC3,c1ccc2c3c([nH]c2c1)CCCCC3,145.0
Oc1cccc2c1CCCC2,c1ccc2c(c1)CCCC2,70.0
Oc1ccc2c(c1)CCCC2,c1ccc2c(c1)CCCC2,62.0
O=c1cc(-c2ccccc2)oc2cc(O)c(O)c(O)c12,O=c1cc(-c2ccccc2)oc2ccccc12,269.0
COc1cc2oc(-c3ccccc3)cc(=O)c2c(OC)c1OC,O=c1cc(-c2ccccc2)oc2ccccc12,166.0
Brc1cncc(-c2ccc(Br)nc2)c1,c1cncc(-c2cccnc2)c1,203.0
CCc1nnc(-c2ccccn2)nc1CC,c1ccc(-c2nccnn2)nc1,70.0
O=Cc1c(O)ccc(F)c1F,c1ccccc1,55.0
O=C(O)c1c(O)ccc(F)c1F,c1ccccc1,183.0
CC1CNC(=O)NC1=O,O=C1CCNC(=O)N1,264.0
CC1CC(=O)NC(=O)N1,O=C1CCNC(=O)N1,219.0
O=C1CCNC(=O)N1,O=C1CCNC(=O)N1,279.0
COc1cc2c(cc1OC)C(=O)CC2,O=C1CCc2ccccc21,119.0
COc1cc2nc[nH]c2cc1OC,c1ccc2[nH]cnc2c1,186.0
COc1cc2cc[nH]c2cc1OC,c1ccc2[nH]ccc2c1,157.0
Cc1c(C)c2cccnc2c2ncccc12,c1cnc2c(c1)ccc1cccnc12,268.0
Cc1cc2nsnc2cc1C,c1ccc2nsnc2c1,84.0
Cc1nnc(-c2ccccn2)nc1C,c1ccc(-c2nccnn2)nc1,85.0
Cc1cc2nc[nH]c2cc1C,c1ccc2[nH]cnc2c1,204.0
Oc1c(Br)cc(Br)c2cccnc12,c1ccc2ncccc2c1,201.0
Oc1c(Cl)cc(Cl)c2cccnc12,c1ccc2ncccc2c1,181.0
COc1ccc(-c2coc3cc(O)cc(O)c3c2=O)cc1,O=c1c(-c2ccccc2)coc2ccccc12,212.0
Cc1cc(=O)oc2cc(O)cc(O)c12,O=c1ccc2ccccc2o1,299.0
O=c1cc(-c2ccccc2)oc2cc(O)cc(O)c12,O=c1cc(-c2ccccc2)oc2ccccc12,287.0
COc1cc(OC)c2ccc(=O)oc2c1,O=c1ccc2ccccc2o1,148.0
Cc1cc(C)c2c(c1)C(=O)C(=O)N2,O=C1Nc2ccccc2C1=O,246.0
OCCCCC#CC#CCCCCO,,50.0
FC(F)(F)c1cccc(-c2nnn[nH]2)c1,c1ccc(-c2nnn[nH]2)cc1,157.0
CSc1ccc(-c2nnn[nH]2)cc1,c1ccc(-c2nnn[nH]2)cc1,215.0
CC(=O)c1ccc2c(c1)CCO2,c1ccc2c(c1)CCO2,58.0
CC(=O)c1cnc(N)nc1C,c1cncnc1,227.0
CC(=O)c1ccc(O)c(C(N)=O)c1,c1ccccc1,221.0
CC(=O)c1ccc(O)c(C(=O)O)c1,c1ccccc1,215.0
CC(=O)c1ccc(C#N)s1,c1ccsc1,78.0
CC(=O)c1ccc(C(=O)O)s1,c1ccsc1,210.0
CC(=O)CCCCC(=O)O,,35.0
CC(C)CCC[C@@H](C)[C@H]1CC[C@H]2[C@@H]3CC[C@H]4C[C@@H](O)CC[C@]4(C)[C@H]3CC[C@]12C,C1CCC2C(C1)CCC1C3CCCC3CCC21,142.0
CC(C)CCC[C@@H](C)[C@H]1CC[C@H]2[C@@H]3CC[C@H]4CC(=O)CC[C@]4(C)[C@H]3CC[C@]12C,O=C1CCC2C(CCC3C4CCCC4CCC23)C1,130.0
N#Cc1cnn(-c2ccccc2Cl)c1N,c1ccc(-n2cccn2)cc1,138.0
N#Cc1cnn(-c2cccc(Cl)c2)c1N,c1ccc(-n2cccn2)cc1,185.0
N#Cc1cnn(-c2ccc(Cl)cc2)c1N,c1ccc(-n2cccn2)cc1,171.0
Cc1cc(N)n(C)n1,c1cn[nH]c1,75.0
Nc1cc(-c2ccccc2)nn1-c1ccccc1,c1ccc(-c2ccn(-c3ccccc3)n2)cc1,131.0
Nc1ccc2[nH]nnc2c1,c1ccc2[nH]nnc2c1,160.0
Nc1ccc2[nH]ncc2c1,c1ccc2[nH]ncc2c1,175.0
Cn1nc(-c2ccccc2)cc1N,c1ccc(-c2cc[nH]n2)cc1,127.0
NCCCCCO,,36.0
Nc1ccc(N2CCOCC2)nc1,c1ccc(N2CCOCC2)nc1,129.0
Nc1ccc2[nH]c(C(F)(F)F)nc2c1,c1ccc2[nH]cnc2c1,188.0
Nc1c(I)c(C(=O)O)c(I)c(C(=O)O)c1I,c1ccccc1,268.0
Nc1ccc(Br)nc1,c1ccncc1,77.0
Nc1ccc(Cl)nc1,c1ccncc1,83.0
N#Cc1ccc(N)cn1,c1ccncc1,150.0
Nc1ccc(F)c(C(=O)O)c1,c1ccccc1,191.0
N#Cc1cc(N)ccc1F,c1ccccc1,94.0
Nc1ccc(F)nc1,c1ccncc1,91.0
Nc1ccc(I)nc1,c1ccncc1,65.0
Nc1ccc2[nH]c(S)nc2c1,c1ccc2[nH]cnc2c1,242.0
COc1ccc(N)cc1O,c1ccccc1,131.0
COc1ccc(N)cn1,c1ccncc1,30.0
Cc1ccc(N)cn1,c1ccncc1,97.0
Nc1cc(-c2cccs2)n[nH]1,c1csc(-c2cc[nH]n2)c1,101.0
Cc1noc(N)c1C,c1cnoc1,119.0
Cc1cc(N)on1,c1cnoc1,83.0
Nc1cc(-c2ccccc2)no1,c1ccc(-c2ccon2)cc1,109.0
Cn1nc(C(C)(C)C)cc1N,c1cn[nH]c1,157.0
Nc1c(Cl)ncnc1Cl,c1cncnc1,145.0
Cn1ncc(Br)c1N,c1cn[nH]c1,99.0
N#CCc1nn(-c2ccccc2)c(N)c1C#N,c1ccc(-n2cccn2)cc1,164.0
Nc1ccc2c(c1)CCC2,c1ccc2c(c1)CCC2,35.0
Nc1ccc2[nH]ccc2c1,c1ccc2[nH]ccc2c1,132.0
Nc1cccc2cnccc12,c1ccc2cnccc2c1,129.0
NCc1ccc(Cl)nc1,c1ccncc1,30.0
Nc1ccc(C(=O)O)nc1,c1ccncc1,218.0
Nc1cccc2ncccc12,c1ccc2ncccc2c1,108.0
NCCCCC(=O)O,,157.0
c1cc2[nH]cnc2cn1,c1cc2[nH]cnc2cn1,172.0
O=C(O)CCCCC(=O)c1ccccc1,c1ccccc1,77.0
Cc1cc(OCc2ccccc2)ccc1[N+](=O)[O-],c1ccc(COc2ccccc2)cc1,70.0
c1ccc(COc2ccc3[nH]ccc3c2)cc1,c1ccc(COc2ccc3[nH]ccc3c2)cc1,99.0
O=C(O)c1cc2cc(OCc3ccccc3)ccc2[nH]1,c1ccc(COc2ccc3[nH]ccc3c2)cc1,197.0
O=Cc1c[nH]c2ccc(OCc3ccccc3)cc12,c1ccc(COc2ccc3[nH]ccc3c2)cc1,241.0
COc1cc(Br)cc(OC)c1OC,c1ccccc1,79.0
Cc1cc(C)c(Br)cc1C,c1ccccc1,72.0
Cc1cc(Br)cn(C)c1=O,O=c1cccc[nH]1,106.0
O=C1CCc2cc(Br)ccc21,O=C1CCc2ccccc21,127.0
CC(C)(C)Oc1ncc(Br)cn1,c1cncnc1,62.0
FC(F)(F)c1ccc(Br)cn1,c1ccncc1,40.0
Brc1ccc(-c2cccnc2)nc1,c1ccc(-c2cccnc2)nc1,77.0
Nc1cc(Br)cnc1N,c1ccncc1,157.0
COc1cc(Br)cc(F)c1F,c1ccccc1,35.0
CC(C)(C)Oc1ncc(Br)c(OC(C)(C)C)n1,c1cncnc1,60.0
Clc1ncc(Br)c(Cl)n1,c1cncnc1,30.0
Clc1ncccc1-c1ccc(Br)cn1,c1ccc(-c2cccnc2)nc1,132.0
O=C(O)c1cc(Br)ccc1Cl,c1ccccc1,160.0
FC(F)(F)c1cc(Br)ccc1Cl,c1ccccc1,-21.0
Oc1cc(Br)ccc1Cl,c1ccccc1,57.0
Clc1ccc(Br)cn1,c1ccncc1,70.0
Clc1ncc(Br)cn1,c1cncnc1,79.0
N#Cc1ccc(Br)cn1,c1ccncc1,126.0
CCOc1ccc(Br)cc1C=O,c1ccccc1,69.0
CCOc1ccc(Br)cn1,c1ccncc1,34.0
Cc1cc(Br)cnc1F,c1ccncc1,62.0
N#Cc1cc(Br)ccc1F,c1ccccc1,79.0
O=C(O)/C=C/c1cc(Br)ccc1F,c1ccccc1,195.0
Fc1ncc(Br)cn1,c1cncnc1,92.0
O=Cc1ccc(Br)o1,c1ccoc1,84.0
O=C(O)c1ccc(Br)o1,c1ccoc1,190.0
CC(=O)c1cc(Br)cc([N+](=O)[O-])c1O,c1ccccc1,131.0
O=[N+]([O-])c1cc(Br)cnc1O,c1ccncc1,247.0
O=C(c1ccccc1)c1cc(Br)ccc1O,O=C(c1ccccc1)c1ccccc1,110.0
OCc1cc(Br)ccc1O,c1ccccc1,109.0
Oc1ccc(Br)cn1,c1ccncc1,180.0
N#Cc1cc(Br)ccc1I,c1ccccc1,121.0
Brc1ccc(I)nc1,c1ccncc1,115.0
Brc1cnc(I)nc1,c1cncnc1,101.0
COc1ccc(Br)cc1N,c1ccccc1,95.0
COc1ccc(Br)cc1C=O,c1ccccc1,116.0
COc1ccc(Br)cc1S(=O)(=O)Cl,c1ccccc1,114.0
COc1ccc(Br)cc1C#N,c1ccccc1,91.0
COc1ccc(Br)cc1/C=C/[N+](=O)[O-],c1ccccc1,121.0
COc1ccc(Br)cc1/C=C/C(=O)O,c1ccccc1,225.0
Cc1ccc(Br)cc1O,c1ccccc1,79.0
Cc1ccc(Br)cn1,c1ccncc1,34.0
O=[N+]([O-])c1ccc(Br)cc1C(F)(F)F,c1ccccc1,34.0
O=[N+]([O-])c1ccc(Br)cn1,c1ccncc1,149.0
Brc1ccc(-c2ccccc2)nc1,c1ccc(-c2ccccn2)cc1,74.0
O=Cc1cc(Br)cc(OC(F)(F)F)c1O,c1ccccc1,46.0
N#Cc1cncc(Br)c1,c1ccncc1,105.0
COc1cc(Br)cc(C=O)c1O,c1ccccc1,129.0
Cc1cc(Br)cnc1NC(=O)C(C)(C)C,c1ccncc1,127.0
O=Cc1cc(Br)cc([N+](=O)[O-])c1O,c1ccccc1,126.0
O=C(O)Cc1cncc(Br)c1,c1ccncc1,184.0
Clc1ncnc(Cl)c1Br,c1cncnc1,79.0
CC(=O)Oc1cn(C(C)=O)c2ccc(Br)c(Cl)c12,c1ccc2[nH]ccc2c1,166.0
O=C(O)c1cnc(Cl)c(Br)c1,c1ccncc1,172.0
Brc1cnc2[nH]ccc2c1,c1cnc2[nH]ccc2c1,179.0
O=[N+]([O-])c1cc(Br)cc2cc[nH]c12,c1ccc2[nH]ccc2c1,213.0
O=[N+]([O-])c1cc(Br)cc2c1NCC2,c1ccc2c(c1)CCN2,131.0
NC(=O)c1cc(C(=O)CBr)ccc1O,c1ccccc1,203.0
Brc1ccc2sccc2c1,c1ccc2sccc2c1,46.0
Brc1ccc2[nH]ccc2c1,c1ccc2[nH]ccc2c1,91.0
O=Cc1c[nH]c2ccc(Br)cc12,c1ccc2[nH]ccc2c1,205.0
Brc1ccc2c(c1)CCN2,c1ccc2c(c1)CCN2,38.0
O=C(O)c1cc(Br)cc(C(=O)O)c1,c1ccccc1,283.0
Brc1cccc2cnccc12,c1ccc2cnccc2c1,82.0
NC(=O)c1cncc(Br)c1,c1ccncc1,227.0
O=C(O)c1cncc(Br)c1,c1ccncc1,184.0
O=C(Cl)c1cncc(Br)c1,c1ccncc1,73.0
O=Cc1ccc(Br)cn1,c1ccncc1,95.0
O=C(O)c1ccc(Br)cn1,c1ccncc1,174.0
Brc1cncnc1,c1cncnc1,72.0
Brc1cccc2ncccc12,c1ccc2ncccc2c1,46.0
O=Cc1cc(Br)ccc1O,c1ccccc1,105.0
O=C(O)c1cc(Br)ccc1O,c1ccccc1,168.0
ON=Cc1ccc(Br)s1,c1ccsc1,133.0
O=C(O)c1ccc(Br)s1,c1ccsc1,140.0
O=S(=O)(Cl)c1ccc(Br)s1,c1ccsc1,41.0
O=c1[nH]c(=O)n([C@@H]2O[C@H](CO)[C@@H](O)[C@H]2O)cc1Br,O=c1ccn(C2CCCO2)c(=O)[nH]1,192.0
O=C(O)CCCCBr,,40.0
COc1cc(C=O)cc(Br)c1O,c1ccccc1,164.0
Clc1cc2cccnc2c2ncccc12,c1cnc2c(c1)ccc1cccnc12,123.0
Fc1cc(Cl)cc(Br)c1Br,c1ccccc1,38.0
O=C1CCc2cc(Cl)ccc21,O=C1CCc2ccccc21,94.0
Clc1nnnn1-c1ccccc1,c1ccc(-n2cnnn2)cc1,123.0
Oc1cc(Cl)ccc1Oc1ccc(Cl)cc1Cl,c1ccc(Oc2ccccc2)cc1,57.0
Oc1nc2cc(Cl)ccc2o1,c1ccc2ocnc2c1,191.0
O=C(O)c1cc(Cl)ccc1C(F)(F)F,c1ccccc1,86.0
O=C(O)Cc1cc(Cl)ccc1C(F)(F)F,c1ccccc1,118.0
N#CCc1cc(Cl)ccc1C(F)(F)F,c1ccccc1,62.0
Nc1cc(Cl)cnc1N,c1ccncc1,172.0
COc1cc(OC)c(N=C=O)cc1Cl,c1ccccc1,93.0
O=C(O)c1cc(Cl)c([N+](=O)[O-])cc1[N+](=O)[O-],c1ccccc1,181.0
Cc1cc(Cl)c([N+](=O)[O-])cc1[N+](=O)[O-],c1ccccc1,90.0
Fc1ncccc1-c1ccc(Cl)cn1,c1ccc(-c2cccnc2)nc1,100.0
NC(=O)c1cc(Cl)ccc1F,c1ccccc1,136.0
NS(=O)(=O)c1cc(Cl)ccc1F,c1ccccc1,135.0
O=S(=O)(Cl)c1cc(Cl)ccc1F,c1ccccc1,43.0
O=C(O)c1cc(Cl)ccc1F,c1ccccc1,149.0
N#Cc1cc(Cl)ccc1F,c1ccccc1,68.0
O=Cc1ccc(Cl)o1,c1ccoc1,35.0
NNc1ncc(Cl)cc1I,c1ccncc1,137.0
Cc1cc(Cl)cc(C=O)c1O,c1ccccc1,59.0
CC(=O)c1cc(Cl)cc([N+](=O)[O-])c1O,c1ccccc1,134.0
CC(=O)c1cc(Cl)ccc1O,c1ccccc1,53.0
NC(=O)c1cc(Cl)ccc1O,c1ccccc1,225.0
OCc1cc(Cl)ccc1O,c1ccccc1,86.0
O=C(O)c1cc(Cl)cnc1O,c1ccncc1,259.0
Oc1ccc(Cl)cn1,c1ccncc1,164.0
Nc1cc(Cl)ccc1I,c1ccccc1,41.0
Sc1nc2cc(Cl)ccc2[nH]1,c1ccc2[nH]cnc2c1,300.0
Sc1nc2cc(Cl)ccc2s1,c1ccc2scnc2c1,199.0
COc1cc(C)c(Cl)cc1S(N)(=O)=O,c1ccccc1,170.0
COc1cc(C)c(Cl)cc1S(=O)(=O)Cl,c1ccccc1,127.0
COc1ccc(Cl)cc1N,c1ccccc1,82.0
COc1ccc(Cl)cc1C=O,c1ccccc1,77.0
COc1ccc(Cl)cc1S(=O)(=O)Cl,c1ccccc1,102.0
COc1ccc(Cl)cc1C(=O)O,c1ccccc1,99.0
COc1ccc(Cl)cc1C#N,c1ccccc1,100.0
COc1ccc(Cl)cc1N=C=O,c1ccccc1,60.0
COc1ccc(Cl)cc1N=C=S,c1ccccc1,58.0
CNc1ccc(Cl)cc1C(=O)c1ccccc1,O=C(c1ccccc1)c1ccccc1,96.0
Cc1ccc(Cl)cc1N,c1ccccc1,23.0
Cc1cc2cc(Cl)ccc2[nH]1,c1ccc2[nH]ccc2c1,112.0
Cc1ccc(Cl)cc1O,c1ccccc1,73.0
Nc1cc(Cl)ccc1[N+](=O)[O-],c1ccccc1,126.0
NC(=O)c1cc(Cl)ccc1[N+](=O)[O-],c1ccccc1,157.0
O=C(O)c1cc(Cl)ccc1[N+](=O)[O-],c1ccccc1,138.0
O=[N+]([O-])c1ccc(Cl)cc1C(F)(F)F,c1ccccc1,22.0
O=[N+]([O-])c1ccc(Cl)cn1,c1ccncc1,122.0
Oc1cncc(Cl)c1,c1ccncc1,161.0
Cc1csc2ccc(Cl)cc12,c1ccc2sccc2c1,35.0
Clc1ccc2noc(-c3ccccc3)c2c1,c1ccc(-c2onc3ccccc23)cc1,116.0
CC(=O)Nc1cc(Cl)c(F)cc1[N+](=O)[O-],c1ccccc1,111.0
Nc1cc(Cl)c(F)cc1[N+](=O)[O-],c1ccccc1,143.0
Cc1cc([N+](=O)[O-])c(N)cc1Cl,c1ccccc1,161.0
O=[N+]([O-])c1cc(S(=O)(=O)Cl)sc1Cl,c1ccsc1,53.0
Oc1ccc(Cl)c2cccnc12,c1ccc2ncccc2c1,123.0
O=C(O)Cc1csc2ccc(Cl)cc12,c1ccc2sccc2c1,154.0
N#CCc1csc2ccc(Cl)cc12,c1ccc2sccc2c1,134.0
[O-][n+]1onc2cc(Cl)ccc21,c1ccc2[nH+]onc2c1,47.0
Clc1ccc2ocnc2c1,c1ccc2ocnc2c1,44.0
Clc1ccc2[nH]ccc2c1,c1ccc2[nH]ccc2c1,71.0
O=Cc1c[nH]c2ccc(Cl)cc12,c1ccc2[nH]ccc2c1,211.0
O=C(O)c1cncc(Cl)c1,c1ccncc1,170.0
O=C(O)c1cnc(Cl)cn1,c1cnccn1,155.0
O=C(O)c1ccc(Cl)cn1,c1ccncc1,169.0
O=Cc1cc(Cl)ccc1O,c1ccccc1,101.0
O=C(O)c1cc(Cl)ccc1O,c1ccccc1,174.0
O=C(O)c1ccc(Cl)s1,c1ccsc1,151.0
NS(=O)(=O)c1ccc(Cl)s1,c1ccsc1,117.0
O=S(=O)(Cl)c1ccc(Cl)s1,c1ccsc1,27.0
COc1cc(C(=O)O)cc(Cl)c1O,c1ccccc1,245.0
COc1cc(C=O)cc(Cl)c1O,c1ccccc1,164.0
N#Cc1ccc(C(F)(F)F)nc1,c1ccncc1,39.0
Cc1ccc(C#N)cn1,c1ccncc1,85.0
O=C1NC(=O)C(c2ccccc2)(C2CCC2)N1,O=C1NC(=O)C(c2ccccc2)(C2CCC2)N1,235.0
CCOc1ccc2[nH]c(S)nc2c1,c1ccc2[nH]cnc2c1,249.0
CCc1ccc(CCO)nc1,c1ccncc1,42.0
CCc1ccc(C)nc1,c1ccncc1,-71.0
CCc1cnc(C(=O)O)c(C(=O)O)c1,c1ccncc1,153.0
CCc1c[nH]c(=O)[nH]c1=O,O=c1cc[nH]c(=O)[nH]1,309.0
Cc1cc(F)cc(C)c1[N+](=O)[O-],c1ccccc1,54.0
Fc1ccc2[nH]ncc2c1,c1ccc2[nH]ncc2c1,123.0
O=C1CCc2cc(F)ccc21,O=C1CCc2ccccc21,39.0
Nc1cc(F)ccc1C(F)(F)F,c1ccccc1,31.0
O=C(O)c1cc(F)ccc1C(F)(F)F,c1ccccc1,82.0
OCc1cc(F)ccc1C(F)(F)F,c1ccccc1,50.0
Oc1cc(F)ccc1C(F)(F)F,c1ccccc1,50.0
Fc1cnc(Cl)nc1Cl,c1cncnc1,38.0
O=c1[nH]c(=O)n([C@H]2C[C@H](O)[C@@H](CO)O2)cc1F,O=c1ccn(C2CCCO2)c(=O)[nH]1,150.0
CC(=O)c1cc(F)ccc1O,c1ccccc1,57.0
Nc1cc(F)ccc1I,c1ccccc1,41.0
COc1ccc(F)cc1C#N,c1ccccc1,117.0
COc1ccc(F)cc1CBr,c1ccccc1,60.0
Cc1ccc(F)cc1N,c1ccccc1,39.0
Cc1ccc(F)cc1C(=O)O,c1ccccc1,131.0
Cc1ccc(F)cc1C#N,c1ccccc1,43.0
Cc1ccc(F)cc1CO,c1ccccc1,38.0
O=Cc1cc(F)ccc1[N+](=O)[O-],c1ccccc1,95.0
O=C(O)c1cc(F)ccc1[N+](=O)[O-],c1ccccc1,135.0
N#Cc1cc(F)ccc1[N+](=O)[O-],c1ccccc1,103.0
O=[N+]([O-])c1ccc(F)cc1C(F)(F)F,c1ccccc1,23.0
O=[N+]([O-])c1ccc(F)cc1O,c1ccccc1,33.0
O=C(O)Cc1cc(F)ccc1[N+](=O)[O-],c1ccccc1,155.0
N#CCc1cc(F)ccc1[N+](=O)[O-],c1ccccc1,71.0
Cc1cc(F)ccc1[N+](=O)[O-],c1ccccc1,20.0
Fc1ccc2[nH]ccc2c1,c1ccc2[nH]ccc2c1,45.0
O=Cc1c[nH]c2ccc(F)cc12,c1ccc2[nH]ccc2c1,164.0
O=C1Nc2ccc(F)cc2C1=O,O=C1Nc2ccccc2C1=O,226.0
O=C(O)c1ccc(F)cn1,c1ccncc1,165.0
O=Cc1cc(F)ccc1O,c1ccccc1,84.0
O=C(O)c1cc(F)ccc1O,c1ccccc1,180.0
CCCCCCCCCCCC(=O)CCCC,,37.0
O=C1C=CC(=O)c2c(O)cccc21,O=C1C=CC(=O)c2ccccc21,162.0
Oc1ccc(C(F)(F)F)nc1,c1ccncc1,175.0
Cc1ccc(O)cn1,c1ccncc1,169.0
O=Cc1cc(O)ccc1[N+](=O)[O-],c1ccccc1,167.0
O=C(O)c1cc(O)ccc1[N+](=O)[O-],c1ccccc1,170.0
COc1cc(C(=O)O)cc(O)c1OC,c1ccccc1,196.0
O=c1cc(-c2ccccc2)oc2cccc(O)c12,O=c1cc(-c2ccccc2)oc2ccccc12,158.0
Oc1ccc2[nH]ccc2c1,c1ccc2[nH]ccc2c1,109.0
O=Cc1ccc(CO)o1,c1ccoc1,34.0
Oc1ccc2c(c1)CCC2,c1ccc2c(c1)CCC2,53.0
COc1cc(I)cc(OC)c1OC,c1ccccc1,86.0
COc1ncc(I)c(OC)n1,c1cncnc1,73.0
O=Cc1ccc(I)o1,c1ccoc1,127.0
COc1ccc(I)cc1N,c1ccccc1,86.0
Cc1ccc(I)cc1N,c1ccccc1,48.0
Cc1cc(I)cnc1NC(=O)C(C)(C)C,c1ccncc1,143.0
CNc1ncc(I)cc1C,c1ccncc1,72.0
Ic1ccc2[nH]ccc2c1,c1ccc2[nH]ccc2c1,99.0
O=C(O)c1cc(I)ccc1O,c1ccccc1,197.0
O=c1[nH]cc(I)c(=O)[nH]1,O=c1cc[nH]c(=O)[nH]1,275.0
COc1cc(C=O)cc(I)c1O,c1ccccc1,183.0
CC(C)C1CC(=O)CC(=O)C1,O=C1CCCC(=O)C1,80.0
CC(C)c1cc(C(=O)O)n[nH]1,c1cn[nH]c1,155.0
CC(C)C1C(=O)NC(=O)NC1=O,O=C1CC(=O)NC(=O)N1,215.0
Cn1nnnc1S,c1nnn[nH]1,127.0
COc1ccc2c(c1)CCC2=O,O=C1CCc2ccccc21,109.0
COc1ccc2c(c1)c(C=O)cn2C,c1ccc2[nH]ccc2c1,135.0
COc1ccc2sc(C)nc2c1,c1ccc2scnc2c1,36.0
COc1ccc2[nH]c(C)cc2c1,c1ccc2[nH]ccc2c1,87.0
COc1ccc([N+](=O)[O-])c(C(=O)O)c1,c1ccccc1,133.0
COc1ccc2[nH]cnc2c1,c1ccc2[nH]cnc2c1,122.0
COc1ccc2c(c1)no[n+]2[O-],c1ccc2[nH+]onc2c1,117.0
COc1cccc2oc(-c3ccccc3)cc(=O)c12,O=c1cc(-c2ccccc2)oc2ccccc12,130.0
COc1ccc2[nH]ccc2c1,c1ccc2[nH]ccc2c1,54.0
COc1ccc2[nH]cc(C=O)c2c1,c1ccc2[nH]ccc2c1,181.0
COc1ccc2c(c1)C(=O)C(=O)N2,O=C1Nc2ccccc2C1=O,201.0
COC1(C=O)C=CC2=C(C1)OCO2,C1=CC2=C(CC1)OCO2,129.0
Cc1cc2cccnc2c2ncccc12,c1cnc2c(c1)ccc1cccnc12,113.0
Cc1ccc2[nH]nnc2c1,c1ccc2[nH]nnc2c1,81.0
Cc1ccc2[nH]ncc2c1,c1ccc2[nH]ncc2c1,111.0
Cc1c(C(=O)O)cnn1-c1ccccc1,c1ccc(-n2cccn2)cc1,167.0
Cc1ccc2oc(=S)[nH]c2c1,S=c1[nH]c2ccccc2o1,224.0
Cc1ccc(C(=O)Cl)o1,c1ccoc1,29.0
CC(=O)CCC(C)C,,-74.0
Cc1ccc([N+](=O)[O-])c(N)c1,c1ccccc1,108.0
Cc1ccc([N+](=O)[O-])c(C(=O)O)c1,c1ccccc1,135.0
Cc1ccc([N+](=O)[O-])c(O)c1,c1ccccc1,55.0
Cc1c[nH]c(=S)[nH]c1=O,O=c1cc[nH]c(=S)[nH]1,285.0
Cc1nc(-c2ccccc2)no1,c1ccc(-c2ncon2)cc1,35.0
Cc1sc(-c2ccccn2)nc1-c1ccccc1,c1ccc(-c2csc(-c3ccccn3)n2)cc1,86.0
Cc1sc(-c2cccnc2)nc1-c1ccccc1,c1ccc(-c2csc(-c3cccnc3)n2)cc1,80.0
Cc1sc(-c2ccncc2)nc1-c1ccccc1,c1ccc(-c2csc(-c3ccncc3)n2)cc1,84.0
Cc1ccc2[nH]cnc2c1,c1ccc2[nH]cnc2c1,115.0
Cc1ccc2sccc2c1,c1ccc2sccc2c1,34.0
Cc1ccc2c(c1)no[n+]2[O-],c1ccc2[nH+]onc2c1,97.0
Cc1ccc2ocnc2c1,c1ccc2ocnc2c1,43.0
CC1CC(=O)CC(=O)C1,O=C1CCCC(=O)C1,128.0
CC1NC(=O)NC1=O,O=C1CNC(=O)N1,151.0
Cc1[nH]cnc1C=O,c1c[nH]cn1,168.0
Cc1ccc2[nH]ccc2c1,c1ccc2[nH]ccc2c1,60.0
Cc1cc(C(=O)O)cc(C(=O)O)c1,c1ccccc1,299.0
Cc1cc(C#N)cc(C#N)c1,c1ccccc1,164.0
Cc1cc(C(=O)O)no1,c1cnoc1,172.0
Cc1oncc1C(=O)O,c1cnoc1,147.0
Cc1cncc(C(N)=O)c1,c1ccncc1,167.0
Cc1cncc(C(=O)O)c1,c1ccncc1,213.0
Cc1cncnc1,c1cncnc1,30.0
Cc1cccc2nccnc12,c1ccc2nccnc2c1,21.0
Cc1ccc(O)c(C(=O)O)c1,c1ccccc1,153.0
CSc1nnc(S)s1,c1nncs1,137.0
Cc1ccc(C(=O)O)s1,c1ccsc1,137.0
CCCCCCSc1nnc(S)s1,c1nncs1,75.0
O=[N+]([O-])c1cc2cccnc2c2ncccc12,c1cnc2c(c1)ccc1cccnc12,203.0
O=[N+]([O-])c1ccc2[nH]ncc2c1,c1ccc2[nH]ncc2c1,210.0
CCCNc1ccc([N+](=O)[O-])cn1,c1ccncc1,95.0
O=Cc1ccc([N+](=O)[O-])o1,c1ccoc1,36.0
CC(=O)OC(OC(C)=O)c1ccc([N+](=O)[O-])o1,c1ccoc1,90.0
O=C(O)c1ccc([N+](=O)[O-])o1,c1ccoc1,187.0
N#Cc1ccc([N+](=O)[O-])o1,c1ccoc1,63.0
O=C(Cl)c1ccc([N+](=O)[O-])o1,c1ccoc1,40.0
O=[N+]([O-])c1ccc2[nH]cnc2c1,c1ccc2[nH]cnc2c1,209.0
O=[N+]([O-])c1ccc2[nH]ccc2c1,c1ccc2[nH]ccc2c1,141.0
O=[N+]([O-])c1ccc2c(c1)CCN2,c1ccc2c(c1)CCN2,93.0
O=C(O)c1cc(C(=O)O)cc([N+](=O)[O-])c1,c1ccccc1,262.0
COC(=O)c1cc(C(=O)O)cc([N+](=O)[O-])c1,c1ccccc1,183.0
O=[N+]([O-])c1cccc2cnccc12,c1ccc2cnccc2c1,108.0
Cc1cc(C)cc([N+](=O)[O-])c1,c1ccccc1,71.0
O=C(O)c1cc([N+](=O)[O-])ccc1O,c1ccccc1,232.0
N#Cc1ccc([N+](=O)[O-])s1,c1ccsc1,44.0
O=Cc1ccc([N+](=O)[O-])s1,c1ccsc1,74.0
O=c1[nH]cc([N+](=O)[O-])c(=O)[nH]1,O=c1cc[nH]c(=O)[nH]1,300.0
COc1cc(C=O)cc([N+](=O)[O-])c1O,c1ccccc1,176.0
CCCCC(O)CCCC,,5.0
CCCCC(=O)CCCC,,-50.0
OC[C@@H]1[C@H](CO)[C@@H]2C=C[C@H]1C2,C1=CC2CCC1C2,84.0
O=C(O)CCCC(=O)c1cccs1,c1ccsc1,96.0
Sc1nnc(-c2ccccc2)o1,c1ccc(-c2nnco2)cc1,220.0
O=C(O)C=CC=Cc1ccccc1,c1ccccc1,165.0
O=C(O)CCCCc1ccccc1,c1ccccc1,59.0
Cc1cc(C(C)(C)C)cc(C)c1C,c1ccccc1,32.0
Cc1cc(C(C)(C)C)cc(C)c1I,c1ccccc1,56.0
COc1ccc(C(C)(C)C)cc1C(=O)O,c1ccccc1,75.0
Cc1oc(C(C)(C)C)cc1C(=O)O,c1ccoc1,92.0
Cc1cc(C)cc(C(C)(C)C)c1,c1ccccc1,-22.0
CC(C)(C)c1cc(O)c(O)c(O)c1,c1ccccc1,135.0
CCCCCCC(O)CCCC,,-4.0
CCCCCCC(=O)CCCC,,2.0
O=Cc1ccc(N2CCCCC2)nc1,c1ccc(N2CCCCC2)nc1,43.0
O=C1CCC(c2ccc(Br)cc2)=NN1,O=C1CCC(c2ccccc2)=NN1,169.0
O=c1[nH]c2ccccc2c2ccccc12,O=c1[nH]c2ccccc2c2ccccc12,291.0
CSc1ncnc2[nH]cnc12,c1ncc2nc[nH]c2n1,222.0
FC(F)(F)c1ccc2cc[nH]c2c1,c1ccc2[nH]ccc2c1,103.0
O=C(O)c1ccc(C(F)(F)F)nc1,c1ccncc1,192.0
Clc1ccc(-c2ccnc(Cl)c2)cn1,c1cncc(-c2ccncc2)c1,222.0
Brc1ccc(-c2cccc(Br)n2)cn1,c1ccc(-c2cccnc2)nc1,168.0
CC1(C)OC(=O)C2(CC2)C(=O)O1,O=C1OCOC(=O)C12CC2,65.0
c1ccc2c3c([nH]c2c1)CCCCCC3,c1ccc2c3c([nH]c2c1)CCCCCC3,74.0
O=C(O)c1cc2cc(Br)cc(Br)c2oc1=O,O=c1ccc2ccccc2o1,223.0
COc1ccc2nc3cc(Cl)ccc3c(Cl)c2c1,c1ccc2nc3ccccc3cc2c1,164.0
COCCNc1c(C=O)c(=O)n(C)c(=O)n1C,O=c1cc[nH]c(=O)[nH]1,137.0
CC(=O)NCCCCCC(=O)O,,104.0
CC(=O)Oc1ccc2cc(C(=O)O)ccc2c1,c1ccc2ccccc2c1,221.0
CC(=O)c1ccc2c(c1)CCCC2,c1ccc2c(c1)CCCC2,-21.0
CC(=O)c1ccc2c(c1)OCCO2,c1ccc2c(c1)OCCO2,83.0
CC(=O)c1ccc2[nH]c(=O)sc2c1,O=c1[nH]c2ccccc2s1,192.0
CC(=O)c1ccc2[nH]c(=O)oc2c1,O=c1[nH]c2ccccc2o1,236.0
CC(=O)c1ccc2c(c1)NC(=O)CO2,O=C1COc2ccccc2N1,196.0
NCCCCCCO,,57.0
Cc1ccc2cc(N)ccc2n1,c1ccc2ncccc2c1,190.0
Cc1nc(N)ccc1Br,c1ccncc1,81.0
Cc1nc(N)ccc1C#N,c1ccncc1,165.0
Nc1ccc2ncsc2c1,c1ccc2scnc2c1,88.0
NCCCCCC(=O)O,,211.0
Nc1ccc2cc[nH]c2c1,c1ccc2[nH]ccc2c1,73.0
NC(=O)c1ccc(N)nc1,c1ccncc1,247.0
Nc1ccc2c(c1)C(=O)OC2,O=C1OCc2ccccc21,184.0
Nc1ccc2ncccc2c1,c1ccc2ncccc2c1,117.0
Nc1cc(=O)[nH]c(=O)[nH]1,O=c1cc[nH]c(=O)[nH]1,360.0
Cc1n[nH]c(=S)[nH]c1=O,O=c1cn[nH]c(=S)[nH]1,220.0
Cc1n[nH]c(=O)[nH]c1=O,O=c1cn[nH]c(=O)[nH]1,213.0
O=c1cn[nH]c(=O)[nH]1,O=c1cn[nH]c(=O)[nH]1,276.0
O=C(O)CCCCCC(=O)c1ccccc1,c1ccccc1,85.0
c1ccc(CNc2[nH]cnc3ncnc2-3)cc1,c1ccc(CNc2[nH]cnc3ncnc2-3)cc1,231.0
c1ccc(COc2ccc3cc[nH]c3c2)cc1,c1ccc(COc2ccc3cc[nH]c3c2)cc1,115.0
CC1(C)CCC(C)(C)c2cc(Br)ccc21,c1ccc2c(c1)CCCC2,36.0
O=Cc1c(Br)ccc(F)c1F,c1ccccc1,41.0
Clc1ncccc1-c1cccc(Br)n1,c1ccc(-c2cccnc2)nc1,141.0
Clc1ncccc1-c1ccc(Br)nc1,c1cncc(-c2cccnc2)c1,161.0
O=C1COc2ccc(Br)cc2N1,O=C1COc2ccccc2N1,223.0
Cc1ccc2cc(Br)ccc2n1,c1ccc2ncccc2c1,103.0
O=C(O)c1ccc2cc(Br)ccc2c1,c1ccc2ccccc2c1,294.0
Oc1ccc2cc(Br)ccc2c1,c1ccc2ccccc2c1,128.0
CCCC(=O)c1cc2cc(Br)ccc2oc1=O,O=c1ccc2ccccc2o1,164.0
Clc1ccc(-c2ccc(Br)nc2)cn1,c1cncc(-c2cccnc2)c1,244.0
Brc1ccc2ncsc2c1,c1ccc2scnc2c1,53.0
O=C(O)c1cc2cc(Br)ccc2oc1=O,O=c1ccc2ccccc2o1,195.0
O=C(O)CCCCCBr,,34.0
Brc1ccc2cc[nH]c2c1,c1ccc2[nH]ccc2c1,92.0
O=C(O)c1ccc(Br)nc1,c1ccncc1,184.0
O=Cc1cc2c(cc1Br)OCO2,c1ccc2c(c1)OCO2,129.0
O=Cc1cccc(Br)n1,c1ccncc1,81.0
COc1cc(Br)c(C=O)cc1OC,c1ccccc1,150.0
Cn1c(Cl)cc(=O)n(C)c1=O,O=c1cc[nH]c(=O)[nH]1,110.0
O=C(O)CCN1C(=O)COc2ccc(Cl)cc21,O=C1COc2ccccc2N1,148.0
N#CCCN1C(=O)COc2ccc(Cl)cc21,O=C1COc2ccccc2N1,131.0
COc1cc(Cl)nc(OC)n1,c1cncnc1,72.0
Cc1ccc(Cl)c(C(N)=O)c1F,c1ccccc1,151.0
Cc1ccc(Cl)c(C(=O)O)c1F,c1ccccc1,136.0
Cc1ccc(Cl)c(C#N)c1F,c1ccccc1,57.0
Cc1ccc(Cl)c(CO)c1F,c1ccccc1,57.0
Cc1ccc(Cl)c(O)c1F,c1ccccc1,48.0
Fc1nc(Cl)c2nc[nH]c2n1,c1ncc2nc[nH]c2n1,152.0
O=C(O)C1=Cc2cc(Cl)ccc2OC1,C1=Cc2ccccc2OC1,243.0
Cc1nc(Cl)ccc1[N+](=O)[O-],c1ccncc1,56.0
Cc1nc(Cl)ccc1I,c1ccncc1,32.0
O=C(O)Cc1ccc(Cl)nc1,c1ccncc1,174.0
Oc1cc(C(F)(F)F)nc2ccc(Cl)cc12,c1ccc2ncccc2c1,279.0
Cc1c(O)ncnc1Cl,c1cncnc1,202.0
Fc1cc2nc[nH]c2cc1Cl,c1ccc2[nH]cnc2c1,149.0
Cc1cc2occc(=O)c2cc1Cl,O=c1ccoc2ccccc12,171.0
O=C1CCOc2ccc(Cl)cc21,O=C1CCOc2ccccc21,102.0
Clc1ccc2cc[nH]c2c1,c1ccc2[nH]ccc2c1,89.0
NC(=O)c1ccc(Cl)nc1,c1ccncc1,215.0
O=C(Cl)c1ccc(Cl)nc1,c1ccncc1,50.0
O=Cc1cc2c(cc1Cl)OCO2,c1ccc2c(c1)OCO2,116.0
OCc1cc2c(cc1Cl)OCO2,c1ccc2c(c1)OCO2,70.0
ClCc1cc2c(cc1Cl)OCO2,c1ccc2c(c1)OCO2,64.0
O=C(O)c1cccc(Cl)n1,c1ccncc1,194.0
OCc1ccc(Cl)nc1,c1ccncc1,48.0
Clc1ccc2ncccc2c1,c1ccc2ncccc2c1,35.0
N#Cc1ccc(C(=O)O)cn1,c1ccncc1,192.0
CN(C)c1c(C=O)c(=O)n(C)c(=O)n1C,O=c1cc[nH]c(=O)[nH]1,139.0
CCOc1ccc2nc(S)sc2c1,c1ccc2scnc2c1,199.0
O=C1CCc2ccc(F)cc21,O=C1CCc2ccccc21,58.0
COc1ccc(F)c(C=O)c1OC,c1ccccc1,46.0
Cc1ccc2cc(F)ccc2n1,c1ccc2ncccc2c1,54.0
O=C1CCOc2ccc(F)cc21,O=C1CCOc2ccccc21,115.0
Fc1ccc2cc[nH]c2c1,c1ccc2[nH]ccc2c1,76.0
NC(=O)c1cccc(F)n1,c1ccncc1,136.0
O=C(O)c1cccc(F)n1,c1ccncc1,141.0
O=Cc1c(O)cccc1F,c1ccccc1,38.0
O=C(O)c1c(O)cccc1F,c1ccccc1,160.0
COc1cc(F)c(C=O)cc1OC,c1ccccc1,99.0
C=CCCCCC(=O)O,,-6.0
CCCCCCCCCCC(=O)CCCCC,,37.0
Cc1cc(O)nc(C)n1,c1cncnc1,199.0
O=C1COc2cc(O)ccc21,O=C1COc2ccccc21,241.0
O=CC1=Cc2cc(O)ccc2OC1,C1=Cc2ccccc2OC1,165.0
O=C(O)c1ccc2cc(O)ccc2c1,c1ccc2ccccc2c1,249.0
Cc1cc(=O)oc2ccc(O)cc12,O=c1ccc2ccccc2o1,248.0
O=c1cc(-c2ccccc2)oc2ccc(O)cc12,O=c1cc(-c2ccccc2)oc2ccccc12,235.0
O=C(O)c1ccc(O)nc1,c1ccncc1,315.0
COc1ccc2c(c1)C(=O)CC2,O=C1CCc2ccccc21,103.0
COc1ccc2c(c1)CCCC2=O,O=C1CCCc2ccccc21,79.0
COc1ccc2[nH]c(=O)oc2c1,O=c1[nH]c2ccccc2o1,154.0
COc1ccc2nc(C)ccc2c1,c1ccc2ncccc2c1,64.0
COc1ccc2cc(C=O)ccc2c1,c1ccc2ccccc2c1,81.0
COc1ccc2cc(C(=O)O)ccc2c1,c1ccc2ccccc2c1,193.0
COc1ccc2c(c1)CCC(=O)C2,O=C1CCc2ccccc2C1,35.0
COc1ccc2c(c1)C(=O)CC(c1ccccc1)O2,O=C1CC(c2ccccc2)Oc2ccccc21,142.0
COc1ccc2oc(-c3ccccc3)cc(=O)c2c1,O=c1cc(-c2ccccc2)oc2ccccc12,164.0
COc1ccc2cc[nH]c2c1,c1ccc2[nH]ccc2c1,92.0
COc1ccc(C=O)cn1,c1ccncc1,51.0
COc1ccc2ncccc2c1,c1ccc2ncccc2c1,19.0
Cc1ccc2c(c1)CCCN2,c1ccc2c(c1)CCCN2,35.0
Cc1ccc2c(c1)C(=O)CC2,O=C1CCc2ccccc21,58.0
Cc1cccc(CO)n1,c1ccncc1,33.0
Cc1ccc(=O)[nH]n1,O=c1cccn[nH]1,144.0
Cc1cc(C(F)(F)F)cc(=O)[nH]1,O=c1cccc[nH]1,130.0
CC(=O)CCC=C(C)C,,-67.0
Cc1ccc2ncccc2c1[N+](=O)[O-],c1ccc2ncccc2c1,117.0
Cc1ccc2occ(C#N)c(=O)c2c1,O=c1ccoc2ccccc12,152.0
Cc1ccc2oc(=O)ccc2c1,O=c1ccc2ccccc2o1,76.0
Cc1ccc2cc[nH]c2c1,c1ccc2[nH]ccc2c1,31.0
Cc1ccc2c(C=O)c[nH]c2c1,c1ccc2[nH]ccc2c1,187.0
Cc1ccc(C(N)=O)cn1,c1ccncc1,197.0
Cc1ccc(C(=O)O)cn1,c1ccncc1,213.0
Cc1cccc(C=O)n1,c1ccncc1,31.0
Cc1cccc(C(=O)O)n1,c1ccncc1,129.0
Cc1ccc2ncccc2c1,c1ccc2ncccc2c1,-22.0
Cc1cc(=O)[nH]c(=O)[nH]1,O=c1cc[nH]c(=O)[nH]1,319.0
O=[N+]([O-])c1ccc2cn[nH]c2c1,c1ccc2[nH]ncc2c1,181.0
O=c1[nH]c2ccc([N+](=O)[O-])cc2o1,O=c1[nH]c2ccccc2o1,246.0
O=[N+]([O-])c1ccc2ncsc2c1,c1ccc2scnc2c1,175.0
O=c1ccc2cc([N+](=O)[O-])ccc2o1,O=c1ccc2ccccc2o1,188.0
O=[N+]([O-])c1ccc2cc[nH]c2c1,c1ccc2[nH]ccc2c1,143.0
O=[N+]([O-])c1ccc2c(c1)NCC2,c1ccc2c(c1)CCN2,68.0
O=C1OCc2ccc([N+](=O)[O-])cc21,O=C1OCc2ccccc21,143.0
O=Cc1cc2c(cc1[N+](=O)[O-])OCO2,c1ccc2c(c1)OCO2,95.0
O=[N+]([O-])c1cc2c(cc1CO)OCO2,c1ccc2c(c1)OCO2,123.0
COc1cc(C=O)c([N+](=O)[O-])cc1OC,c1ccccc1,133.0
O=C(O)CCCCCc1ccccc1,c1ccccc1,18.0
COCCCn1c(C(=O)O)cc2c(=O)n(C)c(=O)n(C)c21,O=c1[nH]c(=O)c2cc[nH]c2[nH]1,166.0
FC(F)(F)c1ccc2c(c1)NCCC2,c1ccc2c(c1)CCCN2,32.0
FC(F)(F)c1ccc2cccnc2c1,c1ccc2ncccc2c1,66.0
Cc1cc(=O)oc2c(O)c(O)ccc12,O=c1ccc2ccccc2o1,243.0
COCc1cc(=O)oc2cc(N)ccc12,O=c1ccc2ccccc2o1,184.0
Nc1ccc2c(C(F)(F)F)cc(=O)oc2c1,O=c1ccc2ccccc2o1,223.0
Cc1cc(=O)oc2cc(N)ccc12,O=c1ccc2ccccc2o1,227.0
Nc1cc(Br)cc2cc[nH]c12,c1ccc2[nH]ccc2c1,105.0
NCCCCCCC(=O)O,,195.0
Nc1cccc2cc[nH]c12,c1ccc2[nH]ccc2c1,91.0
c1cnc2[nH]ccc2c1,c1cnc2[nH]ccc2c1,105.0
N#Cc1cnc2[nH]ccc2c1,c1cnc2[nH]ccc2c1,228.0
O=C(O)CCCCCCC(=O)c1ccccc1,c1ccccc1,81.0
c1ccc(COc2cccc3cc[nH]c23)cc1,c1ccc(COc2cccc3cc[nH]c23)cc1,72.0
O=Cc1c[nH]c2c(OCc3ccccc3)cccc12,c1ccc(COc2cccc3cc[nH]c23)cc1,154.0
Brc1ccc2c(c1)CNCC2,c1ccc2c(c1)CCNC2,34.0
Clc1nccc2ccc(Br)cc12,c1ccc2cnccc2c1,124.0
Brc1cccc2cn[nH]c12,c1ccc2[nH]ncc2c1,128.0
Oc1nccc2ccc(Br)cc12,c1ccc2cnccc2c1,249.0
O=C1CSc2cc(Br)ccc2N1,O=C1CSc2ccccc2N1,212.0
O=C(CBr)c1ccc2c(c1)OCCCO2,c1ccc2c(c1)OCCCO2,76.0
Brc1cccc2cc[nH]c12,c1ccc2[nH]ccc2c1,43.0
O=C1Nc2c(Br)cccc2C1=O,O=C1Nc2ccccc2C1=O,197.0
[O-][n+]1ccc2ccc(Br)cc2c1,c1ccc2c[nH+]ccc2c1,180.0
O=C1CSc2cc(Cl)ccc2N1,O=C1CSc2ccccc2N1,214.0
Oc1ccnc2cc(Cl)ccc12,c1ccc2ncccc2c1,280.0
Clc1cccc2cc[nH]c12,c1ccc2[nH]ccc2c1,58.0
CCN(CC)c1ccc2c(C)cc(=O)oc2c1,O=c1ccc2ccccc2o1,74.0
CCOc1ccc2c(C)cc(=O)oc2c1,O=c1ccc2ccccc2o1,115.0
CCOc1cccc2cc(C(=O)O)oc12,c1ccc2occc2c1,198.0
CCOc1ccc2ccc(=O)oc2c1,O=c1ccc2ccccc2o1,90.0
Fc1ccc2c3c([nH]c2c1)CNCC3,c1ccc2c3c([nH]c2c1)CNCC3,224.0
NS(=O)(=O)c1ccc(F)c2nonc12,c1ccc2nonc2c1,144.0
Fc1cccc2cc[nH]c12,c1ccc2[nH]ccc2c1,62.0
O=C1Nc2c(F)cccc2C1=O,O=C1Nc2ccccc2C1=O,194.0
O=C1c2ccccc2-c2cccc3cccc1c23,O=C1c2ccccc2-c2cccc3cccc1c23,173.0
CCCCCCCCCC(=O)CCCCCC,,37.0
O=C1CCc2ccc(O)cc2N1,O=C1CCc2ccccc2N1,232.0
COCc1cc(=O)oc2cc(O)ccc12,O=c1ccc2ccccc2o1,127.0
O=c1cc(C(F)(F)F)c2ccc(O)cc2o1,O=c1ccc2ccccc2o1,179.0
Cc1cc(O)n2ncnc2n1,c1cnc2ncnn2c1,283.0
O=c1ccc2ccc(O)cc2o1,O=c1ccc2ccccc2o1,230.0
O=C1CC(c2ccccc2)Oc2cc(O)ccc21,O=C1CC(c2ccccc2)Oc2ccccc21,188.0
O=c1cc(-c2ccccc2)oc2cc(O)ccc12,O=c1cc(-c2ccccc2)oc2ccccc12,246.0
Oc1ccc2ccncc2c1,c1ccc2cnccc2c1,227.0
COc1ccc2c(c1)SCC(=O)N2,O=C1CSc2ccccc2N1,185.0
COc1ccc2c(C)cc(=O)[nH]c2c1,O=c1ccc2ccccc2[nH]1,206.0
COc1ccc2c(C)cc(=O)oc2c1,O=c1ccc2ccccc2o1,161.0
COc1cccc2cc(C(=O)O)oc12,c1ccc2occc2c1,219.0
COc1ccc2ccc(=O)oc2c1,O=c1ccc2ccccc2o1,119.0
COc1ccc2c(c1)OC(c1ccccc1)CC2=O,O=C1CC(c2ccccc2)Oc2ccccc21,88.0
COc1ccc2c(=O)cc(-c3ccccc3)oc2c1,O=c1cc(-c2ccccc2)oc2ccccc12,110.0
Cc1ccc(O)c2c1CCC2,c1ccc2c(c1)CCC2,81.0
Cc1ccc2cccnc2c1[N+](=O)[O-],c1ccc2ncccc2c1,186.0
Cc1cccc2cc[nH]c12,c1ccc2[nH]ccc2c1,84.0
Cc1cccc2c(C=O)c[nH]c12,c1ccc2[nH]ccc2c1,210.0
O=[N+]([O-])c1cccc2cn[nH]c12,c1ccc2[nH]ncc2c1,187.0
O=[N+]([O-])c1cccc2cc[nH]c12,c1ccc2[nH]ccc2c1,95.0
O=C(O)c1cc2cccc([N+](=O)[O-])c2[nH]1,c1ccc2[nH]ccc2c1,265.0
CCCCCCCCC(=O)CCCCCC,,31.0
O=C(O)CCCCCCc1ccccc1,c1ccccc1,20.0
CC(=O)Oc1cccc2cccnc12,c1ccc2ncccc2c1,55.0
CC(=O)c1c(O)ccc2ccc(=O)oc12,O=c1ccc2ccccc2o1,169.0
Nc1cccc2ccc(O)cc12,c1ccc2ccccc2c1,208.0
NCCCCCCCC(=O)O,,195.0
Nc1cccc2cccnc12,c1ccc2ncccc2c1,65.0
O=C(O)CCCCCCCBr,,39.0
NC(=O)c1cccc2cccc(C(=O)O)c12,c1ccc2ccccc2c1,268.0
Cc1ccc2cccc(Cl)c2n1,c1ccc2ncccc2c1,67.0
Oc1cc(C(F)(F)F)nc2c(Cl)cccc12,c1ccc2ncccc2c1,139.0
Oc1cc(C(F)(F)F)nc2c(F)cccc12,c1ccc2ncccc2c1,113.0
Cc1ccc2cccc(O)c2n1,c1ccc2ncccc2c1,72.0
O=[N+]([O-])c1ccc(O)c2ncccc12,c1ccc2ncccc2c1,180.0
COc1ccc2ccc(=O)oc2c1O,O=c1ccc2ccccc2o1,176.0
Oc1ccc2c3c1CCCN3CCC2,c1cc2c3c(c1)CCCN3CCC2,134.0
Oc1cccc2cccnc12,c1ccc2ncccc2c1,74.0
O=C(O)c1ccc2cccc(O)c2n1,c1ccc2ncccc2c1,219.0
COc1cccc2c1CC(C(=O)O)CC2,c1ccc2c(c1)CCCC2,142.0
COc1c2occc2cc2ccc(=O)oc12,O=c1ccc2cc3ccoc3cc2o1,148.0
Cc1cccc2cccnc12,c1ccc2ncccc2c1,-80.0
O=[N+]([O-])c1cccc2cccnc12,c1ccc2ncccc2c1,88.0
O=C(O)CCCCCCCc1ccccc1,c1ccccc1,28.0
O=c1c2ccccc2[nH]c2ccccc12,O=c1c2ccccc2[nH]c2ccccc12,361.0
ClCc1c2ccccc2cc2ccccc12,c1ccc2cc3ccccc3cc2c1,140.0
O=C1c2ccccc2C(=O)c2ccccc21,O=C1c2ccccc2C(=O)c2ccccc21,285.0
C(#Cc1c2ccccc2c(C#Cc2ccccc2)c2ccccc12)c1ccccc1,C(#Cc1c2ccccc2c(C#Cc2ccccc2)c2ccccc12)c1ccccc1,255.0
Clc1c2ccccc2c(Cl)c2ccccc12,c1ccc2cc3ccccc3cc2c1,213.0
CCOc1c2ccccc2c(OCC)c2ccccc12,c1ccc2cc3ccccc3cc2c1,150.0
O=C1CCCc2c1cc1ccc3cccc4ccc2c1c34,O=C1CCCc2c1cc1ccc3cccc4ccc2c1c34,174.0
Cc1c2ccccc2c(C)c2ccccc12,c1ccc2cc3ccccc3cc2c1,183.0
c1ccc(-c2c3ccccc3c(-c3ccccc3)c3ccccc23)cc1,c1ccc(-c2c3ccccc3c(-c3ccccc3)c3ccccc23)cc1,251.0
O=C1C(=O)c2ccccc2-c2ccccc21,O=C1C(=O)c2ccccc2-c2ccccc21,210.0
CC1(C)c2ccccc2Oc2ccccc21,c1ccc2c(c1)Cc1ccccc1O2,42.0
CC(=O)c1c2ccccc2cc2ccccc12,c1ccc2cc3ccccc3cc2c1,74.0
OCc1c2ccccc2cc2ccccc12,c1ccc2cc3ccccc3cc2c1,163.0
BrC1(c2ccccc2)c2ccccc2-c2ccccc21,c1ccc(C2c3ccccc3-c3ccccc32)cc1,97.0
Brc1c2ccccc2cc2ccccc12,c1ccc2cc3ccccc3cc2c1,100.0
BrC1c2ccccc2-c2ccccc21,c1ccc2c(c1)Cc1ccccc1-2,103.0
Brc1cc2ccccc2c2ccccc12,c1ccc2c(c1)ccc1ccccc12,64.0
Clc1c2ccccc2cc2ccccc12,c1ccc2cc3ccccc3cc2c1,104.0
C=CCCCCCCCCO,,-13.0
CCn1c2ccccc2c2ccccc21,c1ccc2c(c1)[nH]c1ccccc12,69.0
C#CC1(O)c2ccccc2-c2ccccc21,c1ccc2c(c1)Cc1ccccc1-2,110.0
OC1c2ccccc2-c2ccccc21,c1ccc2c(c1)Cc1ccccc1-2,156.0
O=C1c2ccccc2-c2ccccc21,O=C1c2ccccc2-c2ccccc21,84.0
NN=C1c2ccccc2-c2ccccc21,N=C1c2ccccc2-c2ccccc21,152.0
ON=C1c2ccccc2-c2ccccc21,N=C1c2ccccc2-c2ccccc21,194.0
O=C(O)C=C1c2ccccc2-c2ccccc21,C=C1c2ccccc2-c2ccccc21,232.0
OCC1c2ccccc2-c2ccccc21,c1ccc2c(c1)Cc1ccccc1-2,104.0
O=C(Cl)OCC1c2ccccc2-c2ccccc21,c1ccc2c(c1)Cc1ccccc1-2,62.0
O=C(OCC1c2ccccc2-c2ccccc21)Oc1c(F)c(F)c(F)c(F)c1F,O=C(OCC1c2ccccc2-c2ccccc21)Oc1ccccc1,85.0
CCCCCCCCC(=O)CCCCCCCC,,52.0
CC(C)n1c2ccccc2c2ccccc21,c1ccc2c(c1)[nH]c1ccccc12,120.0
Cc1c2ccccc2cc2ccccc12,c1ccc2cc3ccccc3cc2c1,80.0
O=[N+]([O-])c1c2ccccc2cc2ccccc12,c1ccc2cc3ccccc3cc2c1,141.0
CCCCCCCCC#CCCCCCCCC(=O)O,,45.0
C=Cc1c2ccccc2cc2ccccc12,c1ccc2cc3ccccc3cc2c1,64.0
CC(C)C1=CC2=CC[C@@H]3[C@](C)(CCC[C@@]3(C)C(=O)O)[C@H]2CC1,C1=CC2=CCC3CCCCC3C2CC1,161.0
c1cc2c3c(cccc3c1)CC2,c1cc2c3c(cccc3c1)CC2,94.0
O=C1C(=O)c2cccc3cccc1c23,O=C1C(=O)c2cccc3cccc1c23,258.0
CC=O,,-128.0
CCOC(C)OCC,,-100.0
COC(C)OC,,-113.0
CC(N)=O,,79.0
CC(=O)Nc1ccccc1,c1ccccc1,115.0
CC(=O)O,,17.0
CC(=O)OC(C)=O,,-73.0
CC(=O)NN,,64.0
CC(=O)CC(=O)Nc1ccccc1,c1ccccc1,85.0
CC(=O)OC[C@H]1O[C@H](Br)[C@H](OC(C)=O)[C@@H](OC(C)=O)[C@@H]1OC(C)=O,C1CCOCC1,87.0
CC(=O)NO,,88.0
CC(C)=O,,-94.0
CC(C)=NO,,62.0
CC(C)=NNC(N)=O,,182.0
CC#N,,-47.0
CC(=O)c1ccccc1,c1ccccc1,20.0
CC(=O)Br,,-96.0
CC(=O)Cl,,-112.0
COC(CC(C)=O)OC,,-83.0
c1ccc2nc3ccccc3cc2c1,c1ccc2nc3ccccc3cc2c1,109.0
C=CC=O,,-87.0
C=CC(N)=O,,84.0
C=CC(=O)O,,13.0
C=CC#N,,-84.0
C1C2CC3CC1CC(C2)C3,C1C2CC3CC1CC(C2)C3,267.0
N#CC12CC3CC(CC(C3)C1)C2,C1C2CC3CC1CC(C2)C3,195.0
O=C(Cl)C12CC3CC(CC(C3)C1)C2,C1C2CC3CC1CC(C2)C3,51.0
NC(=O)C12CC3CC(CC(C3)C1)C2,C1C2CC3CC1CC(C2)C3,187.0
O=C(O)C12CC3CC(CC(C3)C1)C2,C1C2CC3CC1CC(C2)C3,175.0
Nc1ncnc2c1ncn2[C@@H]1O[C@H](CO)[C@@H](O)[C@H]1O,c1ncc2ncn(C3CCCO3)c2n1,235.0
NC(=O)CCCCC(N)=O,,226.0
O=C(O)CCCCC(=O)O,,153.0
CCOC(=O)CCCCC(=O)O,,29.0
NNC(=O)CCCCC(=O)NN,,181.0
N#CCCCCC#N,,2.0
OC[C@@H](O)[C@@H](O)[C@@H](O)CO,,103.0
CCCSc1ccc2[nH]c(NC(=O)OC)nc2c1,c1ccc2[nH]cnc2c1,209.0
O=C1c2ccccc2C(=O)c2c1ccc(O)c2O,O=C1c2ccccc2C(=O)c2ccccc21,288.0
C=CCOC(C)=O,,6.0
C=CCOC(=O)CC(C)=O,,-85.0
C=CCO,,-129.0
C=CCBr,,-119.0
C=CCCl,,-135.0
C=CCOCC1CO1,C1CO1,-100.0
C=CCI,,-99.0
C=CCN=C=S,,-80.0
C=CCOC(=O)C(=C)C,,-65.0
C=CCN,,-88.0
C=CCc1ccccc1,c1ccccc1,-50.0
C=CCC1CCCC1,C1CCCC1,-111.0
C=CCC(C(=O)O)C(=O)O,,104.0
N#CC(c1ccccc1)N1CCOCC1,c1ccc(CN2CCOCC2)cc1,69.0
O=C(O)C(Sc1ccccc1)c1ccccc1,c1ccc(CSc2ccccc2)cc1,100.0
BrC(Br)c1ccccc1C(Br)Br,c1ccccc1,116.0
O=C(O)C(F)(F)c1ccccc1,c1ccccc1,75.0
CC(C)(C(=O)O)c1ccccc1,c1ccccc1,81.0
CC1=CCC(=O)O1,O=C1CC=CO1,18.0
O=C(O)CC(Cc1ccccc1)C(=O)O,c1ccccc1,162.0
O=C(O)C(Br)c1ccccc1Cl,c1ccccc1,107.0
O=C/C(Br)=C/c1ccccc1,c1ccccc1,70.0
OC[C@@H](O)[C@H]1O[C@@H]2O[C@H](C(Cl)(Cl)Cl)O[C@@H]2[C@H]1O,C1CC2OCOC2O1,183.0
N#C/C(=C\c1ccccc1)C(=O)O,c1ccccc1,175.0
N#CC(c1ccccc1)C1CCCCC1,c1ccc(CC2CCCCC2)cc1,54.0
CC(=O)OC[C@H]1O[C@H](OC(C)=O)[C@H](OC(C)=O)[C@@H](OC(C)=O)[C@@H]1OC(C)=O,C1CCOCC1,111.0
O=C[C@@H](O)[C@@H](O)[C@@H](O)[C@H](O)CO,,134.0
CCC(=Cc1cccc([N+](=O)[O-])c1)C(=O)O,c1ccccc1,140.0
O=C(O)C(F)c1ccccc1,c1ccccc1,80.0
CC(O)(C(=O)c1ccccc1)c1ccccc1,O=C(Cc1ccccc1)c1ccccc1,65.0
CC(C)C(C(=O)O)c1ccccc1,c1ccccc1,60.0
CC(=Cc1ccccc1)C(=O)O,c1ccccc1,80.0
C=C(C)c1ccccc1,c1ccccc1,-23.0
O=c1cc(-c2ccccc2)oc2c1ccc1ccccc12,O=c1cc(-c2ccccc2)oc2c1ccc1ccccc12,158.0
O=C1OC(c2ccc(O)c3ccccc23)(c2ccc(O)c3ccccc23)c2ccccc21,O=C1OC(c2cccc3ccccc23)(c2cccc3ccccc23)c2ccccc21,239.0
O=C(O)/C(=C/c1ccccc1)c1ccccc1,C(=Cc1ccccc1)c1ccccc1,173.0
CC1=CC[C@@H]2C[C@H]1C2(C)C,C1=CC2CC(C1)C2,-62.0
Cc1ccc(CS(=O)(=O)Cl)cc1,c1ccccc1,77.0
CC1=CCC(C(C)(C)O)CC1,C1=CCCCC1,32.0
NS(=O)(=O)Cc1ccccc1,c1ccccc1,103.0
O=S(=O)(Cl)Cc1ccccc1,c1ccccc1,92.0
O=S(=O)(F)Cc1ccccc1,c1ccccc1,93.0
c1cncc(C2CCCCN2)c1,c1cncc(C2CCCCN2)c1,9.0
Nc1ccccc1,c1ccccc1,-6.0
COc1ccc(C(=O)C(O)c2ccc(OC)cc2)cc1,O=C(Cc1ccccc1)c1ccccc1,112.0
COc1ccccc1,c1ccccc1,-37.0
c1ccc2cc3ccccc3cc2c1,c1ccc2cc3ccccc3cc2c1,216.0
N#Cc1c2ccccc2cc2ccccc12,c1ccc2cc3ccccc3cc2c1,177.0
Nc1ccccc1C(=O)O,c1ccccc1,147.0
Nc1ccccc1C(=O)OCC=Cc1ccccc1,O=C(OCC=Cc1ccccc1)c1ccccc1,65.0
O=C1c2ccccc2Cc2ccccc21,O=C1c2ccccc2Cc2ccccc21,157.0
Cc1cc(=O)n(-c2ccccc2)n1C,O=c1cc[nH]n1-c1ccccc1,113.0
CCCCCCCCCCCCCCCCCCCC(=O)O,,75.0
OC[C@H]1O[C@@H](Oc2ccc(O)cc2)[C@H](O)[C@@H](O)[C@@H]1O,c1ccc(OC2CCCCO2)cc1,198.0
O=C(O)CCCCCCCC(=O)O,,102.0
c1ccc(/N=N/c2ccccc2)cc1,c1ccc(N=Nc2ccccc2)cc1,67.0
[O-]/[N+](=N\c1ccccc1)c1ccccc1,c1ccc(N=[NH+]c2ccccc2)cc1,35.0
c1ccc2cccc-2cc1,c1ccc2cccc-2cc1,100.0
Cc1cc(-c2ccccc2)c2ccc3c(-c4ccccc4)cc(C)nc3c2n1,c1ccc(-c2ccnc3c2ccc2c(-c4ccccc4)ccnc23)cc1,282.0
c1ccc(-c2ccnc3c2ccc2c(-c4ccccc4)ccnc23)cc1,c1ccc(-c2ccnc3c2ccc2c(-c4ccccc4)ccnc23)cc1,220.0
CCCCCCCCCCCCCCCCCCCCCC(=O)O,,76.0
O=C1c2ccccc2C(=O)c2c1ccc1ccccc21,O=C1c2ccccc2C(=O)c2c1ccc1ccccc21,170.0
ClC(Cl)c1ccccc1,c1ccccc1,-16.0
C(=N/N=C/c1ccccc1)\c1ccccc1,C(=NN=Cc1ccccc1)c1ccccc1,93.0
NC(=O)c1ccccc1,c1ccccc1,127.0
O=C(Nc1ccccc1)c1ccccc1,O=C(Nc1ccccc1)c1ccccc1,164.0
c1ccccc1,c1ccccc1,5.0
NS(=O)(=O)c1ccccc1,c1ccccc1,153.0
O=S(=O)(O)c1ccccc1,c1ccccc1,48.0
O=S(=O)(Cl)c1ccccc1,c1ccccc1,15.0
NNS(=O)(=O)c1ccccc1,c1ccccc1,103.0
NNC(=O)c1ccccc1,c1ccccc1,115.0
OC(c1ccccc1)c1ccccc1,c1ccc(Cc2ccccc2)cc1,66.0
BrC(c1ccccc1)c1ccccc1,c1ccc(Cc2ccccc2)cc1,39.0
ClC(c1ccccc1)c1ccccc1,c1ccc(Cc2ccccc2)cc1,19.0
S=C=NC(c1ccccc1)c1ccccc1,c1ccc(Cc2ccccc2)cc1,59.0
NC(c1ccccc1)c1ccccc1,c1ccc(Cc2ccccc2)cc1,12.0
O=C(C(=O)c1ccccc1)c1ccccc1,O=C(C(=O)c1ccccc1)c1ccccc1,95.0
O=C(O)C(O)(c1ccccc1)c1ccccc1,c1ccc(Cc2ccccc2)cc1,150.0
c1ccc2[nH]cnc2c1,c1ccc2[nH]cnc2c1,172.0
c1ccc2c(c1)cc1ccc3cccc4ccc2c1c34,c1ccc2c(c1)cc1ccc3cccc4ccc2c1c34,179.0
O=C(O)c1cc2ccccc2o1,c1ccc2occc2c1,194.0
N#CCc1coc2ccccc12,c1ccc2occc2c1,39.0
c1ccc2sccc2c1,c1ccc2sccc2c1,30.0
O=S1(=O)C=Cc2ccccc21,O=S1(=O)C=Cc2ccccc21,138.0
O=C(Cl)c1cc2ccccc2s1,c1ccc2sccc2c1,87.0
O=Cc1cc2ccccc2s1,c1ccc2sccc2c1,31.0
NC(=O)c1cc2ccccc2s1,c1ccc2sccc2c1,177.0
O=C(O)c1cc2ccccc2s1,c1ccc2sccc2c1,239.0
NNC(=O)c1cc2ccccc2s1,c1ccc2sccc2c1,186.0
OCc1cc2ccccc2s1,c1ccc2sccc2c1,100.0
O=C(O)Cc1csc2ccccc12,c1ccc2sccc2c1,110.0
N#CCc1csc2ccccc12,c1ccc2sccc2c1,64.0
O=C(O)c1csc2ccccc12,c1ccc2sccc2c1,175.0
c1ccc2c(c1)nnc1ccccc12,c1ccc2c(c1)nnc1ccccc12,158.0
c1ccc2c(c1)ccc1cccnc12,c1ccc2c(c1)ccc1cccnc12,50.0
c1ccc2c(c1)OCCOCCOCCOCCO2,c1ccc2c(c1)OCCOCCOCCOCCO2,80.0
c1ccc2c(c1)OCCOCCOCCOCCOCCO2,c1ccc2c(c1)OCCOCCOCCOCCOCCO2,44.0
c1ccc2nonc2c1,c1ccc2nonc2c1,54.0
[O-][n+]1onc2ccccc21,c1ccc2[nH+]onc2c1,69.0
O=C(O)c1ccc2c(c1)no[n+]2[O-],c1ccc2[nH+]onc2c1,128.0
Nc1nc(N)nc(-c2ccccc2)n1,c1ccc(-c2ncncn2)cc1,227.0
O=C(O)c1ccccc1,c1ccccc1,123.0
O=C(OC(=O)c1ccccc1)c1ccccc1,O=C(OC(=O)c1ccccc1)c1ccccc1,42.0
O=C(c1ccccc1)C(O)c1ccccc1,O=C(Cc1ccccc1)c1ccccc1,134.0
N#Cc1ccccc1,c1ccccc1,-13.0
O=C(c1ccccc1)c1ccccc1,O=C(c1ccccc1)c1ccccc1,49.0
OC(c1ccccc1)(c1ccccc1)C(O)(c1ccccc1)c1ccccc1,c1ccc(C(c2ccccc2)C(c2ccccc2)c2ccccc2)cc1,177.0
O=C(c1ccccc1)C(c1ccccc1)(c1ccccc1)c1ccccc1,O=C(c1ccccc1)C(c1ccccc1)(c1ccccc1)c1ccccc1,182.0
c1ccc2scnc2c1,c1ccc2scnc2c1,2.0
O=C(Cl)c1nc2ccccc2s1,c1ccc2scnc2c1,114.0
O=Cc1nc2ccccc2s1,c1ccc2scnc2c1,74.0
N#Cc1ccc2ncsc2c1,c1ccc2scnc2c1,138.0
O=C(O)c1ccc2ncsc2c1,c1ccc2scnc2c1,248.0
ClC(Cl)(Cl)c1ccccc1,c1ccccc1,-4.0
FC(F)(F)c1ccccc1,c1ccccc1,-29.0
c1ccc2ocnc2c1,c1ccc2ocnc2c1,30.0
O=C(Cl)c1ccccc1,c1ccccc1,-1.0
O=C(F)c1ccccc1,c1ccccc1,-28.0
O=C(CC(=O)c1ccccc1O)c1ccccc1,O=C(CC(=O)c1ccccc1)c1ccccc1,120.0
N#CCC(=O)c1ccccc1,c1ccccc1,81.0
c1ccc(COc2ccc3ccccc3c2)cc1,c1ccc(COc2ccc3ccccc3c2)cc1,97.0
O=C(Cc1cccc(O)c1)OCc1ccccc1,O=C(Cc1ccccc1)OCc1ccccc1,80.0
O=C(Cc1ccccc1)c1ccc(Br)cc1,O=C(Cc1ccccc1)c1ccccc1,111.0
O=C(Cc1ccccc1)c1ccc(Cl)cc1,O=C(Cc1ccccc1)c1ccccc1,105.0
O=C(OCc1ccccc1)c1ccc(O)cc1,O=C(OCc1ccccc1)c1ccccc1,112.0
Nc1[nH]ncc1C(=O)OCc1ccccc1,O=C(OCc1ccccc1)c1cn[nH]c1,122.0
O=C(OCc1ccccc1)c1ccc(O)nc1,O=C(OCc1ccccc1)c1cccnc1,180.0
CC(=O)OCc1ccccc1,c1ccccc1,-51.0
OCc1ccccc1,c1ccccc1,-15.0
N#CC(C(=O)OCc1ccccc1)c1cc(C(F)(F)F)ccc1[N+](=O)[O-],O=C(Cc1ccccc1)OCc1ccccc1,71.0
O=C(OCc1ccccc1)c1ccccc1,O=C(OCc1ccccc1)c1ccccc1,19.0
BrCc1ccccc1,c1ccccc1,-4.0
NC(=O)OCc1ccccc1,c1ccccc1,87.0
NNC(=O)OCc1ccccc1,c1ccccc1,68.0
ClCc1ccccc1,c1ccccc1,-43.0
O=C(Cl)OCc1ccccc1,c1ccccc1,-20.0
O=C(/C=C/c1ccccc1)OCc1ccccc1,O=C(C=Cc1ccccc1)OCc1ccccc1,35.0
N#CCC(=O)OCc1ccccc1,c1ccccc1,28.0
SCc1ccccc1,c1ccccc1,-30.0
COCc1ccccc1,c1ccccc1,-53.0
CS(=O)(=O)Cc1ccccc1,c1ccccc1,126.0
O=C(OCc1ccccc1)c1cccnc1,O=C(OCc1ccccc1)c1cccnc1,22.0
c1ccc(COc2ccccc2)cc1,c1ccc(COc2ccccc2)cc1,39.0
c1ccc(CSc2ccccc2)cc1,c1ccc(CSc2ccccc2)cc1,41.0
O=S(=O)(Cc1ccccc1)c1ccccc1,O=S(=O)(Cc1ccccc1)c1ccccc1,149.0
CCC(=O)OCc1ccccc1,c1ccccc1,222.0
O=C(OCc1ccccc1)c1ccccc1O,O=C(OCc1ccccc1)c1ccccc1,19.0
N#CSCc1ccccc1,c1ccccc1,42.0
NCc1ccccc1,c1ccccc1,-43.0
c1ccc(CP(c2ccccc2)c2ccccc2)cc1,c1ccc(CP(c2ccccc2)c2ccccc2)cc1,75.0
CC(=O)/C=C/c1ccccc1,c1ccccc1,40.0
N#CC(C#N)=Cc1ccccc1,c1ccccc1,84.0
COC(=O)C(NC(=O)OCc1ccccc1)P(=O)(OC)OC,c1ccccc1,78.0
O=P(O)(O)Cc1ccccc1,c1ccccc1,169.0
NC(=O)NCc1ccccc1,c1ccccc1,149.0
O=[N+]([O-])/C=C/c1ccccc1[N+](=O)[O-],c1ccccc1,106.0
O=[N+]([O-])/C=C/c1cccc([N+](=O)[O-])c1,c1ccccc1,126.0
O=[N+]([O-])/C=C/c1ccc([N+](=O)[O-])cc1,c1ccccc1,204.0
BrC=Cc1ccccc1,c1ccccc1,-8.0
OC[C@H]1O[C@@H](O)[C@H](O)[C@H](O)[C@@H]1O,C1CCOCC1,145.0
CC(=O)OC[C@H]1O[C@@H](OC(C)=O)[C@H](OC(C)=O)[C@@H](OC(C)=O)[C@H]1OC(C)=O,C1CCOCC1,144.0
CC(=O)N[C@H]1[C@H](OC(C)=O)O[C@H](COC(C)=O)[C@@H](OC(C)=O)[C@@H]1OC(C)=O,C1CCOCC1,187.0
CC(=O)OC[C@@H]1O[C@H](OC(C)=O)[C@@H](OC(C)=O)[C@H]1OC(C)=O,C1CCOC1,82.0
C[C@]12CC[C@@H]3c4ccc(O)cc4CC[C@H]3[C@@H]1CC[C@@H]2O,c1ccc2c(c1)CCC1C2CCC2CCCC21,177.0
CC(=O)/C=C/C1=C(C)CCCC1(C)C,C1=CCCCC1,-49.0
O=c1cc(-c2ccccc2)oc2ccc3ccccc3c12,O=c1cc(-c2ccccc2)oc2ccc3ccccc3c12,164.0
O=C1CCO1,O=C1CCO1,-34.0
O=C(O)C1=C(C(=O)OC(=O)C2=C(C(=O)O)C3CCC2CC3)C2CCC1CC2,O=C(OC(=O)C1=CC2CCC1CC2)C1=CC2CCC1CC2,159.0
O=C1OC(=O)C2C3C=CC(C12)C1C(=O)OC(=O)C31,O=C1OC(=O)C2C3C=CC(C12)C1C(=O)OC(=O)C31,360.0
C1CCC(C2CCCCC2)CC1,C1CCC(C2CCCCC2)CC1,4.0
c1ccc(-c2ccccc2)cc1,c1ccc(-c2ccccc2)cc1,71.0
O=C(O)c1ccccc1-c1ccccc1,c1ccc(-c2ccccc2)cc1,112.0
N#Cc1ccc(-c2ccc(C#N)cc2)cc1,c1ccc(-c2ccccc2)cc1,234.0
O=C(Cl)c1ccc(-c2ccccc2)cc1,c1ccc(-c2ccccc2)cc1,113.0
O=Cc1ccc(-c2ccccc2)cc1,c1ccc(-c2ccccc2)cc1,59.0
NC(=O)c1ccc(-c2ccccc2)cc1,c1ccc(-c2ccccc2)cc1,228.0
O=C(O)c1ccc(-c2ccccc2)cc1,c1ccc(-c2ccccc2)cc1,225.0
O=S(=O)(Cl)c1ccc(-c2ccccc2)cc1,c1ccc(-c2ccccc2)cc1,115.0
O=C(Nc1ccccc1SSc1ccccc1NC(=O)c1ccccc1)c1ccccc1,O=C(Nc1ccccc1SSc1ccccc1NC(=O)c1ccccc1)c1ccccc1,142.0
ClCCOCCCl,,-50.0
N#CCCP(CCC#N)c1ccccc1,c1ccccc1,73.0
CCCCC(CC)COC(=O)CCCCC(=O)OCC(CC)CCCC,,-67.0
CCCCC(CC)COP(=O)(O)OCC(CC)CCCC,,-50.0
CCCCC(CC)COC(=O)c1ccccc1C(=O)OCC(CC)CCCC,c1ccccc1,-55.0
OCCSSCCO,,25.0
COc1ccccc1OC(=O)Oc1ccccc1OC,O=C(Oc1ccccc1)Oc1ccccc1,87.0
O=[N+]([O-])c1ccccc1SSc1ccccc1[N+](=O)[O-],c1ccc(SSc2ccccc2)cc1,194.0
CCCCCOC(=O)c1c(Cl)cc(Cl)c(Cl)c1OC(=O)C(=O)Oc1c(Cl)c(Cl)cc(Cl)c1C(=O)OCCCCC,O=C(Oc1ccccc1)C(=O)Oc1ccccc1,78.0
Nc1ccc(Oc2ccc(N)cc2)cc1,c1ccc(Oc2ccccc2)cc1,191.0
Brc1ccc(Oc2ccc(Br)cc2)cc1,c1ccc(Oc2ccccc2)cc1,58.0
Clc1ccc(SSc2ccc(Cl)cc2)cc1,c1ccc(SSc2ccccc2)cc1,73.0
O=S(=O)(c1ccc(Cl)cc1)c1ccc(Cl)cc1,O=S(=O)(c1ccccc1)c1ccccc1,149.0
Clc1ccc(SCSc2ccc(Cl)cc2)cc1,c1ccc(SCSc2ccccc2)cc1,47.0
O=[N+]([O-])c1cc(S(=O)(=O)c2ccc(F)c([N+](=O)[O-])c2)ccc1F,O=S(=O)(c1ccccc1)c1ccccc1,194.0
O=S(=O)(c1ccc(F)cc1)c1ccc(F)cc1,O=S(=O)(c1ccccc1)c1ccccc1,99.0
Fc1ccc(Cc2ccc(F)cc2)cc1,c1ccc(Cc2ccccc2)cc1,29.0
O=S(=O)(c1ccc(O)cc1)c1ccc(O)cc1,O=S(=O)(c1ccccc1)c1ccccc1,248.0
COc1ccc(C=CC(=O)C=Cc2ccc(OC)cc2)cc1,O=C(C=Cc1ccccc1)C=Cc1ccccc1,129.0
COc1ccc(OC(=O)Oc2ccc(OC)cc2)cc1,O=C(Oc1ccccc1)Oc1ccccc1,87.0
COc1ccc(P(c2ccccc2)c2ccc(OC)cc2)cc1,c1ccc(P(c2ccccc2)c2ccccc2)cc1,89.0
O=C(Oc1ccc([N+](=O)[O-])cc1)Oc1ccc([N+](=O)[O-])cc1,O=C(Oc1ccccc1)Oc1ccccc1,138.0
O=[N+]([O-])c1ccc(S(=O)(=O)c2ccc([N+](=O)[O-])cc2)cc1,O=S(=O)(c1ccccc1)c1ccccc1,254.0
O=C(NN=C1CCCCC1)C(=O)NN=C1CCCCC1,O=C(NN=C1CCCCC1)C(=O)NN=C1CCCCC1,210.0
C1CCC(P(CP(C2CCCCC2)C2CCCCC2)C2CCCCC2)CC1,C1CCC(P(CP(C2CCCCC2)C2CCCCC2)C2CCCCC2)CC1,99.0
C(#CP(c1ccccc1)c1ccccc1)P(c1ccccc1)c1ccccc1,C(#CP(c1ccccc1)c1ccccc1)P(c1ccccc1)c1ccccc1,86.0
c1ccc(P(CP(c2ccccc2)c2ccccc2)c2ccccc2)cc1,c1ccc(P(CP(c2ccccc2)c2ccccc2)c2ccccc2)cc1,119.0
OCP(CO)c1ccccc1,c1ccccc1,57.0
Brc1c(Br)c(Br)c(Oc2c(Br)c(Br)c(Br)c(Br)c2Br)c(Br)c1Br,c1ccc(Oc2ccccc2)cc1,306.0
Fc1c(F)c(F)c(P(c2ccccc2)c2c(F)c(F)c(F)c(F)c2F)c(F)c1F,c1ccc(P(c2ccccc2)c2ccccc2)cc1,62.0
O=C(Cc1ccccc1)SSC(=O)Cc1ccccc1,O=C(Cc1ccccc1)SSC(=O)Cc1ccccc1,59.0
c1ccc(SCSc2ccccc2)cc1,c1ccc(SCSc2ccccc2)cc1,37.0
Cc1cc(Cc2cc(C)cc(C3(C)CCCCC3)c2O)c(O)c(C2(C)CCCCC2)c1,c1cc(Cc2cccc(C3CCCCC3)c2)cc(C2CCCCC2)c1,135.0
CC(C)(c1ccc(O)cc1)c1ccc(O)cc1,c1ccc(Cc2ccccc2)cc1,156.0
CC(C)(C)OC(=O)O/N=C(\C#N)c1ccccc1,c1ccccc1,88.0
CC1(C)[C@H]2CC[C@]1(C)[C@H](O)C2,C1CC2CCC1C2,207.0
O=C(O)CBr,,47.0
Brc1ccccc1,c1ccccc1,-31.0
O=C(O)C(Cl)Br,,27.0
BrC1CCCCC1,C1CCCCC1,-57.0
ClC(Cl)Br,,-57.0
CCBr,,-119.0
BrC(Br)Br,,9.0
Fc1c(F)c(F)c(Br)c(F)c1F,c1ccccc1,-31.0
Cc1c(C)c(C)c(Br)c(C)c1C,c1ccccc1,162.0
O=C(O)C(=O)CBr,,78.0
Cc1c(C2(c3cc(C(C)C)c(O)c(Br)c3C)OS(=O)(=O)c3ccccc32)cc(C(C)C)c(O)c1Br,O=S1(=O)OC(c2ccccc2)(c2ccccc2)c2ccccc21,201.0
ClC(Cl)(Cl)Br,,-6.0
BrC(=C(c1ccccc1)c1ccccc1)c1ccccc1,C(=C(c1ccccc1)c1ccccc1)c1ccccc1,114.0
BrC(c1ccccc1)(c1ccccc1)c1ccccc1,c1ccc(C(c2ccccc2)c2ccccc2)cc1,154.0
CC[N+](CC)(CC)S(=O)(=O)[N-]C(=O)OC,,77.0
C1O[C@@H]1[C@H]1CO1,C1OC1C1CO1,-19.0
C=CC1CO1,C1CO1,-135.0
CCCC=O,,-99.0
CCCC=NO,,-29.0
CCCC(N)=O,,115.0
CCCC(=O)O,,-8.0
CCCC(=O)NN,,44.0
CCCC(=O)OC(=O)CCC,,-75.0
CCCC#N,,-112.0
CCCC(=O)c1ccccc1,c1ccccc1,12.0
CCCC(=O)Cl,,-89.0
Cn1c(=O)c2c(ncn2C)n(C)c1=O,O=c1[nH]c(=O)c2[nH]cnc2[nH]1,235.0
Oc1c2cccc1Cc1cccc(c1O)Cc1cccc(c1O)Cc1cccc(c1O)C2,c1cc2cc(c1)Cc1cccc(c1)Cc1cccc(c1)Cc1cccc(c1)C2,317.0
Oc1c2cccc1Cc1cccc(c1O)Cc1cccc(c1O)Cc1cccc(c1O)Cc1cccc(c1O)Cc1cccc(c1O)C2,c1cc2cc(c1)Cc1cccc(c1)Cc1cccc(c1)Cc1cccc(c1)Cc1cccc(c1)Cc1cccc(c1)C2,418.0
C=C1[C@@H]2CC[C@@H](C2)C1(C)C,C=C1CC2CCC1C2,35.0
CC12CCC(CC1=O)C2(C)C,O=C1CC2CCC1C2,174.0
CC12CCC(C(=O)C1=O)C2(C)C,O=C1C(=O)C2CCC1C2,200.0
O=S(=O)(O)CCCNC1CCCCC1,C1CCCCC1,324.0
O=S(=O)(O)CC(O)CNC1CCCCC1,C1CCCCC1,272.0
c1ccc2c(c1)[nH]c1ccccc12,c1ccc2c(c1)[nH]c1ccccc12,243.0
NNC(=O)NN,,156.0
S=C=S,,-112.0
Oc1ccccc1O,c1ccccc1,106.0
O=C(N[C@H](CO)[C@H](O)c1ccc([N+](=O)[O-])cc1)C(Cl)Cl,c1ccccc1,151.0
O=C1OC(=O)C2C1C1(Cl)C(Cl)=C(Cl)C2(Cl)C1(Cl)Cl,O=C1OC(=O)C2C3C=CC(C3)C12,237.0
O=C(O)CCl,,62.0
O=C(CCl)OC(=O)CCl,,58.0
CC(=O)CCl,,-45.0
O=C(Cl)CCl,,-22.0
Clc1ccccc1,c1ccccc1,-45.0
COc1ccccc1P(Cl)c1ccccc1OC,c1ccc(Pc2ccccc2)cc1,113.0
Clc1ccc(P(Cl)c2ccc(Cl)cc2)cc1,c1ccc(Pc2ccccc2)cc1,53.0
COc1ccc(P(Cl)c2ccc(OC)cc2)cc1,c1ccc(Pc2ccccc2)cc1,63.0
ClC1CCCCC1,C1CCCCC1,-44.0
ClC1CCCC1,C1CCCC1,-94.0
ClP(c1cccc2ccccc12)c1cccc2ccccc12,c1ccc2c(Pc3cccc4ccccc34)cccc2c1,156.0
Cc1ccccc1P(Cl)c1ccccc1C,c1ccc(Pc2ccccc2)cc1,57.0
ClC(Br)Br,,-22.0
O=C(O)C(F)(F)Cl,,22.0
ClP(c1ccccc1)c1ccccc1,c1ccc(Pc2ccccc2)cc1,15.0
ClC(Cl)Cl,,-63.0
ClC(c1ccccc1)(c1ccccc1)c1ccccc1,c1ccc(C(c2ccccc2)c2ccccc2)cc1,112.0
CC(C)CCC[C@@H](C)[C@H]1CC[C@H]2[C@@H]3CC=C4C[C@@H](O)CC[C@]4(C)[C@H]3CC[C@]12C,C1=C2CCCCC2C2CCC3CCCC3C2C1,149.0
CC(C)CCC[C@@H](C)[C@H]1CC[C@H]2[C@@H]3CC=C4C[C@@H](OC(=O)c5ccc(Cl)cc5Cl)CC[C@]4(C)[C@H]3CC[C@]12C,O=C(OC1CCC2C(=CCC3C4CCCC4CCC23)C1)c1ccccc1,126.0
CC(=O)O[C@H]1CC[C@@]2(C)C(=CC[C@H]3[C@@H]4CC[C@H]([C@H](C)CCCC(C)C)[C@@]4(C)CC[C@@H]32)C1,C1=C2CCCCC2C2CCC3CCCC3C2C1,113.0
CC(C)CCC[C@@H](C)[C@H]1CC[C@H]2[C@@H]3CC=C4C[C@@H](OC(=O)c5ccccc5)CC[C@]4(C)[C@H]3CC[C@]12C,O=C(OC1CCC2C(=CCC3C4CCCC4CCC23)C1)c1ccccc1,149.0
CC(C)CCC[C@@H](C)[C@H]1CC[C@H]2[C@@H]3CC=C4C[C@@H](Cl)CC[C@]4(C)[C@H]3CC[C@]12C,C1=C2CCCCC2C2CCC3CCCC3C2C1,97.0
CC(C)CCC[C@@H](C)[C@H]1CC[C@H]2[C@@H]3CC=C4C[C@@H](OC(=O)Cl)CC[C@]4(C)[C@H]3CC[C@]12C,C1=C2CCCCC2C2CCC3CCCC3C2C1,118.0
CCCCCCCCC(=O)O[C@H]1CC[C@@]2(C)C(=CC[C@H]3[C@@H]4CC[C@H]([C@H](C)CCCC(C)C)[C@@]4(C)CC[C@@H]32)C1,C1=C2CCCCC2C2CCC3CCCC3C2C1,77.0
CCCCCCCCC=CCCCCCCCC(=O)O[C@H]1CC[C@@]2(C)C(=CC[C@H]3[C@@H]4CC[C@H]([C@H](C)CCCC(C)C)[C@@]4(C)CC[C@@H]32)C1,C1=C2CCCCC2C2CCC3CCCC3C2C1,46.0
CCCCCCCCCCCCCCCCCC(=O)O[C@H]1CC[C@@]2(C)C(=CC[C@H]3[C@@H]4CC[C@H]([C@H](C)CCCC(C)C)[C@@]4(C)CC[C@@H]32)C1,C1=C2CCCCC2C2CCC3CCCC3C2C1,80.0
C[C@H](CCC(=O)O)[C@H]1CC[C@H]2[C@@H]3[C@H](O)C[C@@H]4C[C@H](O)CC[C@]4(C)[C@H]3C[C@H](O)[C@]12C,C1CCC2C(C1)CCC1C3CCCC3CCC21,201.0
N#Cc1coc2ccccc2c1=O,O=c1ccoc2ccccc12,175.0
O=Cc1coc2ccccc2c1=O,O=c1ccoc2ccccc12,152.0
O=C(O)c1coc2ccccc2c1=O,O=c1ccoc2ccccc12,201.0
C=C[C@H]1C[N@@]2CC[C@H]1C[C@H]2[C@H](O)c1ccnc2ccccc12,c1ccc2c(CC3CC4CCN3CC4)ccnc2c1,204.0
C=C[C@H]1C[N@@]2CC[C@H]1C[C@@H]2[C@@H](O)c1ccnc2ccccc12,c1ccc2c(CC3CC4CCN3CC4)ccnc2c1,258.0
OC/C=C/c1ccccc1,c1ccccc1,34.0
ClC/C=C/c1ccccc1,c1ccccc1,7.0
O=C(C=CC=Cc1ccccc1)c1ccccc1,O=C(C=CC=Cc1ccccc1)c1ccccc1,101.0
O=C(O)[C@H]1CCCC[C@H]1C(=O)O,C1CCCCC1,191.0
O=C(O)[C@H]1CCCC[C@H]1C(=O)OC(=O)[C@H]1CCCC[C@H]1C(=O)O,O=C(OC(=O)C1CCCCC1)C1CCCCC1,34.0
ClCC=CCCl,,-48.0
C[C@@H]1CNC[C@H](C)O1,C1COCCN1,-85.0
C[C@@H]1CNC[C@H](C)N1,C1CNCCN1,110.0
OCC=CCO,,7.0
N[C@H]1CC[C@@H](C(=O)O)CC1,C1CCCCC1,300.0
O=C(O)[C@H]1CC=CC[C@H]1C(=O)O,C1=CCCCC1,168.0
O=C(O)[C@H]1CC=CC[C@H]1C(=O)OC(=O)[C@H]1CC=CC[C@H]1C(=O)O,O=C(OC(=O)C1CC=CCC1)C1CC=CCC1,100.0
C[C@H]1CC[C@@H](O)CC1,C1CCCCC1,-10.0
O=C1OC(=O)C2C3C=CC(C3)C12,O=C1OC(=O)C2C3C=CC(C3)C12,166.0
O=C(O)/C=C(/CC(=O)O)C(=O)O,,118.0
C1=CCCCCCC1,C1=CCCCCCC1,-16.0
C1CN2CCN3CCN4CCN1[C@H]2[C@H]34,C1CN2CCN3CCN4CCN1C2C43,30.0
C(=Cc1ccccc1)c1ccccc1,C(=Cc1ccccc1)c1ccccc1,2.0
C/C(=C/C(=O)O)C(=O)O,,90.0
CC1=CC(=O)OC1=O,O=C1C=CC(=O)O1,8.0
C/C(=C/C(=O)NN)C(=O)NN,,286.0
O=C(O)CC(O)(CC(=O)O)C(=O)O,,154.0
COc1cc(/C=C/CO)ccc1O,c1ccccc1,76.0
O=c1ccc2ccccc2o1,O=c1ccc2ccccc2o1,70.0
N#Cc1cc2ccccc2oc1=O,O=c1ccc2ccccc2o1,186.0
O=C(O)c1cc2ccccc2oc1=O,O=c1ccc2ccccc2o1,192.0
C/C=C/C=O,,-76.0
CN(C)c1ccc(C2(c3ccc(N(C)C)cc3)OC(=O)c3cc(N(C)C)ccc32)cc1,O=C1OC(c2ccccc2)(c2ccccc2)c2ccccc21,182.0
CC(C)c1ccccc1,c1ccccc1,-96.0
COc1cc(/C=C/C(=O)CC(=O)/C=C/c2ccc(O)c(OC)c2)ccc1O,O=C(C=Cc1ccccc1)CC(=O)C=Cc1ccccc1,173.0
N#CN,,45.0
N#CCC(N)=O,,120.0
N#CCC(=O)O,,67.0
N#CCC(=O)NN,,108.0
N#CBr,,52.0
Clc1nc(Cl)nc(Cl)n1,c1ncncn1,147.0
Fc1nc(F)nc(F)n1,c1ncncn1,-38.0
O=C1CCC1,O=C1CCC1,-51.0
OC1CCCCCCCCCCC1,C1CCCCCCCCCCC1,78.0
O=C1CCCCCCCCCCC1,O=C1CCCCCCCCCCC1,61.0
O=C1CCCCCC1,O=C1CCCCCC1,-21.0
C1=CC=CCC=C1,C1=CC=CCC=C1,-80.0
O=C(O)CC1CCCCCC1,C1CCCCCC1,15.0
NC1CCCCCC1,C1CCCCCC1,-18.0
C1CCCCC1,C1CCCCC1,7.0
O=C(O)CCCC1CCCCC1,C1CCCCC1,31.0
O=CC1CCCCC1,C1CCCCC1,35.0
O=C(O)C1CCCCC1,C1CCCCC1,31.0
SC1CCCCC1,C1CCCCC1,-30.0
OC1CCCCC1,C1CCCCC1,24.0
O=C1CCCCC1,O=C1CCCCC1,-26.0
O=[N+]([O-])c1ccc(NN=C2CCCCC2)c([N+](=O)[O-])c1,c1ccc(NN=C2CCCCC2)cc1,159.0
ON=C1CCCCC1,N=C1CCCCC1,89.0
C1=CCCCC1,C1=CCCCC1,-104.0
O=C=NC1CCCCC1,C1CCCCC1,-80.0
CC(=O)C1CCCCC1,C1CCCCC1,-34.0
CSC1CCCCC1,C1CCCCC1,-80.0
O=C(c1ccccc1)C1CCCCC1,O=C(c1ccccc1)C1CCCCC1,55.0
Cc1ccc(S(=O)(=O)OC2CCCCC2)cc1,O=S(=O)(OC1CCCCC1)c1ccccc1,46.0
NC1CCCCC1,C1CCCCC1,-18.0
c1ccc(C2CCCCC2)cc1,c1ccc(C2CCCCC2)cc1,6.0
c1ccc(P(c2ccccc2)C2CCCCC2)cc1,c1ccc(P(c2ccccc2)C2CCCCC2)cc1,60.0
O=P(c1ccccc1)(c1ccccc1)C1CCCCC1,O=P(c1ccccc1)(c1ccccc1)C1CCCCC1,167.0
N#CC(C(=O)O)=C1CCCCC1,C=C1CCCCC1,108.0
C1CCCCCCC1,C1CCCCCCC1,12.0
OC1CCCCCCC1,C1CCCCCCC1,15.0
O=C1CCCCCCC1,O=C1CCCCCCC1,41.0
ON=C1CCCCCCC1,N=C1CCCCCCC1,37.0
NC1CCCCCCC1,C1CCCCCCC1,-48.0
O=C1CCCCCCCCCCCCCC1,O=C1CCCCCCCCCCCCCC1,64.0
C1CCCC1,C1CCCC1,-94.0
N#CC1CCCC1,C1CCCC1,-76.0
O=C(O)C1CCCC1,C1CCCC1,-7.0
OC1CCCC1,C1CCCC1,-19.0
O=C1CCCC1,O=C1CCCC1,-51.0
ON=C1CCCC1,N=C1CCCC1,56.0
C1=CCCC1,C1=CCCC1,-135.0
COC1CCCC1,C1CCCC1,-140.0
O=C(O)CC1CCCC1,C1CCCC1,12.0
NC1CCCC1,C1CCCC1,-85.0
NC(=O)C1CC1,C1CC1,124.0
COc1ccc(C(=O)C2CC2)cc1,O=C(c1ccccc1)C1CC1,42.0
OC(c1ccccc1)(c1ccccc1)C1CC1,c1ccc(C(c2ccccc2)C2CC2)cc1,85.0
C[C@@H](O)[C@@H](N)C(=O)O,,278.0
CN(C)c1cccc2c(S(N)(=O)=O)cccc12,c1ccc2ccccc2c1,220.0
CN(C)c1cccc2c(S(=O)(=O)Cl)cccc12,c1ccc2ccccc2c1,72.0
O=C[C@@H](O)[C@H](O)[C@H](O)CO,,156.0
OC[C@@H](O)C(O)[C@H](O)CO,,102.0
N=C(N)NCCC[C@@H](N)C(=O)O,,235.0
O=C(O)CCCC[C@@H]1SC[C@@H]2NC(=O)N[C@@H]21,O=C1NC2CSCC2N1,230.0
O=C(c1c(F)c(F)c(F)c(F)c1F)c1c(F)c(F)c(F)c(F)c1F,O=C(c1ccccc1)c1ccccc1,93.0
Fc1c(F)c(F)c(-c2c(F)c(F)c(F)c(F)c2F)c(F)c1F,c1ccc(-c2ccccc2)cc1,68.0
CCCCCCCCCC=O,,-5.0
CCCCCCCCCC(=O)O,,31.0
CCCCCCCCCC#N,,-15.0
CCCCCCCCCC(=O)Cl,,-35.0
CC(=O)C1C(=O)C=C(C)OC1=O,O=C1C=COC(=O)C1,111.0
C[C@H](CCC(=O)O)[C@H]1CC[C@H]2[C@@H]3C(=O)C[C@@H]4CC(=O)CC[C@]4(C)[C@H]3CC(=O)[C@]12C,O=C1CCC2C(C1)CC(=O)C1C3CCCC3C(=O)CC21,237.0
CC1CCCC(=O)O1,O=C1CCCCO1,18.0
CCCCC1CCCC(=O)O1,O=C1CCCCO1,-26.0
CCCCCCCCCC1CCCC(=O)O1,O=C1CCCCO1,133.0
O=C1CCCCN1,O=C1CCCCN1,37.0
O=C1CCCCO1,O=C1CCCCO1,-13.0
COc1ccc(CC(=O)c2ccc(OC)cc2)cc1,O=C(Cc1ccccc1)c1ccccc1,111.0
O=C(Cc1ccccc1)c1ccccc1,O=C(Cc1ccccc1)c1ccccc1,55.0
C[C@H](CCC(=O)O)[C@H]1CC[C@H]2[C@@H]3CC[C@@H]4C[C@H](O)CC[C@]4(C)[C@H]3C[C@H](O)[C@]12C,C1CCC2C(C1)CCC1C3CCCC3CCC21,174.0
CC1(C)O[C@@H]2CO[C@]3(COC(C)(C)O3)C(=O)[C@@H]2O1,O=C1C2OCOC2COC12COCO2,102.0
O=C(c1ccccc1)C(Cl)c1ccccc1,O=C(Cc1ccccc1)c1ccccc1,67.0
OC[C@H]1O[C@](O)(CO)[C@@H](O)[C@@H]1O,C1CCOC1,108.0
C[C@@H](O)[C@H](O)[C@H](O)[C@@H](O)C=O,,145.0
O=C[C@H](O)[C@@H](O)[C@@H](O)[C@H](O)CO,,166.0
O=C[C@H](O)[C@@H](O)[C@H](O)[C@H](O)CO,,151.0
c1csc(SSc2cccs2)c1,c1csc(SSc2cccs2)c1,55.0
O=C(c1cccs1)c1cccs1,O=C(c1cccs1)c1cccs1,89.0
C=CC(=O)NC(C)(C)CC(C)=O,,55.0
CC1(C)OCC([C@H]2O[C@@H]3OC(C)(C)O[C@@H]3[C@H]2O)O1,C1OCC(C2CC3OCOC3O2)O1,109.0
C=CCOC(=O)C=CC(=O)OCC=C,,-47.0
C=CCOC(=O)c1ccccc1C(=O)OCC=C,c1ccccc1,-70.0
C=CCSCC=C,,-83.0
C=CCNCC=C,,-88.0
O=C1c2ccccc2CSc2ccccc21,O=C1c2ccccc2CSc2ccccc21,87.0
c1ccc2c(c1)OCCOCCOc1ccccc1OCCOCCO2,c1ccc2c(c1)OCCOCCOc1ccccc1OCCOCCO2,162.0
c1ccc2c(c1)oc1ccccc12,c1ccc2c(c1)oc1ccccc12,81.0
OC1c2ccccc2C=Cc2ccccc21,C1=Cc2ccccc2Cc2ccccc21,126.0
O=C1c2ccccc2CCc2ccccc21,O=C1c2ccccc2CCc2ccccc21,33.0
ClC1c2ccccc2CCc2ccccc21,c1ccc2c(c1)CCc1ccccc1C2,107.0
c1ccc2c(c1)sc1ccccc12,c1ccc2c(c1)sc1ccccc12,99.0
O=C(O[C@@H](C(=O)O)[C@@H](OC(=O)c1ccccc1)C(=O)O)c1ccccc1,O=C(OCCOC(=O)c1ccccc1)c1ccccc1,155.0
Nc1cc(C(=O)OCc2ccccc2)cc(C(=O)OCc2ccccc2)c1,O=C(OCc1ccccc1)c1cccc(C(=O)OCc2ccccc2)c1,117.0
O=C(/N=N/C(=O)OCc1ccccc1)OCc1ccccc1,O=C(N=NC(=O)OCc1ccccc1)OCc1ccccc1,45.0
O=C(OCc1ccccc1)OCc1ccccc1,O=C(OCc1ccccc1)OCc1ccccc1,29.0
c1ccc(CSSCc2ccccc2)cc1,c1ccc(CSSCc2ccccc2)cc1,70.0
c1ccc(COCc2ccccc2)cc1,c1ccc(COCc2ccccc2)cc1,4.0
ON=C(Cc1ccccc1)Cc1ccccc1,N=C(Cc1ccccc1)Cc1ccccc1,123.0
O=P(O)(OCc1ccccc1)OCc1ccccc1,O=[PH](OCc1ccccc1)OCc1ccccc1,80.0
O=C(OCc1ccccc1)c1ccccc1C(=O)OCc1ccccc1,O=C(OCc1ccccc1)c1ccccc1C(=O)OCc1ccccc1,41.0
O=C(CCC(=O)OCc1ccccc1)OCc1ccccc1,O=C(CCC(=O)OCc1ccccc1)OCc1ccccc1,45.0
c1ccc(CSCc2ccccc2)cc1,c1ccc(CSCc2ccccc2)cc1,49.0
O=S(=O)(Cc1ccccc1)Cc1ccccc1,O=S(=O)(Cc1ccccc1)Cc1ccccc1,151.0
c1ccc(CNCc2ccccc2)cc1,c1ccc(CNCc2ccccc2)cc1,-26.0
NC(=O)C(Br)(Br)C(N)=O,,205.0
BrCBr,,-53.0
O=C(O)C(Cl)Cl,,10.0
ClCCl,,-95.0
ClP(Cl)c1ccccc1,c1ccccc1,-51.0
CCCP(Cl)Cl,,136.0
N#CNC(=N)N,,210.0
C1CCC2OCCOCCOC3CCCCC3OCCOCCOC2C1,C1CCC2OCCOCCOC3CCCCC3OCCOCCOC2C1,50.0
C1CCC(NC2CCCCC2)CC1,C1CCC(NC2CCCCC2)CC1,-2.0
OC(C1CCCCC1)C1CCCCC1,C1CCC(CC2CCCCC2)CC1,61.0
c1ccc(P(C2CCCCC2)C2CCCCC2)cc1,c1ccc(P(C2CCCCC2)C2CCCCC2)cc1,60.0
OCCNCCO,,29.0
CCOCOCC,,-66.0
CCOC(=O)C(=Nn1nnc2ccccc21)C(=O)OCC,c1ccc2[nH]nnc2c1,100.0
CCOC(=O)C(C(=O)OCC)c1c(F)cc(F)cc1F,c1ccccc1,48.0
CCOP(=O)(CN1C(=O)c2ccccc2C1=O)OCC,O=C1NC(=O)c2ccccc21,62.0
CCOC(=O)c1[nH]c(C)c(C(=O)OCC)c1C,c1cc[nH]c1,137.0
CCOC(=O)c1sc(N)c(C(=O)OCC)c1C,c1ccsc1,115.0
CCOC(=O)c1cc2c(c(C(=O)OCC)c1O)CCCC2,c1ccc2c(c1)CCCC2,46.0
CCOC(=O)c1sc2sc(C(=O)OCC)c(C)c2c1C,c1cc2ccsc2s1,140.0
CCOP(=O)(Cc1ccc(N)cc1)OCC,c1ccccc1,93.0
CCOC(=O)C(NC(C)=O)C(=O)OCC,,98.0
CCOC(=O)C#CC(=O)OCC,,2.0
CCOC(=O)CCCCC(=O)OCC,,-20.0
CCOC(=O)C(=CN)C(=O)OCC,,63.0
CCOC(=O)C(NC(=O)c1ccccc1)C(=O)OCC,c1ccccc1,63.0
CCOC(=O)C(=Cc1ccccc1)C(=O)OCC,c1ccccc1,30.0
CCOC(=O)C(CCC#N)(CCC#N)C(=O)OCC,,62.0
CCOC(=O)C(CO)(CO)C(=O)OCC,,50.0
CCOC(=O)OCC,,-43.0
CCSSCC,,-102.0
CCOCC,,-116.0
CCOC=C(C(=O)OCC)C(=O)OCC,,-33.0
CCOC(=O)C(CC)C(=O)OCC,,0.0
CCOC(=O)C(NC=O)C(=O)OCC,,53.0
CCOC(=O)/C=C/C(=O)OCC,,0.0
CCOC(=O)C(=O)C(=O)OCC,,-70.0
CCOC(=O)[C@@H](O)[C@H](O)C(=O)OCC,,17.0
CCOC(=O)C=CC(=O)OCC,,-11.0
CCOC(=O)CC(=O)OCC,,-50.0
CCOC(=O)C(=O)OCC,,-40.0
CCOC(OCC)Oc1ccccc1,c1ccccc1,-26.0
CCOC(=O)C(C(=O)OCC)c1ccccc1,c1ccccc1,16.0
CCOP(O)OCC,,-70.0
CCOC(=O)c1ccccc1C(=O)OCC,c1ccccc1,-64.0
CCOC(=O)CCC(=O)OCC,,-21.0
CCOS(=O)(=O)OCC,,-25.0
CCSCC,,-104.0
CCS(=O)(=O)CC,,72.0
CCOC(=O)c1ccc(C(=O)OCC)cc1,c1ccccc1,45.0
CCNCC,,-50.0
CCN(CC)C(=O)Cl,,-32.0
OCCOCCO,,-10.0
CCOCCOCCOCC,,-44.0
COCCOCCOC,,-64.0
CCOCCOCCO,,-80.0
CCOCCOCCOC(C)=O,,-25.0
COCCOCCO,,-70.0
CCCCOCCOCCO,,-68.0
CCCCCCOCCOCCO,,-40.0
NCCNCCN,,-40.0
O=C(O)C(F)F,,-1.0
c1coc(CSCc2ccco2)c1,c1coc(CSCc2ccco2)c1,31.0
O=C(O)COCC(=O)O,,143.0
O=C1CCc2ccccc2O1,O=C1CCc2ccccc2O1,25.0
ICI,,6.0
CC(C)COC(=O)c1ccccc1C(=O)OCC(C)C,c1ccccc1,-64.0
CC(C)CNCC(C)C,,-77.0
CC(C)CCNCCC(C)C,,-44.0
CC(O)CNCC(C)O,,42.0
CC(C)OC(=O)/N=N/C(=O)OC(C)C,,4.0
CC(C)C(=O)C(C)C,,-69.0
CC(C)NC(C)C,,-61.0
CC1(C)CC(=O)CC(=O)C1,O=C1CCCC(=O)C1,148.0
Cc1cc(C)c(Cc2c(C)cc(C)cc2C)c(C)c1,c1ccc(Cc2ccccc2)cc1,130.0
COCOC,,-105.0
COP(=O)(CN1C(=O)c2ccccc2C1=O)OC,O=C1NC(=O)c2ccccc21,118.0
COC(=O)CCCCCCCCCCC(=O)OC,,30.0
COC(=O)c1ccc(C(=O)OC)c(F)c1,c1ccccc1,82.0
COC(=O)c1ccc(C(=O)OC)c([N+](=O)[O-])c1,c1ccccc1,74.0
COC(=O)c1[nH]c(C(=O)OC)c(O)c1O,c1cc[nH]c1,211.0
COC(=O)c1cccc([N+](=O)[O-])c1C(=O)OC,c1ccccc1,69.0
COC(=O)c1ccc([N+](=O)[O-])cc1C(=O)OC,c1ccccc1,67.0
COC(=O)c1cc(N)cc(C(=O)OC)c1,c1ccccc1,180.0
COC(=O)c1cc(O)cc(C(=O)OC)c1,c1ccccc1,163.0
COC(=O)c1cc(C(=O)OC)cc([N+](=O)[O-])c1,c1ccccc1,122.0
COC(=O)CC(=O)CC(=O)OC,,17.0
COC(=O)C#CC(=O)OC,,-18.0
COC(=O)CCCCC(=O)OC,,8.0
COC(=O)CCCCCCCC(=O)OC,,18.0
COC(=O)c1ccc(-c2ccc(C(=O)OC)cc2)cc1,c1ccc(-c2ccccc2)cc1,214.0
COC(=O)OC,,4.0
COC(=O)c1ccc(C=Cc2ccc(C(=O)OC)cc2)cc1,C(=Cc1ccccc1)c1ccccc1,113.0
CSSC,,-85.0
COC(=O)/C=C/C(=O)OC,,104.0
COC(=O)CCCC(=O)OC,,-37.0
COC(=O)c1cccc(C(=O)OC)c1,c1ccccc1,69.0
C=C(CC(=O)OC)C(=O)OC,,36.0
COC(=O)[C@@H](O)[C@H](O)C(=O)OC,,59.0
COC(=O)C=CC(=O)OC,,-19.0
COC(=O)CC(=O)OC,,-62.0
COC=C(C(=O)OC)C(=O)OC,,43.0
COC(=O)c1ccc2cc(C(=O)OC)ccc2c1,c1ccc2ccccc2c1,190.0
COC(=O)C(=O)OC,,52.0
COC(=O)c1ncoc1C(=O)OC,c1cocn1,75.0
COC(=O)c1ccccc1C(=O)OC,c1ccccc1,5.0
COC(=O)c1ccc(C(=O)OC)nc1,c1ccncc1,162.0
COC(=O)c1cccc(C(=O)OC)n1,c1ccncc1,121.0
COC(=O)CCCCCCCCC(=O)OC,,27.0
COC(=O)CCC(=O)OC,,19.0
CSC,,-83.0
CS(C)(=O)=O,,110.0
C[S+](C)[O-],,18.0
COC(=O)c1ccc(C(=O)OC)cc1,c1ccccc1,142.0
COC(=O)c1c(Cl)c(Cl)c(C(=O)OC)c(Cl)c1Cl,c1ccccc1,157.0
COC(=O)c1ccc(/C=C/c2ccc(C(=O)OC)cc2)cc1,C(=Cc1ccccc1)c1ccccc1,235.0
CN(C)C(=O)Cl,,-33.0
CP(C)(=O)Cl,,68.0
CCCCOCCCC,,-95.0
CCCCOP(=O)(O)OCCCC,,-13.0
CCCCOC(=O)c1ccccc1C(=O)OCCCC,c1ccccc1,-35.0
CCCCOC(=O)CCCCCCCCC(=O)OCCCC,,-11.0
CCCCSCCCC,,-80.0
CCCCS(=O)(=O)CCCC,,44.0
CCCC[S+]([O-])CCCC,,33.0
CCCCNCCCC,,-62.0
CCCCCCCCCCSCCCCCCCCCC,,27.0
CCCCCCCCCCNCCCCCCCCCC,,37.0
CCCCCCCCCCCCSCCCCCCCCCCCC,,40.0
CCCCCCOCCCCCC,,-43.0
CCCCCCNCCCCCC,,3.0
CCCCCCCCCSCCCCCCCCC,,15.0
CCCCCCCCCCCCCCCCCCSSCCCCCCCCCCCCCCCCCC,,62.0
CCCCCCCCOC(=O)c1ccccc1C(=O)OCCCCCCCC,c1ccccc1,-25.0
CCCCCCCCSCCCCCCCC,,1.0
CCCCCCCCNCCCCCCCC,,14.0
CCCCCSCCCCC,,-51.0
CCCSSCCC,,-86.0
CCCOCCC,,-122.0
CCCSCCC,,-102.0
CCCNCCC,,-63.0
CCCC(CCC)(C(=O)O)C(=O)O,,155.0
CC(=O)O[C@H]1C(=O)OC(=O)[C@@H]1OC(C)=O,O=C1CCC(=O)O1,132.0
OCC(CO)(CO)COCC(CO)(CO)CO,,217.0
O=C(O)c1ccccc1-c1ccccc1C(=O)O,c1ccc(-c2ccccc2)cc1,229.0
O=C(Oc1ccccc1)Oc1ccccc1,O=C(Oc1ccccc1)Oc1ccccc1,79.0
N#CN=C(Oc1ccccc1)Oc1ccccc1,N=C(Oc1ccccc1)Oc1ccccc1,157.0
c1ccc(SSc2ccccc2)cc1,c1ccc(SSc2ccccc2)cc1,60.0
c1ccc(Oc2ccccc2)cc1,c1ccc(Oc2ccccc2)cc1,28.0
O=P(O)(Oc1ccccc1)Oc1ccccc1,O=[PH](Oc1ccccc1)Oc1ccccc1,66.0
NP(=O)(Oc1ccccc1)Oc1ccccc1,O=[PH](Oc1ccccc1)Oc1ccccc1,149.0
O=C(Oc1ccccc1)c1ccccc1C(=O)Oc1ccccc1,O=C(Oc1ccccc1)c1ccccc1C(=O)Oc1ccccc1,75.0
c1ccc(Sc2ccccc2)cc1,c1ccc(Sc2ccccc2)cc1,-40.0
O=S(=O)(c1ccccc1)c1ccccc1,O=S(=O)(c1ccccc1)c1ccccc1,128.0
[O-][S+](c1ccccc1)c1ccccc1,c1ccc([SH+]c2ccccc2)cc1,71.0
O=C(Oc1ccccc1)c1ccc(C(=O)Oc2ccccc2)cc1,O=C(Oc1ccccc1)c1ccc(C(=O)Oc2ccccc2)cc1,197.0
Cc1ccccc1P(c1ccccc1)c1ccccc1,c1ccc(P(c2ccccc2)c2ccccc2)cc1,72.0
Cc1ccc(P(c2ccccc2)c2ccccc2)cc1,c1ccc(P(c2ccccc2)c2ccccc2)cc1,66.0
O=C(O)C(c1ccccc1)c1ccccc1,c1ccc(Cc2ccccc2)cc1,147.0
N#CC(c1ccccc1)c1ccccc1,c1ccc(Cc2ccccc2)cc1,74.0
O=C(Cl)C(c1ccccc1)c1ccccc1,c1ccc(Cc2ccccc2)cc1,53.0
C(#Cc1ccccc1)c1ccccc1,C(#Cc1ccccc1)c1ccccc1,60.0
c1ccc(Nc2ccccc2)cc1,c1ccc(Nc2ccccc2)cc1,54.0
O=C(Cl)N(c1ccccc1)c1ccccc1,c1ccc(Nc2ccccc2)cc1,84.0
c1ccc(Cc2ccccc2)cc1,c1ccc(Cc2ccccc2)cc1,24.0
O=[PH](c1ccccc1)c1ccccc1,O=[PH](c1ccccc1)c1ccccc1,54.0
O=P(O)(c1ccccc1)c1ccccc1,O=[PH](c1ccccc1)c1ccccc1,195.0
O=P(Cl)(c1ccccc1)c1ccccc1,O=[PH](c1ccccc1)c1ccccc1,20.0
Cc1ccc(S(=O)(=O)c2ccc(C)cc2)cc1,O=S(=O)(c1ccccc1)c1ccccc1,157.0
O[C@@H]1CO[C@H]2[C@@H]1OC[C@@H]2O,C1CC2OCCC2O1,60.0
CC(C)(C)OC(=O)/N=N/C(=O)OC(C)(C)C,,91.0
CC(C)(C)OC(=O)OC(=O)OC(C)(C)C,,23.0
CC(C)(C)OC(=O)CC(=O)OC(C)(C)C,,-6.0
C=CS(=O)(=O)C=C,,-26.0
O=C[C@H](O)[C@@H](O)[C@@H](O)CO,,159.0
CC1OC(=O)C(C)OC1=O,O=C1COC(=O)CO1,124.0
O=C(O)CC(O)C(=O)O,,132.0
CC1CCC(C(C)C)C(O)C1,C1CCCCC1,29.0
CC(=O)NC1CCSC1=O,O=C1CCCS1,110.0
CC(C)(CO)C(O)C(=O)NCCCO,,68.0
O[C@@H]1[C@H](O)[C@@H](O)OC[C@H]1O,C1CCOCC1,112.0
O=C(O)C[C@@H](O)C(=O)O,,102.0
OC[C@@H](O)[C@@H](O)[C@H](O)[C@H](O)CO,,166.0
OC[C@H]1OC(O)[C@@H](O)[C@@H](O)[C@@H]1O,C1CCOCC1,130.0
CCCCCCCCCCCC=O,,12.0
O=C(O)CCCCCCCCCCC(=O)O,,129.0
CCCCCCCCCCCC(=O)O,,44.0
CCCCCCCCCCCC#N,,4.0
CCCCCCCCCCCC(=O)Cl,,-17.0
CCCCCCCCCCCCCCCCCCCCCCCCCCCCCCCC,,70.0
CC1(C)COC(=O)C1O,O=C1CCCO1,90.0
N[C@@H](CO)Cc1ccccc1,c1ccccc1,92.0
O=C(O)[C@@]1(O)CC(O)[C@H](O)[C@H](O)C1,C1CCCCC1,165.0
O=C[C@H](O)[C@H](O)[C@H](O)CO,,84.0
OCc1ccccc1O[C@@H]1O[C@H](CO)[C@@H](O)[C@H](O)[C@H]1O,c1ccc(OC2CCCCO2)cc1,199.0
OC[C@@H](O)[C@@H](O)[C@H](O)[C@@H](O)CO,,99.0
O=C(CO)[C@H](O)[C@@H](O)[C@H](O)CO,,164.0
O=C(CO)[C@@H](O)[C@@H](O)[C@H](O)CO,,135.0
O=C(O)C(O)C(O)C(=O)O,,168.0
N[C@H](Cc1ccc(O)cc1)C(=O)O,c1ccccc1,312.0
OC[C@@H](O)[C@H](O)[C@H](O)[C@@H](O)CO,,189.0
OC1OC[C@@H](O)[C@H](O)[C@H]1O,C1CCOCC1,149.0
CCCCCCCC/C=C/CCCCCCCC(=O)O,,43.0
O=C1[C@@H]2[C@H](C(=O)N1O)[C@@H]1C=C[C@H]2C1,O=C1NC(=O)C2C3C=CC(C3)C12,168.0
ClCC1CO1,C1CO1,-57.0
O=C1CCCCCN1,O=C1CCCCCN1,70.0
O=C1CCCCCO1,O=C1CCCCCO1,-2.0
CCCCCCCCC=CCCCCCCCCCCCC(=O)O,,31.0
O=C(O)CCCCCCC[C@H](O)[C@H](O)CCCCCCO,,99.0
CCS(=O)(=O)O,,-17.0
CCS(=O)(=O)Cl,,-70.0
CCS,,-148.0
NCCO,,10.0
CCOC=C(C#N)C#N,,65.0
CCOC(=O)/C(C#N)=C(\C)OCC,,72.0
CCOC=C(C#N)C(=O)OCC,,50.0
CCOC(=O)c1cnn(-c2ccc([N+](=O)[O-])cc2)c1C(F)(F)F,c1ccc(-n2cccn2)cc1,108.0
CCOC(=O)c1csnn1,c1csnn1,84.0
CCOC(=O)C1SCCCS1,C1CSCSC1,20.0
CCOC(=O)c1n[nH]c2ccccc12,c1ccc2[nH]ncc2c1,133.0
CCOC(=O)c1ccc2[nH]ncc2c1,c1ccc2[nH]ncc2c1,123.0
CCOC(=O)c1ccc2cn[nH]c2c1,c1ccc2[nH]ncc2c1,125.0
CCOC(=O)c1cn[nH]c1,c1cn[nH]c1,77.0
CCOC(=O)c1cnn(-c2ccccc2)c1,c1ccc(-n2cccn2)cc1,98.0
CCOC(=O)c1sc(-c2cccc(N)c2)nc1C,c1ccc(-c2nccs2)cc1,84.0
CCOC(=O)c1sc(-c2ccc(N)cc2)nc1C,c1ccc(-c2nccs2)cc1,128.0
CCOC(=O)c1c(O)cc(C)nc1O,c1ccncc1,212.0
CCOC(=O)c1sc(C)nc1C,c1cscn1,49.0
CCOC(=O)c1c(-c2ccc(C)c(C)c2)csc1N,c1ccc(-c2ccsc2)cc1,82.0
CCOC(=O)c1c(-c2ccc(OC)cc2)csc1N,c1ccc(-c2ccsc2)cc1,75.0
CCOC(=O)c1c(-c2ccc(C)cc2)csc1N,c1ccc(-c2ccsc2)cc1,106.0
CCOC(=O)c1cnc(N)nc1C(F)(F)F,c1cncnc1,180.0
CCOC(=O)c1cc(OC)c(OC)cc1N,c1ccccc1,87.0
CCOC(=O)c1sc(N)nc1C,c1cscn1,174.0
CCOC(=O)c1c(C)csc1N,c1ccsc1,81.0
CCOC(=O)c1sc(N)nc1-c1ccccc1,c1ccc(-c2cscn2)cc1,172.0
CCOC(=O)c1c(-c2ccccc2)csc1N,c1ccc(-c2ccsc2)cc1,92.0
CCOC(=O)c1cc(I)ccc1N,c1ccccc1,70.0
CCOC(=O)c1coc(N)n1,c1cocn1,126.0
CCOC(=O)c1csc(N)n1,c1cscn1,177.0
CCOC(=O)C(Br)CC,,-4.0
CCOC(=O)Cc1ccccc1Br,c1ccccc1,37.0
CCOC(=O)c1cc(C)nc(Cl)c1,c1ccncc1,66.0
CCOC(=O)c1coc(Cl)n1,c1cocn1,98.0
CCOC(=O)C(C#N)=C(C)C,,20.0
CCOC(=O)C(CC)CC,,151.0
CCOC(=O)c1ccco1,c1ccoc1,34.0
CCOC(=O)c1cc(C)nc(O)c1,c1ccncc1,189.0
CCOC(=O)c1cc(-c2ccccc2)n(-c2ccccc2)c1C,c1ccc(-c2cccn2-c2ccccc2)cc1,97.0
CCOC(=O)C(C)C(C)=O,,-45.0
CCOC(=O)c1csc(C)n1,c1cscn1,55.0
CCOC(=O)c1ccccc1[N+](=O)[O-],c1ccccc1,28.0
CCOC(=O)c1cc(-c2ccco2)n[nH]1,c1coc(-c2cc[nH]n2)c1,136.0
CCOC(=O)CCC(=O)c1ccc(OC)cc1,c1ccccc1,51.0
CCOC(=O)/C=C/N(C)C,,18.0
CCOC(=O)c1cc(O)c(O)c(O)c1,c1ccccc1,150.0
CCOC(=O)c1[nH]c(C)c(C)c1C,c1cc[nH]c1,126.0
CCOC(=O)c1ccc(N)c(N)c1,c1ccccc1,110.0
CCOC(=O)Cc1ccc(Cl)c(Cl)c1,c1ccccc1,25.0
CCOC(=O)c1ccc(O)c(O)c1,c1ccccc1,134.0
CCOC(=O)c1ccc(OC)c(OC)c1,c1ccccc1,44.0
CCOC(=O)c1cc(Cl)c(O)c(Cl)c1,c1ccccc1,111.0
CCOC(=O)c1cc([N+](=O)[O-])cc([N+](=O)[O-])c1,c1ccccc1,92.0
CCOC(=O)c1c[nH]nc1N,c1cn[nH]c1,106.0
CCOC(=O)/C=C(\N)C(F)(F)F,,25.0
CCOC(=O)c1oc2ccccc2c1N,c1ccc2occc2c1,79.0
CCOC(=O)c1cccc(N)c1,c1ccccc1,29.0
CCOC(=O)/C=C(/C)N,,32.0
CCOC(=O)C(=O)C(C#N)c1ccccc1,c1ccccc1,127.0
CCOC(=O)C=C(C)OCC,,30.0
CCOCCC(=O)OCC,,-100.0
CCOC(=O)CC(O)C(F)(F)F,,23.0
CCOC(=O)c1cccc(O)c1,c1ccccc1,74.0
CCOC(=O)c1cc(C)n[nH]1,c1cn[nH]c1,82.0
CCOC(=O)n1ccn(C)c1=S,S=c1[nH]cc[nH]1,124.0
CCOC(=O)C1=C(C)Nc2ccccc2S1,C1=CSc2ccccc2N1,143.0
CCOC(=O)c1ccc([N+](=O)[O-])c(C)c1,c1ccccc1,54.0
CCOC(=O)c1cccc([N+](=O)[O-])c1,c1ccccc1,42.0
CCOC(=O)/C=C/c1cccc([N+](=O)[O-])c1,c1ccccc1,75.0
CCOC(=O)CCOc1ccccc1,c1ccccc1,23.0
CCOC(=O)N1CCNC(c2ccccc2)C1,c1ccc(C2CNCCN2)cc1,63.0
CCOC(=O)c1c[nH]nc1C(F)(F)F,c1cn[nH]c1,144.0
CCOC(=O)c1ccc(-n2cccc2)cc1,c1ccc(-n2cccc2)cc1,75.0
CCOC(=O)c1ccc(OCc2ccccc2)cc1,c1ccc(COc2ccccc2)cc1,43.0
CCOC(=O)c1ccc(CBr)cc1,c1ccccc1,31.0
CCOC(=O)c1c(C)oc2c(F)c(F)c(F)c(F)c12,c1ccc2occc2c1,70.0
CCOC(=O)c1cc(OC)c(OC)cc1[N+](=O)[O-],c1ccccc1,101.0
CCOC(=O)c1ccc(NC(C)=O)c([N+](=O)[O-])c1,c1ccccc1,96.0
CCOC(=O)c1ccc(N)cc1,c1ccccc1,90.0
CCOC(=O)/C=C/c1ccc(N)cc1,c1ccccc1,73.0
CCOC(=O)Cc1ccc(N)cc1,c1ccccc1,47.0
CCOC(=O)c1sc(-c2ccccn2)nc1CBr,c1ccc(-c2nccs2)nc1,102.0
CCOC(=O)Cc1ccc(Br)cc1,c1ccccc1,30.0
CCOC(=O)c1cnc(SC)nc1Cl,c1cncnc1,62.0
CCOC(=O)c1ccc(Cl)c([N+](=O)[O-])c1,c1ccccc1,54.0
CCOC(=O)CC(=O)CCl,,-8.0
CCOC(=O)c1cc(C#N)c(SC)s1,c1ccsc1,99.0
CCOC(=O)Cc1ccc(C#N)cc1,c1ccccc1,92.0
CCOC(=O)c1ccc(N(C)C)cc1,c1ccccc1,64.0
CCOC(=O)c1ccc(OCC)cc1,c1ccccc1,9.0
CCOC(=O)c1ccc(F)cc1,c1ccccc1,26.0
CCOC(=O)/C=C/c1ccc(O)c(OC)c1,c1ccccc1,57.0
CCOC(=O)c1ccc(O)c([N+](=O)[O-])c1,c1ccccc1,70.0
CCOC(=O)c1ccc(O)cc1,c1ccccc1,117.0
CCOC(=O)C(O)c1ccc(O)cc1,c1ccccc1,130.0
CCOC(=O)Cc1ccc(O)cc1,c1ccccc1,37.0
CCOC(=O)c1ccc(OC)cc1,c1ccccc1,8.0
CCOC(=O)c1c[nH]cc1C,c1cc[nH]c1,74.0
CCOC(=O)c1ccc([N+](=O)[O-])cc1,c1ccccc1,57.0
CCOC(=O)CC(=O)c1ccc([N+](=O)[O-])cc1,c1ccccc1,72.0
CCOC(=O)/C=C/c1ccc([N+](=O)[O-])cc1,c1ccccc1,139.0
CCOC(=O)Cc1ccc([N+](=O)[O-])cc1,c1ccccc1,64.0
CCOC(=O)C(=O)c1ccc([N+](=O)[O-])cc1,c1ccccc1,41.0
CCOC(=O)c1c[nH]cc1-c1ccccc1,c1ccc(-c2cc[nH]c2)cc1,127.0
CCOC(=O)Cc1ccncc1,c1ccncc1,19.0
CCOC(=O)c1cc2cc(OC)c(OC)cc2[nH]1,c1ccc2[nH]ccc2c1,177.0
CCOC(=O)c1cc(C(C)=O)ccc1OCC,c1ccccc1,53.0
CCOC(=O)c1nnsc1N,c1csnn1,124.0
CCOC(=O)c1cnn(C)c1N,c1cn[nH]c1,100.0
CCOC(=O)c1cnn(-c2ccccc2)c1N,c1ccc(-n2cccn2)cc1,100.0
CCOC(=O)c1c(C)n[nH]c1N,c1cn[nH]c1,108.0
CCOC(=O)c1cc2cc(OCc3ccccc3)ccc2[nH]1,c1ccc(COc2ccc3[nH]ccc3c2)cc1,163.0
CCOC(=O)c1nnsc1Br,c1csnn1,77.0
CCOC(=O)c1cncc(Br)c1,c1ccncc1,41.0
CCOC(=O)c1cc2cc(Cl)ccc2[nH]1,c1ccc2[nH]ccc2c1,168.0
CCOC(=O)c1cc2cc(F)ccc2[nH]1,c1ccc2[nH]ccc2c1,150.0
CCOC(=O)c1cc2cc(O)ccc2[nH]1,c1ccc2[nH]ccc2c1,151.0
CCOC(=O)c1cc(C(C)C)[nH]n1,c1cn[nH]c1,75.0
CCOC(=O)c1cc2cc(OC)ccc2[nH]1,c1ccc2[nH]ccc2c1,156.0
CCOC(=O)c1cc2cc(C)ccc2[nH]1,c1ccc2[nH]ccc2c1,163.0
CCOC(=O)c1cc(C)on1,c1cnoc1,29.0
CCOC(=O)c1ccc([N+](=O)[O-])o1,c1ccoc1,100.0
CCCc1cc(C(=O)OCC)n[nH]1,c1cn[nH]c1,49.0
CCOC(=O)c1cc2cc(OC)c(N)cc2[nH]1,c1ccc2[nH]ccc2c1,165.0
CCOC(=O)c1ccc(Cl)nc1,c1ccncc1,28.0
CCOC(=O)c1cc2cccc(OC)c2o1,c1ccc2occc2c1,85.0
CCOC(=O)C=C1c2ccccc2-c2ccccc21,C=C1c2ccccc2-c2ccccc21,76.0
CCOC(=O)C(C#N)NC(C)=O,,129.0
CCOC(C)=O,,-84.0
CCOC(=O)CC(C)=O,,-43.0
C=CC(=O)OCC,,-71.0
CCOC(=O)c1ccccc1N,c1ccccc1,15.0
CCOC(=O)C(O)(c1ccccc1)c1ccccc1,c1ccc(Cc2ccccc2)cc1,30.0
CCOC(=O)c1ccccc1,c1ccccc1,-34.0
CCOC(=O)c1ccc2c(c1)no[n+]2[O-],c1ccc2[nH+]onc2c1,67.0
CCOC(=O)c1nc2ccccc2s1,c1ccc2scnc2c1,70.0
CCOC(=O)CBr,,-38.0
CCCC(=O)OCC,,-93.0
CCCC(=O)CC(=O)OCC,,-44.0
CCOC(N)=O,,49.0
CCOC(=O)NN,,46.0
CCOC(=O)CCl,,-26.0
CCOC(=O)Cl,,-81.0
CCOC(=O)/C=C/c1ccccc1,c1ccccc1,7.0
CCOC(=O)c1cc2ccccc2oc1=O,O=c1ccc2ccccc2o1,94.0
CCOC(=O)CC#N,,-23.0
CCCCCCCCCC(=O)OCC,,-20.0
CCCCCCCCCCCC(=O)OCC,,-2.0
CCOC=O,,-81.0
CCCCCCC(=O)OCC,,-66.0
CCCCCC(=O)OCC,,-67.0
CCOC(=O)CNC(=O)c1ccccc1,c1ccccc1,59.0
CCOC(=O)c1ncc[nH]1,c1c[nH]cn1,177.0
CCOC(=O)c1cc2ccccc2[nH]1,c1ccc2[nH]ccc2c1,124.0
CCOC(=O)Cc1c[nH]c2ccccc12,c1ccc2[nH]ccc2c1,43.0
CCOC(=O)/C=C/c1c[nH]c2ccccc12,c1ccc2[nH]ccc2c1,120.0
CCOC(=O)C(C)C,,-88.0
CCOC(=O)CC(=O)C(C)C,,-9.0
CCOC(=O)C(C#N)=NO,,130.0
CCN=C=S,,-6.0
CCOC(=O)CC(C)C,,-99.0
CCOC(=O)[C@H](C)O,,-25.0
CCOC(=O)CS,,-80.0
C=C(C)C(=O)OCC,,-60.0
CCSC,,-106.0
CCOC(C)=NOc1ccc([N+](=O)[O-])cc1[N+](=O)[O-],c1ccccc1,112.0
CCOC(C)=NO,,24.0
CCOC(=O)c1cccnc1,c1ccncc1,9.0
CCCCCCCCC(=O)OCC,,-44.0
CCCCCCCC(=O)OCC,,-47.0
CCCCCCCCC=CCCCCCCCC(=O)OCC,,-32.0
CCOC(=O)C(=O)Nc1ccccc1,c1ccccc1,67.0
CCCCCCCCCCCCCCCC(=O)OCC,,24.0
CCS(=O)(=O)c1ccccc1,c1ccccc1,42.0
CCOC(=O)Cc1ccccc1,c1ccccc1,-29.0
CCOC(=O)c1ccccn1,c1ccncc1,2.0
C#CC(=O)OCC,,9.0
CCOC(=O)CC,,-73.0
CCOS(=O)(=O)c1ccc(C)cc1,c1ccccc1,32.0
CCOC(=O)c1ccc[nH]1,c1cc[nH]c1,38.0
CCOC(=O)C(C)=O,,-58.0
CCOC(=O)c1ccccc1O,c1ccccc1,1.0
CCCCCCCCCCCCCCCCCC(=O)OCC,,35.0
CCCCCCCCCCCCCC(=O)OCC,,12.0
CCOC(=O)C(N)=S,,63.0
CCOC(=O)/C=C/C=O,,-9.0
CCOC(=O)C(C)(C)C,,-90.0
CCCCCCCCCCC(=O)OCC,,-15.0
CCCCC(=O)OCC,,-91.0
CCOC(=O)c1ccc(O)c(OC)c1,c1ccccc1,44.0
C=COCC,,-115.0
CCOC(=O)C1c2ccccc2Oc2ccccc21,c1ccc2c(c1)Cc1ccccc1O2,67.0
CCc1ccccc1,c1ccccc1,-95.0
N#CSCCSC#N,,90.0
O=C(O)OCCOC(=O)O,,36.0
O=P1(Cl)OCCO1,O=[PH]1OCCO1,12.0
OCCO,,-13.0
NCCN,,10.0
CC=C1CCCC1,C=C1CCCC1,-130.0
CCC(C(=O)O)C(=O)O,,113.0
CCP(=O)(O)O,,60.0
C=CCc1ccc(O)c(OC)c1,c1ccccc1,-10.0
O=C1OC(=O)[C@H]2[C@@H]1[C@@H]1C=C[C@H]2O1,O=C1OC(=O)C2C3C=CC(O3)C12,119.0
O=C(O)C1C2CCC(O2)C1C(=O)OC(=O)[C@H]1[C@@H](C(=O)O)[C@@H]2CC[C@H]1O2,O=C(OC(=O)C1CC2CCC1O2)C1CC2CCC1O2,114.0
CC1(C)C(=O)[C@@]2(C)CC[C@@H]1C2,O=C1CC2CCC1C2,6.0
O=C1CC(c2ccccc2)Oc2ccccc21,O=C1CC(c2ccccc2)Oc2ccccc21,77.0
O=c1cc(-c2ccccc2)oc2ccccc12,O=c1cc(-c2ccccc2)oc2ccccc12,97.0
O=C(O)c1ccccc1Nc1cccc(C(F)(F)F)c1,c1ccc(Nc2ccccc2)cc1,134.0
c1ccc2c(c1)Cc1ccccc1-2,c1ccc2c(c1)Cc1ccccc1-2,115.0
O=C(O)c1cccc2c1Cc1ccccc1-2,c1ccc2c(c1)Cc1ccccc1-2,247.0
O=Cc1ccc2c(c1)Cc1ccccc1-2,c1ccc2c(c1)Cc1ccccc1-2,84.0
O=C(O)c1cccc2c1-c1ccccc1C2,c1ccc2c(c1)Cc1ccccc1-2,192.0
O=C(O)CC1c2ccccc2-c2ccccc21,c1ccc2c(c1)Cc1ccccc1-2,134.0
O=C(O)C1c2ccccc2-c2ccccc21,c1ccc2c(c1)Cc1ccccc1-2,229.0
O=C1OC2(OC=C(c3ccccc3)C2=O)c2ccccc21,O=C1OC2(OC=C(c3ccccc3)C2=O)c2ccccc21,157.0
O=C1OC2(c3ccc(O)cc3Oc3cc(O)ccc32)c2ccccc21,O=C1OC2(c3ccccc3Oc3ccccc32)c2ccccc21,320.0
Fc1ccccc1,c1ccccc1,-42.0
FC1CCCCC1,C1CCCCC1,13.0
NC=O,,2.0
O=CNc1ccccc1,c1ccccc1,47.0
O=CO,,8.0
NNC=O,,57.0
N#CC=CC#N,,97.0
O=C(Cl)C=CC(=O)Cl,,-2.0
c1ccoc1,c1ccoc1,-85.0
OCc1ccco1,c1ccoc1,-31.0
NCc1ccco1,c1ccoc1,-70.0
CCC1CCC(=O)O1,O=C1CCCO1,-18.0
CC1CCC(=O)O1,O=C1CCCO1,-31.0
CC(C)=CCC/C(C)=C/CO,,-15.0
O=CCCCC=O,,-21.0
O=C(O)CCCC(=O)O,,97.0
O=C(O)CCCC(=O)OC(=O)CCCC(=O)O,,55.0
N#CCCCC#N,,-29.0
COc1ccc(Cl)cc1C(=O)NCCc1ccc(S(=O)(=O)NC(=O)NC2CCCCC2)cc1,O=C(NC1CCCCC1)NS(=O)(=O)c1ccc(CCNC(=O)c2ccccc2)cc1,173.0
OCC(O)CO,,18.0
CC(=O)OCC(COC(C)=O)OC(C)=O,,3.0
CCCC(=O)OCC(COC(=O)CCC)OC(=O)CCC,,-75.0
CCCCCCCCCCCCCCCC(=O)OCC(COC(=O)CCCCCCCCCCCCCCC)OC(=O)CCCCCCCCCCCCCCC,,62.0
COc1ccc(OCC2CO2)cc1,c1ccc(OCC2CO2)cc1,47.0
C=C(C)C(=O)OCC1CO1,C1CO1,-82.0
c1ccc(OCC2CO2)cc1,c1ccc(OCC2CO2)cc1,4.0
O=C(O)CO,,77.0
COC1=CC(=O)C[C@@H](C)[C@]12Oc1c(Cl)c(OC)cc(OC)c1C2=O,O=C1C=CC2(CC1)Oc1ccccc1C2=O,219.0
Cc1ccc(C(C)C)cc2c(C)ccc1-2,c1ccc2cccc-2cc1,32.0
COc1ccc2c(c1)[nH]c1c(C)nccc12,c1ccc2c(c1)[nH]c1cnccc12,264.0
CCCCCCCCCCCCCCCCC(=O)O,,61.0
O=C(O)C(F)(F)C(F)(F)C(F)(F)F,,-18.0
O=C(OC(=O)C(F)(F)C(F)(F)C(F)(F)F)C(F)(F)C(F)(F)C(F)(F)F,,-43.0
CCCCCCC=O,,-43.0
CCCCCCC#N,,-64.0
CCCCCCC(=O)O,,-8.0
CCCCCCC(=O)Cl,,-84.0
ClC(Cl)=C(Cl)C(Cl)=C(Cl)Cl,,-21.0
O=C(C(Cl)(Cl)Cl)C(Cl)(Cl)Cl,,-2.0
ClC(Cl)=C(Cl)C(Cl)(Cl)Cl,,-73.0
Fc1c(F)c(F)c(F)c(F)c1F,c1ccccc1,5.0
O=C(O)C(F)(F)C(F)(F)C(F)(F)C(=O)O,,95.0
c1ccc(N2CN(c3ccccc3)CN(c3ccccc3)C2)cc1,c1ccc(N2CN(c3ccccc3)CN(c3ccccc3)C2)cc1,191.0
Cc1c(C)c(C)c(C)c(C)c1C,c1ccccc1,165.0
C1CCCNCC1,C1CCCNCC1,-37.0
CN(C)P(N(C)C)N(C)C,,-44.0
CCCCCC=O,,-56.0
CCCCCC(N)=O,,101.0
CCCCCC(=O)O,,-4.0
CCCCCC(=O)OC(=O)CCCCC,,-40.0
CCCCCC(=O)Cl,,-87.0
O=C(O)CNC(=O)c1ccccc1,c1ccccc1,190.0
O=C1Cc2ccccc2C(=O)O1,O=C1Cc2ccccc2C(=O)O1,142.0
C1CNCCNC1,C1CNCCNC1,41.0
COc1cc(CC(=O)O)ccc1O,c1ccccc1,143.0
O=C1CNC(=O)N1,O=C1CNC(=O)N1,222.0
c1ccc(NNc2ccccc2)cc1,c1ccc(NNc2ccccc2)cc1,125.0
C(=NC(N=Cc1ccccc1)c1ccccc1)c1ccccc1,C(=NC(N=Cc1ccccc1)c1ccccc1)c1ccccc1,104.0
NS(=O)(=O)c1cc2c(cc1Cl)NCNS2(=O)=O,O=S1(=O)NCNc2ccccc21,269.0
C[C@]12CCC(=O)C=C1CC[C@@H]1[C@@H]2[C@@H](O)C[C@@]2(C)[C@H]1CC[C@]2(O)C(=O)CO,O=C1C=C2CCC3C4CCCC4CCC3C2CC1,214.0
Oc1ccc(O)cc1,c1ccccc1,171.0
CC(=O)CO,,-17.0
C[C@H](CCC(=O)O)[C@H]1CC[C@H]2[C@@H]3C[C@H](O)[C@@H]4C[C@H](O)CC[C@]4(C)[C@H]3CC[C@]12C,C1CCC2C(C1)CCC1C3CCCC3CCC21,198.0
c1c[nH]cn1,c1c[nH]cn1,90.0
O=Cc1c[nH]cn1,c1c[nH]cn1,176.0
N#CCNCC#N,,77.0
c1ccc2c(c1)CCc1ccccc1N2,c1ccc2c(c1)CCc1ccccc1N2,107.0
C1=Cc2ccccc2Nc2ccccc21,C1=Cc2ccccc2Nc2ccccc21,198.0
c1ccc2c(c1)CCC2,c1ccc2c(c1)CCC2,-51.0
c1ccc2[nH]ccc2c1,c1ccc2[nH]ccc2c1,52.0
NNC(=O)Cc1c[nH]c2ccccc12,c1ccc2[nH]ccc2c1,144.0
N#CCc1c[nH]c2ccccc12,c1ccc2[nH]ccc2c1,36.0
O=C(O)CCCc1c[nH]c2ccccc12,c1ccc2[nH]ccc2c1,123.0
N#Cc1c[nH]c2ccccc12,c1ccc2[nH]ccc2c1,180.0
O=Cc1c[nH]c2ccccc12,c1ccc2[nH]ccc2c1,197.0
OCc1c[nH]c2ccccc12,c1ccc2[nH]ccc2c1,98.0
O=C(O)CCc1c[nH]c2ccccc12,c1ccc2[nH]ccc2c1,134.0
O=Cc1cccc2[nH]ccc12,c1ccc2[nH]ccc2c1,141.0
N#Cc1ccc2[nH]ccc2c1,c1ccc2[nH]ccc2c1,106.0
O=Cc1ccc2[nH]ccc2c1,c1ccc2[nH]ccc2c1,98.0
O=C(O)c1ccc2[nH]ccc2c1,c1ccc2[nH]ccc2c1,210.0
N#Cc1ccc2cc[nH]c2c1,c1ccc2[nH]ccc2c1,130.0
O=Cc1cccc2cc[nH]c12,c1ccc2[nH]ccc2c1,88.0
c1ccc2c(c1)CCN2,c1ccc2c(c1)CCN2,-21.0
COc1ccc2c(c1)c(CC(=O)O)c(C)n2C(=O)c1ccc(Cl)cc1,O=C(c1ccccc1)n1ccc2ccccc21,160.0
O=C(O)CI,,81.0
Ic1ccccc1,c1ccccc1,-31.0
CCI,,-108.0
IC(I)I,,122.0
CI,,-67.0
CC(C)CO,,-108.0
CC(C)COC(=O)c1ccc(O)cc1,c1ccccc1,76.0
CC(=O)OCC(C)C,,-99.0
C=CC(=O)OCC(C)C,,-61.0
CC(C)COC(=O)Cl,,-80.0
CC(C)COC(=O)C(C)C,,-81.0
CC(C)CN,,-85.0
CC(C)C=O,,-65.0
CC(C)C(N)=O,,128.0
CC(C)C(=O)O,,-47.0
CC(C)C(=O)OC(=O)C(C)C,,-56.0
CC(C)C#N,,-72.0
CC(C)C(=O)c1ccccc1,c1ccccc1,1.0
CC(C)C(=O)Cl,,-90.0
C/C=C/c1ccc(O)c(OC)c1,c1ccccc1,-10.0
NC(=O)c1ccncc1,c1ccncc1,157.0
NNC(=O)c1ccncc1,c1ccncc1,172.0
O=C(O)c1cc[n+]([O-])cc1,c1cc[nH+]cc1,270.0
NC(=O)C1CCNCC1,C1CCNCC1,149.0
O=C(/C=N/O)c1ccccc1,c1ccccc1,127.0
CC(=O)OCCC(C)C,,-78.0
CCCC(=O)OCCC(C)C,,-73.0
CC(C)CCN,,-60.0
CC1=CC(=O)CC(C)(C)C1,O=C1C=CCCC1,-8.0
CC1(C)CC(N=C=O)CC(C)(CN=C=O)C1,C1CCCCC1,-60.0
N#Cc1cccc(C#N)c1,c1ccccc1,161.0
O=C(Cl)c1cccc(C(=O)Cl)c1,c1ccccc1,44.0
C=CC(=C)C,,-146.0
C=C(C)OC(C)=O,,-93.0
CC(=O)c1cccnc1C(=O)OC(C)C,c1ccncc1,40.0
CC(C)OC(=O)c1ccc(O)cc1,c1ccccc1,85.0
CC(=O)OC(C)C,,-73.0
CC(=O)CC(=O)OC(C)C,,-27.0
CC(C)OC=O,,-93.0
CC(C)OC(=O)Nc1ccccc1,c1ccccc1,88.0
CCCCCCCCCCCCCCCC(=O)OC(C)C,,12.0
CC(C)N,,-101.0
CC(C)S[C@@H]1O[C@H](CO)[C@H](O)[C@H](O)[C@H]1O,C1CCOCC1,112.0
CC(C)P(c1ccccc1)c1ccccc1,c1ccc(Pc2ccccc2)cc1,40.0
CC1(C)OC(=O)CC(=O)O1,O=C1CC(=O)OCO1,94.0
CC(C)C(C(=O)O)C(=O)O,,89.0
c1ccc2cnccc2c1,c1ccc2cnccc2c1,26.0
[O-][n+]1ccc2ccccc2c1,c1ccc2c[nH+]ccc2c1,104.0
N#Cc1nccc2ccccc12,c1ccc2cnccc2c1,89.0
N#Cc1cc2ccccc2cn1,c1ccc2cnccc2c1,127.0
O=Cc1cccc2cnccc12,c1ccc2cnccc2c1,115.0
O=C(O)c1cccc2cnccc12,c1ccc2cnccc2c1,280.0
CC(C)CC=O,,-51.0
CC(C)CC(N)=O,,136.0
CC(C)CC(=O)O,,-33.0
CC(C)CC(=O)OC(=O)CC(C)C,,-65.0
O=C(O)c1ccno1,c1cnoc1,143.0
C=C(CC(=O)O)C(=O)O,,167.0
C=C(CC(=O)O)C(=O)OC(=O)C(=C)CC(=O)O,,70.0
c1cc2c3c(c1)CCCN3CCC2,c1cc2c3c(c1)CCCN3CCC2,35.0
O=c1cc(CO)occ1O,O=c1ccocc1,154.0
CC(O)C(=O)O,,18.0
CNC[C@H](O)c1ccc(O)c(O)c1,c1ccccc1,218.0
OC[C@H](O)C(O)[C@@H](O)CO,,101.0
CCCCCCCCCCCCCCCC(=O)OC[C@H](O)[C@H]1OC(=O)C(O)=C1O,O=C1C=CCO1,114.0
COc1ccc(P2(=S)SP(=S)(c3ccc(OC)cc3)S2)cc1,S=P1(c2ccccc2)SP(=S)(c2ccccc2)S1,223.0
Cc1ccnc2ccccc12,c1ccc2ncccc2c1,10.0
CN(C)c1ccc(C(c2ccccc2)c2ccc(N(C)C)cc2)cc1,c1ccc(C(c2ccccc2)c2ccccc2)cc1,101.0
CC(=O)CCC(=O)O,,29.0
C[C@@H]1O[C@@H](O)[C@@H](O)[C@H](O)[C@@H]1O,C1CCOCC1,139.0
N[C@@H](CCC(=O)OCc1ccccc1)C(=O)O,c1ccccc1,169.0
CCCCCC=CCC=CCCCCCCCC(=O)O,,-12.0
C[C@H](O)C(=O)O,,53.0
CC(C)C[C@H](N)C(=O)Nc1ccc([N+](=O)[O-])cc1,c1ccccc1,90.0
O=C[C@H](O)[C@H](O)[C@@H](O)CO,,110.0
CC(C)[C@@H]1CC[C@@H](C)C[C@H]1O,C1CCCCC1,44.0
CSCC[C@H](N)CO,,32.0
N[C@@H](Cc1cccc(O)c1)C(=O)O,c1ccccc1,265.0
CC[C@H](C)C(=O)O[C@H]1C[C@@H](C)C=C2C=C[C@H](C)[C@H](CC[C@@H]3C[C@@H](O)CC(=O)O3)[C@H]21,O=C1CCCC(CCC2CC=CC3=CCCCC32)O1,175.0
N[C@H](CO)Cc1ccccc1,c1ccccc1,92.0
OC[C@@H]1OC(O)[C@@H](O)[C@H]1O,C1CCOC1,87.0
OC[C@@H]1CCCN2CCCC[C@H]12,C1CCN2CCCCC2C1,64.0
CC(C)[C@H](N)C(=O)O,,315.0
O=C(O)C=CC(=O)O,,134.0
O=C1C=CC(=O)O1,O=C1C=CC(=O)O1,54.0
O=C1C=CC(=O)N1,O=C1C=CC(=O)N1,92.0
NC(=O)CC(N)=O,,169.0
NNC(=O)CC(=O)NN,,154.0
N#CCC#N,,32.0
OC[C@@H](O)[C@@H](O[C@H]1O[C@H](CO)[C@@H](O)[C@H](O)[C@H]1O)[C@H](O)[C@@H](O)CO,C1CCOCC1,151.0
O=C(O)C(O)c1ccccc1,c1ccccc1,120.0
NNC(=O)C(O)c1ccccc1,c1ccccc1,130.0
N#CC(O)c1ccccc1,c1ccccc1,-10.0
COc1cccc(N)c1,c1ccccc1,-1.0
Cc1cccc(O)c1,c1ccccc1,11.0
O=C(O)CS,,-11.0
O=C(O)CC(S)C(=O)O,,152.0
Cc1cc(C)c(C=O)c(C)c1,c1ccccc1,14.0
CC(=O)C=C(C)C,,-59.0
Cc1cc(C)c(CC(=O)O)c(C)c1,c1ccccc1,169.0
Cc1cc(C)c(CC#N)c(C)c1,c1ccccc1,79.0
Cc1cc(C)cc(C)c1,c1ccccc1,-45.0
Cc1cc(C)c(S(=O)(=O)Cl)c(C)c1,c1ccccc1,55.0
Cc1cc(C)c(C(=O)C(=O)O)c(C)c1,c1ccccc1,121.0
OCC(O)C(O)CO,,122.0
O[C@H](c1ccccc1)[C@@H](O)c1ccccc1,c1ccc(CCc2ccccc2)cc1,135.0
C=C(C)C=O,,-81.0
C=C(C)C(N)=O,,110.0
C=C(C)C(=O)O,,16.0
C=C(C)C(=O)Cl,,-60.0
CS(N)(=O)=O,,90.0
CS(=O)(=O)O,,20.0
CS(=O)(=O)OS(C)(=O)=O,,67.0
CS(=O)(=O)Cl,,-33.0
CO,,-98.0
COCC(=O)O,,8.0
COC(=O)Nc1cc(Cl)cc(Cl)c1,c1ccccc1,121.0
COC(=O)[C@H](C)O,,-44.0
COC(=O)c1cc(C)n(C)c1C,c1cc[nH]c1,117.0
COC(=O)c1ccc2[nH]nnc2c1,c1ccc2[nH]nnc2c1,174.0
COC(=O)c1ccc2cn[nH]c2c1,c1ccc2[nH]ncc2c1,143.0
COC(=O)c1cncn1C,c1c[nH]cn1,57.0
COC(=O)c1ccccc1S(=O)(=O)Cl,c1ccccc1,62.0
COC(=O)c1ccccc1SC,c1ccccc1,65.0
COC(=O)c1ccc2nsnc2c1,c1ccc2nsnc2c1,91.0
COC(=O)c1c(O)cc(O)cc1O,c1ccccc1,177.0
COC(=O)c1ccc(O)cc1O,c1ccccc1,118.0
COC(=O)c1c(C)cc(OC)cc1OC,c1ccccc1,49.0
COC(=O)c1cc(Cl)ccc1Cl,c1ccccc1,39.0
COC(=O)c1cc(O)ccc1O,c1ccccc1,87.0
COC(=O)c1cc(C)[nH]c1C,c1cc[nH]c1,120.0
COC(=O)c1c(Cl)cccc1Cl,c1ccccc1,28.0
COC(=O)c1cc(Br)ccc1NC(C)=O,c1ccccc1,134.0
COC(=O)c1cc(Cl)ccc1NC(C)=O,c1ccccc1,130.0
C=C(NC(C)=O)C(=O)OC,,50.0
COC(=O)c1cc(Br)cc(Br)c1N,c1ccccc1,88.0
COC(=O)c1c(N)sc2c1CCCC2,c1cc2c(s1)CCCC2,128.0
COC(=O)c1cc(OC)c(OC)cc1N,c1ccccc1,129.0
COC(=O)c1ccc(Cl)cc1N,c1ccccc1,67.0
COC(=O)c1cc(Br)ccc1N,c1ccccc1,72.0
COC(=O)c1cc(Cl)cc(I)c1N,c1ccccc1,68.0
COC(=O)c1cc(Cl)ccc1N,c1ccccc1,69.0
COC(=O)c1cc(F)ccc1N,c1ccccc1,23.0
COC(=O)c1ccnc(N)c1,c1ccncc1,147.0
COC(=O)c1ccccc1OCc1ccccc1,c1ccc(COc2ccccc2)cc1,47.0
COC(=O)c1cc(Cl)ccc1Br,c1ccccc1,39.0
COC(=O)c1cc([N+](=O)[O-])ccc1Br,c1ccccc1,81.0
COC(=O)c1cnc(Br)s1,c1cscn1,63.0
COC(=O)c1ccc([N+](=O)[O-])cc1Cl,c1ccccc1,76.0
COC(=O)c1cc([N+](=O)[O-])ccc1Cl,c1ccccc1,71.0
COC(=O)c1c(P(c2ccccc2)c2ccccc2)ccc2ccccc12,c1ccc(P(c2ccccc2)c2ccc3ccccc3c2)cc1,108.0
COC(=O)c1csc(C=O)c1,c1ccsc1,115.0
COC(=O)c1c(O)ccc2ccccc12,c1ccc2ccccc2c1,80.0
COC(=O)c1cccc(C)c1O,c1ccccc1,29.0
COC(=O)c1cccc([N+](=O)[O-])c1O,c1ccccc1,131.0
COC(=O)c1ccc(OC)cc1O,c1ccccc1,48.0
COC(=O)c1cc([N+](=O)[O-])ccc1O,c1ccccc1,116.0
COC(=O)c1cc([N+](=O)[O-])ccc1OC,c1ccccc1,101.0
COC(=O)c1ccc2ccccc2c1,c1ccc2ccccc2c1,77.0
COC(=O)c1cc(OC)c(OC)c(OC)c1[N+](=O)[O-],c1ccccc1,68.0
COC(=O)c1ccccc1[N+](=O)[O-],c1ccccc1,-13.0
COC(=O)c1cccoc1=O,O=c1cccco1,76.0
COC(=O)c1c(OS(=O)(=O)C(F)(F)F)ccc2ccccc12,c1ccc2ccccc2c1,42.0
COC(=O)c1sccc1-n1cccc1,c1ccn(-c2ccsc2)c1,61.0
COC(=O)CCc1ccccc1O,c1ccccc1,42.0
COC(=O)c1cccc(CBr)c1,c1ccccc1,44.0
COC(=O)/C=C/c1cccs1,c1ccsc1,49.0
COC(=O)C=C(C)C,,-41.0
COC(=O)c1cc(O)c(O)c(O)c1,c1ccccc1,201.0
COC(=O)c1cc(OC)c(OC)c(OC)c1,c1ccccc1,83.0
COC(=O)c1ccc(N)c(N)c1,c1ccccc1,107.0
COC(=O)c1ccc(Cl)c(Cl)c1,c1ccccc1,45.0
COC(=O)Cc1ccc(Cl)c(Cl)c1,c1ccccc1,29.0
COC(=O)CC1Sc2ccccc2NC1=O,O=C1CSc2ccccc2N1,143.0
COC(=O)c1ccc(O)c(O)c1,c1ccccc1,136.0
COC(=O)c1ccc(OC)c(OC)c1,c1ccccc1,59.0
COC(=O)c1ccc(C)c(C)c1,c1ccccc1,36.0
COC(=O)c1cc(N)cc(N)c1,c1ccccc1,133.0
COC(=O)c1c(C)c(Br)c(O)c(Br)c1O,c1ccccc1,110.0
COC(=O)c1c(C)c(Br)c(OC)c(Br)c1OC,c1ccccc1,60.0
COC(=O)c1cc(Br)cc(Br)c1O,c1ccccc1,151.0
COC(=O)c1cc(Br)c(O)c(Br)c1,c1ccccc1,124.0
COC(=O)c1cc(Br)c(C)c(Br)c1,c1ccccc1,88.0
COC(=O)c1cc(Br)cc(Br)c1,c1ccccc1,63.0
COC(=O)c1cc(Cl)cc(Cl)c1,c1ccccc1,59.0
COC(=O)c1cc(O)cc(O)c1,c1ccccc1,166.0
COC(=O)c1cc(OC)c(O)c(OC)c1,c1ccccc1,106.0
COC(=O)c1cc(OC)cc(OC)c1,c1ccccc1,42.0
COC(=O)c1cc(C)cc(C)c1,c1ccccc1,32.0
COC(=O)c1cc([N+](=O)[O-])cc([N+](=O)[O-])c1,c1ccccc1,110.0
COC(=O)c1cc(C(C)(C)C)c(O)c(C(C)(C)C)c1,c1ccccc1,165.0
COC(=O)c1sc(SC)c(C#N)c1N,c1ccsc1,207.0
COC(=O)c1ccc(I)c(N)c1,c1ccccc1,135.0
COC(=O)c1ccc(OC)c(N)c1,c1ccccc1,85.0
COC(=O)c1ccc(C)c(N)c1,c1ccccc1,115.0
COC(=O)c1scc(C)c1N,c1ccsc1,86.0
COC(=O)c1nc(Cl)c(Cl)nc1N,c1cnccn1,232.0
COC(=O)c1sc(-c2ccccc2)cc1N,c1ccc(-c2cccs2)cc1,147.0
COC(=O)c1cccc(N)c1,c1ccccc1,51.0
COC(=O)/C=C(/C)N,,83.0
COC(=O)c1nccnc1N,c1cnccn1,171.0
COC(=O)c1sccc1N,c1ccsc1,65.0
COC(=O)c1ccc(O)c(Br)c1,c1ccccc1,109.0
COC(=O)c1ccc(OC)c(Br)c1,c1ccccc1,97.0
COC(=O)c1cc(O)cc(Br)c1,c1ccccc1,133.0
COC(=O)c1cccc(Br)c1,c1ccccc1,32.0
COC(=O)c1ccc(O)c(Cl)c1,c1ccccc1,107.0
COC(=O)c1ccc(OC)c(Cl)c1,c1ccccc1,95.0
COC(=O)c1ccc(C)c(Cl)c1,c1ccccc1,29.0
COC(=O)c1cc(Cl)cc(I)c1,c1ccccc1,42.0
COC(=O)c1sc2ccccc2c1Cl,c1ccc2sccc2c1,81.0
COC(=O)c1cccc(Cl)c1,c1ccccc1,21.0
COC(=O)c1sccc1Cl,c1ccsc1,38.0
COC(=O)c1ccc(OC)c(C#N)c1,c1ccccc1,122.0
CCOc1ccsc1C(=O)OC,c1ccsc1,73.0
COC(=O)c1ccc(OC)c(F)c1,c1ccccc1,71.0
COC(=O)c1cc2ccccc2cc1O,c1ccc2ccccc2c1,73.0
COC(=O)c1ccc([N+](=O)[O-])c(O)c1,c1ccccc1,91.0
COC(=O)c1cccc(O)c1,c1ccccc1,71.0
COC(=O)c1sccc1O,c1ccsc1,46.0
COC(=O)c1ccc(OC)c(I)c1,c1ccccc1,94.0
COC(=O)c1cccc(OC)c1[N+](=O)[O-],c1ccccc1,143.0
COC(=O)c1ccc(C)c(OC)c1,c1ccccc1,49.0
COC(=O)c1ccc([N+](=O)[O-])c(OC)c1,c1ccccc1,85.0
COC(=O)c1sccc1OC,c1ccsc1,62.0
COC(=O)c1occc1C,c1ccoc1,35.0
COC(=O)c1ccc([N+](=O)[O-])c(C)c1,c1ccccc1,81.0
CN/C(C)=C\C(=O)OC,,62.0
COC(=O)c1sc2ccccc2c1C,c1ccc2sccc2c1,104.0
COC(=O)c1cccc([N+](=O)[O-])c1,c1ccccc1,79.0
COC(=O)c1ccc(-c2ccsc2)cc1,c1ccc(-c2ccsc2)cc1,162.0
COC(=O)CC1CCC(NC(=O)OC(C)(C)C)CC1,C1CCCCC1,81.0
COC(=O)c1ccc(CBr)cc1,c1ccccc1,56.0
COC(=O)c1ccc(CCl)cc1,c1ccccc1,40.0
COC(=O)c1cc(CO)ccn1,c1ccncc1,75.0
CNc1ccc(C(=O)OC)cc1,c1ccccc1,95.0
COC(=O)c1ccc(CS(C)(=O)=O)cc1,c1ccccc1,165.0
CS(=O)(=O)c1ccc(OC(F)(F)F)cc1,c1ccccc1,67.0
COC(=O)c1ccc(C(F)(F)F)cc1,c1ccccc1,14.0
COC(=O)c1sc(Br)c(Br)c1O,c1ccsc1,127.0
COC(=O)c1cc(Br)c(Br)s1,c1ccsc1,79.0
COC(=O)c1cc(OC)c(OC)cc1[N+](=O)[O-],c1ccccc1,143.0
CO[C@H]1O[C@@H]2CO[C@@H](c3ccccc3)O[C@H]2[C@H](O)[C@H]1O,c1ccc(C2OCC3OCCCC3O2)cc1,165.0
COC(=O)c1cc(Cl)c(NC(C)=O)cc1OC,c1ccccc1,155.0
COC(=O)c1ccc(C(C)=O)cc1,c1ccccc1,86.0
COC(=O)c1ccc(N)cc1OC,c1ccccc1,156.0
COC(=O)c1ccc(N)c(Cl)c1,c1ccccc1,113.0
COC(=O)c1ccc(N)c(O)c1,c1ccccc1,120.0
COC(=O)c1ccc(N)cc1,c1ccccc1,112.0
COC(=O)c1cnccc1N,c1ccncc1,173.0
COC(=O)c1ccc(OCc2ccccc2)cc1,c1ccc(COc2ccccc2)cc1,98.0
COC(=O)c1ccc(Br)cc1OC,c1ccccc1,33.0
COC(=O)c1scc(Br)c1O,c1ccsc1,80.0
COC(=O)c1ccc(Br)c(C)c1,c1ccccc1,42.0
COC(=O)c1ccc(Br)cc1,c1ccccc1,79.0
COC(=O)c1ccc(Cl)c([N+](=O)[O-])c1,c1ccccc1,80.0
COC(=O)c1ccc(Cl)cc1,c1ccccc1,43.0
COC(=O)/C=C/c1ccc(Cl)cc1,c1ccccc1,76.0
COC(=O)c1cc(C#N)c(SC)s1,c1ccsc1,118.0
COC(=O)c1ccc(C#N)cc1,c1ccccc1,67.0
COC(=O)c1ccc(N(C)C)cc1,c1ccccc1,100.0
CCOc1ccc(C(=O)OC)cc1,c1ccccc1,36.0
C#Cc1ccc(C(=O)OC)cc1,c1ccccc1,93.0
COC(=O)c1ccc(F)c(O)c1,c1ccccc1,90.0
COC(=O)c1ccc(F)cc1O,c1ccccc1,39.0
COC(=O)c1ccc(C=O)cc1,c1ccccc1,61.0
COC(=O)/C=C/c1ccc(O)c(OC)c1,c1ccccc1,64.0
COC(=O)c1ccc(O)c([N+](=O)[O-])c1,c1ccccc1,75.0
COC(=O)C1C(=O)C=C(O)CC1C,O=C1C=CCCC1,123.0
COC(=O)c1ccc(O)cc1,c1ccccc1,127.0
COC(=O)Cc1ccc(O)cc1,c1ccccc1,57.0
COC(=O)c1ccc(I)c(C)c1,c1ccccc1,61.0
COC(=O)c1ccc(I)c([N+](=O)[O-])c1,c1ccccc1,103.0
COC(=O)c1ccc(I)cc1,c1ccccc1,115.0
COC(=O)c1ccc(I)cc1O,c1ccccc1,69.0
COC(=O)c1ccc(OC)c([N+](=O)[O-])c1,c1ccccc1,111.0
COC(=O)c1ccc(OC)cc1,c1ccccc1,50.0
COC(=O)c1cc2c(OC)cccc2[nH]1,c1ccc2[nH]ccc2c1,141.0
COC(=O)c1ccc(C)c([N+](=O)[O-])c1,c1ccccc1,51.0
COC(=O)c1ccc([N+](=O)[O-])cc1,c1ccccc1,96.0
CCCCCCCCOc1ccc(C(=O)OC)cc1,c1ccccc1,35.0
COC(=O)c1cc(C(C)=O)ccc1O,c1ccccc1,60.0
COC(=O)c1ccc(N)o1,c1ccoc1,133.0
COC(=O)c1ccc(Br)o1,c1ccoc1,64.0
COC(=O)c1cncc(Br)c1,c1ccncc1,97.0
COC(=O)c1ccc(Br)cn1,c1ccncc1,101.0
COC(=O)c1cc(Cl)ccc1O,c1ccccc1,46.0
COC(=O)c1cc(Cl)ccc1[N+](=O)[O-],c1ccccc1,49.0
COC(=O)c1cc(I)ccc1O,c1ccccc1,77.0
COC(=O)c1cc(C)on1,c1cnoc1,92.0
COC(=O)c1cncc(C)c1,c1ccncc1,44.0
COC(=O)c1ccc([N+](=O)[O-])o1,c1ccoc1,80.0
COC(=O)c1ccc(N)nc1,c1ccncc1,155.0
COC(=O)c1ccc2cc(Br)ccc2c1,c1ccc2ccccc2c1,122.0
COC(=O)c1ccc(Cl)nc1,c1ccncc1,86.0
COC(=O)c1ccc(OC)nc1,c1ccncc1,51.0
COC(=O)c1ccc(C)nc1,c1ccncc1,34.0
COC(C)=O,,-98.0
COC(=O)CC(C)=O,,-80.0
C=CC(=O)OC,,-75.0
CO[C@H]1O[C@H](CO)[C@@H](O)[C@H](O)[C@H]1O,C1CCOCC1,169.0
COC(=O)c1ccccc1N,c1ccccc1,24.0
COS(=O)(=O)c1ccccc1,c1ccccc1,-4.0
COC(=O)C(O)(c1ccccc1)c1ccccc1,c1ccc(Cc2ccccc2)cc1,75.0
COC(=O)c1cc2ccccc2s1,c1ccc2sccc2c1,70.0
COC(=O)c1ccccc1,c1ccccc1,-12.0
CO[C@@H]1O[C@H](CO)[C@H](O)[C@H](O)[C@H]1O,C1CCOCC1,177.0
CO[C@H]1OC[C@H](O)[C@H](O)[C@H]1O,C1CCOCC1,170.0
COC(=O)c1ccc(-c2ccccc2)cc1,c1ccc(-c2ccccc2)cc1,118.0
COC(=O)CBr,,-50.0
CCCC(=O)OC,,-85.0
CCCC(=O)CC(=O)OC,,-43.0
COC(N)=O,,55.0
COC(=O)NN,,72.0
COC(=O)CCl,,-32.0
COC(=O)CC[C@@H](C)[C@H]1CC[C@H]2[C@@H]3[C@H](O)C[C@@H]4C[C@H](O)CC[C@]4(C)[C@H]3C[C@H](O)[C@]12C,C1CCC2C(C1)CCC1C3CCCC3CCC21,156.0
COC(=O)c1ccc(=O)oc1,O=c1cccco1,70.0
COC(=O)CC#N,,-23.0
CCCCCCCCCC(=O)OC,,-18.0
COC(=O)C(Cl)Cl,,-52.0
COC(=O)C(c1ccccc1)c1ccccc1,c1ccc(Cc2ccccc2)cc1,60.0
CCCCCCCCCCCC(=O)OC,,5.0
CCCCCCCCCCCCCCCCCCCC(=O)OC,,48.0
CCCCCCCC/C=C/CCCCCCCC(=O)OC,,10.0
COC=O,,-100.0
COC(=O)C(F)(F)C(F)(F)C(F)(F)F,,-86.0
CCCCCC(=O)OC,,-71.0
COC(=O)c1c[nH]c2ccccc12,c1ccc2[nH]ccc2c1,151.0
COC(=O)c1cccc2[nH]ccc12,c1ccc2[nH]ccc2c1,70.0
COC(=O)c1ccc2[nH]ccc2c1,c1ccc2[nH]ccc2c1,125.0
COC(=O)c1ccc2cc[nH]c2c1,c1ccc2[nH]ccc2c1,79.0
COC(=O)C(C)C,,-85.0
COC(=O)CC(=O)C(C)C,,-75.0
COC(=O)c1ccncc1,c1ccncc1,8.0
COC(=O)c1cc2ccccc2cn1,c1ccc2cnccc2c1,86.0
CN=C=S,,32.0
COC(=O)c1ccno1,c1cnoc1,49.0
CCCCCC=CCC=CCCCCCCCC(=O)OC,,-35.0
COC(=O)CC(N)=O,,39.0
COC(=O)CS,,-3.0
C=C(C)C(=O)OC,,-48.0
COC(=O)CS(C)(=O)=O,,61.0
COC(=O)c1cccnc1,c1ccncc1,42.0
CNc1ccccc1C(=O)OC,c1ccccc1,18.0
CCCSC,,-113.0
CCCCCCCC(=O)OC,,-40.0
CCCCCCCCCCCCCCCC(=O)OC,,31.0
COC(=O)Oc1c(F)c(F)c(F)c(F)c1F,c1ccccc1,29.0
CS(=O)(=O)c1ccccc1,c1ccccc1,87.0
C[S+]([O-])c1ccccc1,c1ccccc1,29.0
COC(=O)CS(=O)(=O)c1ccccc1,c1ccccc1,30.0
CCC(=O)OC,,-88.0
COC(=O)c1ccc(C)cc1,c1ccccc1,34.0
COS(=O)(=O)c1ccc(C)cc1,c1ccccc1,26.0
Cc1ccc(S(C)(=O)=O)cc1,c1ccccc1,88.0
COC(=O)c1cnccn1,c1cnccn1,58.0
COC(=O)c1ccnnc1,c1ccnnc1,66.0
COC(=O)c1ccc2nccnc2c1,c1ccc2nccnc2c1,98.0
CN(C)c1ccc(/N=N/c2ccccc2C(=O)O)cc1,c1ccc(N=Nc2ccccc2)cc1,181.0
COC(=O)c1ccccc1O,c1ccccc1,-9.0
CCCCCCCCCCCCCCCCCC(=O)OC,,40.0
CCCCCCCCCCCCCC(=O)OC,,18.0
CSC#N,,-5.0
COC(=O)C(Cl)(Cl)Cl,,-18.0
COC(=O)C(F)(F)F,,-78.0
CCCCCCCCCCC(=O)OC,,-10.0
CCCCC(=O)OC,,-91.0
COC(=O)c1ccc(O)c(OC)c1,c1ccccc1,64.0
C=CC(C)=O,,-7.0
CC1CCCCC1,C1CCCCC1,-126.0
CC1CCCC1,C1CCCC1,-143.0
CP(=O)(c1ccccc1)c1ccccc1,O=[PH](c1ccccc1)c1ccccc1,113.0
N#CSCSC#N,,105.0
O=C(S)CCCC(=O)S,,128.0
O=CNCNC=O,,142.0
O=P(O)(O)CP(=O)(O)O,,203.0
CC1=CC(=O)C=CC1=O,O=C1C=CC(=O)C=C1,69.0
CP(=O)(O)c1ccccc1,c1ccccc1,133.0
CP(=O)(O)O,,105.0
CS(=O)(=O)CC(=O)O,,117.0
CS(=O)(=O)CC#N,,84.0
CSCS(=O)(=O)c1ccc(C)cc1,c1ccccc1,79.0
CN(C)c1ccc(C(=O)c2ccc(N(C)C)cc2)cc1,O=C(c1ccccc1)c1ccccc1,175.0
CCCCCCCCCCCCOP(=O)(O)O,,42.0
C1COCCN1,C1COCCN1,-5.0
Nc1cccc(N)c1,c1ccccc1,63.0
c1ccc(-c2cccc(-c3ccccc3)c2)cc1,c1ccc(-c2cccc(-c3ccccc3)c2)cc1,87.0
Cc1cccc(C(N)=O)c1,c1ccccc1,95.0
Cc1cccc(C(=O)O)c1,c1ccccc1,109.0
Cc1cccc(C(=O)NN)c1,c1ccccc1,96.0
Cc1cccc(N)c1,c1ccccc1,-30.0
Cc1cccc(C#N)c1,c1ccccc1,-27.0
Cc1cccc(C(=O)Cl)c1,c1ccccc1,-23.0
Cc1cccc(C(=O)CC#N)c1,c1ccccc1,73.0
Cc1cccc(CC(=O)O)c1,c1ccccc1,64.0
O=C/C(Br)=C(/Br)C(=O)O,,123.0
O=C/C(Cl)=C(/Cl)C(=O)O,,127.0
Cc1cccc(C)c1,c1ccccc1,-47.0
BrCc1cccc(CBr)c1,c1ccccc1,75.0
ClCc1cccc(CCl)c1,c1ccccc1,35.0
O[C@H]1[C@H](O)[C@@H](O)[C@H](O)[C@@H](O)[C@H]1O,C1CCCCC1,226.0
C=C(C)C(=O)N(c1ccccc1)c1cccc2ccccc12,c1ccc(Nc2cccc3ccccc23)cc1,115.0
NC(=S)Nc1cccc2ccccc12,c1ccc2ccccc2c1,188.0
Cc1cc(C)c(C)c(S(=O)(=O)NCC(=O)O)c1C,c1ccccc1,167.0
O=C(O)C=CC(=O)Nc1ccc(Cl)cc1Cl,c1ccccc1,179.0
O=C(O)C=CC(=O)Nc1ccc(F)cc1F,c1ccccc1,191.0
O=C(O)C=CC(=O)Nc1cc(Cl)ccc1Cl,c1ccccc1,142.0
O=C(OCc1ccccc1Br)ON1C(=O)CCC1=O,O=C(OCc1ccccc1)ON1C(=O)CCC1=O,107.0
O=C1c2ccccc2C(=O)N1CCBr,O=C1NC(=O)c2ccccc21,82.0
CC#CCN1C(=O)c2ccccc2C1=O,O=C1NC(=O)c2ccccc21,221.0
O=C(O)c1ccccc1N1C(=O)c2ccccc2C1=O,O=C1c2ccccc2C(=O)N1c1ccccc1,219.0
O=C(NCCCl)c1ccccc1,c1ccccc1,103.0
NCCNCCO,,-28.0
O=C1c2ccccc2C(=O)N1CCO,O=C1NC(=O)c2ccccc21,128.0
O=C1CCC(=O)N1CCO,O=C1CCC(=O)N1,60.0
COc1ccccc1NC(=O)C=CC(=O)O,c1ccccc1,144.0
CCC#CCN1C(=O)c2ccccc2C1=O,O=C1NC(=O)c2ccccc21,99.0
CCCC(=O)Nc1ccc(O)c(C(C)=O)c1,c1ccccc1,125.0
NCCCNC1CCCCC1,C1CCCCC1,-18.0
O=C1c2ccccc2C(=O)N1CCCBr,O=C1NC(=O)c2ccccc21,74.0
Cc1ccc(N2C(=O)C=CC2=O)cc1Cl,O=C1C=CC(=O)N1c1ccccc1,146.0
O=C(O)C=CC(=O)Nc1cccc(Cl)c1,c1ccccc1,198.0
O=C1c2ccccc2C(=O)N1CCCO,O=C1NC(=O)c2ccccc21,78.0
CC(=O)c1ccc(-n2c(C)ccc2C)cc1,c1ccc(-n2cccc2)cc1,111.0
CC(=O)c1ccc(N2C(=O)C=CC2=O)cc1,O=C1C=CC(=O)N1c1ccccc1,156.0
Nc1ccc(C(=O)NCCC(=O)O)cc1,c1ccccc1,152.0
CCOC(=O)CCC(NC(=O)c1ccc(N)cc1)C(=O)OCC,c1ccccc1,141.0
O=C1c2ccccc2C(=O)N1OCCCCBr,O=C1NC(=O)c2ccccc21,71.0
O=C1c2ccccc2C(=O)N1CCCCBr,O=C1NC(=O)c2ccccc21,79.0
O=C1C=CC(=O)N1c1ccc(Br)cc1,O=C1C=CC(=O)N1c1ccccc1,129.0
O=C(O)c1ccc(N2C(=O)c3ccccc3C2=O)cc1,O=C1c2ccccc2C(=O)N1c1ccccc1,293.0
O=C1c2ccccc2C(=O)N1CC#CCCl,O=C1NC(=O)c2ccccc21,118.0
CN(C)C(=O)Nc1ccc(Cl)cc1,c1ccccc1,173.0
O=C1c2ccccc2C(=O)N1c1ccc(Cl)cc1,O=C1c2ccccc2C(=O)N1c1ccccc1,197.0
CCc1ccc(N2C(=O)C=CC2=O)cc1,O=C1C=CC(=O)N1c1ccccc1,66.0
O=C(O)C=CC(=O)Nc1ccc(F)cc1,c1ccccc1,208.0
O=C1c2ccccc2C(=O)N1c1ccc(O)cc1,O=C1c2ccccc2C(=O)N1c1ccccc1,296.0
O=C(O)C=CC(=O)Nc1ccc(I)cc1,c1ccccc1,194.0
COc1ccc(-c2ccc(S(=O)(=O)NC(C)C(=O)O)cc2)cc1,c1ccc(-c2ccccc2)cc1,179.0
COc1ccc(-c2ccc(S(=O)(=O)NCCC(=O)O)cc2)cc1,c1ccc(-c2ccccc2)cc1,190.0
COc1ccc(-c2ccc(S(=O)(=O)NCC(=O)O)cc2)cc1,c1ccc(-c2ccccc2)cc1,186.0
COc1ccc(-c2ccc(S(=O)(=O)NC(Cc3ccccc3)C(=O)O)cc2)cc1,O=S(=O)(NCCc1ccccc1)c1ccc(-c2ccccc2)cc1,179.0
COc1ccc(-c2ccc(S(=O)(=O)NC(CCSC)C(=O)O)cc2)cc1,c1ccc(-c2ccccc2)cc1,174.0
COc1ccc(-c2ccc(S(=O)(=O)NC(C(=O)O)C(C)C)cc2)cc1,c1ccc(-c2ccccc2)cc1,178.0
COc1ccc(C=Nc2ccccc2)cc1,C(=Nc1ccccc1)c1ccccc1,63.0
C#CCCCN1C(=O)c2ccccc2C1=O,O=C1NC(=O)c2ccccc21,89.0
O=C1c2ccccc2C(=O)N1CCCCCBr,O=C1NC(=O)c2ccccc21,60.0
Cc1ccc(Cl)cc1NC(=O)C=CC(=O)O,c1ccccc1,120.0
C#CCCCCN1C(=O)c2ccccc2C1=O,O=C1NC(=O)c2ccccc21,70.0
NCCNc1ccc([N+](=O)[O-])cn1,c1ccncc1,127.0
O=C1c2ccccc2C(=O)N1CCCCCCBr,O=C1NC(=O)c2ccccc21,57.0
O=C(OCC1c2ccccc2-c2ccccc21)ON1C(=O)CCC1=O,O=C(OCC1c2ccccc2-c2ccccc21)ON1C(=O)CCC1=O,152.0
O=C(N[C@@H](Cc1c[nH]c2ccccc12)C(=O)O)OCc1ccccc1,O=C(NCCc1c[nH]c2ccccc12)OCc1ccccc1,124.0
CC(C)(C)OC(=O)N[C@@H](CCC(N)=O)C(=O)O,,119.0
O=C(N[C@H](Cc1c[nH]c2ccccc12)C(=O)O)OCC1c2ccccc2-c2ccccc21,O=C(NCCc1c[nH]c2ccccc12)OCC1c2ccccc2-c2ccccc21,184.0
O=C(N[C@@H](Cc1c[nH]c2ccccc12)C(=O)O)OCC1c2ccccc2-c2ccccc21,O=C(NCCc1c[nH]c2ccccc12)OCC1c2ccccc2-c2ccccc21,184.0
O=C(NO)OCc1ccccc1,c1ccccc1,68.0
O=C(OCc1ccccc1)ON1C(=O)CCC1=O,O=C(OCc1ccccc1)ON1C(=O)CCC1=O,80.0
O=C1c2ccccc2C(=O)N1CBr,O=C1NC(=O)c2ccccc21,147.0
O=C(O)CNC(=O)CCl,,102.0
O=C1c2ccccc2C(=O)N1CCl,O=C1NC(=O)c2ccccc21,133.0
O=C1CCC(=O)N1C1CCCCC1,O=C1CCC(=O)N1C1CCCCC1,165.0
CCOC(=O)CN=C(c1ccccc1)c1ccccc1,N=C(c1ccccc1)c1ccccc1,53.0
CC(C)(C)OC(=O)CN=C(c1ccccc1)c1ccccc1,N=C(c1ccccc1)c1ccccc1,114.0
CCOC(=O)N1C(=O)c2ccccc2C1=O,O=C1NC(=O)c2ccccc21,81.0
CC(=O)NCO,,50.0
O=C(NCO)c1ccccc1,c1ccccc1,95.0
CCCCCCCCC(=O)NCO,,85.0
O=C1c2ccccc2C(=O)N1CO,O=C1NC(=O)c2ccccc21,144.0
CCCCN1C(=O)c2ccccc2C1=O,O=C1NC(=O)c2ccccc21,34.0
CCCN1C(=O)C=CC1=O,O=C1C=CC(=O)N1,25.0
Cc1ccc(S(=O)(=O)NCC(=O)O)cc1,c1ccccc1,148.0
C=CC(=O)NC(O)C(O)NC(=O)C=C,,142.0
CC(=O)N(CCN(C(C)=O)C(C)=O)C(C)=O,,151.0
CN(C)CCN(C)C,,-55.0
CN(C)CN(C)C,,-55.0
CN(C)c1ccc(N(C)C)cc1,c1ccccc1,50.0
c1ccc(N=C(Nc2ccccc2)Nc2ccccc2)cc1,c1ccc(N=C(Nc2ccccc2)Nc2ccccc2)cc1,144.0
Cc1ccc(S(=O)(=O)N(CCCl)CCCl)cc1,c1ccccc1,46.0
NCCCN/C=C/NCCCN,,-2.0
Oc1ccccc1C=NCCCN=Cc1ccccc1O,C(=NCCCN=Cc1ccccc1)c1ccccc1,52.0
Oc1ccccc1C=NCCN=Cc1ccccc1O,C(=NCCN=Cc1ccccc1)c1ccccc1,130.0
Cc1ccccc1NCCNc1ccccc1C,c1ccc(NCCNc2ccccc2)cc1,72.0
CC(=O)NCCNC(C)=O,,174.0
CC(=O)NNC(C)=O,,140.0
O=C(NNC(=O)c1ccccc1)c1ccccc1,O=C(NNC(=O)c1ccccc1)c1ccccc1,239.0
c1ccc(CN(Cc2ccccc2)c2ccccc2)cc1,c1ccc(CN(Cc2ccccc2)c2ccccc2)cc1,70.0
c1ccc(CNCCNCc2ccccc2)cc1,c1ccc(CNCCNCc2ccccc2)cc1,24.0
ON(Cc1ccccc1)Cc1ccccc1,c1ccc(CNCc2ccccc2)cc1,123.0
C(=NC1CCCCC1)=NC1CCCCC1,C(=NC1CCCCC1)=NC1CCCCC1,35.0
O=C(NC1CCCCC1)NC1CCCCC1,O=C(NC1CCCCC1)NC1CCCCC1,232.0
CCN(CC)CCCN,,-60.0
CCN(CC)c1ccc(N=O)cc1,c1ccccc1,82.0
CCN(CC)c1ccccc1,c1ccccc1,-38.0
CCN(CC)C(=O)c1ccccc1,c1ccccc1,30.0
CCCCCCCCCCCC(=O)N(CC)CC,,4.0
CCN(O)CC,,-25.0
CCNC(=O)C(=O)NCC,,180.0
CCNC(=S)NCC,,77.0
CCNC(=O)NCC,,110.0
CC(C)N(C(=O)c1ccccc1)C(C)C,c1ccccc1,70.0
CC(C)N(C=O)C(C)C,,10.0
CN(C)CCCN,,-70.0
CN(C)c1cccc([N+](=O)[O-])c1,c1ccccc1,59.0
CN(C)c1ccc(C2CNCCN2)cc1,c1ccc(C2CNCCN2)cc1,128.0
CN(C)c1ccc([N+](=O)[O-])cc1,c1ccccc1,165.0
CN(C)c1ccc(N=O)cc1,c1ccccc1,86.0
CC(=O)N(C)C,,-20.0
CN(C)c1ccccc1,c1ccccc1,2.0
CN(C)C(=O)c1ccccc1,c1ccccc1,44.0
CN(C)C1CCCCC1,C1CCCCC1,-60.0
CCCCCCCCCCCCN(C)C,,-20.0
CCN(C)C,,-140.0
CN(C)C=O,,-61.0
COC(OC)N(C)C,,-85.0
CN(C)CC(=O)O,,181.0
CN(C)S(C)(=O)=O,,48.0
Cc1cccc(N(C)C)c1,c1ccccc1,-15.0
CCCCCCCCN(C)C,,-57.0
CNC(=O)C(=O)NC,,216.0
CN(C)c1ccc(N)cc1,c1ccccc1,36.0
Cc1ccc(N(C)C)cc1,c1ccccc1,-25.0
CN(C)C(=O)CCC(=O)O,,85.0
CNC(=O)NC,,102.0
CN(C)C(N)=O,,180.0
CCCCN(CCCC)CCCN,,-70.0
CCCCNC(=S)NCCCC,,66.0
CCCCNC(=O)NCCCC,,72.0
Cc1ccccc1NC(=S)Nc1ccccc1C,S=C(Nc1ccccc1)Nc1ccccc1,158.0
c1ccc(Nc2ccc(-c3ccc(Nc4ccccc4)cc3)cc2)cc1,c1ccc(Nc2ccc(-c3ccc(Nc4ccccc4)cc3)cc2)cc1,248.0
C(=N/c1ccccc1)\Nc1ccccc1,C(=Nc1ccccc1)Nc1ccccc1,138.0
c1ccc(Nc2ccc(Nc3ccccc3)cc2)cc1,c1ccc(Nc2ccc(Nc3ccccc3)cc2)cc1,147.0
S=C(Nc1ccccc1)Nc1ccccc1,S=C(Nc1ccccc1)Nc1ccccc1,152.0
O=C(Nc1ccccc1)Nc1ccccc1,O=C(Nc1ccccc1)Nc1ccccc1,242.0
C=CC(=O)NCCNC(=O)C=C,,142.0
C=CC(=O)NC(CO)(CO)CO,,136.0
CC(=O)NCCC(=O)O,,77.0
CC(=O)NC(Cc1ccc(F)cc1)C(=O)O,c1ccccc1,152.0
CC(=O)N[C@@H](C)C(=O)O,,137.0
CSCC[C@H](NC(C)=O)C(=O)O,,115.0
CC(=O)N[C@H](C(=O)O)C(C)C,,148.0
CC(=O)NCCN,,47.0
CC(=O)NC(=O)CN,,138.0
CC(=O)n1cc(C=O)c2ccccc21,c1ccc2[nH]ccc2c1,162.0
CC(=O)N[C@@H](CS)C(=O)O,,110.0
CC(=O)N[C@@H](CCC(=O)O)C(=O)O,,197.0
CC(=O)N[C@@H](CC(C)C)C(=O)O,,178.0
CC(=O)N[C@@H](Cc1ccccc1)C(=O)O,c1ccccc1,168.0
CC(=O)N1CCC[C@H]1C(=O)O,C1CCNC1,118.0
CC(=O)N[C@@H](Cc1ccc(O)cc1)C(=O)O,c1ccccc1,153.0
CC(=O)N1CCOCC1,C1COCCN1,10.0
CC(=O)NNc1ccccc1,c1ccccc1,130.0
CC(=O)N1C(=O)c2ccccc2C1=O,O=C1NC(=O)c2ccccc21,137.0
CC(=O)N1C[C@H](O)C[C@H]1C(=O)O,C1CCNC1,132.0
CCn1cc(C(=O)O)c(=O)c2ccc(C)nc21,O=c1cc[nH]c2ncccc12,229.0
C=CCNC(N)=S,,74.0
N=C(N)NC(N)=S,,164.0
c1ccc2ccccc2c1,c1ccc2ccccc2c1,81.0
N#Cc1ccc(C#N)c2ccccc12,c1ccc2ccccc2c1,210.0
O=C(O)c1ccc(C(=O)O)c2ccccc12,c1ccc2ccccc2c1,323.0
N#Cc1cccc2ccccc12,c1ccc2ccccc2c1,36.0
NC(=O)c1cccc2ccccc12,c1ccc2ccccc2c1,208.0
O=S(=O)(Cl)c1cccc2ccccc12,c1ccc2ccccc2c1,68.0
N#Cc1ccc2ccccc2c1,c1ccc2ccccc2c1,65.0
NC(=O)c1ccc2ccccc2c1,c1ccc2ccccc2c1,195.0
NS(=O)(=O)c1ccc2ccccc2c1,c1ccc2ccccc2c1,219.0
O=S(=O)(Cl)c1ccc2ccccc2c1,c1ccc2ccccc2c1,76.0
NC(=S)c1ccc2ccccc2c1,c1ccc2ccccc2c1,151.0
C[C@H](NC(=O)c1ccccc1)C(=O)O,c1ccccc1,165.0
O=C(c1ccccc1)N(O)c1ccccc1,O=C(Nc1ccccc1)c1ccccc1,119.0
COc1ccc(NCc2ccccc2)cc1,c1ccc(CNc2ccccc2)cc1,49.0
C=CC(=O)NCc1ccccc1,c1ccccc1,61.0
O=C(NCc1ccccc1)c1ccccc1,O=C(NCc1ccccc1)c1ccccc1,106.0
CN(C)Cc1ccccc1,c1ccccc1,-75.0
OCCNCc1ccccc1,c1ccccc1,-30.0
O=CNCc1ccccc1,c1ccccc1,61.0
CC(C)(Cc1ccc(F)cc1)/N=C/c1ccccc1,C(=NCCc1ccccc1)c1ccccc1,44.0
C(=N/c1ccccc1)\c1ccccc1,C(=Nc1ccccc1)c1ccccc1,53.0
O=C(O)C=CC(=O)NCc1ccccc1,c1ccccc1,137.0
O=C1C=CC(=O)N1Cc1ccccc1,O=C1C=CC(=O)N1Cc1ccccc1,69.0
CNCc1ccccc1,c1ccccc1,-55.0
C[C@@H](NC(=O)OCc1ccccc1)C(=O)O,c1ccccc1,85.0
C[C@H](CO)NC(=O)OCc1ccccc1,c1ccccc1,83.0
CCCC[C@@H](NC(=O)OCc1ccccc1)C(=O)O,c1ccccc1,57.0
O=C(N[C@H](Cc1ccccc1)C(=O)O)OCc1ccccc1,O=C(NCCc1ccccc1)OCc1ccccc1,86.0
O=C(N[C@@H](CO)Cc1ccccc1)OCc1ccccc1,O=C(NCCc1ccccc1)OCc1ccccc1,94.0
O=C(O)[C@H]1CCCN1C(=O)OCc1ccccc1,O=C(OCc1ccccc1)N1CCCC1,77.0
O=C(N[C@H](CO)C(=O)O)OCc1ccccc1,c1ccccc1,118.0
CC(O)[C@@H](NC(=O)OCc1ccccc1)C(=O)O,c1ccccc1,103.0
CC(C)[C@@H](NC(=O)OCc1ccccc1)C(=O)O,c1ccccc1,59.0
O=C(O)CNC(=O)OCc1ccccc1,c1ccccc1,121.0
C[C@H](NC(=O)OCc1ccccc1)C(=O)O,c1ccccc1,85.0
O=C(O)C[C@H](NC(=O)OCc1ccccc1)C(=O)O,c1ccccc1,118.0
O=C(C[C@H](NC(=O)OCc1ccccc1)C(=O)O)OCc1ccccc1,O=C(CCNC(=O)OCc1ccccc1)OCc1ccccc1,106.0
O=C(O)CC[C@H](NC(=O)OCc1ccccc1)C(=O)O,c1ccccc1,119.0
COC(=O)[C@H](CCC(=O)O)NC(=O)OCc1ccccc1,c1ccccc1,67.0
CSCC[C@H](NC(=O)OCc1ccccc1)C(=O)O,c1ccccc1,69.0
CCCC[C@H](NC(=O)OCc1ccccc1)C(=O)O,c1ccccc1,57.0
O=C(N[C@@H](Cc1ccccc1)C(=O)O)OCc1ccccc1,O=C(NCCc1ccccc1)OCc1ccccc1,86.0
O=C(N[C@H](CO)Cc1ccccc1)OCc1ccccc1,O=C(NCCc1ccccc1)OCc1ccccc1,94.0
O=C(O)[C@@H]1CCCN1C(=O)OCc1ccccc1,O=C(OCc1ccccc1)N1CCCC1,76.0
O=C(N[C@@H](CO)C(=O)O)OCc1ccccc1,c1ccccc1,119.0
O=C(N[C@@H](CO)C(=O)OCc1ccccc1)OCc1ccccc1,O=C(CNC(=O)OCc1ccccc1)OCc1ccccc1,83.0
C[C@@H](O)[C@H](NC(=O)OCc1ccccc1)C(=O)O,c1ccccc1,98.0
CC(O)[C@H](NC(=O)OCc1ccccc1)C(=O)OCc1ccccc1,O=C(CNC(=O)OCc1ccccc1)OCc1ccccc1,80.0
O=C(N[C@@H](Cc1ccc(O)cc1)C(=O)O)OCc1ccccc1,O=C(NCCc1ccccc1)OCc1ccccc1,96.0
CC(C)[C@H](NC(=O)OCc1ccccc1)C(=O)O,c1ccccc1,60.0
CC(C)(C)NCc1ccccc1,c1ccccc1,-28.0
CC(C)(C)OC(=O)N[C@](C)(C(=O)O)c1ccc2ccccc2c1,c1ccc2ccccc2c1,98.0
CC(C)(C)OC(=O)N[C@@H](Cc1ccc(Cl)cc1Cl)C(=O)O,c1ccccc1,135.0
CC(C)(C)OC(=O)N[C@@H](Cc1cccs1)C(=O)O,c1ccsc1,74.0
CC(C)(C)OC(=O)N[C@H](Cc1cccc(F)c1)C(=O)O,c1ccccc1,77.0
CC(C)(C)OC(=O)N[C@@H](Cc1cccc(F)c1)C(=O)O,c1ccccc1,78.0
CC(C)(C)OC(=O)N[C@@H](CI)C(=O)OCc1ccccc1,c1ccccc1,81.0
CC(C)(C)OC(=O)N1CC(F)(F)C[C@H]1C(=O)O,C1CCNC1,122.0
CC(C)(C)OC(=O)N[C@@H](Cc1ccc(Br)cc1)C(=O)O,c1ccccc1,119.0
CC(C)(C)OC(=O)N[C@H](Cc1ccc(Cl)cc1)C(=O)O,c1ccccc1,110.0
C=C1C[C@@H](C(=O)O)N(C(=O)OC(C)(C)C)C1,C=C1CCNC1,112.0
Cc1ccc(C[C@H](NC(=O)OC(C)(C)C)C(=O)O)cc1,c1ccccc1,86.0
COC(=O)[C@@H]1CC(=O)CN1C(=O)OC(C)(C)C,O=C1CCNC1,38.0
CC(C)(C)OC(=O)[C@@H]1CC(=O)CN1C(=O)OC(C)(C)C,O=C1CCNC1,66.0
CC(C)(C)OC(=O)NCCC(=O)O,,75.0
C[C@@H](NC(=O)OC(C)(C)C)C(=O)O,,83.0
C[C@H](CO)NC(=O)OC(C)(C)C,,60.0
CSCC[C@@H](NC(=O)OC(C)(C)C)C(=O)O,,49.0
CC(C)(C)OC(=O)N[C@H](Cc1ccccc1)C(=O)O,c1ccccc1,87.0
CC(C)(C)OC(=O)N[C@@H](CO)Cc1ccccc1,c1ccccc1,95.0
CC(C)(C)OC(=O)N1CCC[C@@H]1C(=O)O,C1CCNC1,134.0
CC(C)(C)OC(=O)N1CCC[C@@H]1CO,C1CCNC1,61.0
CC(C)(C)OC(=O)N[C@H](CO)C(=O)O,,90.0
CC(C)[C@@H](NC(=O)OC(C)(C)C)C(=O)O,,78.0
CCNC(=O)OC(C)(C)C,,40.0
CC(C)(C)OC(=O)NCC(=O)O,,89.0
CC(C)(C)OC(=O)NO,,57.0
C[C@H](NC(=O)OC(C)(C)C)C(=O)O,,82.0
C[C@@H](CO)NC(=O)OC(C)(C)C,,59.0
CC(C)(C)OC(=O)N[C@@H](CC(=O)O)C(=O)O,,117.0
CC(C)(C)OC(=O)N[C@@H](CC(=O)O)C(=O)OCc1ccccc1,c1ccccc1,96.0
CC(C)(C)OC(=O)N[C@@H](CC(=O)OCc1ccccc1)C(=O)O,c1ccccc1,111.0
CC(C)(C)OC(=O)CC[C@H](NC(=O)OC(C)(C)C)C(=O)O,,111.0
CCC(C)[C@H](NC(=O)OC(C)(C)C)C(=O)O,,69.0
CSCC[C@H](NC(=O)OC(C)(C)C)C(=O)O,,50.0
CCC[C@H](NC(=O)OC(C)(C)C)C(=O)O,,45.0
CC(C)(C)OC(=O)N[C@@H](Cc1ccccc1)C(=O)O,c1ccccc1,87.0
CC(C)(C)OC(=O)N[C@H](CO)Cc1ccccc1,c1ccccc1,97.0
CC(C)(C)OC(=O)N1CCC[C@H]1C(=O)O,C1CCNC1,134.0
CC(C)(C)OC(=O)N1CCC[C@H]1CO,C1CCNC1,61.0
CC(O)[C@H](NC(=O)OC(C)(C)C)C(=O)O,,79.0
COC(=O)[C@H](Cc1ccc(O)cc1)NC(=O)OC(C)(C)C,c1ccccc1,107.0
CC(C)[C@H](NC(=O)OC(C)(C)C)C(=O)O,,79.0
CCN(CC(=O)O)C(=O)OC(C)(C)C,,88.0
C[C@@H](C(=O)O)N(C)C(=O)OC(C)(C)C,,90.0
CC(C)(C)OC(=O)N[C@H](COCc1ccccc1)C(=O)O,c1ccccc1,62.0
C[C@@H](OCc1ccccc1)[C@H](NC(=O)OC(C)(C)C)C(=O)O,c1ccccc1,116.0
CC(C)(C)OC(=O)N[C@@H](Cc1ccc(OCc2ccccc2)cc1)C(=O)O,c1ccc(COc2ccccc2)cc1,109.0
C#CCNC(=O)OC(C)(C)C,,42.0
CN(CC(=O)O)C(=O)OC(C)(C)C,,91.0
CC(=O)NBr,,104.0
O=C1CCCCCN1Br,O=C1CCCCCN1,64.0
O=C1c2ccccc2C(=O)N1Br,O=C1NC(=O)c2ccccc21,206.0
CCCCOC(=O)c1ccc(O)cc1,c1ccccc1,69.0
CCCCOC(C)=O,,-78.0
C=CC(=O)OCCCC,,-64.0
CCCCOC(=O)c1ccccc1,c1ccccc1,-22.0
CCCCOC(=O)CCC,,-92.0
CCCCCCCCCCCC(=O)OCCCC,,-10.0
CCCCOCC,,-124.0
CCCCOC=O,,-92.0
C=C(C)C(=O)OCCCC,,-75.0
CCCCOc1ccccc1,c1ccccc1,-19.0
C=COCCCC,,-113.0
CCCCc1ccccc1,c1ccccc1,-88.0
CCCCC1CCCCC1,C1CCCCC1,-78.0
CCCCNC(N)=O,,95.0
NC(=O)NC(=O)C=CC(=O)O,,158.0
NC(=O)N1C(=O)C=CC1=O,O=C1C=CC(=O)N1,159.0
O=C(O)C1CCN(C(=O)CCl)CC1,C1CCNCC1,110.0
O=C1CCC(=O)N1Cl,O=C1CCC(=O)N1,148.0
c1ccc(NC2CCCCC2)cc1,c1ccc(NC2CCCCC2)cc1,15.0
OCCNC1CCCCC1,C1CCCCC1,36.0
O=C1C=CC(=O)N1C1CCCCC1,O=C1C=CC(=O)N1C1CCCCC1,90.0
Cc1ccc(S(=O)(=O)NC2CCCCC2)cc1,O=S(=O)(NC1CCCCC1)c1ccccc1,88.0
CCCCCCCCCC,,-30.0
CCCCCCCCCCCCCCCCCCCCCC,,45.0
CCCCCCCCCCCC,,-10.0
CCCCCCCCCCCCOC(=O)c1ccc(O)cc1,c1ccccc1,55.0
CCCCCCCCCCCCOC(=O)c1cc(O)c(O)c(O)c1,c1ccccc1,97.0
CCCCCCCCCCCCc1ccccc1,c1ccccc1,-7.0
CCCCCCCCCCCCCCCCCCCC,,37.0
CC(C)(C)CO,,54.0
CC(C)(C)CCl,,-20.0
CCNC(C)=O,,-32.0
CCNc1ccccc1,c1ccccc1,-64.0
CCN(C(C)C)C(C)C,,-46.0
CCNC(=O)C=CC(=O)O,,125.0
CCN1C(=O)C=CC1=O,O=C1C=CC(=O)N1,45.0
CCN1C(=O)c2ccccc2C1=O,O=C1NC(=O)c2ccccc21,76.0
CCC(C)[C@H](NC(=O)OCC1c2ccccc2-c2ccccc21)C(=O)O,c1ccc2c(c1)Cc1ccccc1-2,147.0
CC(C)C[C@H](NC(=O)OCC1c2ccccc2-c2ccccc21)C(=O)O,c1ccc2c(c1)Cc1ccccc1-2,154.0
CSCC[C@H](NC(=O)OCC1c2ccccc2-c2ccccc21)C(=O)O,c1ccc2c(c1)Cc1ccccc1-2,134.0
CCCC[C@H](NC(=O)OCC1c2ccccc2-c2ccccc21)C(=O)O,c1ccc2c(c1)Cc1ccccc1-2,141.0
O=C(N[C@@H](Cc1ccccc1)C(=O)O)OCC1c2ccccc2-c2ccccc21,O=C(NCCc1ccccc1)OCC1c2ccccc2-c2ccccc21,183.0
O=C(O)[C@@H]1CCCN1C(=O)OCC1c2ccccc2-c2ccccc21,O=C(OCC1c2ccccc2-c2ccccc21)N1CCCC1,115.0
CC(C)[C@H](NC(=O)OCC1c2ccccc2-c2ccccc21)C(=O)O,c1ccc2c(c1)Cc1ccccc1-2,144.0
O=C(N[C@@H](CSC(c1ccccc1)(c1ccccc1)c1ccccc1)C(=O)O)OCC1c2ccccc2-c2ccccc21,O=C(NCCSC(c1ccccc1)(c1ccccc1)c1ccccc1)OCC1c2ccccc2-c2ccccc21,171.0
O=CNCC(=O)O,,149.0
NC(=O)NC=O,,169.0
CCCCCCCCCCCCCCCCCCCCC,,41.0
CCCCCCCCCCCCCCCCCCCCCCCCCCC,,59.0
CCCCCCCCCCCCCCCCC,,22.0
CCCCCCC,,-91.0
CCCCCCCOC(=O)c1ccc(O)cc1,c1ccccc1,48.0
CCCCCCCc1ccccc1,c1ccccc1,-48.0
CCCCCCCCCCCCCCCCCCCCCCCCCC,,57.0
CCCCCCCCCCCCCCCC,,18.0
CCCCCC,,-95.0
CCCCCCCCCCCCCCCCCCCCCCCCCCCCCCCCCCCC,,76.0
CCCCCCOC(C)=O,,-80.0
C=CC(=O)OCCCCCC,,-45.0
CCCCCCOC=O,,-63.0
C=C(C)C(=O)OCCCCCC,,-57.0
CCCCCCP(=O)(O)O,,109.0
CCCCCCS(=O)(=O)CC#N,,42.0
CN(O)C(=O)Cc1ccc(OCc2ccccc2)cc1,c1ccc(COc2ccccc2)cc1,96.0
O=C1CCC(=O)N1O,O=C1CCC(=O)N1,97.0
O=C(OC[C@H]1O[C@](O)(COC(=O)c2cccnc2)[C@@H](OC(=O)c2cccnc2)[C@@H]1OC(=O)c1cccnc1)c1cccnc1,O=C(OCC1OC(COC(=O)c2cccnc2)C(OC(=O)c2cccnc2)C1OC(=O)c1cccnc1)c1cccnc1,135.0
NC(=O)c1cccnc1,c1ccncc1,130.0
O=C(Nc1ccccc1)c1cccnc1,O=C(Nc1ccccc1)c1cccnc1,120.0
O=C(O)c1cccnc1,c1ccncc1,238.0
NNC(=O)c1cccnc1,c1ccncc1,162.0
CC(C)NC(=O)CCl,,59.0
CC(C)Nc1ccccc1,c1ccccc1,-32.0
CC(C)Nc1ccc(Nc2ccccc2)cc1,c1ccc(Nc2ccccc2)cc1,77.0
O=[N+]([O-])c1ccccc1,c1ccccc1,6.0
CC[N+](=O)[O-],,-89.0
C[N+](=O)[O-],,-29.0
CNCCCN,,-72.0
CNC(=O)C(F)(F)F,,51.0
CNc1ccccc1[N+](=O)[O-],c1ccccc1,35.0
CNS(=O)(=O)Cc1ccc([N+](=O)[O-])cc1,c1ccccc1,152.0
CNc1ccc([N+](=O)[O-])cc1,c1ccccc1,153.0
CNC(C)=O,,27.0
CNc1ccccc1,c1ccccc1,-57.0
CNC(=O)c1ccccc1,c1ccccc1,79.0
CNC1CCCCC1,C1CCCCC1,-8.0
CNC[C@H](O)[C@@H](O)[C@H](O)[C@H](O)CO,,130.0
CN(CCO)CCO,,-21.0
CCCCCCCCCCCC(=O)NC,,68.0
C[C@@H]([C@H](O)c1ccccc1)N(C)C,c1ccccc1,87.0
CNC=O,,-4.0
CN(C=O)c1ccccc1,c1ccccc1,11.0
CNC(=O)C=CC(=O)O,,156.0
Cn1[nH]c(=O)ccc1=O,O=c1ccc(=O)[nH][nH]1,218.0
CN1C(=O)C=CC1=O,O=C1C=CC(=O)N1,95.0
CN(N)c1ccc(C(F)(F)F)cc1[N+](=O)[O-],c1ccccc1,66.0
CN1C(=O)c2ccccc2C1=O,O=C1NC(=O)c2ccccc21,134.0
CN1C(=O)CCC1=O,O=C1CCC(=O)N1,66.0
CCCCC(=O)NC,,-26.0
CCCCN(CCO)CCO,,-70.0
CCCCCCCCCCCCCCCCCCC,,33.0
CCCCCCCCC,,-53.0
CCCCCCCCCCCCCCCCCCCCCCCCCCCC,,62.0
CCCCCCCCCCCCCCCCCC,,28.0
CCCCCCCC,,-57.0
CCCCCCCCOC(=O)c1ccc(O)cc1,c1ccccc1,52.0
CCCCCCCCOC(=O)c1cc(O)c(O)c(O)c1,c1ccccc1,99.0
CCCCCCCCc1ccccc1,c1ccccc1,-36.0
CCCCCCCCC(=O)O,,10.0
CCCCCCCCC(=O)Cl,,-61.0
O=C(O)C1CC2CCC1C2,C1CC2CCC1C2,40.0
C1=CC2CCC1C2,C1=CC2CCC1C2,46.0
O=C1CC2CCC1C2,O=C1CC2CCC1C2,95.0
C[C@H](Cc1ccc(O)c(O)c1)[C@@H](C)Cc1ccc(O)c(O)c1,c1ccc(CCCCc2ccccc2)cc1,186.0
CCCCCCCCCCCCCCCCCCCCCCCCC,,53.0
CCCCCCCCCCCCCCC,,10.0
CCCCCOC(=O)c1ccc(N)cc1,c1ccccc1,52.0
CCCCCOC(=O)c1ccc(O)cc1,c1ccccc1,38.0
CCCCCOC(C)=O,,-100.0
CCCCCc1ccccc1,c1ccccc1,-75.0
CCCCCC1CCCCC1,C1CCCCC1,-58.0
O=C(O)c1ccccc1Nc1ccccc1,c1ccc(Nc2ccccc2)cc1,187.0
N=C(Nc1ccccc1)c1ccccc1,N=C(Nc1ccccc1)c1ccccc1,119.0
OCCN(CCO)c1ccccc1,c1ccccc1,57.0
OCCNc1ccccc1,c1ccccc1,-30.0
O=C(O)CNc1ccccc1,c1ccccc1,118.0
CCOC(=O)CNc1ccccc1,c1ccccc1,57.0
O=C(O)C=CC(=O)Nc1ccccc1,c1ccccc1,177.0
O=C1C=CC(=O)N1c1ccccc1,O=C1C=CC(=O)N1c1ccccc1,89.0
Nc1ccccc1Nc1ccccc1,c1ccc(Nc2ccccc2)cc1,79.0
Nc1ccc(Nc2ccccc2)cc1,c1ccc(Nc2ccccc2)cc1,74.0
O=C(O)CN1C(=O)c2ccccc2C1=O,O=C1NC(=O)c2ccccc21,196.0
C#CCON1C(=O)c2ccccc2C1=O,O=C1NC(=O)c2ccccc21,151.0
C#CCN1C(=O)c2ccccc2C1=O,O=C1NC(=O)c2ccccc21,150.0
CCCOC(=O)c1cc(O)c(O)c(O)c1,c1ccccc1,148.0
CCCOC(=O)c1ccc(N)cc1,c1ccccc1,74.0
CCCOC(=O)c1ccc(O)cc1,c1ccccc1,97.0
CCCOC(C)=O,,-92.0
CCCOC=O,,-93.0
CCCCCC(=O)OCCC,,-69.0
CCCOC(=O)CC,,-76.0
CCCc1ccccc1,c1ccccc1,-100.0
CCCNC(N)=O,,102.0
CC(C)(C)NSc1nc2ccccc2s1,c1ccc2scnc2c1,108.0
CC(=O)NC(C)(C)C,,97.0
C=CC(=O)NC(C)(C)C,,129.0
CC(C)(C)/[N+]([O-])=C/c1ccccc1,c1ccccc1,73.0
CC(C)(C)NC(=O)c1ccccc1,c1ccccc1,134.0
CC(C)(C)NC=O,,16.0
CCCCCCCCCCCCCCCCCCCCCCCCCCCCCCCCCCCCCCCC,,81.0
CCCCCCCCCCCCCCCCCCCCCCCC,,51.0
CCCCCCCCCCCCCC(N)=O,,106.0
CCCCCCCCCCCCCC,,6.0
CCCCCCCCCCCCCCc1ccccc1,c1ccccc1,9.0
CCCCCCCCCCCCCCCCCCCCCCCCCCCCCC,,67.0
CCCCCCCCCCCCCCCCCCCCCCC,,49.0
CCCCCCCCCCCCC,,-5.0
CCCCCCCCCCCCCc1ccccc1,c1ccccc1,10.0
CCOC(=O)CNC(c1ccccc1)(c1ccccc1)c1ccccc1,c1ccc(C(c2ccccc2)c2ccccc2)cc1,114.0
CCCCCCCCCCC,,-26.0
C=CN1C(=O)c2ccccc2C1=O,O=C1NC(=O)c2ccccc21,86.0
CC(=O)Oc1ccccc1C(=O)O,c1ccccc1,138.0
CC(=O)Oc1ccccc1C(=O)Cl,c1ccccc1,49.0
COc1ccccc1N,c1ccccc1,6.0
O=C1NS(=O)(=O)c2ccccc21,O=C1NS(=O)(=O)c2ccccc21,229.0
Cc1ccccc1O,c1ccccc1,32.0
Cc1cc(C2(c3ccc(O)c(C)c3)OC(=O)c3ccccc32)ccc1O,O=C1OC(c2ccccc2)(c2ccccc2)c2ccccc21,224.0
Fc1c(F)c(F)c2c(F)c(F)c(F)c(F)c2c1F,c1ccc2ccccc2c1,87.0
Fc1c(F)c(F)c(C(F)(F)F)c(F)c1F,c1ccccc1,-66.0
CCCCCCCC=O,,13.0
CCCCCCCC#N,,-45.0
CCCCCCCC(=O)O,,17.0
CCCCCCCC(=O)Cl,,-63.0
COc1cc(-c2ccc(N)c(OC)c2)ccc1N,c1ccc(-c2ccccc2)cc1,136.0
CCCCCCCCC=CCCCCCCCC(=O)O,,14.0
CCCCCCCCC=CCCCCCCCCO,,6.0
CCOc1ccccc1N,c1ccccc1,-4.0
Nc1ccccc1N,c1ccccc1,102.0
O=C(O)c1cc(=O)[nH]c(=O)[nH]1,O=c1cc[nH]c(=O)[nH]1,346.0
O=P(O)(O)O,,20.0
c1ccc(-c2ccccc2-c2ccccc2)cc1,c1ccc(-c2ccccc2-c2ccccc2)cc1,57.0
Cc1cc(-c2ccc(N)c(C)c2)ccc1N,c1ccc(-c2ccccc2)cc1,130.0
Cc1ccccc1C=O,c1ccccc1,-35.0
Cc1ccccc1S(N)(=O)=O,c1ccccc1,156.0
Cc1ccccc1S(=O)(=O)Cl,c1ccccc1,10.0
Cc1ccccc1C(=O)O,c1ccccc1,105.0
Cc1ccccc1C(=O)NN,c1ccccc1,123.0
Cc1ccccc1N,c1ccccc1,-24.0
Cc1ccccc1C#N,c1ccccc1,-14.0
Cc1ccccc1CC(=O)O,c1ccccc1,88.0
O=C(Cl)C(=O)Cl,,-12.0
c1cocn1,c1cocn1,-86.0
O=C1Cc2ccccc2N1,O=C1Cc2ccccc2N1,126.0
Cc1ccccc1C,c1ccccc1,-25.0
BrCc1ccccc1CBr,c1ccccc1,94.0
ClCc1ccccc1CCl,c1ccccc1,55.0
CCCCCCCCCCCCCCCC(=O)O,,61.0
CCCCCCCCCCCCCCCC(=O)NN,,151.0
CCCCCCCCCCCCCCCC(=O)Cl,,11.0
COc1ccc(N)cc1,c1ccccc1,58.0
COc1ccc(Cc2nccc3cc(OC)c(OC)cc23)cc1OC,c1ccc(Cc2nccc3ccccc23)cc1,147.0
O=C1C=CC(=O)C=C1,O=C1C=CC(=O)C=C1,114.0
Cc1ccc(O)cc1,c1ccccc1,33.0
Cc1ccc(C(C)C)cc1,c1ccccc1,-68.0
Oc1c(Br)c(Br)c(Br)c(Br)c1Br,c1ccccc1,226.0
Nc1c(Cl)c(Cl)c(Cl)c(Cl)c1Cl,c1ccccc1,232.0
ClC(Cl)C(Cl)(Cl)Cl,,-29.0
Clc1nc(Cl)c(Cl)c(Cl)c1Cl,c1ccncc1,125.0
O=C(O)CCCCCCCCCCCCCC(=O)O,,114.0
CCCCCCCCCCCCCCC(=O)O,,53.0
O=C1CCCCCCCCCCCCCCO1,O=C1CCCCCCCCCCCCCCO1,35.0
OCC(CO)(CO)CO,,262.0
ClCC(CCl)(CCl)CCl,,95.0
O=Cc1c(F)c(F)c(F)c(F)c1F,c1ccccc1,26.0
O=C(O)c1c(F)c(F)c(F)c(F)c1F,c1ccccc1,102.0
N#Cc1c(F)c(F)c(F)c(F)c1F,c1ccccc1,2.0
Oc1c(F)c(F)c(F)c(F)c1F,c1ccccc1,34.0
NNc1c(F)c(F)c(F)c(F)c1F,c1ccccc1,76.0
Fc1c(F)c(F)c(S)c(F)c1F,c1ccccc1,-24.0
Cc1c(C)c(C)c(S(=O)(=O)Cl)c(C)c1C,c1ccccc1,80.0
Cc1c(C)c(C)c(C#N)c(C)c1C,c1ccccc1,159.0
Cc1c(C)c(C)c(CC#N)c(C)c1C,c1ccccc1,112.0
CCCCC,,-130.0
c1ccc(C2=C(c3ccccc3)C(c3ccccc3)C(c3ccccc3)=C2c2ccccc2)cc1,c1ccc(C2=C(c3ccccc3)C(c3ccccc3)C(c3ccccc3)=C2c2ccccc2)cc1,256.0
FC(F)(F)C(F)(F)C(F)(F)C(F)(F)C(F)(F)C(F)(F)F,,-90.0
FC(F)(F)C(F)(F)C(F)(F)C(F)(F)C(F)(F)C(F)(F)C(F)(F)C(F)(F)C(F)(F)F,,-16.0
[O-][I+3]([O-])([O-])O,,128.0
c1cc2cccc3c4cccc5cccc(c(c1)c23)c54,c1cc2cccc3c4cccc5cccc(c(c1)c23)c54,278.0
c1ccc2c(c1)ccc1ccccc12,c1ccc2c(c1)ccc1ccccc12,99.0
O=Cc1cc2ccccc2c2ccccc12,c1ccc2c(c1)ccc1ccccc12,102.0
c1ccc2nc3ccccc3nc2c1,c1ccc2nc3ccccc3nc2c1,176.0
CCOc1ccccc1,c1ccccc1,-30.0
Oc1ccccc1,c1ccccc1,42.0
O=C1OC(c2ccc(O)cc2)(c2ccc(O)cc2)c2ccccc21,O=C1OC(c2ccccc2)(c2ccccc2)c2ccccc21,260.0
c1ccc2c(c1)Nc1ccccc1S2,c1ccc2c(c1)Nc1ccccc1S2,184.0
c1ccc2c(c1)Oc1ccccc1S2,c1ccc2c(c1)Oc1ccccc1S2,57.0
c1ccc2c(c1)Nc1ccccc1O2,c1ccc2c(c1)Nc1ccccc1O2,156.0
O=C(O)COc1ccccc1,c1ccccc1,100.0
ON=C(c1ccccc1)c1ccccn1,N=C(c1ccccc1)c1ccccn1,155.0
O=C(Oc1ccccc1)c1ccccc1,O=C(Oc1ccccc1)c1ccccc1,69.0
OC[C@H]1O[C@@H](Oc2ccccc2)[C@H](O)[C@@H](O)[C@H]1O,c1ccc(OC2CCCCO2)cc1,154.0
NC(=O)Oc1ccccc1,c1ccccc1,151.0
O=C(Cl)Oc1ccccc1,c1ccccc1,-38.0
O=C=Nc1ccccc1,c1ccccc1,-33.0
S=C=Nc1ccccc1,c1ccccc1,-21.0
O=C(Oc1ccccc1)c1cccnc1,O=C(Oc1ccccc1)c1cccnc1,72.0
NP(N)(=O)Oc1ccccc1,c1ccccc1,183.0
O=P(Cl)(Cl)Oc1ccccc1,c1ccccc1,-1.0
Cc1ccc(S(=O)(=O)c2ccccc2)cc1,O=S(=O)(c1ccccc1)c1ccccc1,127.0
O=C(Oc1ccccc1)c1ccccc1O,O=C(Oc1ccccc1)c1ccccc1,43.0
C=CS(=O)(=O)c1ccccc1,c1ccccc1,69.0
O=C(O)Cc1ccccc1,c1ccccc1,77.5
N#CCc1ccccc1,c1ccccc1,-24.0
C#Cc1ccccc1,c1ccccc1,-45.0
CCCCC1C(=O)N(c2ccccc2)N(c2ccccc2)C1=O,O=C1CC(=O)N(c2ccccc2)N1c1ccccc1,107.0
O=C(O)C(=O)c1ccccc1,c1ccccc1,65.0
NNc1ccccc1,c1ccccc1,19.0
O=C(O)C(C(=O)OCc1ccccc1)c1ccccc1,O=C(Cc1ccccc1)OCc1ccccc1,66.0
O=[PH](O)c1ccccc1,c1ccccc1,84.0
O=P(O)(O)c1ccccc1,c1ccccc1,161.0
O=C(O)C#Cc1ccccc1,c1ccccc1,137.0
N#CCS(=O)(=O)c1ccccc1,c1ccccc1,112.0
Oc1cc(O)cc(O)c1,c1ccccc1,218.0
NC(=O)c1ccccc1C(=O)O,c1ccccc1,142.0
c1ccc2cnncc2c1,c1ccc2cnncc2c1,91.0
NNC(=O)c1ccccc1C(=O)NN,c1ccccc1,344.0
O=C1OC(=O)c2ccccc21,O=C1OC(=O)c2ccccc21,132.0
O=C1OCc2ccccc21,O=C1OCc2ccccc21,74.0
O=C(O)CC1OC(=O)c2ccccc21,O=C1OCc2ccccc21,151.0
O=C1NC(=O)c2ccccc21,O=C1NC(=O)c2ccccc21,234.0
N#Cc1ccccc1C#N,c1ccccc1,140.0
O=C(Cl)c1ccccc1C(=O)Cl,c1ccccc1,12.0
O=C(O)CCCCCC(=O)O,,104.0
CC(C)(O)C(C)(C)O,,44.0
CC(=O)C(C)(C)C,,-53.0
CC1CCC2CC1C2(C)C,C1CC2CC(C1)C2,-53.0
C1CNCCN1,C1CNCCN1,110.0
C1CCNCC1,C1CCNCC1,-11.0
NC(=S)N1CCCCC1,C1CCNCC1,128.0
O=C(/C=C/C=C/c1ccc2c(c1)OCO2)N1CCCCC1,O=C(C=CC=Cc1ccc2c(c1)OCO2)N1CCCCC1,131.0
O=Cc1ccc2c(c1)OCO2,c1ccc2c(c1)OCO2,36.0
ON=CC=CC=Cc1ccc2c(c1)OCO2,c1ccc2c(c1)OCO2,115.0
O=C(O)c1ccc2c(c1)OCO2,c1ccc2c(c1)OCO2,233.0
N#Cc1ccc2c(c1)OCO2,c1ccc2c(c1)OCO2,93.0
CCOc1ccc(N)cc1,c1ccccc1,3.0
Nc1ccc(N)cc1,c1ccccc1,140.0
c1ccc(-c2ccc(-c3ccc(-c4ccccc4)cc3)cc2)cc1,c1ccc(-c2ccc(-c3ccc(-c4ccccc4)cc3)cc2)cc1,317.0
CCCN(CCC)S(=O)(=O)c1ccc(C(=O)O)cc1,c1ccccc1,199.0
C#CCO,,-53.0
C#CCBr,,-61.0
C#CC(=O)O,,18.0
CCC=O,,-81.0
CCC(N)=O,,78.0
CCC(=O)O,,-21.0
CCC(=O)OC(=O)CC,,-44.0
CCC#N,,-92.0
CCC(=O)Cl,,-94.0
CCC(=O)c1ccccc1,c1ccccc1,18.0
CC1COC(=O)O1,O=C1OCCO1,-49.0
CC1CO1,C1CO1,-112.0
CC(CP(=O)(O)O)P(=O)(O)O,,178.0
c1ccc(-c2ccc(-c3ccccc3)cc2)cc1,c1ccc(-c2ccc(-c3ccccc3)cc2)cc1,214.0
Cc1ccc(C=O)cc1,c1ccccc1,-6.0
Cc1ccc(C(N)=O)cc1,c1ccccc1,159.0
Cc1ccc(S(N)(=O)=O)cc1,c1ccccc1,138.0
Cc1ccc(S(=O)(=O)OS(=O)(=O)c2ccc(C)cc2)cc1,O=S(=O)(OS(=O)(=O)c1ccccc1)c1ccccc1,128.0
Cc1ccc(S(=O)(=O)Cl)cc1,c1ccccc1,69.0
Cc1ccc(S(=O)(=O)F)cc1,c1ccccc1,41.0
Cc1ccc(S(=O)(=O)N=C=O)cc1,c1ccccc1,5.0
Cc1ccc(S(=O)(=O)CC(=O)O)cc1,c1ccccc1,118.0
Cc1ccc(S(=O)(=O)CC#N)cc1,c1ccccc1,150.0
[C-]#[N+]CS(=O)(=O)c1ccc(C)cc1,c1ccccc1,112.0
Cc1ccc(C(=O)O)cc1,c1ccccc1,180.0
Cc1ccc(C(=O)NN)cc1,c1ccccc1,117.0
Cc1ccc(N)cc1,c1ccccc1,44.0
Cc1ccc(C#N)cc1,c1ccccc1,28.0
Cc1ccc(C(=O)Cl)cc1,c1ccccc1,-2.0
Cc1ccc(C(=O)CC#N)cc1,c1ccccc1,102.0
Cc1ccc(N=C=S)cc1,c1ccccc1,25.0
Cc1ccc(CC(=O)O)cc1,c1ccccc1,92.0
Cc1ccc(CC#N)cc1,c1ccccc1,18.0
C#Cc1ccc(C)cc1,c1ccccc1,21.0
Cc1ccc(C)cc1,c1ccccc1,12.0
c1cnccn1,c1cnccn1,53.0
N#Cc1cnccn1,c1cnccn1,19.0
NC(=S)c1cnccn1,c1cnccn1,200.0
O=Cc1cccc2ccnn12,c1ccn2nccc2c1,85.0
c1cc2ccc3cccc4ccc(c1)c2c34,c1cc2ccc3cccc4ccc(c1)c2c34,150.0
c1ccnnc1,c1ccnnc1,-8.0
c1ccncc1,c1ccncc1,-42.0
[O-][n+]1ccccc1,c1cc[nH+]cc1,64.0
O=C(O)c1cccnc1C(=O)OC(=O)c1ncccc1C(=O)O,O=C(OC(=O)c1ccccn1)c1ccccn1,136.0
N#Cc1ccnc(C#N)c1,c1ccncc1,90.0
O=C(Cl)c1cccc(C(=O)Cl)n1,c1ccncc1,59.0
O=Cc1ccccn1,c1ccncc1,-21.0
C(=NNc1ccc2ccccc2n1)c1ccccn1,C(=NNc1ccc2ccccc2n1)c1ccccn1,205.0
O=[N+]([O-])c1ccc(NN=Cc2ccccn2)cc1,C(=NNc1ccccc1)c1ccccn1,258.0
ON=Cc1ccccn1,c1ccncc1,111.0
NC(=O)c1ccccn1,c1ccncc1,106.0
NC(=S)c1ccccn1,c1ccncc1,123.0
N#Cc1ccncc1C#N,c1ccncc1,80.0
O=C(O)c1ccncc1C(=O)OC(=O)c1cnccc1C(=O)O,O=C(OC(=O)c1cccnc1)c1cccnc1,77.0
O=Cc1cccnc1,c1ccncc1,8.0
ON=Cc1cccnc1,c1ccncc1,150.0
O=Cc1ccncc1,c1ccncc1,-4.0
ON=Cc1ccncc1,c1ccncc1,132.0
c1cnc2nccnc2c1,c1cnc2nccnc2c1,143.0
c1cncnc1,c1cncnc1,21.0
Oc1cccc(O)c1O,c1ccccc1,133.0
O=C(O)c1cc(C(=O)O)c(C(=O)O)cc1C(=O)O,c1ccccc1,283.0
O=Cc1ccc[nH]1,c1cc[nH]c1,43.0
ON=Cc1ccc[nH]1,c1cc[nH]c1,165.0
C1CCNC1,C1CCNC1,-63.0
S=C1CCCN1,S=C1CCCN1,111.0
CC(=O)C(=O)O,,11.0
COC(OC)C(C)=O,,-57.0
O=C(O)c1ccc2ccccc2n1,c1ccc2ncccc2c1,158.0
Cc1ccc2ccccc2n1,c1ccc2ncccc2c1,-2.0
c1ccc2ncncc2c1,c1ccc2ncncc2c1,47.0
C=C[C@H]1C[N@@]2CC[C@H]1C[C@@H]2[C@@H](O)c1ccnc2ccc(OC)cc12,c1ccc2c(CC3CC4CCN3CC4)ccnc2c1,170.0
c1ccc2ncccc2c1,c1ccc2ncccc2c1,-15.0
N#Cc1ccc2ccccc2n1,c1ccc2ncccc2c1,95.0
O=Cc1ccc2ccccc2n1,c1ccc2ncccc2c1,68.0
O=Cc1cnc2ccccc2c1,c1ccc2ncccc2c1,70.0
O=Cc1ccnc2ccccc12,c1ccc2ncccc2c1,50.0
O=C(O)c1ccnc2ccccc12,c1ccc2ncccc2c1,254.0
O=Cc1cccc2ncccc12,c1ccc2ncccc2c1,96.0
O=C(O)c1ccc2ncccc2c1,c1ccc2ncccc2c1,295.0
O=Cc1cccc2cccnc12,c1ccc2ncccc2c1,93.0
O=C(O)c1cccc2cccnc12,c1ccc2ncccc2c1,187.0
O=S(=O)(Cl)c1cccc2cccnc12,c1ccc2ncccc2c1,129.0
c1ccc2nccnc2c1,c1ccc2nccnc2c1,30.0
COC(=O)[C@H]1[C@H]2C[C@@H]3c4[nH]c5cc(OC)ccc5c4CCN3C[C@H]2C[C@@H](OC(=O)c2cc(OC)c(OC)c(OC)c2)[C@@H]1OC,O=C(OC1CCC2CC3c4[nH]c5ccccc5c4CCN3CC2C1)c1ccccc1,265.0
Oc1cccc(O)c1,c1ccccc1,111.0
c1cc(OCC2CO2)cc(OCC2CO2)c1,c1cc(OCC2CO2)cc(OCC2CO2)c1,34.0
O=C(Oc1cccc(O)c1)c1ccccc1,O=C(Oc1ccccc1)c1ccccc1,132.0
O=C(O)COc1cccc(OCC(=O)O)c1,c1ccccc1,194.0
CC1=C(/C=C/C(C)=C/C=C/C(C)=C/C(=O)O)C(C)(C)CCC1,C1=CCCCC1,181.0
O=C1CSC(=S)N1,O=C1CSC(=S)N1,169.0
O=C(O)CN1C(=O)CSC1=S,O=C1CSC(=S)N1,147.0
c1ccc(-c2c3ccccc3c(-c3ccccc3)c3c(-c4ccccc4)c4ccccc4c(-c4ccccc4)c23)cc1,c1ccc(-c2c3ccccc3c(-c3ccccc3)c3c(-c4ccccc4)c4ccccc4c(-c4ccccc4)c23)cc1,333.0
Cc1ccc(S(=O)(=O)N=S(C)(C)=O)cc1,c1ccccc1,168.0
O=Cc1ccccc1O,c1ccccc1,-7.0
N/N=C/c1ccccc1O,c1ccccc1,97.0
O/N=C/c1ccccc1O,c1ccccc1,57.0
NC(=O)c1ccccc1O,c1ccccc1,140.0
O=C(Nc1ccccc1)c1ccccc1O,O=C(Nc1ccccc1)c1ccccc1,137.0
O=C(O)c1ccccc1O,c1ccccc1,159.0
Oc1ccccc1C=Nc1ccccc1,C(=Nc1ccccc1)c1ccccc1,50.0
O=C(Oc1ccccc1C(=O)O)c1ccccc1O,O=C(Oc1ccccc1)c1ccccc1,135.0
CN1CC(=O)N(C)CC1=O,O=C1CNC(=O)CN1,145.0
O=C(O)CCCCCCCCC(=O)O,,133.0
N#CCCCCCCCCC#N,,6.0
O=C(Cl)CCCCCCCCC(=O)Cl,,-5.0
CCC(C)OC(C)=O,,-99.0
CCC(C)c1ccccc1,c1ccccc1,-75.0
Oc1ccc2c(c1)OCO2,c1ccc2c(c1)OCO2,63.0
O=C(O)C1=C[C@@H](O)[C@@H](O)[C@H](O)C1,C1=CCCCC1,186.0
CC1(C)OCC(CO)O1,C1COCO1,-27.0
C/C=C/C=C/C(=O)O,,134.0
CCCCCCCCCCCCCCCCCC(=O)OC[C@@H](O)[C@H]1OC[C@H](O)[C@H]1O,C1CCOC1,55.0
NCCCCNCCCN,,24.0
NCCCNCCCCNCCCN,,29.0
CC(C)CCCC(C)CCCC(C)CCCCC(C)CCCC(C)CCCC(C)C,,-38.0
CC(C)=CCC/C(C)=C/CC/C(C)=C/CC/C=C(\C)CC/C=C(\C)CCC=C(C)C,,-75.0
CCCCCCCCCCCCCCCCCC(=O)O,,71.0
CCCCCCCCCCCCCCCCCC(=O)NN,,115.0
C=Cc1ccccc1,c1ccccc1,-31.0
O=C(O)CCCCCCC(=O)O,,143.0
NC(=O)CCC(=O)O,,155.0
O=C(O)CCC(=O)O,,187.0
O=C1CCC(=O)O1,O=C1CCC(=O)O1,120.0
O=C1CCC(=O)N1,O=C1CCC(=O)N1,124.0
N#CCCC#N,,54.0
O=C(Cl)CCC(=O)Cl,,17.0
OC[C@H]1O[C@@](CO)(O[C@H]2O[C@H](CO)[C@@H](O)[C@H](O)[C@H]2O)[C@@H](O)[C@@H]1O,C1CCC(OC2CCCO2)OC1,188.0
CC(=O)NS(=O)(=O)c1ccc(N)cc1,c1ccccc1,183.0
Nc1ccc(S(=O)(=O)Nc2ncccn2)cc1,O=S(=O)(Nc1ncccn1)c1ccccc1,255.0
Cc1ccnc(NS(=O)(=O)c2ccc(N)cc2)n1,O=S(=O)(Nc1ncccn1)c1ccccc1,236.0
Cc1cc(C)nc(NS(=O)(=O)c2ccc(N)cc2)n1,O=S(=O)(Nc1ncccn1)c1ccccc1,200.0
NS(N)(=O)=O,,92.0
Nc1ccc(S(N)(=O)=O)cc1,c1ccccc1,166.0
Nc1ccc(S(=O)(=O)O)cc1,c1ccccc1,365.0
Nc1ccc(S(=O)(=O)Nc2nccs2)cc1,O=S(=O)(Nc1nccs1)c1ccccc1,202.0
O=S1(=O)CCCC1,O=S1(=O)CCCC1,27.0
COc1cc(C=O)cc(OC)c1O,c1ccccc1,112.0
COc1cc(C(=O)O)cc(OC)c1O,c1ccccc1,207.0
O=Cc1ccc(C=O)cc1,c1ccccc1,116.0
O=C(O)c1ccc(C(=O)OCCBr)cc1,c1ccccc1,173.0
N#Cc1ccc(C#N)cc1,c1ccccc1,226.0
O=C(Cl)c1ccc(C(=O)Cl)cc1,c1ccccc1,81.0
CC(C)(C)OC(=N)C(Cl)(Cl)Cl,,21.0
CC(=O)OC(C)(C)C,,-62.0
CC(=O)CC(=O)OC(C)(C)C,,-38.0
C=CC(=O)OC(C)(C)C,,-69.0
CC(C)(C)O,,25.0
CC(C)(C)Br,,-20.0
CC(C)(C)OC(N)=O,,108.0
CC(C)(C)OC(=O)NN,,39.0
CC(C)(C)Cl,,-26.0
CCOC(C)(C)C,,-94.0
CC(C)(C)N=C=S,,10.0
COC(C)(C)C,,-109.0
C=CCNC(=O)OC(C)(C)C,,37.0
CC(C)(C)OOC(=O)c1ccccc1,c1ccccc1,7.0
CC(C)(C)N,,-67.0
CC(C)(C)c1ccccc1,c1ccccc1,-58.0
CC(C)(C)C1CCCCC1,C1CCCCC1,-41.0
CC(C)(C)P(Cl)Cl,,47.0
CC(C)(C)S(=O)(=O)CC#N,,143.0
O=P(OCc1ccccc1)(OCc1ccccc1)OP(=O)(OCc1ccccc1)OCc1ccccc1,O=P(OCc1ccccc1)(OCc1ccccc1)OP(=O)(OCc1ccccc1)OCc1ccccc1,61.0
Oc1c(O)c(Br)c(Br)c(Br)c1Br,c1ccccc1,191.0
Oc1c(Br)c(Br)c(O)c(Br)c1Br,c1ccccc1,244.0
Brc1sc(Br)c(Br)c1Br,c1ccsc1,115.0
ClC(Cl)=C(Cl)Cl,,-22.0
O=C1OC(=O)c2c(Cl)c(Cl)c(Cl)c(Cl)c21,O=C1OC(=O)c2ccccc21,256.0
Clc1sc(Cl)c(Cl)c1Cl,c1ccsc1,28.0
N#CC(C#N)=C(C#N)C#N,,198.0
CCCCCCCCCCCCCC(=O)O,,55.0
CCCCCCCCCCCCCC#N,,19.0
OCCOCCOCCOCCO,,-4.0
COCCOCCOCCOCCOC,,-30.0
CCN(CC)C(=S)SSC(=S)N(CC)CC,,71.0
N#Cc1c(F)c(F)c(F)c(C#N)c1F,c1ccccc1,77.0
O=C(O)c1c(F)c(F)c(F)c(F)c1C(=O)O,c1ccccc1,156.0
O=C(O)C(F)(F)C(F)(F)C(=O)O,,115.0
O=C1CCSCC1,O=C1CCSCC1,62.0
C1CCOC1,C1CCOC1,-108.0
C1CCOCC1,C1CCOCC1,-49.0
C1CCSC1,C1CCSC1,-96.0
CC(C)OP(=O)(CCP(=O)(OC(C)C)OC(C)C)OC(C)C,,36.0
CC1(C)C(=O)C(C)(C)C1=O,O=C1CC(=O)C1,114.0
CC(C)=C(C)C,,-75.0
CN(C)C(=S)SSC(=S)N(C)C,,150.0
CN(C)C(=O)N(C)C,,-1.0
O=C1C(c2ccccc2)=C(c2ccccc2)C(c2ccccc2)=C1c1ccccc1,O=C1C(c2ccccc2)=C(c2ccccc2)C(c2ccccc2)=C1c1ccccc1,218.0
c1ccc(C(=C(c2ccccc2)c2ccccc2)c2ccccc2)cc1,c1ccc(C(=C(c2ccccc2)c2ccccc2)c2ccccc2)cc1,224.0
c1ccc(C(c2ccccc2)(c2ccccc2)c2ccccc2)cc1,c1ccc(C(c2ccccc2)(c2ccccc2)c2ccccc2)cc1,283.0
c1ccc(N=P(c2ccccc2)(c2ccccc2)c2ccccc2)cc1,c1ccc(N=P(c2ccccc2)(c2ccccc2)c2ccccc2)cc1,130.0
c1ccc(-c2sc(-c3ccccc3)c(-c3ccccc3)c2-c2ccccc2)cc1,c1ccc(-c2sc(-c3ccccc3)c(-c3ccccc3)c2-c2ccccc2)cc1,182.0
CCCCCCCCCCCCCCCCCCCCCCCCCCCCCCCCCCCCCCCCCCCC,,88.0
C1=CSC(=C2SC=CS2)S1,C1=CSC(=C2SC=CS2)S1,118.0
Cn1cnc2c1c(=O)[nH]c(=O)n2C,O=c1[nH]c(=O)c2[nH]cnc2[nH]1,348.0
Cn1c(=O)c2c(ncn2CC(=O)O)n(C)c1=O,O=c1[nH]c(=O)c2[nH]cnc2[nH]1,270.0
c1cscn1,c1cscn1,-33.0
c1cc2sccc2s1,c1cc2sccc2s1,56.0
CC(N)=S,,112.0
CC(=O)S,,-17.0
NC(=S)c1ccccc1,c1ccccc1,116.0
O=C(S)c1ccccc1,c1ccccc1,17.0
O=C(O)C(O)SC(O)C(=O)O,,129.0
O=C(O)C(O)SC(O)C(=O)OC(=O)C(O)SC(O)C(=O)O,,98.0
[O-][S+](Br)Br,,-52.0
[O-][S+](Cl)Cl,,-105.0
c1ccsc1,c1ccsc1,-38.0
O=C(O)c1ccc(C(=O)O)s1,c1ccsc1,358.0
ON=Cc1cccs1,c1ccsc1,134.0
NC(=O)c1cccs1,c1ccsc1,181.0
O=C(O)c1cccs1,c1ccsc1,128.0
O=C(OC(=O)c1cccs1)c1cccs1,O=C(OC(=O)c1cccs1)c1cccs1,60.0
NNC(=O)c1cccs1,c1ccsc1,139.0
O=S(=O)(Cl)c1cccs1,c1ccsc1,30.0
N#CCS(=O)(=O)c1cccs1,c1ccsc1,84.0
NC(=S)c1cccs1,c1ccsc1,108.0
NNC(=O)Cc1ccsc1,c1ccsc1,86.0
ON=Cc1ccsc1,c1ccsc1,122.0
O=C(O)c1ccsc1,c1ccsc1,139.0
Sc1ccccc1,c1ccccc1,-15.0
O=C(S)c1ccccc1O,c1ccccc1,167.0
NC(N)=S,,177.0
O=c1c2ccccc2sc2ccccc12,O=c1c2ccccc2sc2ccccc12,212.0
Cc1cn([C@H]2C[C@H](O)[C@@H](CO)O2)c(=O)[nH]c1=O,O=c1ccn(C2CCCO2)c(=O)[nH]1,188.0
Cc1c[nH]c(=O)[nH]c1=O,O=c1cc[nH]c(=O)[nH]1,317.0
Cc1ccc(C(C)C)c(O)c1,c1ccccc1,51.0
Cc1cc(O)c(C(C)C)cc1C1(c2cc(C(C)C)c(O)cc2C)OC(=O)c2ccccc21,O=C1OC(c2ccccc2)(c2ccccc2)c2ccccc21,252.0
C/C=C(\C)C(=O)O,,64.0
CCCCNC(=O)NS(=O)(=O)c1ccc(C)cc1,c1ccccc1,129.0
Cc1ccccc1,c1ccccc1,-93.0
Cc1ccc(N=C=O)cc1N=C=O,c1ccccc1,21.0
Cc1c(N=C=O)cccc1N=C=O,c1ccccc1,13.0
C/C=C/C=C/CO,,31.0
O=C(O)[C@H]1CCCC[C@@H]1C(=O)O,C1CCCCC1,221.0
O[C@H]1CCCC[C@@H]1O,C1CCCCC1,104.0
COc1ccc(/C=C/C(=O)O)c(OC)c1OC,c1ccccc1,174.0
OC/C(Br)=C(\Br)CO,,113.0
O=C(O)/C=C/c1ccc(Cl)cc1Cl,c1ccccc1,234.0
O=C(O)/C=C/c1ccc(F)cc1F,c1ccccc1,217.0
C[C@@H]1CN[C@@H](C)CN1,C1CNCCN1,117.0
O=C(O)/C=C/c1ccccc1Br,c1ccccc1,218.0
O[C@H]1CCCC[C@@H]1F,C1CCCCC1,21.0
C/C=C/CCC,,-99.0
CCC/C=C/C(=O)O,,33.0
COc1ccccc1/C=C/C(=O)O,c1ccccc1,185.0
O=C(O)/C=C/c1ccccc1[N+](=O)[O-],c1ccccc1,247.0
C/C=C/CCCCC,,-88.0
C/C=C/CC,,-136.0
CC/C=C/C(=O)O,,9.0
O=C(Cl)/C=C/c1cccc(C(F)(F)F)c1,c1ccccc1,30.0
O=C(O)/C=C/c1cccc(Br)c1,c1ccccc1,180.0
CCOc1cccc(/C=C/C(=O)O)c1,c1ccccc1,133.0
O=C(O)/C=C/c1cccc(F)c1,c1ccccc1,167.0
CC/C=C/CC,,-113.0
CC/C=C/CC(=O)O,,11.0
O=C(O)/C=C/c1cccc(O)c1,c1ccccc1,194.0
O=C(O)/C=C/c1ccc(C(F)(F)F)cc1,c1ccccc1,232.0
N[C@H]1CC[C@H](O)CC1,C1CCCCC1,112.0
CC[C@H]1CC[C@H](C(=O)O)CC1,C1CCCCC1,50.0
COc1cc(/C=C/C(=O)O)ccc1O,c1ccccc1,173.0
COc1ccc(/C=C/C=O)cc1,c1ccccc1,58.0
COc1ccc(/C=C/C(=O)O)cc1,c1ccccc1,173.0
C[C@H]1CC[C@H](C(=O)O)CC1,C1CCCCC1,110.0
CCCCC[C@H]1CC[C@H](C(=O)O)CC1,C1CCCCC1,54.0
CCC(C)(C)[C@H]1CC[C@H](O)CC1,C1CCCCC1,26.0
C/C=C/c1ccc(OC)cc1,c1ccccc1,22.0
O=C(/C=C/c1ccccc1)c1ccccc1,O=C(C=Cc1ccccc1)c1ccccc1,56.0
O=C/C=C/c1ccccc1,c1ccccc1,-8.0
O=C(O)/C=C/c1ccccc1,c1ccccc1,135.0
N#C/C=C/c1ccccc1,c1ccccc1,19.0
O=C(Cl)/C=C/c1ccccc1,c1ccccc1,36.0
C/C=C/C(=O)O,,72.0
C(=C/c1ccccc1)\c1ccccc1,C(=Cc1ccccc1)c1ccccc1,124.0
c1ccc2c(P(c3cccc4ccccc34)c3cccc4ccccc34)cccc2c1,c1ccc2c(P(c3cccc4ccccc34)c3cccc4ccccc34)cccc2c1,267.0
c1coc(P(c2ccco2)c2ccco2)c1,c1coc(P(c2ccco2)c2ccco2)c1,62.0
O=P(N1CCOCC1)(N1CCOCC1)N1CCOCC1,O=P(N1CCOCC1)(N1CCOCC1)N1CCOCC1,190.0
Cc1cccc(P(c2cccc(C)c2)c2cccc(C)c2)c1,c1ccc(P(c2ccccc2)c2ccccc2)cc1,100.0
Cc1ccccc1P(c1ccccc1C)c1ccccc1C,c1ccc(P(c2ccccc2)c2ccccc2)cc1,125.0
Cc1ccc(P(c2ccc(C)cc2)c2ccc(C)cc2)cc1,c1ccc(P(c2ccccc2)c2ccccc2)cc1,145.0
C=CCN(CC=C)CC=C,,-70.0
c1ccc(CN(Cc2ccccc2)Cc2ccccc2)cc1,c1ccc(CN(Cc2ccccc2)Cc2ccccc2)cc1,93.0
c1ccc(CP(Cc2ccccc2)Cc2ccccc2)cc1,c1ccc(CP(Cc2ccccc2)Cc2ccccc2)cc1,96.0
O=C(O)C(Br)(Br)Br,,132.0
FC(Br)(Br)Br,,-74.0
O=C(O)CC(CC(=O)O)C(=O)O,,160.0
O=C(O)C(Cl)(Cl)Cl,,56.0
N#CC(Cl)(Cl)Cl,,-44.0
O=C(Cl)C(Cl)(Cl)Cl,,-146.0
O=C(O)C(Cl)=C(Cl)Cl,,73.0
ClC=C(Cl)Cl,,-85.0
O=C(Cl)OC(Cl)(Cl)Cl,,-57.0
C1CCC(P(C2CCCCC2)C2CCCCC2)CC1,C1CCC(P(C2CCCCC2)C2CCCCC2)CC1,77.0
O=P(C1CCCCC1)(C1CCCCC1)C1CCCCC1,O=P(C1CCCCC1)(C1CCCCC1)C1CCCCC1,156.0
OCCN(CCO)CCO,,20.0
CCOC(=O)c1cc(C(=O)OCC)cc(C(=O)OCC)c1,c1ccccc1,134.0
CCOC(=O)CC(O)(CC(=O)OCC)C(=O)OCC,,-55.0
CCOC(=O)C(C(=O)OCC)C(=O)OCC,,28.0
CCOC(OCC)OCC,,-61.0
CCOP(OCC)OCC,,-112.0
CCN(CC)CC,,-115.0
OCCOCCOCCO,,-7.0
CC(=O)OCCOCCOCCOC(C)=O,,-50.0
COCCOCCOCCOC,,-45.0
NCCNCCNCCN,,-35.0
CCP(=O)(CC)CC,,49.0
CCP(=S)(CC)CC,,95.0
O=C(O)C(F)(F)F,,-15.0
O=C(OC(=O)C(F)(F)F)C(F)(F)F,,-65.0
NS(=O)(=O)C(F)(F)F,,118.0
O=S(=O)(O)C(F)(F)F,,-40.0
O=S(=O)(OS(=O)(=O)C(F)(F)F)C(F)(F)F,,-80.0
O=C(Cl)c1ccc2c(c1)C(=O)OC2=O,O=C1OC(=O)c2ccccc21,68.0
Cc1cc(C)c(P(c2c(C)cc(C)cc2C)c2c(C)cc(C)cc2C)c(C)c1,c1ccc(P(c2ccccc2)c2ccccc2)cc1,187.0
COC(=O)c1ccc(C(=O)OC)c(C(=O)OC)c1,c1ccccc1,39.0
COC(=O)c1cc(C(=O)OC)cc(C(=O)OC)c1,c1ccccc1,146.0
COC(OC)OC,,-53.0
COP(=O)(OC)OC,,-46.0
COP(OC)OC,,-78.0
CC(C)(C)C=O,,6.0
CC(C)(C)C(=O)O,,33.0
CC(C)(C)C#N,,17.0
CC(C)(C)C(=O)Cl,,-57.0
CC(C)(C)C(=O)CC#N,,68.0
C1COC1,C1COC1,-97.0
CP(C)(C)=O,,141.0
CP(C)(C)=S,,156.0
CCCCOC(=O)CC(O)(CC(=O)OCCCC)C(=O)OCCCC,,-20.0
CCCCOP(=O)(OCCCC)OCCCC,,-80.0
CCCCOP(OCCCC)OCCCC,,-80.0
CCCCP(CCCC)CCCC,,-65.0
CCCCP(=O)(CCCC)CCCC,,67.0
CCCCCCCCCCCCN(CCCCCCCCCCCC)CCCCCCCCCCCC,,15.0
CCCCCCCCN(CCCCCCCC)CCCCCCCC,,-39.0
CCCCCCCCP(=O)(CCCCCCCC)CCCCCCCC,,55.0
CCCN(CCC)CCC,,-93.0
O=P(Oc1ccccc1)(Oc1ccccc1)Oc1ccccc1,O=P(Oc1ccccc1)(Oc1ccccc1)Oc1ccccc1,50.0
c1ccc(OP(Oc2ccccc2)Oc2ccccc2)cc1,c1ccc(OP(Oc2ccccc2)Oc2ccccc2)cc1,23.0
N#CC(=C(c1ccccc1)c1ccccc1)c1ccccc1,C(=C(c1ccccc1)c1ccccc1)c1ccccc1,166.0
c1ccc(N(c2ccccc2)c2ccccc2)cc1,c1ccc(N(c2ccccc2)c2ccccc2)cc1,127.0
c1ccc2c(c1)c1ccccc1c1ccccc21,c1ccc2c(c1)c1ccccc1c1ccccc21,197.0
c1ccc(C(c2ccccc2)c2ccccc2)cc1,c1ccc(C(c2ccccc2)c2ccccc2)cc1,93.0
OC(c1ccccc1)(c1ccccc1)c1ccccc1,c1ccc(C(c2ccccc2)c2ccccc2)cc1,163.0
S=C=NC(c1ccccc1)(c1ccccc1)c1ccccc1,c1ccc(C(c2ccccc2)c2ccccc2)cc1,135.0
SC(c1ccccc1)(c1ccccc1)c1ccccc1,c1ccc(C(c2ccccc2)c2ccccc2)cc1,106.0
c1ccc(P(c2ccccc2)c2ccccc2)cc1,c1ccc(P(c2ccccc2)c2ccccc2)cc1,80.0
O=P(c1ccccc1)(c1ccccc1)c1ccccc1,O=P(c1ccccc1)(c1ccccc1)c1ccccc1,156.0
S=P(c1ccccc1)(c1ccccc1)c1ccccc1,S=P(c1ccccc1)(c1ccccc1)c1ccccc1,161.0
O=C(OC(Cl)(Cl)Cl)OC(Cl)(Cl)Cl,,84.0
COc1cccc(OC)c1P(c1c(OC)cccc1OC)c1c(OC)cccc1OC,c1ccc(P(c2ccccc2)c2ccccc2)cc1,146.0
N#CCCP(CCC#N)CCC#N,,98.0
COc1ccccc1P(c1ccccc1OC)c1ccccc1OC,c1ccc(P(c2ccccc2)c2ccccc2)cc1,200.0
c1csc(P(c2cccs2)c2cccs2)c1,c1csc(P(c2cccs2)c2cccs2)c1,29.0
Clc1cccc(P(c2cccc(Cl)c2)c2cccc(Cl)c2)c1,c1ccc(P(c2ccccc2)c2ccccc2)cc1,65.0
Fc1cccc(P(c2cccc(F)c2)c2cccc(F)c2)c1,c1ccc(P(c2ccccc2)c2ccccc2)cc1,62.0
COc1cccc(P(c2cccc(OC)c2)c2cccc(OC)c2)c1,c1ccc(P(c2ccccc2)c2ccccc2)cc1,114.0
Clc1ccc(P(c2ccc(Cl)cc2)c2ccc(Cl)cc2)cc1,c1ccc(P(c2ccccc2)c2ccccc2)cc1,103.0
Fc1ccc(P(c2ccc(F)cc2)c2ccc(F)cc2)cc1,c1ccc(P(c2ccccc2)c2ccccc2)cc1,80.0
COc1ccc(P(c2ccc(OC)cc2)c2ccc(OC)cc2)cc1,c1ccc(P(c2ccccc2)c2ccccc2)cc1,131.0
NC(CO)(CO)CO,,172.0
Fc1c(F)c(F)c(P(c2c(F)c(F)c(F)c(F)c2F)c2c(F)c(F)c(F)c(F)c2F)c(F)c1F,c1ccc(P(c2ccccc2)c2ccccc2)cc1,117.0
FC(F)(F)c1cc(P(c2cc(C(F)(F)F)cc(C(F)(F)F)c2)c2cc(C(F)(F)F)cc(C(F)(F)F)c2)cc(C(F)(F)F)c1,c1ccc(P(c2ccccc2)c2ccccc2)cc1,100.0
FC(F)(F)c1ccc(P(c2ccc(C(F)(F)F)cc2)c2ccc(C(F)(F)F)cc2)cc1,c1ccc(P(c2ccccc2)c2ccccc2)cc1,74.0
CC(C)(C)P(C(C)(C)C)C(C)(C)C,,30.0
NC(c1ccccc1)(c1ccccc1)c1ccccc1,c1ccc(C(c2ccccc2)c2ccccc2)cc1,102.0
CN1[C@@H]2CC[C@H]1C[C@@H](O)C2,C1CC2CCC(C1)N2,63.0
CN1[C@@H]2CC[C@H]1CC(=O)C2,O=C1CC2CCC(C1)N2,42.0
O=c1cccccc1O,O=c1cccccc1,53.0
NCCc1c[nH]c2ccccc12,c1ccc2[nH]ccc2c1,114.0
OCCc1c[nH]c2ccccc12,c1ccc2[nH]ccc2c1,58.0
CCCCCCCCCCC=O,,-2.0
CCCCCCCCCCC(=O)O,,28.0
O=c1cc[nH]c(=O)[nH]1,O=c1cc[nH]c(=O)[nH]1,330.0
NC(N)=O,,134.0
O=c1ccn([C@@H]2O[C@H](CO)[C@@H](O)[C@H]2O)c(=O)[nH]1,O=c1ccn(C2CCCO2)c(=O)[nH]1,168.0
C[C@H](CCC(=O)O)[C@H]1CC[C@H]2[C@@H]3[C@@H](O)C[C@@H]4C[C@H](O)CC[C@]4(C)[C@H]3CC[C@]12C,C1CCC2C(C1)CCC1C3CCCC3CCC21,203.0
CCCCC=O,,-92.0
CCCCC(N)=O,,103.0
CCCCC(=O)O,,-34.0
CCCCC(=O)NN,,60.0
CCCCC#N,,-96.0
CCCCC(=O)c1ccccc1,c1ccccc1,-9.0
CCCCC(=O)Cl,,-110.0
COc1cc(C(=O)O)ccc1O,c1ccccc1,214.0
COc1cc(C(=O)NN)ccc1O,c1ccccc1,211.0
COc1cc(C=O)ccc1O,c1ccccc1,82.0
COc1ccc(C=O)cc1OC,c1ccccc1,44.0
COc1ccccc1OC,c1ccccc1,22.0
C=COC(C)=O,,-100.0
C=COC(=O)CC,,-80.0
C=CCC(=O)O,,-39.0
O=C(O)OC=COC(=O)O,,21.0
C=C1CC[C@H](O)CC1=CC=C1CCC[C@]2(C)[C@@H]([C@H](C)CCCC(C)C)CC[C@@H]12,C=C1CCCCC1=CC=C1CCCC2CCCC12,85.0
CC(=O)Oc1c(C)c(C)c2c(c1C)CC[C@@](C)(CCC[C@H](C)CCC[C@H](C)CCCC(C)C)O2,c1ccc2c(c1)CCCO2,-28.0
CC1=C(C/C=C(\C)CCC[C@H](C)CCC[C@H](C)CCCC(C)C)C(=O)c2ccccc2C1=O,O=C1C=CC(=O)c2ccccc21,-20.0
NC(=O)C1c2ccccc2Oc2ccccc21,c1ccc2c(c1)Cc1ccccc1O2,245.0
O=c1c2ccccc2oc2ccccc12,O=c1c2ccccc2oc2ccccc12,176.0
OC1c2ccccc2Oc2ccccc21,c1ccc2c(c1)Cc1ccccc1O2,124.0
OC[C@@H](O)[C@H](O)[C@@H](O)CO,,94.0
CCCC(=O)Nc1ccc(OCC(O)CNC(C)C)c(C(C)=O)c1,c1ccccc1,119.0
CCC(Br)(CC)C(=O)NC(=O)NC(C)=O,,109.0
O=C(O)COC(=O)Cc1ccccc1Nc1c(Cl)cccc1Cl,c1ccc(Nc2ccccc2)cc1,149.0
CC(=O)Nc1ccc(S(=O)(=O)c2ccc(NC(C)=O)cc2)cc1,O=S(=O)(c1ccccc1)c1ccccc1,289.0
Nc1ccc(S(=O)(=O)c2ccc(NCC(=O)O)cc2)cc1,O=S(=O)(c1ccccc1)c1ccccc1,194.0
CC(=O)NC(CCC(N)=O)C(=O)O,,197.0
COc1ccc2c(c1)c(CC(=O)OCC(=O)O)c(C)n2C(=O)c1ccc(Cl)cc1,O=C(c1ccccc1)n1ccc2ccccc21,150.0
CC(=O)Nc1ccc(OC(=O)c2ccccc2O)cc1,O=C(Oc1ccccc1)c1ccccc1,187.0
CC(=O)SCC(Cc1ccccc1)C(=O)NCC(=O)OCc1ccccc1,O=C(CCc1ccccc1)NCC(=O)OCc1ccccc1,89.0
CCC(C(=O)NC(=O)NC(C)=O)c1ccccc1,c1ccccc1,100.0
Nc1nc2c(ncn2COCCO)c(=O)[nH]1,O=c1[nH]cnc2[nH]cnc12,255.0
CC1(c2ccccc2)OC(C(=O)O)=CC1=O,O=C1C=COC1c1ccccc1,176.0
COc1cc(C)c(C=CC(C)=CC=CC(C)=CC(=O)O)c(C)c1C,c1ccccc1,228.0
O=C(C[S+]([O-])C(c1ccccc1)c1ccccc1)NO,c1ccc(Cc2ccccc2)cc1,159.0
CN(C)CC(=O)N1c2ccccc2Sc2ccccc21,c1ccc2c(c1)Nc1ccccc1S2,144.0
C=CCN1C(=O)C(CC(C)C)NC1=S,O=C1CNC(=S)N1,210.0
C=CCOc1ccc(CC(=O)O)cc1Cl,c1ccccc1,92.0
C=CCc1cc(OC)c(O)c(C(=O)NCCO)c1,c1ccccc1,95.0
C=CCN1CCCC1CNC(=O)c1cc2nn[nH]c2cc1OC,O=C(NCC1CCCN1)c1ccc2[nH]nnc2c1,139.0
CCCN(CCC)C(=O)Cc1c(-c2ccc(Cl)cc2)nc2ccc(Cl)cn12,c1ccc(-c2cn3ccccc3n2)cc1,140.0
CNCC(O)c1cccc(NS(C)(=O)=O)c1,c1ccccc1,159.0
NC1=NCC(c2ccccc2)O1,C1=NCC(c2ccccc2)O1,136.0
C=C(C)Cn1c(N)cc(=O)n(C)c1=O,O=c1cc[nH]c(=O)[nH]1,175.0
Nc1ccc(OCCCCCN2C(=O)c3ccccc3C2=O)cc1,O=C1c2ccccc2C(=O)N1CCCCCOc1ccccc1,113.0
CCOC(=O)C1(c2ccccc2)CCN(CCc2ccc(N)cc2)CC1,c1ccc(CCN2CCC(c3ccccc3)CC2)cc1,83.0
c1ccc(CN(CC2=NCCN2)c2ccccc2)cc1,c1ccc(CN(CC2=NCCN2)c2ccccc2)cc1,120.0
Nc1ncnc2c1ncn2Cc1c(F)cccc1Cl,c1ccc(Cn2cnc3cncnc32)cc1,245.0
CC(C)NCC(O)COc1ccc(CC(N)=O)cc1,c1ccccc1,146.0
CN1C2CCC1CC(OC(=O)C(CO)c1ccccc1)C2,O=C(Cc1ccccc1)OC1CC2CCC(C1)N2,114.0
OC(c1ccccc1)(c1ccccc1)C1CCNCC1,c1ccc(C(c2ccccc2)C2CCNCC2)cc1,160.0
CN1CCC(N(Cc2ccccc2)c2ccccc2)CC1,c1ccc(CN(c2ccccc2)C2CCNCC2)cc1,114.0
CCN(CC)CCOC(=O)C(O)(c1ccccc1)c1ccccc1,c1ccc(Cc2ccccc2)cc1,51.0
O=C(CCCN1CCC(n2c(=O)[nH]c3ccccc32)CC1)c1ccc(F)cc1,O=C(CCCN1CCC(n2c(=O)[nH]c3ccccc32)CC1)c1ccccc1,170.0
CCc1oc2ccccc2c1C(=O)c1ccc(O)cc1,O=C(c1ccccc1)c1coc2ccccc12,124.0
CN(C)CCCOc1nn(Cc2ccccc2)c2ccccc12,c1ccc(Cn2ncc3ccccc32)cc1,160.0
CC(C)(Oc1ccc(CCNC(=O)c2ccc(Cl)cc2)cc1)C(=O)O,O=C(NCCc1ccccc1)c1ccccc1,186.0
CCCCOc1ccc(CC(=O)NO)cc1,c1ccccc1,153.0
CCCCN1CCCCC1C(=O)Nc1c(C)cccc1C,O=C(Nc1ccccc1)C1CCCCN1,107.0
COC12CCC3(CC1C(C)(O)C(C)(C)C)C1Cc4ccc(O)c5c4C3(CCN1CC1CC1)C2O5,c1cc2c3c(c1)OC1C4CCC5(CC4)C(C2)N(CC2CC2)CCC315,209.0
O=C(NCc1ccccc1)OCCO,c1ccccc1,40.0
C=CCC1(CC(C)C)C(=O)NC(=O)NC1=O,O=C1CC(=O)NC(=O)N1,138.0
COc1cc(C(=O)NCCCCCC(=O)O)cc(OC)c1OC,c1ccccc1,121.0
NC(=O)N1c2ccccc2C=Cc2ccccc21,C1=Cc2ccccc2Nc2ccccc21,190.0
CNC(=O)Oc1cccc2ccccc12,c1ccc2ccccc2c1,142.0
CCCCNC(=O)NS(=O)(=O)c1ccc(N)cc1,c1ccccc1,144.0
CCCC(C)(COC(N)=O)COC(=O)NC(C)C,,92.0
NC(=O)CN1Cc2ccccc2OC1=O,O=C1NCc2ccccc2O1,203.0
CCN(CC)C(=O)Nc1ccc(OCC(O)CNC(C)(C)C)c(C(C)=O)c1,c1ccccc1,110.0
CN(C)CCC(O)(c1ccccc1)c1ccccc1Cl,c1ccc(Cc2ccccc2)cc1,120.0
Nc1ncnc(Nc2ccc(Cl)cc2)n1,c1ccc(Nc2ncncn2)cc1,233.0
CCN(CC)CCCC(C)Nc1ccnc2cc(Cl)ccc12,c1ccc2ncccc2c1,87.0
CNC(=NC#N)NCCSCc1nc[nH]c1C,c1c[nH]cn1,141.0
O=C(O)c1cn(C2CC2)c2cc(N3CCNCC3)c(F)cc2c1=O,O=c1ccn(C2CC2)c2cc(N3CCNCC3)ccc12,266.0
COc1cc(N)c(Cl)cc1C(=O)NC1CCN(Cc2ccccc2)CC1,O=C(NC1CCN(Cc2ccccc2)CC1)c1ccccc1,194.0
COc1ccc2c(C(=O)c3ccc(Cl)cc3)c(C)n(CC(=O)O)c2c1,O=C(c1ccccc1)c1c[nH]c2ccccc12,242.0
Clc1cccc(Cl)c1N=C1NCCN1,c1ccc(N=C2NCCN2)cc1,130.0
CC(C)(C)NCC(O)COc1cc(Cl)ccc1Cl,c1ccccc1,82.0
Clc1ccccc1C(c1ccccc1)(c1ccccc1)n1ccnc1,c1ccc(C(c2ccccc2)(c2ccccc2)n2ccnc2)cc1,147.0
Cc1ccccc1N1CCN(CCc2nnc3n2CCCC3)CC1,c1ccc(N2CCN(CCc3nnc4n3CCCC4)CC2)cc1,158.0
CC(C)Nc1cccnc1N1CCN(C(=O)c2cc3cc(NS(C)(=O)=O)ccc3[nH]2)CC1,O=C(c1cc2ccccc2[nH]1)N1CCN(c2ccccn2)CC1,226.0
Cc1cccc(Cc2c[nH]cn2)c1C,c1ccc(Cc2c[nH]cn2)cc1,114.0
CC(CN1CCOCC1)C(C(=O)N1CCCC1)(c1ccccc1)c1ccccc1,O=C(N1CCCC1)C(CCN1CCOCC1)(c1ccccc1)c1ccccc1,180.0
COc1ccc(Cc2cnc(N)nc2N)cc1OC,c1ccc(Cc2cncnc2)cc1,233.0
CN(C)CCN1C(=O)c2ccccc2N(C)c2ccccc21,O=C1Nc2ccccc2Nc2ccccc21,116.0
O=C(Cc1ccc(-c2ccccc2)cc1)Nc1ccccn1,O=C(Cc1ccc(-c2ccccc2)cc1)Nc1ccccn1,122.0
OCCN1CCCCC1C(c1ccccc1)c1ccccc1,c1ccc(C(c2ccccc2)C2CCCCN2)cc1,106.0
Clc1ccc(COC(Cn2ccnc2)c2ccc(Cl)cc2Cl)cc1,c1ccc(COC(Cn2ccnc2)c2ccccc2)cc1,87.0
O=C(O)CSCC(=O)NC1CCSC1=O,O=C1CCCS1,156.0
CCC1OC(=O)C(C)C(OC2CC(C)(OC)C(O)C(C)O2)C(C)C(OC2OC(C)CC(N(C)C)C2O)C(C)(O)CC(C)C(=O)C(C)C(O)C1(C)O,O=C1CCCCOC(=O)CC(OC2CCCCO2)CC(OC2CCCCO2)CCC1,135.0
C#CC1(O)CCC2C3CCc4cc(O)ccc4C3CCC21C,c1ccc2c(c1)CCC1C2CCC2CCCC21,141.0
CCNc1nsc2ccccc12,c1ccc2sncc2c1,78.0
NC(N)=Nc1nc(CSCCC(N)=NS(N)(=O)=O)cs1,c1cscn1,163.0
COCC(=O)Nc1cc(Sc2ccccc2)ccc1N=C(NC(=O)OC)NC(=O)OC,c1ccc(Sc2ccccc2)cc1,129.0
NC(=O)OCC(COC(N)=O)c1ccccc1,c1ccccc1,151.0
CCOC(=O)C1=C(C)NC(C)=C(C(=O)OC)C1c1cccc(Cl)c1Cl,C1=CC(c2ccccc2)C=CN1,145.0
c1ccc(C(CCN2CCCCC2)c2ccccc2)cc1,c1ccc(C(CCN2CCCCC2)c2ccccc2)cc1,41.0
CS(=O)(=O)c1ccc(C(O)C(CF)NC(=O)C(Cl)Cl)cc1,c1ccccc1,153.0
COc1ccccc1N1CCN(CCCC(=O)c2ccc(F)cc2)CC1,O=C(CCCN1CCN(c2ccccc2)CC1)c1ccccc1,68.0
CC1CCc2cc(F)cc3c(=O)c(C(=O)O)cn1c23,O=c1ccn2c3c(cccc13)CCC2,253.0
O=C1COC(c2ccc(C(F)(F)F)cc2)CN1,O=C1COC(c2ccccc2)CN1,116.0
CCOC(=O)Nc1ccc(NCc2ccc(F)cc2)nc1N,c1ccc(CNc2ccccn2)cc1,114.0
O=C1CN=C(c2ccccc2F)c2cc(Cl)ccc2N1CC1CC1,O=C1CN=C(c2ccccc2)c2ccccc2N1CC1CC1,118.0
CC(=NNC(=O)c1ccncc1)c1ccco1,O=C(NN=Cc1ccco1)c1ccncc1,199.0
Cc1ccc(C)c(OCCCC(C)(C)C(=O)O)c1,c1ccccc1,61.0
Cc1cc(C(=O)NCCc2ccc(S(=O)(=O)NC(=O)NN3CCCCCC3)cc2)no1,O=C(NN1CCCCCC1)NS(=O)(=O)c1ccc(CCNC(=O)c2ccon2)cc1,189.0
COCCOc1cnc(NS(=O)(=O)c2ccccc2)nc1,O=S(=O)(Nc1ncccn1)c1ccccc1,152.0
N=C(N)NCC1COc2ccccc2O1,c1ccc2c(c1)OCCO2,164.0
O=C(CCCN1CCC(O)(c2ccc(Cl)cc2)CC1)c1ccc(F)cc1,O=C(CCCN1CCC(c2ccccc2)CC1)c1ccccc1,148.0
O=C1CN2CCOC2(c2ccccc2F)c2cc(Br)ccc2N1,O=C1CN2CCOC2(c2ccccc2)c2ccccc2N1,185.0
NS(=O)(=O)c1cc2c(cc1C(F)(F)F)NCNS2(=O)=O,O=S1(=O)NCNc2ccccc21,272.0
Cc1c(F)cc2c(=O)c(C(=O)O)cn3c2c1CCC3C,O=c1ccn2c3c(cccc13)CCC2,269.0
CC(C(O)c1ccc(O)cc1)N1CCC(Cc2ccccc2)CC1,c1ccc(CCN2CCC(Cc3ccccc3)CC2)cc1,114.0
O=C(NC1CCN(CCc2c[nH]c3ccccc23)CC1)c1ccccc1,O=C(NC1CCN(CCc2c[nH]c3ccccc23)CC1)c1ccccc1,208.0
CCCCC1=NC2(CCCC2)C(=O)N1Cc1ccc(-c2ccccc2-c2nnn[nH]2)cc1,O=C1N(Cc2ccc(-c3ccccc3-c3nnn[nH]3)cc2)C=NC12CCCC2,180.0
CC(COc1ccccc1)NC(C)C(O)c1ccc(O)cc1,c1ccc(CCNCCOc2ccccc2)cc1,103.0
CCC(=O)C1(c2cccc(O)c2)CCN(C)CC1,c1ccc(C2CCNCC2)cc1,156.0
CC(C(=O)O)c1cccc(C(=O)c2ccccc2)c1,O=C(c1ccccc1)c1ccccc1,94.0
CCOC(=O)CSCCC1NC(C(=O)O)CS1,C1CSCN1,142.0
N#Cc1ccc(C(c2ccc(C#N)cc2)n2cncn2)cc1,c1ccc(C(c2ccccc2)n2cncn2)cc1,181.0
CC(Oc1c(Cl)cccc1Cl)C1=NCCN1,c1ccc(OCC2=NCCN2)cc1,126.0
O=C1Nc2ccc(Cl)cc2C(c2ccccc2Cl)=NC1O,O=C1CN=C(c2ccccc2)c2ccccc2N1,166.0
Clc1ccc(-c2nc3c4ccccc4ccn3n2)cc1,c1ccc(-c2nc3c4ccccc4ccn3n2)cc1,238.0
CCc1c(C)[nH]c2ccc(N(C)C)cc12,c1ccc2[nH]ccc2c1,100.0
C=C1CC2C3C=C(C)C4=CC(=O)CCC4(C)C3CCC2(C)C1(OC(C)=O)C(C)=O,C=C1CC2CCC3C4CCC(=O)C=C4C=CC3C2C1,224.0
Cc1cc(CCN2CCN(c3cccc(Cl)c3)CC2)n[nH]1,c1ccc(N2CCN(CCc3cc[nH]n3)CC2)cc1,106.0
CC(C)NCC(O)c1cc(O)cc(O)c1,c1ccccc1,100.0
C=C(C)CC1(CC)C(=O)NC(=S)NC1=O,O=C1CC(=O)NC(=S)N1,160.0
Cc1sc2ccccc2c1CC1=NCCN1,c1ccc2c(CC3=NCCN3)csc2c1,156.0
CCN(CC)CCNC(=O)c1cc(Cl)c(N)cc1OC,c1ccccc1,147.0
CS(=O)(=O)c1ccc2c(c1)N(CCCN1CCC(C(N)=O)CC1)c1ccccc1S2,c1ccc2c(c1)Sc1ccccc1N2CCCN1CCCCC1,170.0
NC(=O)C[S+]([O-])C(c1ccccc1)c1ccccc1,c1ccc(Cc2ccccc2)cc1,164.0
CCc1c(C)[nH]c2c1C(=O)C(CN1CCOCC1)CC2,O=C1c2cc[nH]c2CCC1CN1CCOCC1,180.0
Cc1ccc(C2(O)CCN(CCCC(=O)c3ccc(F)cc3)CC2)cc1,O=C(CCCN1CCC(c2ccccc2)CC1)c1ccccc1,118.0
Cc1c(CN2CCOC(c3ccccc3)C2C)c(=O)n(-c2ccccc2)n1C,O=c1c(CN2CCOC(c3ccccc3)C2)c[nH]n1-c1ccccc1,149.0
CCc1cc2cc(OC)c(OC)cc2c(Cc2ccccc2)n1,c1ccc(Cc2nccc3ccccc23)cc1,78.0
C#CC1(O)CCC2C3CCc4cc(O)ccc4C3C(OC)CC21C,c1ccc2c(c1)CCC1C2CCC2CCCC21,280.0
CC(C)(C)NCC(O)COc1cccc2c1CC(O)C(O)C2,c1ccc2c(c1)CCCC2,124.0
COc1ccc2cc(C(C)C(=O)O)ccc2c1,c1ccc2ccccc2c1,152.0
C=CCC(CC)(CC)C(N)=O,,75.0
CNC(=S)NCO,,88.0
COc1ccc2[nH]c([S+]([O-])Cc3ncc(C)c(OC)c3C)nc2c1,c1ccc(C[SH+]c2nc3ccccc3[nH]2)nc1,156.0
O=C1Nc2ccc(Cl)cc2C(c2ccccc2)=NC1O,O=C1CN=C(c2ccccc2)c2ccccc2N1,205.0
CCCOc1ccc2[nH]c(NC(=O)OC)nc2c1,c1ccc2[nH]cnc2c1,230.0
N#Cc1ccc2c(c1)N(CCCN1CCC(O)CC1)c1ccccc1S2,c1ccc2c(c1)Sc1ccccc1N2CCCN1CCCCC1,82.0
OCCN1CCN(CCCN2c3ccccc3Sc3ccc(Cl)cc32)CC1,c1ccc2c(c1)Sc1ccccc1N2CCCN1CCNCC1,94.0
C=CCC1(c2ccccc2)C(=O)NC(=O)NC1=O,O=C1NC(=O)C(c2ccccc2)C(=O)N1,156.0
CCN(CC)CCSC(=O)N(c1ccccc1)c1ccccc1,c1ccc(Nc2ccccc2)cc1,48.0
CN1CCC2=C(C1)C(c1ccccc1)c1ccccc12,c1ccc(C2C3=C(CCNC3)c3ccccc32)cc1,91.0
CCOc1ccc(NC(=O)CN)cc1,c1ccccc1,101.0
O=C1NN(c2ccccc2)C(=O)C1c1ccccc1,O=C1NN(c2ccccc2)C(=O)C1c1ccccc1,233.0
CC(C)NCC(O)COc1cccc2[nH]ccc12,c1ccc2[nH]ccc2c1,170.0
CCC1(CC)C(=O)CCNC1=O,O=C1CCNC(=O)C1,102.0
O=C(CCBr)N1CCN(C(=O)CCBr)CC1,C1CNCCN1,106.0
CS(=O)(=O)OCCC(=O)N1CCN(C(=O)CCOS(C)(=O)=O)CC1,C1CNCCN1,175.0
CCOC(=O)C=C1SC(N2CCCCC2)C(=O)N1CC,C=C1NC(=O)C(N2CCCCC2)S1,86.0
CN1C(C(=O)Nc2ccccn2)=C(O)c2ccccc2S1(=O)=O,O=C(Nc1ccccn1)C1=Cc2ccccc2S(=O)(=O)N1,198.0
COc1cc(C(=O)OCc2cccc(COC(=O)c3cc(OC)c(OC)c(OC)c3)n2)cc(OC)c1OC,O=C(OCc1cccc(COC(=O)c2ccccc2)n1)c1ccccc1,119.0
O=C(C1CCCCC1)N1CC(=O)N2CCc3ccccc3C2C1,O=C(C1CCCCC1)N1CC(=O)N2CCc3ccccc3C2C1,136.0
COc1cc2nc(N3CCN(C(=O)c4ccco4)CC3)nc(N)c2cc1OC,O=C(c1ccco1)N1CCN(c2ncc3ccccc3n2)CC1,285.0
OC(CCN1CCCCC1)(c1ccccc1)c1ccccc1,c1ccc(C(CCN2CCCCC2)c2ccccc2)cc1,120.0
CC(CN1c2ccccc2Sc2ccccc21)N(C)C,c1ccc2c(c1)Nc1ccccc1S2,60.0
C=C(Br)CC1(C(C)C)C(=O)NC(=O)NC1=O,O=C1CC(=O)NC(=O)N1,177.0
CCC(=O)OC(Cc1ccccc1)(c1ccccc1)C(C)CN(C)C,c1ccc(CCc2ccccc2)cc1,75.0
CC(C)NCC(O)COc1cccc2ccccc12,c1ccc2ccccc2c1,162.0
NC(=O)c1cnccn1,c1cnccn1,189.0
CNC(=C[N+](=O)[O-])NCCSCc1ccc(CN(C)C)o1,c1ccoc1,69.0
CC1=C(C)C(=O)C(C(CCCCCC(=O)O)c2ccccc2)=C(C)C1=O,O=C1C=CC(=O)C(Cc2ccccc2)=C1,128.0
Clc1ccc(C(Cn2ccnc2)OCc2csc3c(Cl)cccc23)c(Cl)c1,c1ccc(C(Cn2ccnc2)OCc2csc3ccccc23)cc1,146.0
O=C(CCCN1CCC2(CC1)C(=O)NCN2c1ccccc1)c1ccc(F)cc1,O=C(CCCN1CCC2(CC1)C(=O)NCN2c1ccccc1)c1ccccc1,190.0
Nc1ccc(S(=O)(=O)c2ccc(NC(=O)CCC(=O)O)cc2)cc1,O=S(=O)(c1ccccc1)c1ccccc1,157.0
CCN1CCCC1CNC(=O)c1cc(S(N)(=O)=O)ccc1OC,O=C(NCC1CCCN1)c1ccccc1,178.0
CCC(=C(c1ccccc1)c1ccc(OCCN(C)C)cc1)c1ccccc1,C(=C(c1ccccc1)c1ccccc1)c1ccccc1,96.0
O=S1(=O)CCN(CN2CCS(=O)(=O)NC2)CN1,O=S1(=O)CCN(CN2CCS(=O)(=O)NC2)CN1,154.0
Cn1c(=O)c2[nH]cnc2n(C)c1=O,O=c1[nH]c(=O)c2[nH]cnc2[nH]1,270.0
C=CCC1(C2C=CCCC2)C(=O)NC(=S)NC1=O,O=C1NC(=S)NC(=O)C1C1C=CCCC1,148.0
CN(C)C1=NC(=O)C(c2ccccc2)O1,O=C1N=COC1c1ccccc1,133.0
COc1ccc2c(C(=S)N(C)CC(=O)O)cccc2c1C(F)(F)F,c1ccc2ccccc2c1,164.0
CN(C)CCOc1ccc(C(=C(CCCl)c2ccccc2)c2ccccc2)cc1,C(=C(c1ccccc1)c1ccccc1)c1ccccc1,108.0
CCN(Cc1ccncc1)C(=O)C(CO)c1ccccc1,O=C(Cc1ccccc1)NCc1ccncc1,96.0
NCCc1ccc(O)cc1,c1ccccc1,164.0
COc1ccccc1N1CCN(CCCNc2cc(=O)n(C)c(=O)n2C)CC1,O=c1cc(NCCCN2CCN(c3ccccc3)CC2)[nH]c(=O)[nH]1,156.0
CCCCC(=O)N(Cc1ccc(-c2ccccc2-c2nnn[nH]2)cc1)C(C(=O)O)C(C)C,c1ccc(-c2ccccc2-c2nnn[nH]2)cc1,116.0
Nc1c2c(nc3ccccc13)CCCC2O,c1ccc2nc3c(cc2c1)CCCC3,245.0
C=CC1(C(C)CCC)C(=O)NC(=O)NC1=O,O=C1CC(=O)NC(=O)N1,90.0
CC(=O)CC(c1ccccc1)c1c(O)c2ccccc2oc1=O,O=c1oc2ccccc2cc1Cc1ccccc1,161.0
Cc1cccc(OCC(O)CNC(C)(C)C)c1C,c1ccccc1,57.0
COc1cc(C(=O)NS(=O)(=O)c2ccccc2C)ccc1Cc1cn(C)c2ccc(NC(=O)OC3CCCC3)cc12,O=C(Nc1ccc2[nH]cc(Cc3ccc(C(=O)NS(=O)(=O)c4ccccc4)cc3)c2c1)OC1CCCC1,138.0
COC(CN1CCN(CC(O)C(OC)c2ccccc2)CC1)c1ccccc1,c1ccc(CCCN2CCN(CCc3ccccc3)CC2)cc1,83.0
Cc1cc(CC(=O)O)n(C)c1C(=O)c1ccc(Cl)cc1,O=C(c1ccccc1)c1ccc[nH]1,178.0
O=C(O)Cc1nn(Cc2nc3cc(C(F)(F)F)ccc3s2)c(=O)c2ccccc12,O=c1c2ccccc2cnn1Cc1nc2ccccc2s1,197.0
Nc1nc2cc(Cl)ccc2o1,c1ccc2ocnc2c1,184.0
CC(=O)c1ccc(S(=O)(=O)NC(=O)NC2CCCCC2)cc1,O=C(NC1CCCCC1)NS(=O)(=O)c1ccccc1,188.0
CCC1(CCC(C)C)C(=O)NC(=O)NC1=O,O=C1CC(=O)NC(=O)N1,156.0
Nc1cccc(-n2ccccc2=O)c1,O=c1ccccn1-c1ccccc1,183.0
CC(Cc1ccccc1)NC(C#N)c1ccccc1,c1ccc(CCNCc2ccccc2)cc1,85.0
CCCC1C(=O)N2C(N(C)C)=Nc3ccc(C)cc3N2C1=O,O=C1CC(=O)N2c3ccccc3N=CN12,228.0
COc1ccc(CCN2CCC(Nc3nc4ccccc4n3Cc3ccc(F)cc3)CC2)cc1,c1ccc(CCN2CCC(Nc3nc4ccccc4n3Cc3ccccc3)CC2)cc1,149.0
CCCCNCC(O)c1ccc(O)cc1,c1ccccc1,124.0
O=C1CCC(c2ccccc2)(C2CCN(Cc3ccccc3)CC2)C(=O)N1,O=C1CCC(c2ccccc2)(C2CCN(Cc3ccccc3)CC2)C(=O)N1,156.0
CCOc1ccc(NC(=O)CC(C)O)cc1,c1ccccc1,160.0
NC(CN(Cc1ccccc1)c1ccccc1)=NO,c1ccc(CNc2ccccc2)cc1,107.0
COc1ccc(C(C)=CC(=O)O)c(OC)c1,c1ccccc1,149.0
Cn1c(=O)c2c(ncn2CC2OCCO2)n(C)c1=O,O=c1[nH]c(=O)c2c(ncn2CC2OCCO2)[nH]1,144.0
O=Cc1cccc2c1CCOC2=O,O=C1OCCc2ccccc21,140.0
CCN(CC)C(C)CN1c2ccccc2Sc2ccccc21,c1ccc2c(c1)Nc1ccccc1S2,53.0
N#Cc1ccc(C2CCCc3cncn32)cc1,c1ccc(C2CCCc3cncn32)cc1,117.0
CCC(=O)N(c1ccccc1)C1CCN(CCc2ccccc2)CC1,c1ccc(CCN2CCC(Nc3ccccc3)CC2)cc1,83.0
CC(C)(C(=O)O)c1ccc(C(O)CCCN2CCC(C(O)(c3ccccc3)c3ccccc3)CC2)cc1,c1ccc(CCCCN2CCC(C(c3ccccc3)c3ccccc3)CC2)cc1,142.0
Cc1ccc(S(=O)(=O)NC(=O)NC2C3CCC(C)(C2O)C3(C)C)cc1,O=C(NC1CC2CCC1C2)NS(=O)(=O)c1ccccc1,192.0
O=C1CN=C(c2ccccc2)c2cc(Cl)ccc2N1CC(F)(F)F,O=C1CN=C(c2ccccc2)c2ccccc2N1,164.0
CCC1(C2=CCCCCC2)C(=O)NC(=O)NC1=O,O=C1NC(=O)C(C2=CCCCCC2)C(=O)N1,174.0
CCN(CC)CCNc1ccc(CO)c2sc3ccccc3c(=O)c12,O=c1c2ccccc2sc2ccccc12,101.0
CC(C)Oc1ccc2c(=O)c(-c3ccccc3)coc2c1,O=c1c(-c2ccccc2)coc2ccccc12,115.0
O=C1c2ccccc2S(=O)(=O)N1CCCCN1CCN(c2ncccn2)CC1,O=C1c2ccccc2S(=O)(=O)N1CCCCN1CCN(c2ncccn2)CC1,137.0
O=C(O)CCCCC=C(c1ccccc1)c1cccnc1,C=C(c1ccccc1)c1cccnc1,114.0
OC1COC2C(O)COC12,C1CC2OCCC2O1,61.0
CC(=O)N1CCN(c2ccc(OCC3COC(Cn4ccnc4)(c4ccc(Cl)cc4Cl)O3)cc2)CC1,c1ccc(C2(Cn3ccnc3)OCC(COc3ccc(N4CCNCC4)cc3)O2)cc1,146.0
Cc1cccc(C)c1NC(=O)CN1CCN(CCCC(c2ccc(F)cc2)c2ccc(F)cc2)CC1,O=C(CN1CCN(CCCC(c2ccccc2)c2ccccc2)CC1)Nc1ccccc1,159.0
CCCCC(C)CC(O)C=CC1C(O)CC(=O)C1CCCCC=CC(=O)O,O=C1CCCC1,97.0
O=C(O)c1nn(Cc2ccc(Cl)cc2Cl)c2ccccc12,c1ccc(Cn2ncc3ccccc32)cc1,207.0
NCc1ccc(S(N)(=O)=O)cc1,c1ccccc1,151.0
CNCCCC12CCC(c3ccccc31)c1ccccc12,c1ccc2c(c1)C1CCC2c2ccccc21,92.0
CCC(C)C(C)(COC(N)=O)COC(N)=O,,77.0
Cc1nc2ccccc2c(=O)n1-c1ccccc1Cl,O=c1c2ccccc2ncn1-c1ccccc1,126.0
CCC1(c2ccccc2)NC(=O)N(C)C1=O,O=C1NC(=O)C(c2ccccc2)N1,136.0
CCC1(c2ccccc2)C(=O)NC(=O)N(C)C1=O,O=C1NC(=O)C(c2ccccc2)C(=O)N1,176.0
CCCC(C)(COC(N)=O)COC(N)=O,,104.0
CN1CCC(CN2c3ccccc3Sc3ccccc32)C1,c1ccc2c(c1)Sc1ccccc1N2CC1CCNC1,87.0
Cc1ccccc1N1C(=O)c2cc(S(N)(=O)=O)c(Cl)cc2NC1C,O=C1c2ccccc2NCN1c1ccccc1,252.0
COc1ccc2c(c1)c1c3n2CCN(C)C3=NCC1,c1ccc2c(c1)c1c3n2CCNC3=NCC1,164.0
CCOC(=O)Nc1ccc2c(c1)N(C(=O)CCN1CCOCC1)c1ccccc1S2,O=C(CCN1CCOCC1)N1c2ccccc2Sc2ccccc21,156.0
O=C(NCN1CCOCC1)c1cnccn1,O=C(NCN1CCOCC1)c1cnccn1,119.0
COc1ccc2cc(CCC(C)=O)ccc2c1,c1ccc2ccccc2c1,80.0
CN1Cc2c(N)cccc2C(c2ccccc2)C1,c1ccc(C2CNCc3ccccc32)cc1,179.0
Cc1nccn1CC1CCc2c(c3ccccc3n2C)C1=O,O=C1c2c([nH]c3ccccc23)CCC1Cn1ccnc1,231.0
O=C(O)CCc1nc(-c2ccccc2)c(-c2ccccc2)o1,c1ccc(-c2ncoc2-c2ccccc2)cc1,161.0
CC1CN2CC(=O)Nc3ccc(Cl)cc3C2(c2ccccc2)O1,O=C1CN2CCOC2(c2ccccc2)c2ccccc2N1,186.0
CC1COc2c(C3(N)CC3)c(F)cc3c(=O)c(C(=O)O)cn1c23,O=c1ccn2c3c(c(C4CC4)ccc13)OCC2,269.0
CC(C)(C)NCC(O)COc1ccccc1C1CCCC1,c1ccc(C2CCCC2)cc1,68.0
CCC(=O)C(CC(C)N1CCOCC1)(c1ccccc1)c1ccccc1,c1ccc(C(CCN2CCOCC2)c2ccccc2)cc1,75.0
Nc1ccc(N=Nc2ccccc2)c(N)n1,c1ccc(N=Nc2cccnc2)cc1,139.0
CC(C)(Oc1ccc(Cl)cc1)C(=O)NC(=O)NCN1CCOCC1,O=C(COc1ccccc1)NC(=O)NCN1CCOCC1,100.0
CCC1(c2ccccc2)C(=O)NCNC1=O,O=C1NCNC(=O)C1c1ccccc1,281.0
CCCN(CCC)C(=O)C(CCC(=O)O)NC(=O)c1ccccc1,c1ccccc1,142.0
CC(CN1C(=O)c2cccnc2Nc2ccccc21)N(C)C,O=C1Nc2ccccc2Nc2ncccc21,122.0
OC(C1=CC(=C(c2ccccn2)c2ccccn2)C=C1)(c1ccccn1)c1ccccn1,C1=CC(=C(c2ccccn2)c2ccccn2)C=C1C(c1ccccn1)c1ccccn1,147.0
CC(=O)NC(=O)c1ccccc1O,c1ccccc1,148.0
CCCc1ccc(OCC(=O)N2CCN(C(=O)COc3ccc(CCC)cc3OC)CC2)c(OC)c1,O=C(COc1ccccc1)N1CCN(C(=O)COc2ccccc2)CC1,128.0
CC(C)(C)NC(=O)C1CCC2CC34CCC(CC=C3C=C(O)C=O)C4CCC21C,C1=CC23CCC(C1)C2CCC1CCCC1C3,257.0
NS(=O)(=O)c1ccc(N2CCCCS2(=O)=O)cc1,O=S1(=O)CCCCN1c1ccccc1,180.0
CNS(=O)(=O)Cc1ccc2[nH]cc(CCN(C)C)c2c1,c1ccc2[nH]ccc2c1,169.0
CC(C)(C)NCC(O)c1cc(O)cc(O)c1,c1ccccc1,119.0
CC12CCC(=O)C=C1CCC1C2CCC2(C)C(O)CCC12,O=C1C=C2CCC3C4CCCC4CCC3C2CC1,153.0
CN1CCC(N(Cc2cccs2)c2ccccc2)CC1,c1ccc(N(Cc2cccs2)C2CCNCC2)cc1,95.0
CCCCS(=O)(=O)NC(Cc1ccc(OCCCCC2CCNCC2)cc1)C(=O)O,c1ccc(OCCCCC2CCNCC2)cc1,223.0
Cc1ccc(S(=O)(=O)NC(=O)NN2CCCCCC2)cc1,O=C(NN1CCCCCC1)NS(=O)(=O)c1ccccc1,170.0
Cc1cccc(N(C)C(=S)Oc2ccc3c(c2)CCC3)c1,S=C(Nc1ccccc1)Oc1ccc2c(c1)CCC2,94.0
Cc1cccc(Nc2ccncc2S(=O)(=O)NC(=O)NC(C)C)c1,c1ccc(Nc2ccncc2)cc1,163.0
CC(CN(C)C)CN1c2ccccc2CCc2ccccc21,c1ccc2c(c1)CCc1ccccc1N2,45.0
CC(C)(C)NCC(O)c1ccccc1Cl,c1ccccc1,89.0
CC(C)CC(NC(=O)C(O)C(N)Cc1ccccc1)C(=O)O,c1ccccc1,233.0
O=C(O)CN1CSC(=S)N(Cc2ccccc2)C1,S=C1SCNCN1Cc1ccccc1,152.0
CC(CCC(=O)O)C1CCC2C3C(O)CC4CC(O)CCC4(C)C3CCC12C,C1CCC2C(C1)CCC1C3CCCC3CCC21,203.0
CCC(C)C(CC)C(N)=O,,114.0
CC(CC(C(N)=O)(c1ccccc1)c1ccccn1)N(C)C,c1ccc(Cc2ccccn2)cc1,156.0
COc1ccc(C=NNC(=O)c2ccncc2)cc1OC,O=C(NN=Cc1ccccc1)c1ccncc1,189.0
C=CC(N)CCC(=O)O,,209.0
CCN1CCc2c3n(c4ccccc24)C(C(=O)OC)=CCC31,C1=Cn2c3c(c4ccccc42)CCNC3C1,120.0
CC(C(=O)O)c1ccc(C2CCCC(=NO)C2)cc1,N=C1CCCC(c2ccccc2)C1,178.0
Cc1cc(C(C)(C)C)cc(C)c1CC1=NCCN1,c1ccc(CC2=NCCN2)cc1,131.0
COC(=O)C1C(O)CCC2CN3CCc4c([nH]c5ccccc45)C3CC21,c1ccc2c3c([nH]c2c1)C1CC2CCCCC2CN1CC3,234.0
Cc1cn(C2CC(N=[N+]=[N-])C(CO)O2)c(=O)[nH]c1=O,O=c1ccn(C2CCCO2)c(=O)[nH]1,106.0
CC(c1cc2ccccc2s1)N(O)C(N)=O,c1ccc2sccc2c1,157.0
CS(=O)(=O)c1ccc(-c2cn3ccccc3n2)cc1,c1ccc(-c2cn3ccccc3n2)cc1,242.0
CN(C)CCOC1=Cc2ccccc2Sc2ccc(Cl)cc21,C1=Cc2ccccc2Sc2ccccc21,90.0
CC1=NN(c2ccccc2)C(=O)C1=Cc1ccccc1O,O=C1C(=Cc2ccccc2)C=NN1c1ccccc1,154.0
O=C1N=NC(=O)c2cc3c(cc21)CCC3,O=C1N=NC(=O)c2cc3c(cc21)CCC3,310.0
CCOC(=O)C1=Nc2cc3c(cc2=C1OC(C)=O)C(OC(C)=O)=C(C(=O)OCC)N=3,C1=Cc2cc3c(cc2=N1)N=CC=3,178.0
CC(=O)OC1=c2ccc([N+](=O)[O-])cc2=NC1=c1ccc(=C2N=c3cc([N+](=O)[O-])ccc3=C2OC(C)=O)cc1,C1=c2ccccc2=NC1=c1ccc(=C2C=c3ccccc3=N2)cc1,280.0
O=[N+]([O-])c1ccc2c(c1)=NC(=c1ccc(=C3N=c4cc([N+](=O)[O-])ccc4=C3O)cc1)C=2O,C1=c2ccccc2=NC1=c1ccc(=C2C=c3ccccc3=N2)cc1,360.0
c1ccc(C2=c3ccccc3=NC2=C2N=c3ccccc3=C2c2ccccc2)cc1,c1ccc(C2=c3ccccc3=NC2=C2N=c3ccccc3=C2c2ccccc2)cc1,227.0
CCOC(=O)C1=C(C)N=c2cc3c(cc21)=C(C(=O)OCC)C(C)=N3,C1=Cc2cc3c(cc2=N1)N=CC=3,342.0
COc1ccccc1C=C(C#N)c1nc2ccccc2s1,C(=Cc1nc2ccccc2s1)c1ccccc1,159.0
NC(N)=Nc1nc(CSCCC(N)=N[S+2](N)([O-])[O-])cs1,c1cscn1,163.0
CC(=NNc1ccc([N+](=O)[O-])cc1[N+](=O)[O-])c1ccccc1O,C(=NNc1ccccc1)c1ccccc1,259.0
CCOC(=O)C(Cc1ccccc1)(Cc1ccccc1)C(C)=O,c1ccc(CCCc2ccccc2)cc1,58.0
CCOC1Oc2ccc(C)cc2C(=O)C1=CNc1nc2ccc(Cl)cc2s1,O=C1C(=CNc2nc3ccccc3s2)COc2ccccc21,147.0
C(=C(Oc1ccccc1)c1nc2ccccc2s1)c1ccc2c(c1)OCO2,C(=C(Oc1ccccc1)c1nc2ccccc2s1)c1ccc2c(c1)OCO2,170.0
CC1=NNC(=O)C1=Cc1c(O)c2cccc(C)c2[nH]c1=O,O=C1NN=CC1=Cc1cc2ccccc2[nH]c1=O,242.0
COc1ccc(N=Nc2ccccc2)cc1,c1ccc(N=Nc2ccccc2)cc1,53.0
BrCc1ccc(CBr)cc1,c1ccccc1,142.0
CC(C)C1=C(O)C(=O)C2=C(C1=O)C(O)CC1C(C)(C)CCCC21C,O=C1C=CC(=O)C2=C1CCC1CCCCC21,174.0
CC1=CC(C)N=N1,C1=CN=NC1,108.0
CN1C(C(=O)Nc2ccccn2)=C(O)c2ccccc2[S+2]1([O-])[O-],O=C(Nc1ccccn1)C1=Cc2ccccc2[SH2+2]N1,198.0
ON=C1C(c2ccccc2)=Nc2ccccc21,N=C1C(c2ccccc2)=Nc2ccccc21,260.0
COc1ccc(-c2csc(C(C#N)=Cc3ccc(O)cc3)n2)cc1,C(=Cc1nc(-c2ccccc2)cs1)c1ccccc1,186.0
CC(=O)C(=CN)c1ccccc1,c1ccccc1,97.0
CC12CCC3C(CCC4CC(=NO)CCC43C)C1CCC2O,N=C1CCC2C(CCC3C4CCCC4CCC23)C1,199.0
Oc1ccccc1C=Nn1c(S)nnc1C(F)(F)F,C(=Nn1cnnc1)c1ccccc1,156.0
ON=C(c1ccccc1)c1ccc(O)cc1,N=C(c1ccccc1)c1ccccc1,78.0
Cn1ncc2c(=N)n(N)cnc21,N=c1[nH]cnc2[nH]ncc12,185.0
N=C1c2ccccc2C(=O)N1c1n[nH]c2ncccc12,N=C1c2ccccc2C(=O)N1c1n[nH]c2ncccc12,254.0
CC1=CCC(=O)Nc2c1cnn2-c1ccc(Cl)cc1,O=C1CC=Cc2cnn(-c3ccccc3)c2N1,178.0
Nc1nc(O)nc2c1cnn2CCO,c1ncc2cn[nH]c2n1,308.0
CSC(=Nc1ccccc1)C(C#N)=C(N)SC,c1ccccc1,177.0
CCOC(=O)C(C(N)=S)=C1NN=C(c2ccccc2O)O1,C=C1NN=C(c2ccccc2)O1,128.0
O=C1Nc2ccccc2C=NC2CCCCC2N=Cc2ccccc2NC(=O)O1,O=C1Nc2ccccc2C=NC2CCCCC2N=Cc2ccccc2NC(=O)O1,254.0
O=C(c1ccc(Br)cc1)c1[nH]c2c(c1O)C(c1ccc(Br)cc1)c1c(c3ccccc3oc1=O)O2,O=C(c1ccccc1)c1cc2c([nH]1)Oc1c(c(=O)oc3ccccc13)C2c1ccccc1,230.0
CCOC(=O)C1C(=N)Oc2c(c(=O)oc3ccccc23)C1c1ccc(Br)cc1,N=C1CC(c2ccccc2)c2c(c3ccccc3oc2=O)O1,192.0
N#CC1C(=N)Oc2c(c(=O)oc3ccccc23)C1c1ccc(Br)cc1,N=C1CC(c2ccccc2)c2c(c3ccccc3oc2=O)O1,254.0
CC1(C)C2CCC(O2)C(Cl)C1O,C1CC2CCC(C1)O2,72.0
COc1cc(C=NNC(=O)CCn2c(C)nc3ccccc32)ccc1O,O=C(CCn1cnc2ccccc21)NN=Cc1ccccc1,230.0
CCOC(=O)c1cnc2sc(C(F)(F)F)nn2c1=N,N=c1ccnc2scnn12,198.0
C(=Nc1ccccc1Nc1ccccc1N=Cc1ccccc1)c1ccccc1,C(=Nc1ccccc1Nc1ccccc1N=Cc1ccccc1)c1ccccc1,103.0
N=c1oc2ccccc2cc1CSN,N=c1ccc2ccccc2o1,165.0
N#Cc1cc2ccccc2oc1=N,N=c1ccc2ccccc2o1,200.0
Cc1cccc2c(O)c(C=C3C(=O)N(c4ccccc4)N=C3c3ccccc3)c(=O)[nH]c12,O=C1C(=Cc2cc3ccccc3[nH]c2=O)C(c2ccccc2)=NN1c1ccccc1,113.0
CC1=NN(c2ccccc2)C(=O)C1=Cc1c(O)c2cccc(C)c2[nH]c1=O,O=C1C(=Cc2cc3ccccc3[nH]c2=O)C=NN1c1ccccc1,171.0
Cn1c(=O)c(C2=NNC(=O)C2=Cc2c(O)ccc3ccccc23)c(O)c2ccccc21,O=C1NN=C(c2cc3ccccc3[nH]c2=O)C1=Cc1cccc2ccccc12,285.0
Cn1c(=O)c(C2=NNC(=O)C2=CCc2ccccc2)c(O)c2ccccc21,O=C1NN=C(c2cc3ccccc3[nH]c2=O)C1=CCc1ccccc1,249.0
Cn1c(=O)c(C2=NNC(=O)C2=CC=Cc2ccccc2)c(O)c2ccccc21,O=C1NN=C(c2cc3ccccc3[nH]c2=O)C1=CC=Cc1ccccc1,238.0
COc1cccc(C=C2C(=O)NN=C2c2c(O)c3ccccc3n(C)c2=O)c1,O=C1NN=C(c2cc3ccccc3[nH]c2=O)C1=Cc1ccccc1,254.0
COc1ccccc1C=C1C(=O)NN=C1c1c(O)c2ccccc2n(C)c1=O,O=C1NN=C(c2cc3ccccc3[nH]c2=O)C1=Cc1ccccc1,266.0
COc1ccc(C=C2C(=O)NN=C2c2c(O)c3ccccc3n(C)c2=O)cc1,O=C1NN=C(c2cc3ccccc3[nH]c2=O)C1=Cc1ccccc1,250.0
COc1cc(C=C2C(=O)NN=C2c2c(O)c3ccccc3n(C)c2=O)cc(OC)c1OC,O=C1NN=C(c2cc3ccccc3[nH]c2=O)C1=Cc1ccccc1,196.0
Cn1c(=O)c(C2=NNC(=O)C2=Cc2cccc(O)c2)c(O)c2ccccc21,O=C1NN=C(c2cc3ccccc3[nH]c2=O)C1=Cc1ccccc1,290.0
Cn1c(=O)c(C2=NNC(=O)C2=Cc2ccccc2O)c(O)c2ccccc21,O=C1NN=C(c2cc3ccccc3[nH]c2=O)C1=Cc1ccccc1,240.0
Cn1c(=O)c(C2=NNC(=O)C2=Cc2cccc([N+](=O)[O-])c2)c(O)c2ccccc21,O=C1NN=C(c2cc3ccccc3[nH]c2=O)C1=Cc1ccccc1,261.0
Cn1c(=O)c(C2=NNC(=O)C2=Cc2ccc(Cl)cc2Cl)c(O)c2ccccc21,O=C1NN=C(c2cc3ccccc3[nH]c2=O)C1=Cc1ccccc1,280.0
C=CC=C(C=C1C(=O)NN=C1c1c(O)c2ccccc2n(C)c1=O)C(Cl)=CC,C=C1C(=O)NN=C1c1cc2ccccc2[nH]c1=O,260.0
Cn1c(=O)c(C2=NNC(=O)C2=Cc2cccc(Cl)c2)c(O)c2ccccc21,O=C1NN=C(c2cc3ccccc3[nH]c2=O)C1=Cc1ccccc1,265.0
Cc1ccc(C=C2C(=O)NN=C2c2c(O)c3ccccc3n(C)c2=O)cc1,O=C1NN=C(c2cc3ccccc3[nH]c2=O)C1=Cc1ccccc1,280.0
CN(C)c1ccc(C=C2C(=O)NN=C2c2c(O)c3ccccc3n(C)c2=O)cc1,O=C1NN=C(c2cc3ccccc3[nH]c2=O)C1=Cc1ccccc1,262.0
Cn1c(=O)c(C2=NNC(=O)C2=Cc2ccc3c(c2)OCO3)c(O)c2ccccc21,O=C1NN=C(c2cc3ccccc3[nH]c2=O)C1=Cc1ccc2c(c1)OCO2,265.0
Cn1c(=O)c(C2=NNC(=O)C2=Cc2ccccc2)c(O)c2ccccc21,O=C1NN=C(c2cc3ccccc3[nH]c2=O)C1=Cc1ccccc1,283.0
Cn1c(=O)c(C2=NNC(=O)C2)c(O)c2ccccc21,O=C1CC(c2cc3ccccc3[nH]c2=O)=NN1,287.0
CCn1c(=O)c(C=C2C(=O)NN=C2c2c(O)c3ccccc3n(C)c2=O)c(O)c2ccccc21,O=C1NN=C(c2cc3ccccc3[nH]c2=O)C1=Cc1cc2ccccc2[nH]c1=O,295.0
Cn1c(=O)c(C2=NNC(=O)C2=NNc2ccncc2)c(O)c2ccccc21,O=C1NN=C(c2cc3ccccc3[nH]c2=O)C1=NNc1ccncc1,294.0
Cn1c(=O)c(C2=NNC(=O)C2=NNc2cccnc2)c(O)c2ccccc21,O=C1NN=C(c2cc3ccccc3[nH]c2=O)C1=NNc1cccnc1,230.0
Cn1c(=O)c(C2=NNC(=O)C2=NNc2c(Br)cc([N+](=O)[O-])cc2[N+](=O)[O-])c(O)c2ccccc21,O=C1NN=C(c2cc3ccccc3[nH]c2=O)C1=NNc1ccccc1,192.0
Cn1c(=O)c(C2=NNC(=O)C2=NNc2ncccn2)c(O)c2ccccc21,O=C1NN=C(c2cc3ccccc3[nH]c2=O)C1=NNc1ncccn1,302.0
Cn1c(=O)c(C2=NNC(=O)C2=NNc2nccs2)c(O)c2ccccc21,O=C1NN=C(c2cc3ccccc3[nH]c2=O)C1=NNc1nccs1,301.0
Cc1c(NN=C2C(=O)NN=C2c2c(O)c3ccccc3n(C)c2=O)c(=O)n(-c2ccccc2)n1C,O=C1NN=C(c2cc3ccccc3[nH]c2=O)C1=NNc1c[nH]n(-c2ccccc2)c1=O,200.0
Cn1c(=O)c(C2=NNC(=O)C2=NNc2ccc(I)cc2)c(O)c2ccccc21,O=C1NN=C(c2cc3ccccc3[nH]c2=O)C1=NNc1ccccc1,262.0
Cn1c(=O)c(C2=NNC(=O)C2=NNc2ccc(Br)cc2)c(O)c2ccccc21,O=C1NN=C(c2cc3ccccc3[nH]c2=O)C1=NNc1ccccc1,260.0
Cn1c(=O)c(C2=NNC(=O)C2=NNc2cccc(Br)c2)c(O)c2ccccc21,O=C1NN=C(c2cc3ccccc3[nH]c2=O)C1=NNc1ccccc1,240.0
Cn1c(=O)c(C2=NNC(=O)C2=NNc2ccccc2Br)c(O)c2ccccc21,O=C1NN=C(c2cc3ccccc3[nH]c2=O)C1=NNc1ccccc1,270.0
Cn1c(=O)c(C2=NNC(=O)C2=NNc2cc(Cl)ccc2Cl)c(O)c2ccccc21,O=C1NN=C(c2cc3ccccc3[nH]c2=O)C1=NNc1ccccc1,284.0
Cn1c(=O)c(C2=NNC(=O)C2=NNc2ccc(Cl)cc2)c(O)c2ccccc21,O=C1NN=C(c2cc3ccccc3[nH]c2=O)C1=NNc1ccccc1,240.0
Cn1c(=O)c(C2=NNC(=O)C2=NNc2cccc(Cl)c2)c(O)c2ccccc21,O=C1NN=C(c2cc3ccccc3[nH]c2=O)C1=NNc1ccccc1,222.0
Cn1c(=O)c(C2=NNC(=O)C2=NNc2ccccc2Cl)c(O)c2ccccc21,O=C1NN=C(c2cc3ccccc3[nH]c2=O)C1=NNc1ccccc1,264.0
Cn1c(=O)c(C2=NNC(=O)C2=NNc2ccc([N+](=O)[O-])cc2)c(O)c2ccccc21,O=C1NN=C(c2cc3ccccc3[nH]c2=O)C1=NNc1ccccc1,300.0
Cc1ccc(NN=C2C(=O)NN=C2c2c(O)c3ccccc3n(C)c2=O)cc1,O=C1NN=C(c2cc3ccccc3[nH]c2=O)C1=NNc1ccccc1,218.0
Cn1c(=O)c(C2=NNC(=O)C2=NNc2ccccc2)c(O)c2ccccc21,O=C1NN=C(c2cc3ccccc3[nH]c2=O)C1=NNc1ccccc1,213.0
Cn1c(=O)c(C2=NNC(=O)C2=Cc2c[nH]c3ccccc23)c(O)c2ccccc21,O=C1NN=C(c2cc3ccccc3[nH]c2=O)C1=Cc1c[nH]c2ccccc12,297.0
Cn1c(=O)c(C2=NNC(=O)C2=Cc2ccccn2)c(O)c2ccccc21,O=C1NN=C(c2cc3ccccc3[nH]c2=O)C1=Cc1ccccn1,292.0
Cn1c(=O)c(C2=NNC(=O)C2=C2c3ccccc3-c3ccccc32)c(O)c2ccccc21,O=C1NN=C(c2cc3ccccc3[nH]c2=O)C1=C1c2ccccc2-c2ccccc21,295.0
Cn1c(=O)c(C2=NNC(=O)C2=C2C(=O)Nc3ccccc32)c(O)c2ccccc21,O=C1NN=C(c2cc3ccccc3[nH]c2=O)C1=C1C(=O)Nc2ccccc21,279.0
Cn1c(=O)c(C2=NNC(=O)C2=CNc2cccc3ccccc23)c(O)c2ccccc21,O=C1NN=C(c2cc3ccccc3[nH]c2=O)C1=CNc1cccc2ccccc12,292.0
Cn1c(=O)c(C2=NNC(=O)C2=CNc2nccs2)c(O)c2ccccc21,O=C1NN=C(c2cc3ccccc3[nH]c2=O)C1=CNc1nccs1,248.0
Cc1c(NC=C2C(=O)NN=C2c2c(O)c3ccccc3n(C)c2=O)c(=O)n(-c2ccccc2)n1C,O=C1NN=C(c2cc3ccccc3[nH]c2=O)C1=CNc1c[nH]n(-c2ccccc2)c1=O,175.0
Cn1c(=O)c(C2=NNC(=O)C2=CNc2ncccn2)c(O)c2ccccc21,O=C1NN=C(c2cc3ccccc3[nH]c2=O)C1=CNc1ncccn1,279.0
C=CC=c1c(=CC)c(O)c(C2=NNC(=O)C2=CNc2ccncc2)c(=O)n1C,C=c1cc(C2=NNC(=O)C2=CNc2ccncc2)c(=O)[nH]c1=C,238.0
Cn1c(=O)c(C2=NNC(=O)C2=CNc2cccnc2)c(O)c2ccccc21,O=C1NN=C(c2cc3ccccc3[nH]c2=O)C1=CNc1cccnc1,281.0
Cn1c(=O)c(C2=NNC(=O)C2=CNc2ccccn2)c(O)c2ccccc21,O=C1NN=C(c2cc3ccccc3[nH]c2=O)C1=CNc1ccccn1,235.0
Cn1c(=O)c(C2=NNC(=O)C2=CNc2ccc(Br)cc2)c(O)c2ccccc21,O=C1NN=C(c2cc3ccccc3[nH]c2=O)C1=CNc1ccccc1,293.0
Cn1c(=O)c(C2=NNC(=O)C2=CNc2ccc(Cl)cc2)c(O)c2ccccc21,O=C1NN=C(c2cc3ccccc3[nH]c2=O)C1=CNc1ccccc1,290.0
COc1ccc(NC=C2C(=O)NN=C2c2c(O)c3ccccc3n(C)c2=O)cc1,O=C1NN=C(c2cc3ccccc3[nH]c2=O)C1=CNc1ccccc1,281.0
Cc1cccc(NC=C2C(=O)NN=C2c2c(O)c3ccccc3n(C)c2=O)c1,O=C1NN=C(c2cc3ccccc3[nH]c2=O)C1=CNc1ccccc1,264.0
Cc1ccccc1NC=C1C(=O)NN=C1c1c(O)c2ccccc2n(C)c1=O,O=C1NN=C(c2cc3ccccc3[nH]c2=O)C1=CNc1ccccc1,288.0
Cc1ccc(NC=C2C(=O)NN=C2c2c(O)c3ccccc3n(C)c2=O)cc1,O=C1NN=C(c2cc3ccccc3[nH]c2=O)C1=CNc1ccccc1,282.0
Cn1c(=O)c(C2=NNC(=O)C2=CNc2ccccc2)c(O)c2ccccc21,O=C1NN=C(c2cc3ccccc3[nH]c2=O)C1=CNc1ccccc1,272.0
CCOc1cc(C(=S)N2CCCCC2)ccc1O,S=C(c1ccccc1)N1CCCCC1,123.0
Clc1ccc2c(c1)N=C(N1CCN(C3=Nc4cc(Cl)ccc4Nc4ccccc43)CC1)c1ccccc1N2,c1ccc2c(c1)N=C(N1CCN(C3=Nc4ccccc4Nc4ccccc43)CC1)c1ccccc1N2,334.0
Cc1nc(C(C#N)=NNc2ccccc2Cl)sc1N=Nc1ccc(Br)cc1,C(=NNc1ccccc1)c1ncc(N=Nc2ccccc2)s1,242.0
COc1ccc(N=Nc2sc(C(C#N)=NNc3ccc(F)cc3)nc2C)cc1,C(=NNc1ccccc1)c1ncc(N=Nc2ccccc2)s1,215.0
Cc1ccc(C)c(NN=C(C#N)c2nc(C)c(N=Nc3ccccc3)s2)c1,C(=NNc1ccccc1)c1ncc(N=Nc2ccccc2)s1,202.0
Cc1nc(C(C#N)=NNc2ccccc2[N+](=O)[O-])sc1N=Nc1ccccc1,C(=NNc1ccccc1)c1ncc(N=Nc2ccccc2)s1,211.0
COc1ccc(NN=C(C#N)c2nc(C)c(N=Nc3ccccc3)s2)cc1,C(=NNc1ccccc1)c1ncc(N=Nc2ccccc2)s1,179.0
Cc1nc(C(C#N)=NNc2ccc(Cl)cc2)sc1N=Nc1ccccc1,C(=NNc1ccccc1)c1ncc(N=Nc2ccccc2)s1,226.0
Cc1nc(C(C#N)=Cc2ccc(O)cc2)sc1N=Nc1ccc(Cl)cc1,C(=Cc1ncc(N=Nc2ccccc2)s1)c1ccccc1,231.0
COc1ccc(-c2csc(C(C#N)=NNc3ccc(O)cc3)n2)cc1,C(=NNc1ccccc1)c1nc(-c2ccccc2)cs1,236.0
Cc1ccc(-c2csc(C(C#N)=NNc3ccc(O)cc3)n2)cc1,C(=NNc1ccccc1)c1nc(-c2ccccc2)cs1,253.0
CSc1c(C#N)c(N)nc2c(N=Nc3cccc(C(F)(F)F)c3)c(N)nn12,c1ccc(N=Nc2cnn3cccnc23)cc1,294.0
COc1ccc(-n2nc(C(=O)c3cccc4ccccc34)sc2=N)cc1,N=c1sc(C(=O)c2cccc3ccccc23)nn1-c1ccccc1,75.0
Oc1cc(C(F)(F)F)n2nc(-c3ccc(Cl)cc3)cc2n1,c1ccc(-c2cc3ncccn3n2)cc1,156.0
N=c1oc2ccccc2cc1-c1nc2ccccc2s1,N=c1oc2ccccc2cc1-c1nc2ccccc2s1,186.0
N=c1sc(C(=O)c2cccs2)nn1-c1ccncc1,N=c1sc(C(=O)c2cccs2)nn1-c1ccncc1,131.0
N=c1sc(C(=O)c2cccs2)nn1-c1cccc(C(F)(F)F)c1,N=c1sc(C(=O)c2cccs2)nn1-c1ccccc1,185.0
N=c1sc(C(=O)c2cccs2)nn1-c1c(Cl)cc(Cl)cc1Cl,N=c1sc(C(=O)c2cccs2)nn1-c1ccccc1,209.0
COc1ccc(-n2nc(C(=O)c3cccs3)sc2=N)cc1,N=c1sc(C(=O)c2cccs2)nn1-c1ccccc1,164.0
N=c1sc(C(=O)c2cccs2)nn1-c1ccccc1,N=c1sc(C(=O)c2cccs2)nn1-c1ccccc1,134.0
CCOC(=O)c1nn(-c2ccccc2)c(=N)c(-c2nc3ccccc3s2)c1C,N=c1c(-c2nc3ccccc3s2)ccnn1-c1ccccc1,148.0
NC(=O)C(=NNc1ccc(O)cc1)c1nc2ccccc2s1,C(=NNc1ccccc1)c1nc2ccccc2s1,161.0
NC(=O)C(=Cc1ccccc1O)c1nc2ccccc2s1,C(=Cc1nc2ccccc2s1)c1ccccc1,210.0
N#CC(=Cc1ccccc1O)c1nc2ccccc2s1,C(=Cc1nc2ccccc2s1)c1ccccc1,189.0
CC(=O)c1nn(-c2cccc(C)c2C)c(=N)s1,N=c1scnn1-c1ccccc1,171.0
CC(=O)c1nn(-c2ccccc2[N+](=O)[O-])c(=N)s1,N=c1scnn1-c1ccccc1,186.0
CC(=O)c1nn(-c2ccc(F)cc2)c(=N)s1,N=c1scnn1-c1ccccc1,199.0
CSc1c(C#N)c(N)nc2c(N=Nc3ccc(C(=O)O)cc3)c(N)nn12,c1ccc(N=Nc2cnn3cccnc23)cc1,306.0
CSc1c(C#N)c(N)nc2c(N=Nc3ccc(F)cc3)c(N)nn12,c1ccc(N=Nc2cnn3cccnc23)cc1,229.0
CCCCc1ccc(N=Nc2ccc(O)cc2)cc1,c1ccc(N=Nc2ccccc2)cc1,49.0
OC1CCCCC=Cc2ccccc21,C1=Cc2ccccc2CCCCC1,97.0
O=C1C2=C(O)CCCC2Cc2ccccc21,O=C1C2=CCCCC2Cc2ccccc21,79.0
O=C1C(Cl)=C(Cl)C(=O)c2c(O)ccc(O)c21,O=C1C=CC(=O)c2ccccc21,198.0
COC1(OC)CC=CCC(OC)(OC)CC=CC1,C1=CCCCC=CCCC1,202.0
O=C1CC=CCC(=O)CC=CC1,O=C1CC=CCC(=O)CC=CC1,184.0
CCOC(=O)c1c(C)cc(O)nc1O,c1ccncc1,219.0
COc1cc2cncc(Cc3ccccc3)c2cc1O,c1ccc(Cc2cncc3ccccc23)cc1,193.0
CC(C)C1=C(O)C(=O)C2=C(C1=O)C1OC1C1C(C)(C)CCCC21C,O=C1C=CC(=O)C2=C1C1CCCCC1C1OC21,202.0
CC(=NO)c1cc(C(C)(C)C)c(O)c(C(C)(C)C)c1,c1ccccc1,201.0
CC(C)(C)c1cc(N=Nc2cc(C(C)(C)C)cc(C(C)(C)C)c2O)c(O)c(C(C)(C)C)c1,c1ccc(N=Nc2ccccc2)cc1,247.0
C=CCN=C(NCC=C)c1cc(C(C)(C)C)c(O)c(C(C)(C)C)c1,c1ccccc1,202.0
CN=C(NC)c1cc(C(C)(C)C)c(O)c(C(C)(C)C)c1,c1ccccc1,206.0
CN=C(N)c1cc(C(C)(C)C)c(O)c(C(C)(C)C)c1,c1ccccc1,281.0
CC(C)(C)c1cc(C(=Nc2ccccc2)Nc2ccccc2)cc(C(C)(C)C)c1O,c1ccc(N=C(Nc2ccccc2)c2ccccc2)cc1,131.0
Cc1ccc(N=C(Nc2ccc(C)cc2)c2cc(C(C)(C)C)c(O)c(C(C)(C)C)c2)cc1,c1ccc(N=C(Nc2ccccc2)c2ccccc2)cc1,207.0
CC(C)(C)c1cc(C(=S)NC2CCCCC2)cc(C(C)(C)C)c1O,S=C(NC1CCCCC1)c1ccccc1,218.0
COc1ccc(NC(=S)c2cc(C(C)(C)C)c(O)c(C(C)(C)C)c2)cc1,S=C(Nc1ccccc1)c1ccccc1,129.0
CC(C)(C)NC(=S)c1cc(C(C)(C)C)c(O)c(C(C)(C)C)c1,c1ccccc1,204.0
Cc1ccccc1NC(=S)c1cc(C(C)(C)C)c(O)c(C(C)(C)C)c1,S=C(Nc1ccccc1)c1ccccc1,258.0
COc1ccccc1NC(=S)c1cc(C(C)(C)C)c(O)c(C(C)(C)C)c1,S=C(Nc1ccccc1)c1ccccc1,186.0
O=[N+]([O-])c1cc([N+](=O)[O-])c(C(Br)=Cc2ccccc2)cc1C=Cc1ccccc1,C(=Cc1cccc(C=Cc2ccccc2)c1)c1ccccc1,175.0
O=[N+]([O-])c1cc([N+](=O)[O-])c(C(Cl)=Cc2ccccc2)cc1C=Cc1ccccc1,C(=Cc1cccc(C=Cc2ccccc2)c1)c1ccccc1,191.0
Cn1c(=O)c(C2=Nc3ccccc3SC(c3cccs3)C2)c(O)c2ccccc21,O=c1[nH]c2ccccc2cc1C1=Nc2ccccc2SC(c2cccs2)C1,224.0
CC12CCC(C(O)=CC1=NNc1ccccc1)C2(C)C,C1=CC2CCC(C2)C1=NNc1ccccc1,182.0
CC12CCC(C(O)=C(Br)C1=O)C2(C)C,O=C1C=CC2CCC1C2,188.0
CC12CCC(C(O)=CC1=O)C2(C)C,O=C1C=CC2CCC1C2,221.0
CC(C(=O)O)=C(C)c1cccc(C)c1,c1ccccc1,163.0
O=Nc1ccc2c(O)ccc(N=O)c2c1O,c1ccc2ccccc2c1,250.0
O=C1C(=NO)C(c2ccc([N+](=O)[O-])cc2)=NN1c1ccccc1,N=C1C(=O)N(c2ccccc2)N=C1c1ccccc1,223.0
CCC(C=C1C(=O)C2(C)CCC1C2(C)C)C(=O)O,C=C1C(=O)C2CCC1C2,118.0
CC12CCC(C(=CO)C1=NNC(N)=O)C2(C)C,C=C1C(=N)C2CCC1C2,206.0
CN(C)c1ccc(C=CC(=NNc2ccccc2)c2ccccc2)cc1,C(=Cc1ccccc1)C(=NNc1ccccc1)c1ccccc1,128.0
Nc1ccc(C=CC(=NO)c2ccccc2)cc1,N=C(C=Cc1ccccc1)c1ccccc1,139.0
O=[N+]([O-])c1cc(C=NO)ccc1C=NO,c1ccccc1,176.0
O=C(Nc1ccc(N=Nc2ccc([N+]([O-])=Nc3ccc(NC(=O)c4ccccc4)cc3)cc2)cc1)c1ccccc1,O=C(Nc1ccc(N=Nc2ccc([NH+]=Nc3ccc(NC(=O)c4ccccc4)cc3)cc2)cc1)c1ccccc1,328.0
CC(=O)Nc1ccc(N=Nc2ccc([N+]([O-])=Nc3ccc(NC(C)=O)cc3)cc2)cc1,c1ccc(N=Nc2ccc([NH+]=Nc3ccccc3)cc2)cc1,317.0
Nc1ccc(N=Nc2ccc([N+]([O-])=Nc3ccc(N)cc3)cc2)cc1,c1ccc(N=Nc2ccc([NH+]=Nc3ccccc3)cc2)cc1,247.0
Oc1c(-c2ccccn2)n(N2CCCCC2)c2ccccc12,c1ccc(-c2cc3ccccc3n2N2CCCCC2)nc1,185.0
[O-][N+]1=C(c2ccccn2)C(=NO)c2ccccc21,N=C1C(c2ccccn2)=[NH+]c2ccccc21,216.0
NN=C(C(=NN)c1cccc2ccccc12)c1ccccc1,N=C(C(=N)c1cccc2ccccc12)c1ccccc1,218.0
NN=C(C(=NN)c1ccc2ccccc2c1)c1ccccc1,N=C(C(=N)c1ccc2ccccc2c1)c1ccccc1,163.0
BrC(=Cc1ccccc1)c1ccc(Br)c2c(Br)cccc12,C(=Cc1cccc2ccccc12)c1ccccc1,171.0
N#Cc1ccc2c(c1)[N+]([O-])=C(c1ccc(C3=[N+]([O-])c4cc(C#N)ccc4C3=O)cc1)C2=O,O=C1C(c2ccc(C3=[NH+]c4ccccc4C3=O)cc2)=[NH+]c2ccccc21,360.0
N#Cc1ccc(C=Cc2ccccc2C=NNc2ccccc2)c([N+](=O)[O-])c1,C(=Cc1ccccc1C=NNc1ccccc1)c1ccccc1,182.0
O=[N+]([O-])c1ccc(C=Cc2ccccc2C=NNc2ccccc2)c([N+](=O)[O-])c1,C(=Cc1ccccc1C=NNc1ccccc1)c1ccccc1,193.0
O=[N+]([O-])c1ccc(C(Cl)=Cc2cccc(C=C(Cl)c3ccc([N+](=O)[O-])cc3[N+](=O)[O-])c2)c([N+](=O)[O-])c1,C(=Cc1cccc(C=Cc2ccccc2)c1)c1ccccc1,215.0
O=[N+]([O-])c1ccc(C=Cc2cccc(C=Cc3ccc([N+](=O)[O-])cc3[N+](=O)[O-])c2)c([N+](=O)[O-])c1,C(=Cc1cccc(C=Cc2ccccc2)c1)c1ccccc1,243.0
O=C1C(c2ccc(C3=[N+]([O-])c4cc([N+](=O)[O-])ccc4C3=O)cc2)=[N+]([O-])c2cc([N+](=O)[O-])ccc21,O=C1C(c2ccc(C3=[NH+]c4ccccc4C3=O)cc2)=[NH+]c2ccccc21,294.0
CC(C=Cc1ccc(C=CC(C)=NO)cc1)=NO,c1ccccc1,280.0
ON=C(Cc1ccccc1)C(Cc1ccccc1)=NO,N=C(Cc1ccccc1)C(=N)Cc1ccccc1,193.0
COC(=O)C=C(C(=O)OC)N(Nc1ccccc1N=Nc1ccccc1)c1ccccc1,c1ccc(N=Nc2ccccc2NNc2ccccc2)cc1,154.0
O=[N+]([O-])c1ccccc1C(O)=C(C(=NO)c1ccccc1)c1ccccc1,N=C(C(=Cc1ccccc1)c1ccccc1)c1ccccc1,164.0
CC(=NN=C1C(=O)Nc2ccccc21)c1c(O)c2ccccc2n(-c2ccccc2)c1=O,O=C1Nc2ccccc2C1=NN=Cc1cc2ccccc2n(-c2ccccc2)c1=O,267.0
CC(=NNC(=O)c1ccccn1)c1c(O)c2ccccc2n(-c2ccccc2)c1=O,O=C(NN=Cc1cc2ccccc2n(-c2ccccc2)c1=O)c1ccccn1,289.0
COc1ccc(C(=O)NN=C(C)c2c(O)c3ccccc3n(-c3ccccc3)c2=O)cc1,O=C(NN=Cc1cc2ccccc2n(-c2ccccc2)c1=O)c1ccccc1,218.0
CC(=Nc1cccc(C(=O)O)c1)c1c(O)c2ccccc2n(-c2ccccc2)c1=O,O=c1c(C=Nc2ccccc2)cc2ccccc2n1-c1ccccc1,243.0
CC(=Nc1c(O)ccc2ccccc12)c1c(O)c2ccccc2n(-c2ccccc2)c1=O,O=c1c(C=Nc2cccc3ccccc23)cc2ccccc2n1-c1ccccc1,219.0
CC(=Nc1ccc(C(=O)O)cc1)c1c(O)c2ccccc2n(-c2ccccc2)c1=O,O=c1c(C=Nc2ccccc2)cc2ccccc2n1-c1ccccc1,237.0
CC(=Nc1ccc(C(=O)O)c(O)c1)c1c(O)c2ccccc2n(-c2ccccc2)c1=O,O=c1c(C=Nc2ccccc2)cc2ccccc2n1-c1ccccc1,177.0
CC1=NNC(=N)Nc2c1c(=O)n(-c1ccccc1)c1ccccc21,N=C1NN=Cc2c(c3ccccc3n(-c3ccccc3)c2=O)N1,227.0
CC(=NCC(O)CO)c1c(O)c2ccccc2n(-c2ccccc2)c1=O,O=c1ccc2ccccc2n1-c1ccccc1,218.0
CC(=NCCc1ccccn1)c1c(O)c2ccccc2n(-c2ccccc2)c1=O,O=c1c(C=NCCc2ccccn2)cc2ccccc2n1-c1ccccc1,220.0
CC(=Nc1ccc(O)c(C)c1)c1c(O)c2ccccc2n(-c2ccccc2)c1=O,O=c1c(C=Nc2ccccc2)cc2ccccc2n1-c1ccccc1,232.0
CC1=Nc2ccccc2Nc2c1c(=O)n(-c1ccccc1)c1ccccc21,O=c1c2c(c3ccccc3n1-c1ccccc1)Nc1ccccc1N=C2,298.0
CC(=Nc1cccc(N)c1)c1c(O)c2ccccc2n(-c2ccccc2)c1=O,O=c1c(C=Nc2ccccc2)cc2ccccc2n1-c1ccccc1,200.0
CC(=Nc1ccccc1C)c1c(O)c2ccccc2n(-c2ccccc2)c1=O,O=c1c(C=Nc2ccccc2)cc2ccccc2n1-c1ccccc1,140.0
COc1cccc(N=C(C)c2c(O)c3ccccc3n(-c3ccccc3)c2=O)c1,O=c1c(C=Nc2ccccc2)cc2ccccc2n1-c1ccccc1,179.0
CC(=Nc1ccccc1)c1c(O)c2ccccc2n(-c2ccccc2)c1=O,O=c1c(C=Nc2ccccc2)cc2ccccc2n1-c1ccccc1,185.0
CC(=NCc1cccnc1)c1c(O)c2ccccc2n(-c2ccccc2)c1=O,O=c1c(C=NCc2cccnc2)cc2ccccc2n1-c1ccccc1,222.0
CC(=Nc1ccccc1O)c1c(O)c2ccccc2n(-c2ccccc2)c1=O,O=c1c(C=Nc2ccccc2)cc2ccccc2n1-c1ccccc1,269.0
CC(=Nc1cc(C)ccc1O)c1c(O)c2ccccc2n(-c2ccccc2)c1=O,O=c1c(C=Nc2ccccc2)cc2ccccc2n1-c1ccccc1,252.0
CC(=NCCO)c1c(O)c2ccccc2n(-c2ccccc2)c1=O,O=c1ccc2ccccc2n1-c1ccccc1,202.0
CC(=NCc1ccccc1)c1c(O)c2ccccc2n(-c2ccccc2)c1=O,O=c1c(C=NCc2ccccc2)cc2ccccc2n1-c1ccccc1,164.0
CC1=NC(C)CNc2c1c(=O)n(-c1ccccc1)c1ccccc21,O=c1c2c(c3ccccc3n1-c1ccccc1)NCCN=C2,273.0
CCC(C)N=C(C)c1c(O)c2ccccc2n(-c2ccccc2)c1=O,O=c1ccc2ccccc2n1-c1ccccc1,194.0
CC(=Nc1ccc(N=Nc2ccccc2)cc1)c1c(O)c2ccccc2n(-c2ccccc2)c1=O,O=c1c(C=Nc2ccc(N=Nc3ccccc3)cc2)cc2ccccc2n1-c1ccccc1,191.0
CC1=NCCNc2c1c(=O)n(-c1ccccc1)c1ccccc21,O=c1c2c(c3ccccc3n1-c1ccccc1)NCCN=C2,221.0
Oc1ccc(-c2nnc3n2NC(c2ccccc2O)S3)cc1,c1ccc(-c2nnc3n2NC(c2ccccc2)S3)cc1,241.0
CC(C)C1=C(O)C(=O)C2=C(CC(O)C3C(C)(C)CCCC23C)C1=O,O=C1C=CC(=O)C2=C1CCC1CCCCC21,188.0
CC(=O)OC1CC2C(C)(C)CCCC2(C)C2=C1C(=O)C(C(C)C)=C(O)C2=O,O=C1C=CC(=O)C2=C1CCC1CCCCC21,213.0
CC(C)C1=C(O)C(=O)C2=C(CCC3C(C)(C)CCCC23C)C1=O,O=C1C=CC(=O)C2=C1CCC1CCCCC21,181.0
Cc1ccc(NC(=O)c2ccccc2)cc1,O=C(Nc1ccccc1)c1ccccc1,156.0
N=c1oc2ccccc2cc1C(N)=S,N=c1ccc2ccccc2o1,254.0
ON=Cc1ccc(O)cc1,c1ccccc1,112.0
CC(=O)OC1C2=C(C(=O)C(O)=C(C(C)C)C2=O)C2(C)CCCC(C)(C)C2C1O,O=C1C=CC(=O)C2=C1CCC1CCCCC21,216.0
CC(C)C1=C(O)C(=O)C2=C(C=CC3C(C)(C)CCCC23C)C1=O,O=C1C=CC(=O)C2=C1C=CC1CCCCC21,167.0
CC(C)C1=C(O)C(=O)C2=C(C(=O)CC3C(C)(C)CCCC23C)C1=O,O=C1C=CC(=O)C2=C1C(=O)CC1CCCCC21,198.0
C1=Cc2ccc(o2)-c2ccc(o2)C=Cc2ccc(o2)-c2ccc1o2,C1=Cc2ccc(o2)-c2ccc(o2)C=Cc2ccc(o2)-c2ccc1o2,271.0
[O-][S+2]1([O-])Cc2ccccc2C1,c1ccc2c(c1)C[SH2+2]C2,152.0
CC(=CC=NNC(N)=O)C(C)(C)C,,148.0
COc1ccccc1C=NN=c1sc(C(C)=O)nn1-c1ccccc1[N+](=O)[O-],C(=NN=c1scnn1-c1ccccc1)c1ccccc1,179.0
ON=CC1=C(C=Cc2ccccc2)CCC1,C(=Cc1ccccc1)C1=CCCC1,163.0
COc1cc(C=NN=Cc2ccc(OCc3ccccc3)c(OC)c2)ccc1OCc1ccccc1,C(=NN=Cc1ccc(OCc2ccccc2)cc1)c1ccc(OCc2ccccc2)cc1,216.0
O=C(Cc1ccccc1)C(Cc1ccccc1)=NNc1ccc([N+](=O)[O-])cc1,O=C(Cc1ccccc1)C(Cc1ccccc1)=NNc1ccccc1,174.0
O=[N+]([O-])c1ccc(C=NNc2ccccc2)cc1,C(=NNc1ccccc1)c1ccccc1,166.0
O=[N+]([O-])c1cccc(NN=Cc2ccccc2)c1,C(=NNc1ccccc1)c1ccccc1,196.0
CCOC=Nc1c(C#N)cnn1-c1ncnc2c1cnn2C,c1cnn(-c2ncnc3[nH]ncc23)c1,155.0
CC(=NNC(N)=O)c1ccncc1,c1ccncc1,218.0
CCOC(=O)C12C(c3cc(Cl)ccc3O[P+]1([O-])OCC)C1(C(=O)OCC)C2c2cc(Cl)ccc2O[P+]1([O-])OCC,c1ccc2c(c1)O[PH2+]C1C2C2[PH2+]Oc3ccccc3C12,257.0
CCOC(=O)C12C(c3cc(Br)ccc3O[P+]1([O-])OCC)C1(C(=O)OCC)C2c2cc(Br)ccc2O[P+]1([O-])OCC,c1ccc2c(c1)O[PH2+]C1C2C2[PH2+]Oc3ccccc3C12,273.0
CCOC(=O)C12C(c3ccccc3O[P+]1([O-])OCC)C1(C(=O)OCC)C2c2ccccc2O[P+]1([O-])OCC,c1ccc2c(c1)O[PH2+]C1C2C2[PH2+]Oc3ccccc3C12,218.0
FC(F)(F)c1nn(CN2CCN(Cn3nc(C(F)(F)F)n(N=Cc4cccs4)c3=S)CC2)c(=S)n1N=Cc1cccs1,S=c1n(N=Cc2cccs2)cnn1CN1CCN(Cn2ncn(N=Cc3cccs3)c2=S)CC1,187.0
CC(=NNC(N)=O)C1=CCC2(C)C(CCC3C4=C(CCC32)C(C)(C)CC4)C1,C1=CCC2C(C1)CCC1C3=C(CCC3)CCC12,239.0
CCCCOc1ccc(C=NNC(=O)C(=O)NN=Cc2ccc(OCCCC)cc2)cc1,O=C(NN=Cc1ccccc1)C(=O)NN=Cc1ccccc1,302.0
Cc1ccc(-c2csc(C(C#N)=NNc3ccc(Cl)cc3Cl)n2)cc1,C(=NNc1ccccc1)c1nc(-c2ccccc2)cs1,212.0
N#CC(=NNc1ccccc1[N+](=O)[O-])c1nc(-c2ccccc2)cs1,C(=NNc1ccccc1)c1nc(-c2ccccc2)cs1,211.0
N#CC(=NNc1ccccc1Cl)c1nc(-c2ccccc2)cs1,C(=NNc1ccccc1)c1nc(-c2ccccc2)cs1,160.0
Cc1ccc(C(=O)c2nn(-c3ccccc3)c(=NN=Cc3ccco3)s2)cc1,O=C(c1ccccc1)c1nn(-c2ccccc2)c(=NN=Cc2ccco2)s1,114.0
O=C(c1ccc(Cl)cc1)c1nn(-c2ccccc2)c(=NN=Cc2ccc(F)cc2)s1,O=C(c1ccccc1)c1nn(-c2ccccc2)c(=NN=Cc2ccccc2)s1,151.0
COc1ccc(C(=O)c2nn(-c3ccccc3)c(=NN=Cc3ccccc3Cl)s2)cc1,O=C(c1ccccc1)c1nn(-c2ccccc2)c(=NN=Cc2ccccc2)s1,182.0
COc1ccccc1NN=C(C(N)=O)c1nc2ccccc2s1,C(=NNc1ccccc1)c1nc2ccccc2s1,213.0
CCOC(=O)C(=NNc1ccc(C)cc1C)C(=O)C(F)(F)F,c1ccccc1,139.0
O=C1C(=NNc2cc(-c3ccccc3)n[nH]2)C(C(F)(F)F)=NN1c1ccccc1,O=C1C(=NNc2cc(-c3ccccc3)n[nH]2)C=NN1c1ccccc1,280.0
FC(F)(F)C1N=NC(N=Cc2ccc(Cl)cc2)=N1,C(=NC1=NCN=N1)c1ccccc1,234.0
Cc1ccc(C=NC2=NC(C(F)(F)F)N=N2)cc1,C(=NC1=NCN=N1)c1ccccc1,208.0
COc1ccc(C=NC2=NC(C(F)(F)F)N=N2)cc1,C(=NC1=NCN=N1)c1ccccc1,172.0
CC(=O)C(=NNc1cccc([N+](=O)[O-])c1)C(=O)C(F)(F)F,c1ccccc1,206.0
CCC1=C(C=NNc2ccc([N+](=O)[O-])cc2[N+](=O)[O-])CCCC1,C(=NNc1ccccc1)C1=CCCCC1,194.0
CC=CC=C(C)C=NNc1ccc([N+](=O)[O-])cc1[N+](=O)[O-],c1ccccc1,199.0
CC(C)=CC=CC=NNc1ccc([N+](=O)[O-])cc1[N+](=O)[O-],c1ccccc1,206.0
C=CC=C(C)C=NNc1ccc([N+](=O)[O-])cc1[N+](=O)[O-],c1ccccc1,171.0
COc1ccc2c(c1)C(=NNc1ccc([N+](=O)[O-])cc1[N+](=O)[O-])C2,c1ccc(NN=C2Cc3ccccc32)cc1,221.0
C=CC1=C(C=NNc2ccc([N+](=O)[O-])cc2[N+](=O)[O-])CCCC1,C(=NNc1ccccc1)C1=CCCCC1,153.0
O=[N+]([O-])c1ccc(NN=CC2=C(C#Cc3ccccc3)CCCC2)c([N+](=O)[O-])c1,C(#Cc1ccccc1)C1=C(C=NNc2ccccc2)CCCC1,199.0
C#CC1=C(C=NNc2ccc([N+](=O)[O-])cc2[N+](=O)[O-])CCCC1,C(=NNc1ccccc1)C1=CCCCC1,190.0
O=[N+]([O-])c1ccc(NN=CC2=C(C=Cc3ccccc3)CCCC2)c([N+](=O)[O-])c1,C(=Cc1ccccc1)C1=C(C=NNc2ccccc2)CCCC1,163.0
CC(=COC(=O)c1ccccc1)C(C)=NOC(=O)c1ccccc1,O=C(OC=CC=NOC(=O)c1ccccc1)c1ccccc1,232.0
O=[N+]([O-])c1cccc(C=NNc2ccccc2)c1,C(=NNc1ccccc1)c1ccccc1,123.0
CC(CC(C)c1ccc(C)cc1)=NNC(N)=O,c1ccccc1,146.0
CC(=NO)C1CC2(C)CCC1C2(C)C,C1CC2CCC1C2,96.0
CC(=NNC(N)=O)C1CC2(C)CCC1C2(C)C,C1CC2CCC1C2,236.0
CCC(=NO)C1CC2(C)CCC1C2(C)C,C1CC2CCC1C2,93.0
CCC(=NNC(N)=O)C1CC2(C)CCC1C2(C)C,C1CC2CCC1C2,222.0
CC12CCC(C(=NO)CC1=NO)C2(C)C,N=C1CC(=N)C2CCC1C2,209.0
CC12CCC(C=CC1=NO)C2(C)C,N=C1C=CC2CCC1C2,146.0
CC1(C(=NNc2ccc([N+](=O)[O-])cc2[N+](=O)[O-])C(=O)O)CCC(C(=O)O)C1(C)C,C(=NNc1ccccc1)C1CCCC1,191.0
CC12CCC(CCC1=NNc1ccc([N+](=O)[O-])cc1[N+](=O)[O-])C2(C)C,c1ccc(NN=C2CCC3CCC2C3)cc1,233.0
COC1=CC(=NO)C2(C)CCC1C2(C)C,N=C1C=CC2CCC1C2,185.0
CC12CCC(C(=O)C(=NO)C1=O)C2(C)C,N=C1C(=O)C2CCC(C2)C1=O,109.0
CCC(=NNC(N)=O)C(C)=NNC(N)=O,,245.0
CC(C=NNC(N)=O)=NNC(N)=O,,255.0
CC1C(=NNC(N)=O)CC2(C(C)C)CC12,N=C1CC2CC2C1,174.0
CC(CCC(C=NNC(N)=O)C(C)C)C(=O)O,,152.0
CC1=C(C=NO)C(=O)C(C(C)C)C=C1,O=C1C=CC=CC1,146.0
CC1=C(C=NNC(N)=O)C(=O)C(C(C)C)C=C1,O=C1C=CC=CC1,222.0
CC(=NNC(N)=O)C(=O)C(C)Cc1ccccc1,c1ccccc1,112.0
Nc1ccc(C(CC(=NO)c2ccccc2)NO)cc1,N=C(CCc1ccccc1)c1ccccc1,179.0
O=[N+]([O-])c1cc(C=NNc2ccccc2)ccc1C=NNc1ccccc1,C(=NNc1ccccc1)c1ccc(C=NNc2ccccc2)cc1,185.0
NN=C(C(=O)c1ccc2c3c(cccc13)CC2)c1ccccc1,N=C(C(=O)c1ccc2c3c(cccc13)CC2)c1ccccc1,200.0
ON=C(Cc1ccccc1)c1ccc2c3c(cccc13)CC2,N=C(Cc1ccccc1)c1ccc2c3c(cccc13)CC2,138.0
ON=C(Cc1ccccc1)c1ccc2ccccc2c1,N=C(Cc1ccccc1)c1ccc2ccccc2c1,129.0
ON=C(Cc1ccccc1)c1cccc2ccccc12,N=C(Cc1ccccc1)c1cccc2ccccc12,150.0
Nc1c(C=NNc2ccccc2)ccc2c1C(=O)c1ccccc1C2=O,O=C1c2ccccc2C(=O)c2cc(C=NNc3ccccc3)ccc21,210.0
CC(=NNc1ccc([N+](=O)[O-])cc1)c1nc2c(ccc3ccccc32)nc1C,C(=NNc1ccccc1)c1cnc2ccc3ccccc3c2n1,271.0
CC(=NNc1ccccc1)c1nc2c(ccc3ccccc32)nc1C,C(=NNc1ccccc1)c1cnc2ccc3ccccc3c2n1,209.0
CC(CCc1ccc2c(c1)NC(C)CC2)=NNC(N)=O,c1ccc2c(c1)CCCN2,128.0
O=C1c2ccc(C=NO)cc2C(=O)c2c(Cl)c(Cl)c(Cl)c(Cl)c21,O=C1c2ccccc2C(=O)c2ccccc21,235.0
CCOC(=O)Cc1cc(C(=NNc2ccccc2)C(=O)OCC)c([N+](=O)[O-])cc1[N+](=O)[O-],C(=NNc1ccccc1)c1ccccc1,155.0
COc1ccc(CC(=NO)C(=O)O)cc1,c1ccccc1,159.0
FC(F)(F)c1nn(CN2CCN(Cn3nc(C(F)(F)F)n(N=Cc4ccc5c(c4)OCO5)c3=S)CC2)c(=S)n1N=Cc1ccc2c(c1)OCO2,S=c1n(N=Cc2ccc3c(c2)OCO3)cnn1CN1CCN(Cn2ncn(N=Cc3ccc4c(c3)OCO4)c2=S)CC1,156.0
Clc1ccc(C=NC2Nc3ccccc3N2)cc1,C(=NC1Nc2ccccc2N1)c1ccccc1,155.0
NC(=O)NN=Cc1cccc2c(Br)cccc12,c1ccc2ccccc2c1,258.0
CCOC(=O)C(=NNc1ccccc1[N+](=O)[O-])C(C)=O,c1ccccc1,74.0
Clc1ccc(C=NNc2ccccc2)cc1,C(=NNc1ccccc1)c1ccccc1,311.0
ON=Cc1ccc2ccccc2c1,c1ccc2ccccc2c1,169.0
Cc1ccncc1C=NO,c1ccncc1,180.0
Cc1ccncc1C=NN(C)C,c1ccncc1,50.0
COc1cc(CC(=NO)C(=O)O)ccc1O,c1ccccc1,139.0
CC(=NNC(N)=O)c1ccc(C)cc1,c1ccccc1,204.0
CC(CCc1oc2ccc(Br)cc2c1-c1ccc(C)o1)=NO,c1coc(-c2coc3ccccc23)c1,132.0
Cc1nc2ccccc2n1CCc1nnc(S)n1N=Cc1ccccc1Cl,C(=Nn1cnnc1CCn1cnc2ccccc21)c1ccccc1,250.0
COc1ccc(C=Nn2c(S)nnc2CCn2c(C)nc3ccccc32)cc1,C(=Nn1cnnc1CCn1cnc2ccccc21)c1ccccc1,262.0
CCCc1ccccc1C=NNc1ccc([N+](=O)[O-])cc1[N+](=O)[O-],C(=NNc1ccccc1)c1ccccc1,228.0
Cc1cccc2c1C(=NNc1ccc([N+](=O)[O-])cc1[N+](=O)[O-])C2,c1ccc(NN=C2Cc3ccccc32)cc1,228.0
ON=CC1=C(C#Cc2ccccc2)CCC1,C(#Cc1ccccc1)C1=CCCC1,105.0
COc1ccc(Br)c2c1C(=NNc1ccc([N+](=O)[O-])cc1[N+](=O)[O-])C2,c1ccc(NN=C2Cc3ccccc32)cc1,289.0
N#CC(=CNc1ccccc1)c1ccccc1,C(=Cc1ccccc1)Nc1ccccc1,156.0
N#CC(=CNc1ccc(O)cc1)c1ccccc1,C(=Cc1ccccc1)Nc1ccccc1,150.0
ON=Cc1cccc2c(Br)cccc12,c1ccc2ccccc2c1,134.0
Brc1cccc2c(C=NNc3ccccc3)cccc12,C(=NNc1ccccc1)c1cccc2ccccc12,105.0
CC(=Nn1c(S)nnc1C(F)(F)F)c1ccc(C)cc1,C(=Nn1cnnc1)c1ccccc1,202.0
COc1cccc(OC)c1C=Nn1c(S)nnc1C(F)(F)F,C(=Nn1cnnc1)c1ccccc1,178.0
CCC1=CCCC1=NNc1ccc([N+](=O)[O-])cc1[N+](=O)[O-],C1=CC(=NNc2ccccc2)CC1,220.0
O=[N+]([O-])c1ccc(NN=C2Cc3ccccc32)c([N+](=O)[O-])c1,c1ccc(NN=C2Cc3ccccc32)cc1,203.0
CC(OCCc1ccc([N+](=O)[O-])cc1)=C(C#N)c1ccccc1,C(=Cc1ccccc1)OCCc1ccccc1,138.0
CCOC(=O)CC=C(c1ccc(OC)cc1)C(C)(C)C(=O)OCC,c1ccccc1,146.0
O=[N+]([O-])c1ccc2c3c(ccc(C(Cl)=Cc4ccccc4)c13)CC2,C(=Cc1ccc2c3c(cccc13)CC2)c1ccccc1,161.0
O=C1C(=Cc2ccc(Cl)cc2)SC(=S)N1CN1CCCCC1,O=C1C(=Cc2ccccc2)SC(=S)N1CN1CCCCC1,122.0
O=[N+]([O-])c1cc([N+](=O)[O-])c(C(Cl)=Cc2ccccc2)cc1C(Cl)=Cc1ccccc1,C(=Cc1cccc(C=Cc2ccccc2)c1)c1ccccc1,146.0
C(=C1c2ccccc2C2C1OC1C(=Cc3ccccc3)c3ccccc3C12)c1ccccc1,C(=C1c2ccccc2C2C1OC1C(=Cc3ccccc3)c3ccccc3C12)c1ccccc1,215.0
NC(=O)NN=Cc1ccc([N+](=O)[O-])cc1,c1ccccc1,217.0
NC(=O)NN=Cc1ccccc1,c1ccccc1,231.0
FC(F)(F)c1nn(CN2CCOCC2)c(=S)n1N=Cc1ccc2c(c1)OCO2,S=c1n(N=Cc2ccc3c(c2)OCO3)cnn1CN1CCOCC1,183.0
FC(F)(F)c1nn(CN2CCCCC2)c(=S)n1N=Cc1ccc2c(c1)OCO2,S=c1n(N=Cc2ccc3c(c2)OCO3)cnn1CN1CCCCC1,122.0
COc1ccc(OC)c(C=Nn2c(S)nnc2C(F)(F)F)c1,C(=Nn1cnnc1)c1ccccc1,145.0
O=[N+]([O-])c1ccc(C=Nn2c(S)nnc2C(F)(F)F)cc1,C(=Nn1cnnc1)c1ccccc1,193.0
FC(F)(F)c1nnc(S)n1N=Cc1ccc2c(c1)OCO2,C(=Nn1cnnc1)c1ccc2c(c1)OCO2,221.0
COc1ccc(C=Nn2c(S)nnc2C(F)(F)F)cc1,C(=Nn1cnnc1)c1ccccc1,188.0
FC(F)(F)c1nnc(S)n1N=Cc1ccccc1,C(=Nn1cnnc1)c1ccccc1,233.0
FC(F)(F)c1nnc(S)n1N=Cc1ccc(Cl)cc1,C(=Nn1cnnc1)c1ccccc1,256.0
CN(C)c1ccc(C=Nn2c(S)nnc2C(F)(F)F)cc1,C(=Nn1cnnc1)c1ccccc1,200.0
O=[N+]([O-])c1ccc(NN=C(Cc2ccccc2)C(Cc2ccccc2)=NNc2ccc([N+](=O)[O-])cc2)cc1,c1ccc(CC(=NNc2ccccc2)C(Cc2ccccc2)=NNc2ccccc2)cc1,276.0
CN(C)c1ccc(C(Br)=NNc2ccc([N+](=O)[O-])cc2)cc1,C(=NNc1ccccc1)c1ccccc1,188.0
Cc1ccc(-c2csc(C(C#N)=NNc3cc(Cl)ccc3Cl)n2)cc1,C(=NNc1ccccc1)c1nc(-c2ccccc2)cs1,188.0
N#CC(=NNc1cc(Cl)ccc1Cl)c1nc(-c2ccccc2)cs1,C(=NNc1ccccc1)c1nc(-c2ccccc2)cs1,134.0
c1ccc(CC(=NNc2ccccc2)C(Cc2ccccc2)=NNc2ccccc2)cc1,c1ccc(CC(=NNc2ccccc2)C(Cc2ccccc2)=NNc2ccccc2)cc1,181.0
O=C(CCc1ccccc1)C(=NO)c1ccccc1,N=C(C(=O)CCc1ccccc1)c1ccccc1,130.0
COC1=C(OC)C(=CCN=[N+]=[N-])OC1=O,C=C1C=CC(=O)O1,56.0
CC(OCC(=O)c1ccccc1)=C(C#N)c1ccccc1,O=C(COC=Cc1ccccc1)c1ccccc1,111.0
CC12CCC(C(=CC(N)=O)C1=O)C2(C)C,C=C1C(=O)C2CCC1C2,152.0
CCC(=NNc1cccc(NN=C(CC)C(=O)O)c1)C(=O)O,c1ccccc1,190.0
O=C(ON=C(Cc1ccccc1)c1ccccc1)c1ccccc1,O=C(ON=C(Cc1ccccc1)c1ccccc1)c1ccccc1,92.0
ON=C(CC(NO)c1ccccc1)c1ccccc1,N=C(CCc1ccccc1)c1ccccc1,141.0
CCN(CC)CN1C(=O)C(=Cc2ccc(Cl)cc2)SC1=S,O=C1NC(=S)SC1=Cc1ccccc1,89.0
CC(=O)C(C(=O)OC1CC(C)CCC1C(C)C)C(C)C(C(C)=O)C(=NNC(N)=O)OC1CC(C)CCC1C(C)C,N=C(CCCC(=O)OC1CCCCC1)OC1CCCCC1,200.0
CC12CCC(CCC1=NO)C2(C)C,N=C1CCC2CCC1C2,164.0
CC12CCC(C(=CC(=O)O)C1=O)C2(C)C,C=C1C(=O)C2CCC1C2,106.0
CC(C)C=C1NC(c2ccccc2)OC1=O,C=C1NC(c2ccccc2)OC1=O,87.0
COC(=O)C(=Cc1ccccc1)Cc1ccccc1,C(=Cc1ccccc1)Cc1ccccc1,28.0
CC(OCC(=NNC(N)=O)c1ccccc1)=C(C#N)c1ccccc1,N=C(COC=Cc1ccccc1)c1ccccc1,157.0
CC12CCC(C(=CC(=O)NC(N)=O)C1=O)C2(C)C,C=C1C(=O)C2CCC1C2,206.0
COc1ccc(C(=CCC(=O)O)C(C)(C)C(=O)O)cc1,c1ccccc1,137.0
COc1ccc(NN=C(C#N)c2nc(-c3ccccc3)cs2)cc1,C(=NNc1ccccc1)c1nc(-c2ccccc2)cs1,151.0
O=C1C(=NNc2ccc(Br)cc2)C(C(F)(F)F)=NN1c1ccccc1,O=C1C(=NNc2ccccc2)C=NN1c1ccccc1,176.0
CC(=O)OC(C=Cc1ccccc1)=NNC(N)=O,c1ccccc1,174.0
CC(Cc1ccccc1)=NNc1ccccc1,C(Cc1ccccc1)=NNc1ccccc1,85.0
CC1=NN(CN2CCOCC2)C(=O)C1=NNc1ccc(C(=O)O)cc1,O=C1C(=NNc2ccccc2)C=NN1CN1CCOCC1,188.0
Nc1ccc(CC(=NO)c2ccc(N)cc2)cc1,N=C(Cc1ccccc1)c1ccccc1,147.0
CC1(C)OC(=O)C1(C)C,O=C1CCO1,132.0
N#CC(=NNc1ccc(Cl)cc1)c1nc(-c2ccccc2)cs1,C(=NNc1ccccc1)c1nc(-c2ccccc2)cs1,169.0
O=C(C=CN(O)c1ccccc1)c1ccc2c(c1)CCCC2,O=C(C=CNc1ccccc1)c1ccc2c(c1)CCCC2,148.0
ClC(=Cc1ccccc1)c1cccc2ccccc12,C(=Cc1cccc2ccccc12)c1ccccc1,117.0
COc1cc(O)c2c(=O)c(OC3OC(CO)C(O)C(O)C3OC3OC(C)C(O)C(O)C3O)c(-c3ccc(O)c(O)c3)oc2c1,O=c1c(OC2OCCCC2OC2CCCCO2)c(-c2ccccc2)oc2ccccc12,187.0
O=C1C(=Cc2ccccc2O)SC(=S)N1CN(CCCl)CCCl,O=C1NC(=S)SC1=Cc1ccccc1,233.0
Cc1nc(C(C#N)=NNc2cccc(C(F)(F)F)c2)sc1N=Nc1ccc(F)cc1,C(=NNc1ccccc1)c1ncc(N=Nc2ccccc2)s1,212.0
O=[N+]([O-])c1cc([N+](=O)[O-])c(C=Cc2ccc3c(c2)OCO3)cc1C=Cc1ccc2c(c1)OCO2,C(=Cc1ccc2c(c1)OCO2)c1cccc(C=Cc2ccc3c(c2)OCO3)c1,215.0
O=[N+]([O-])c1ccc(C=Cc2ccccc2[N+](=O)[O-])cc1,C(=Cc1ccccc1)c1ccccc1,139.0
CC1=CCC(C)C1=NNc1ccc([N+](=O)[O-])cc1[N+](=O)[O-],C1=CC(=NNc2ccccc2)CC1,198.0
O=[N+]([O-])c1ccccc1C=Cc1cc(C=Cc2ccccc2[N+](=O)[O-])c([N+](=O)[O-])cc1[N+](=O)[O-],C(=Cc1cccc(C=Cc2ccccc2)c1)c1ccccc1,291.0
Cn1c(C(C#N)=NNc2cc(Cl)ccc2Cl)nc2ccccc21,C(=NNc1ccccc1)c1nc2ccccc2[nH]1,246.0
CC(=CC(C)=NNc1ccc([N+](=O)[O-])cc1[N+](=O)[O-])c1ccc(C)cc1,C(=Cc1ccccc1)C=NNc1ccccc1,183.0
COc1ccc(-c2csc(C(C#N)=NNc3ccc(Br)cc3)n2)cc1,C(=NNc1ccccc1)c1nc(-c2ccccc2)cs1,197.0
Cc1cccc(NN=C(C#N)c2nc(C)c(N=Nc3ccccc3)s2)c1,C(=NNc1ccccc1)c1ncc(N=Nc2ccccc2)s1,212.0
CC1=CCCC1=NNc1ccc([N+](=O)[O-])cc1[N+](=O)[O-],C1=CC(=NNc2ccccc2)CC1,222.0
C=C1C(=NNc2cc(Cl)c(Cl)cc2Cl)C(=O)N(C)C(=O)N1C,C=C1NC(=O)NC(=O)C1=NNc1ccccc1,244.0
N#CC(=NNc1cccc(O)c1)c1nc2ccccc2s1,C(=NNc1ccccc1)c1nc2ccccc2s1,175.0
NC(=O)C(=NNc1cc(Cl)c(Cl)cc1Cl)c1nc2ccccc2s1,C(=NNc1ccccc1)c1nc2ccccc2s1,237.0
CC(=NNC(N)=O)C1=CC2(C)CCC1C2(C)C,C1=CC2CCC1C2,218.0
CC(CCC(=NO)C(C)C)CC(=O)O,,187.0
CC(=O)Nc1ccc(C=Cc2nc3cc([N+](=O)[O-])ccc3n2-c2ccc(C)cc2)cc1,C(=Cc1nc2ccccc2n1-c1ccccc1)c1ccccc1,250.0
O=C(C=Cc1ccccc1O)c1cccc(C(=O)C=Cc2ccccc2O)c1,O=C(C=Cc1ccccc1)c1cccc(C(=O)C=Cc2ccccc2)c1,150.0
CC(=O)C(=CNc1ccc(C)cc1)Cc1ccccc1,C(=CNc1ccccc1)Cc1ccccc1,103.0
CC12CCC(C(=CNC(N)=O)C1=O)C2(C)C,C=C1C(=O)C2CCC1C2,197.0
O=C(C=Cc1ccccc1)c1cccc(C(=O)C=Cc2ccccc2)c1,O=C(C=Cc1ccccc1)c1cccc(C(=O)C=Cc2ccccc2)c1,142.0
CCC(C(=O)C=Cc1ccccc1)C(=O)OC1CC(C)CCC1C(C)C,O=C(C=Cc1ccccc1)CC(=O)OC1CCCCC1,135.0
Cn1c(C(C#N)=NNc2ccc([N+](=O)[O-])cc2)nc2ccccc21,C(=NNc1ccccc1)c1nc2ccccc2[nH]1,239.0
Cn1c(C(C#N)=NNc2ccc(Cl)cc2)nc2ccccc21,C(=NNc1ccccc1)c1nc2ccccc2[nH]1,215.0
COc1ccc(C=CC(=O)c2cccc(C(=O)C=Cc3ccc(OC)cc3)c2)cc1,O=C(C=Cc1ccccc1)c1cccc(C(=O)C=Cc2ccccc2)c1,135.0
BrC(=NNc1ccccc1)c1ccccc1,C(=NNc1ccccc1)c1ccccc1,190.0
N#CC(=NNc1cc(Cl)c(Cl)cc1Cl)c1nc2ccccc2s1,C(=NNc1ccccc1)c1nc2ccccc2s1,214.0
CCC(CCCc1ccccc1)=NNC(N)=O,c1ccccc1,149.0
Nc1ccccc1C=Cc1cc(C=Cc2ccccc2)c(N)cc1N,C(=Cc1cccc(C=Cc2ccccc2)c1)c1ccccc1,146.0
CC1CC=CC1=NNc1ccc([N+](=O)[O-])cc1[N+](=O)[O-],C1=CC(=NNc2ccccc2)CC1,180.0
NC(=O)C(=NNc1c(Cl)cccc1Cl)c1nc2ccccc2s1,C(=NNc1ccccc1)c1nc2ccccc2s1,176.0
Cc1ccc2c(c1)C(=NNC(N)=O)CC2C,N=C1CCc2ccccc21,227.0
Cn1c(C(C#N)=NNc2ccccc2Cl)nc2ccccc21,C(=NNc1ccccc1)c1nc2ccccc2[nH]1,194.0
Cn1c(C(C#N)=NNc2cccc(O)c2)nc2ccccc21,C(=NNc1ccccc1)c1nc2ccccc2[nH]1,285.0
c1ccc(CC(=NNc2ccccc2)c2ccc3ccccc3c2)cc1,c1ccc(CC(=NNc2ccccc2)c2ccc3ccccc3c2)cc1,166.0
O=C1C(=Cc2ccc([N+](=O)[O-])cc2)SC(=S)N1CN1CCOCC1,O=C1C(=Cc2ccccc2)SC(=S)N1CN1CCOCC1,169.0
CC1CCC(C(C)C)C(OC(=O)C(=O)C=Cc2ccccc2)C1,O=C(C=Cc1ccccc1)C(=O)OC1CCCCC1,46.0
Cc1ccc(C(C)CC(=O)C=Cc2ccccc2)cc1,O=C(C=Cc1ccccc1)CCc1ccccc1,88.0
Cn1c(C(C#N)=NNc2c(Cl)cc(Cl)cc2Cl)nc2ccccc21,C(=NNc1ccccc1)c1nc2ccccc2[nH]1,169.0
CC12CCC(C(=CC(Cc3ccccc3)C(=O)O)C1=O)C2(C)C,O=C1C(=CCCc2ccccc2)C2CCC1C2,127.0
N#CC(=NNc1cc(Cl)c(Cl)cc1Cl)c1nc(-c2ccc(Cl)cc2)cs1,C(=NNc1ccccc1)c1nc(-c2ccccc2)cs1,177.0
O=[N+]([O-])c1cc([N+](=O)[O-])c(C(Cl)C(Cl)c2ccccc2)cc1C=Cc1ccccc1,C(=Cc1cccc(CCc2ccccc2)c1)c1ccccc1,181.0
ClC(=Cc1ccccc1)c1ccc2c3c(cccc13)CC2,C(=Cc1ccc2c3c(cccc13)CC2)c1ccccc1,77.0
Cc1cccc2c1CC2=NNc1ccc([N+](=O)[O-])cc1[N+](=O)[O-],c1ccc(NN=C2Cc3ccccc32)cc1,227.0
CC(Cc1ccccc1)=NNC(N)=O,c1ccccc1,189.0
Cc1ccc(-c2cc(NN=C(C(=O)c3cccs3)C(=O)C(F)(F)F)[nH]n2)cc1,O=C(C=NNc1cc(-c2ccccc2)n[nH]1)c1cccs1,221.0
COc1ccc(C(=O)Oc2ccc(C=CC(=O)c3ccccc3)cc2)cc1,O=C(C=Cc1ccc(OC(=O)c2ccccc2)cc1)c1ccccc1,156.0
COc1ccccc1C(=O)Oc1ccc(C=CC(=O)c2ccccc2)cc1,O=C(C=Cc1ccc(OC(=O)c2ccccc2)cc1)c1ccccc1,115.0
COc1cc(C(=O)Oc2ccc(C=CC(=O)c3ccccc3)cc2)cc(OC)c1OC,O=C(C=Cc1ccc(OC(=O)c2ccccc2)cc1)c1ccccc1,95.0
CC12CCC(C(=O)C(=NNc3ccccc3)C1=O)C2(C)C,O=C1C(=NNc2ccccc2)C(=O)C2CCC1C2,117.0
O=C(C=Cc1ccc(OCC2CO2)cc1)c1ccccc1,O=C(C=Cc1ccc(OCC2CO2)cc1)c1ccccc1,92.0
O=C(C=Cc1ccco1)c1ccc(O)cc1,O=C(C=Cc1ccco1)c1ccccc1,163.0
Cc1ccc(-c2csc(C(C#N)=NNc3ccc(Cl)cc3)n2)cc1,C(=NNc1ccccc1)c1nc(-c2ccccc2)cs1,173.0
COc1ccccc1NN=C1C(=O)N(CN2CCCCC2)N=C1C,O=C1C(=NNc2ccccc2)C=NN1CN1CCCCC1,149.0
Nc1cc(N)c(C=Cc2ccccc2)c([N+](=O)[O-])c1C=Cc1ccccc1,C(=Cc1cccc(C=Cc2ccccc2)c1)c1ccccc1,175.0
NC(=O)C(=NNc1cccnc1)c1nc2ccccc2s1,C(=NNc1cccnc1)c1nc2ccccc2s1,239.0
Cc1c(NN=C2C(=O)N(c3ccccc3)N=C2C(F)(F)F)c(=O)n(-c2ccccc2)n1C,O=C1C(=NNc2c[nH]n(-c3ccccc3)c2=O)C=NN1c1ccccc1,186.0
ON=C1CC(c2ccccc2)Cc2ccncc21,N=C1CC(c2ccccc2)Cc2ccncc21,227.0
Nc1cc(N)c(C=Cc2ccccc2)c(N)c1C=Cc1ccccc1,C(=Cc1cccc(C=Cc2ccccc2)c1)c1ccccc1,161.0
O=C1C(=Cc2ccccc2O)SC(=S)N1CN1CCCCC1,O=C1C(=Cc2ccccc2)SC(=S)N1CN1CCCCC1,166.0
O=C(Cl)C=Cc1ccc(C=CC(=O)Cl)cc1,c1ccccc1,171.0
CC1=NN(CN2CCCCC2)C(=O)C1=NNc1cccc(O)c1,O=C1C(=NNc2ccccc2)C=NN1CN1CCCCC1,205.0
CC1=NN(CN2CCOCC2)C(=O)C1=NNc1cc(Cl)c(Cl)cc1Cl,O=C1C(=NNc2ccccc2)C=NN1CN1CCOCC1,176.0
CCOC(=O)C=Cc1ccccc1N,c1ccccc1,77.0
COc1c(Br)ccc2c1C(=NNc1ccc([N+](=O)[O-])cc1[N+](=O)[O-])C2,c1ccc(NN=C2Cc3ccccc32)cc1,310.0
O=C(c1cccc([N+](=O)[O-])c1)c1nn(-c2ccccc2)c(=NNc2ccccc2)s1,O=C(c1ccccc1)c1nn(-c2ccccc2)c(=NNc2ccccc2)s1,185.0
CC1CCC(C(C)C)C(OC(=O)C(C=Cc2ccccc2)C(=O)c2ccccc2)C1,O=C(OC1CCCCC1)C(C=Cc1ccccc1)C(=O)c1ccccc1,104.0
Cn1c(C(C#N)=NNc2ccc(C(=O)O)cc2)nc2ccccc21,C(=NNc1ccccc1)c1nc2ccccc2[nH]1,200.0
O=[N+]([O-])c1cc([N+](=O)[O-])c(C=C(Cl)c2ccccc2)cc1C=C(Cl)c1ccccc1,C(=Cc1cccc(C=Cc2ccccc2)c1)c1ccccc1,145.0
N#Cc1ccc(C(Cl)=Cc2ccc(C=C(Cl)c3ccc(C#N)cc3[N+](=O)[O-])cc2)c([N+](=O)[O-])c1,C(=Cc1ccc(C=Cc2ccccc2)cc1)c1ccccc1,296.0
CC1=NN(CN2CCCCC2)C(=O)C1=NNc1cccnc1,O=C1C(=NNc2cccnc2)C=NN1CN1CCCCC1,177.0
Cn1c(C(C#N)=NNc2c(Br)cc(Br)cc2Br)nc2ccccc21,C(=NNc1ccccc1)c1nc2ccccc2[nH]1,181.0
Cn1c(C(C#N)=NNc2cccc(Cl)c2)nc2ccccc21,C(=NNc1ccccc1)c1nc2ccccc2[nH]1,166.0
CC1=NN(CN2CCCCC2)C(=O)C1=NNc1ccc(Cl)cc1Cl,O=C1C(=NNc2ccccc2)C=NN1CN1CCCCC1,123.0
O=[N+]([O-])c1ccc(NN=C2C=C(c3ccccc3)c3ccccc32)cc1,C1=C(c2ccccc2)c2ccccc2C1=NNc1ccccc1,266.0
N#Cc1ccc(C(Cl)=Cc2cccc(C=C(Cl)c3ccc(C#N)cc3[N+](=O)[O-])c2)c([N+](=O)[O-])c1,C(=Cc1cccc(C=Cc2ccccc2)c1)c1ccccc1,268.0
CC(OCCc1ccccc1)=C(C#N)c1ccccc1,C(=Cc1ccccc1)OCCc1ccccc1,118.0
O=C(Cc1ccccc1)C(Cc1ccccc1)=NNc1ccccc1,O=C(Cc1ccccc1)C(Cc1ccccc1)=NNc1ccccc1,137.0
N#Cc1ccc(C=Cc2ccc(C=Cc3ccc(C#N)cc3[N+](=O)[O-])cc2)c([N+](=O)[O-])c1,C(=Cc1ccc(C=Cc2ccccc2)cc1)c1ccccc1,350.0
CC(=O)Nc1cccc(C=CC(=O)c2ccccc2)c1,O=C(C=Cc1ccccc1)c1ccccc1,104.0
C(=NNc1ccccc1)C(=NNc1ccccc1)c1cccc(C(C=NNc2ccccc2)=NNc2ccccc2)c1,C(=NNc1ccccc1)C(=NNc1ccccc1)c1cccc(C(C=NNc2ccccc2)=NNc2ccccc2)c1,165.0
Nc1ccc(C=Cc2ccccc2)c(N)c1,C(=Cc1ccccc1)c1ccccc1,116.0
NC(=O)C(=NNc1cccc(C(F)(F)F)c1)c1nc2ccccc2s1,C(=NNc1ccccc1)c1nc2ccccc2s1,191.0
N#CC(=NNc1cccc(C(=O)O)c1)c1nc2ccccc2s1,C(=NNc1ccccc1)c1nc2ccccc2s1,200.0
N#CC(=NNc1cccc(F)c1)c1nc2ccccc2s1,C(=NNc1ccccc1)c1nc2ccccc2s1,196.0
N#CC(=NNc1ccc(Br)cc1)c1nc2ccccc2s1,C(=NNc1ccccc1)c1nc2ccccc2s1,281.0
CC(=O)C(=NNc1ccc([N+](=O)[O-])cc1)C(=O)C(F)(F)F,c1ccccc1,140.0
CCOC(=O)C(=NNc1ccc([N+](=O)[O-])cc1)C(=O)C(F)(F)F,c1ccccc1,184.0
CC(=NNC(N)=O)C(C)Cc1ccccc1,c1ccccc1,112.0
COc1ccc(C=C2SC(=S)N(CN3CCOCC3)C2=O)cc1,O=C1C(=Cc2ccccc2)SC(=S)N1CN1CCOCC1,133.0
CC(=O)Nc1ccc(C=Cc2ccccc2)c([N+](=O)[O-])c1,C(=Cc1ccccc1)c1ccccc1,192.0
CN(C)c1ccc(C=CC(=O)CCc2ccccc2)cc1,O=C(C=Cc1ccccc1)CCc1ccccc1,93.0
CC(C)CC(Cc1ccccc1)=NNC(N)=O,c1ccccc1,89.0
N#CC(=NNc1ccc(Cl)cc1)c1nc2ccccc2s1,C(=NNc1ccccc1)c1nc2ccccc2s1,189.0
CC12CCC(C(=Cc3ccccc3)C1=O)C2(C)C,O=C1C(=Cc2ccccc2)C2CCC1C2,97.0
CC1(C(=O)O)CCC(C=Cc2ccccc2)C1(C)C,C(=CC1CCCC1)c1ccccc1,124.0
CC(=O)Nc1ccc(C=CC(=O)c2ccccc2)cc1,O=C(C=Cc1ccccc1)c1ccccc1,179.0
NC(=O)C(=NNc1ccc(F)cc1)c1nc2ccccc2s1,C(=NNc1ccccc1)c1nc2ccccc2s1,159.0
COc1cc(C=CC(=O)NCCc2ccc(OCc3ccccc3)c(OC)c2)ccc1OCc1ccccc1,O=C(C=Cc1ccc(OCc2ccccc2)cc1)NCCc1ccc(OCc2ccccc2)cc1,164.0
N#CC(=NNc1ccc(Cl)cc1)c1nc(-c2ccc(Cl)cc2)cs1,C(=NNc1ccccc1)c1nc(-c2ccccc2)cs1,241.0
Cc1ccncc1C=CC(=O)O,c1ccncc1,137.0
O=C1C(=Cc2ccc([N+](=O)[O-])cc2)SC(=S)N1CNc1ccc([N+](=O)[O-])cc1,O=C1C(=Cc2ccccc2)SC(=S)N1CNc1ccccc1,189.0
Cc1ccc(-n2c(C=Cc3ccc([N+](=O)[O-])cc3)nc3cc([N+](=O)[O-])ccc32)cc1,C(=Cc1nc2ccccc2n1-c1ccccc1)c1ccccc1,267.0
Nc1ccc(C=CC(=O)c2ccccc2)cc1,O=C(C=Cc1ccccc1)c1ccccc1,151.0
CCC(C(=NNc1ccc([N+](=O)[O-])cc1[N+](=O)[O-])c1ccc(OC)cc1)C1CCCCC1,c1ccc(NN=C(CC2CCCCC2)c2ccccc2)cc1,201.0
NC(=O)NN=CC[N+](=O)[O-],,360.0
N#Cc1ccc(C=Cc2cccc(C=Cc3ccc(C#N)cc3[N+](=O)[O-])c2)c([N+](=O)[O-])c1,C(=Cc1cccc(C=Cc2ccccc2)c1)c1ccccc1,298.0
N#CC(=NNc1ccc2ccccc2c1)c1nc(-c2ccc(Cl)cc2)cs1,C(=NNc1ccc2ccccc2c1)c1nc(-c2ccccc2)cs1,219.0
N#CC(=NNc1ccc(Br)cc1)c1nc(-c2ccccc2)cs1,C(=NNc1ccccc1)c1nc(-c2ccccc2)cs1,170.0
NNC(=O)C=Cc1ccc(C=CC(=O)NN)cc1,c1ccccc1,259.0
O=C(C=CNc1ccccc1)c1ccc2c(c1)CCCC2,O=C(C=CNc1ccccc1)c1ccc2c(c1)CCCC2,175.0
CC(=O)C=Cc1ccc(C=CC(C)=O)cc1,c1ccccc1,163.0
Nc1ccc(C=Cc2cccc(N)c2)cc1,C(=Cc1ccccc1)c1ccccc1,109.0
NC(=O)C(=NNc1cc(Cl)ccc1Cl)c1nc2ccccc2s1,C(=NNc1ccccc1)c1nc2ccccc2s1,271.0
O=C1C(=NNc2cccc(F)c2)C(C(F)(F)F)=NN1c1ccccc1,O=C1C(=NNc2ccccc2)C=NN1c1ccccc1,106.0
CCC(=NO)C1=CC2(C)CCC1C2(C)C,C1=CC2CCC1C2,107.0
O=C1C(=Cc2ccc([N+](=O)[O-])cc2)SC(=S)N1CN(CCCl)CCCl,O=C1NC(=S)SC1=Cc1ccccc1,284.0
c1ccc(CC(=NNc2ccccc2)c2cccc3ccccc23)cc1,c1ccc(CC(=NNc2ccccc2)c2cccc3ccccc23)cc1,101.0
O=C(C(=NNc1cccnc1)C(=O)C(F)(F)F)c1cccs1,O=C(C=NNc1cccnc1)c1cccs1,151.0
CC(=O)Nc1ccccc1C=Cc1ccccc1,C(=Cc1ccccc1)c1ccccc1,113.0
Cc1ccc(NC=CC(=O)c2ccc3c(c2)CCCC3)cc1,O=C(C=CNc1ccccc1)c1ccc2c(c1)CCCC2,139.0
Cn1c(C(C#N)=NNc2ccc(Cl)cc2Cl)nc2ccccc21,C(=NNc1ccccc1)c1nc2ccccc2[nH]1,161.0
CC(=O)C(=CNc1ccccc1)Cc1ccccc1,C(=CNc1ccccc1)Cc1ccccc1,132.0
NN=C(C(=O)c1cccc2ccccc12)c1ccccc1,N=C(C(=O)c1cccc2ccccc12)c1ccccc1,152.0
CC(=O)NC=Cc1ccccc1[N+](=O)[O-],c1ccccc1,150.0
CC(=CC(C)=NNc1ccc([N+](=O)[O-])cc1[N+](=O)[O-])c1ccc(-c2ccccc2)cc1,C(=Cc1ccc(-c2ccccc2)cc1)C=NNc1ccccc1,201.0
N#Cc1ccc(C=Cc2ccccc2C=O)c([N+](=O)[O-])c1,C(=Cc1ccccc1)c1ccccc1,210.0
N#CC(=NNc1c(Br)cc(Br)cc1Br)c1nc2ccccc2s1,C(=NNc1ccccc1)c1nc2ccccc2s1,180.0
CCC(=NNC(N)=O)C1=CC2(C)CCC1C2(C)C,C1=CC2CCC1C2,197.0
COc1ccccc1NN=C(C#N)c1nc2ccccc2n1C,C(=NNc1ccccc1)c1nc2ccccc2[nH]1,201.0
O=[N+]([O-])c1cc([N+](=O)[O-])c(C(C(=NNc2ccccc2)c2ccccc2)c2ccccc2)cc1Cl,c1ccc(NN=C(c2ccccc2)C(c2ccccc2)c2ccccc2)cc1,196.0
COc1ccc(C(=O)Oc2ccc(C(=O)C=Cc3ccc4c(c3)OCO4)cc2)cc1,O=C(C=Cc1ccc2c(c1)OCO2)c1ccc(OC(=O)c2ccccc2)cc1,169.0
COc1ccccc1C(=O)Oc1ccc(C(=O)C=Cc2ccc(N(C)C)cc2)cc1,O=C(C=Cc1ccccc1)c1ccc(OC(=O)c2ccccc2)cc1,99.0
O=C(C=Cc1ccccc1)Oc1ccc(C=CC(=O)c2ccccc2)cc1,O=C(C=Cc1ccccc1)Oc1ccc(C=CC(=O)c2ccccc2)cc1,158.0
COc1ccc(C=C2SC(=S)N(CN3CCCCC3)C2=O)cc1,O=C1C(=Cc2ccccc2)SC(=S)N1CN1CCCCC1,223.0
Cc1ccccc1C=C(C#N)c1nc2ccccc2n1C,C(=Cc1nc2ccccc2[nH]1)c1ccccc1,270.0
O=[N+]([O-])c1ccccc1C=Cc1ccc2ccccc2n1,C(=Cc1ccc2ccccc2n1)c1ccccc1,102.0
CN(C)c1ccc(C=Cc2ccc3ccccc3n2)cc1,C(=Cc1ccc2ccccc2n1)c1ccccc1,184.0
N#CC(=Cc1ccc(Cl)cc1Cl)c1nc(-c2ccc([N+](=O)[O-])cc2)cs1,C(=Cc1nc(-c2ccccc2)cs1)c1ccccc1,211.0
O=C(C=Cc1ccc(OCCCCl)cc1)c1ccccc1,O=C(C=Cc1ccccc1)c1ccccc1,74.0
Cc1ccccc1C=C(C#N)c1nc2ccccc2s1,C(=Cc1nc2ccccc2s1)c1ccccc1,149.0
N#CC(=Cc1ccc(Cl)cc1)c1nc2ccccc2s1,C(=Cc1nc2ccccc2s1)c1ccccc1,150.0
Cn1c(C(C#N)=Cc2cccc(O)c2)nc2ccccc21,C(=Cc1nc2ccccc2[nH]1)c1ccccc1,241.0
COc1ccccc1C=C(C#N)c1nc2ccccc2n1C,C(=Cc1nc2ccccc2[nH]1)c1ccccc1,227.0
CN(C)c1ccc(C=C(C#N)c2nc3ccccc3n2C)cc1,C(=Cc1nc2ccccc2[nH]1)c1ccccc1,151.0
Cn1c(C(C#N)=Cc2ccc(F)cc2)nc2ccccc21,C(=Cc1nc2ccccc2[nH]1)c1ccccc1,134.0
ON=C(Cl)c1ccc(Cl)cc1,c1ccccc1,278.0
Cn1ncc2c(NNC3=CC(=O)c4ccccc4C3=O)ncnc21,O=C1C=C(NNc2ncnc3[nH]ncc23)C(=O)c2ccccc21,226.0
COc1ccc(OC)c(C=CC(=O)n2cnc3c(N)ncnc32)c1,O=C(C=Cc1ccccc1)n1cnc2cncnc21,261.0
[C-]#[N+]c1cnn(-c2ncnc3c2cnn3C)c1C=COCC,c1cnn(-c2ncnc3[nH]ncc23)c1,155.0
Fc1ccc(C=Nn2c(S)nnc2C(F)(F)F)cc1,C(=Nn1cnnc1)c1ccccc1,212.0
OC1NN(c2ccccc2)C(O)C1=Cc1ccc2c(c1)OCO2,C(=C1CNN(c2ccccc2)C1)c1ccc2c(c1)OCO2,290.0
CN(C)c1ccc(C(Cl)=NO)cc1,c1ccccc1,165.0
Cc1ccc(NN=C2C(=O)NN(c3ccccc3)C2=O)cc1,O=C1NN(c2ccccc2)C(=O)C1=NNc1ccccc1,277.0
O=[N+]([O-])c1cc(-c2ccc(O)cc2)ccc1O,c1ccc(-c2ccccc2)cc1,182.0
CN(C)c1nnc(Br)c(-c2nc(N(C)C)nnc2Br)n1,c1nncc(-c2cnncn2)n1,123.0
CN(C)c1nncc(-c2cnnc(N(C)C)n2)n1,c1nncc(-c2cnncn2)n1,224.0
O=C(C=CC1=NC=NC1)NCCc1c[nH]cn1,O=C(C=CC1=NC=NC1)NCCc1c[nH]cn1,241.0
CCOC(=O)C(C(N)=S)=C1NN=C(c2ccc(Cl)cc2)O1,C=C1NN=C(c2ccccc2)O1,176.0
O=C1C(=C2C=Cc3ccccc3N2)C(=O)c2c1cccc2[N+](=O)[O-],O=C1C(=C2C=Cc3ccccc3N2)C(=O)c2ccccc21,360.0
O=C1C(=C2C=Cc3ccc(O)cc3N2)C(=O)c2ccccc21,O=C1C(=C2C=Cc3ccccc3N2)C(=O)c2ccccc21,267.0
O=C1C(=C2C=Cc3cc(-c4ccccc4)ccc3N2)C(=O)c2ccccc21,O=C1C(=C2C=Cc3cc(-c4ccccc4)ccc3N2)C(=O)c2ccccc21,271.0
Cc1ccc(-c2ccc3c(c2)C=CC(=C2C(=O)c4ccccc4C2=O)N3)cc1,O=C1C(=C2C=Cc3cc(-c4ccccc4)ccc3N2)C(=O)c2ccccc21,242.0
COC(=O)C1=C(C(=O)OC)C(=O)C(=C2C=Cc3ccccc3N2)C1=O,O=C1C=CC(=O)C1=C1C=Cc2ccccc2N1,363.0
COc1ccc(C=CC(=O)c2ccccc2)c(OC)c1,O=C(C=Cc1ccccc1)c1ccccc1,70.0
N#CC(c1ccc(Sc2ccccc2)nn1)c1c(Cl)cccc1Cl,c1ccc(Cc2ccc(Sc3ccccc3)nn2)cc1,190.0
CNN=C(N)C(S)=NNC,,185.0
NN=C(N)C(S)=NN,,150.0
O=C1NN(c2ccccc2)C(=O)C1=CNc1ccccc1,O=C1NN(c2ccccc2)C(=O)C1=CNc1ccccc1,276.0
COc1ccccc1-c1ccc(C=CC(=O)c2ccccc2)o1,O=C(C=Cc1ccc(-c2ccccc2)o1)c1ccccc1,99.0
COc1ccc(C(=O)C=Cc2ccc(-c3ccccc3OC)o2)cc1OC,O=C(C=Cc1ccc(-c2ccccc2)o1)c1ccccc1,145.0
CCOC(=O)C(C#N)=NNc1ccccc1[N+](=O)[O-],c1ccccc1,103.0
COc1ccccc1-c1ccc(C=NO)o1,c1ccc(-c2ccco2)cc1,128.0
CCOC(=O)C(C#N)=NNc1ccc(C(=O)O)cc1,c1ccccc1,219.0
O=C1OC(c2ccccc2)=NC1=Cc1cc([N+](=O)[O-])ccc1O,O=C1OC(c2ccccc2)=NC1=Cc1ccccc1,232.0
O=C1NC(=S)NC(=O)C1=NNc1ccc(C(=O)O)cc1,O=C1NC(=S)NC(=O)C1=NNc1ccccc1,340.0
Cc1ccccc1NN=C1C(=O)NC(=O)NC1=O,O=C1NC(=O)C(=NNc2ccccc2)C(=O)N1,265.0
Cc1ccc(NN=C2SC(=N)NC2=O)cc1,N=C1NC(=O)C(=NNc2ccccc2)S1,265.0
N=C1NC(=O)C(=NNc2ccccc2)S1,N=C1NC(=O)C(=NNc2ccccc2)S1,210.0
N=C1NC(=O)C(=NNc2ccc(Br)cc2)S1,N=C1NC(=O)C(=NNc2ccccc2)S1,284.0
N=C1NC(=O)C(=NNc2ccccc2[N+](=O)[O-])S1,N=C1NC(=O)C(=NNc2ccccc2)S1,274.0
N=C1NC(=O)C(=NNc2cccc([N+](=O)[O-])c2)S1,N=C1NC(=O)C(=NNc2ccccc2)S1,208.0
Cc1ccc(C(=O)C=Cc2ccc(-c3ccc(Cl)cc3)o2)o1,O=C(C=Cc1ccc(-c2ccccc2)o1)c1ccco1,171.0
Cc1ccc(C(=O)C=Cc2ccc(Br)o2)o1,O=C(C=Cc1ccco1)c1ccco1,69.0
O=C(C=Cc1ccc(Br)o1)c1ccco1,O=C(C=Cc1ccco1)c1ccco1,77.0
CC(C)CC1=CC(=Cc2ccc(-c3ccc(Br)cc3)o2)C(=O)O1,O=C1OC=CC1=Cc1ccc(-c2ccccc2)o1,108.0
CC(C)CC1=CC(=Cc2ccc(-c3ccc([N+](=O)[O-])cc3)o2)C(=O)O1,O=C1OC=CC1=Cc1ccc(-c2ccccc2)o1,163.0
CC(C)CC1=CC(=Cc2ccc(-c3cccc([N+](=O)[O-])c3)o2)C(=O)O1,O=C1OC=CC1=Cc1ccc(-c2ccccc2)o1,164.0
O=C1NC(=S)NC(=O)C1=NNc1ccccc1[N+](=O)[O-],O=C1NC(=S)NC(=O)C1=NNc1ccccc1,330.0
COc1ccc(NN=C2C(=O)NC(=O)NC2=O)cc1,O=C1NC(=O)C(=NNc2ccccc2)C(=O)N1,264.0
O=C1NC(=O)C(=NNc2ccccc2[N+](=O)[O-])C(=O)N1,O=C1NC(=O)C(=NNc2ccccc2)C(=O)N1,290.0
O=C1NC(=O)C(=NNc2cccc([N+](=O)[O-])c2)C(=O)N1,O=C1NC(=O)C(=NNc2ccccc2)C(=O)N1,270.0
Cc1ccc(C(=O)C=Cc2ccc(-c3cccc([N+](=O)[O-])c3)o2)o1,O=C(C=Cc1ccc(-c2ccccc2)o1)c1ccco1,160.0
Cc1ccc(C(=O)C=Cc2ccc(-c3ccc([N+](=O)[O-])cc3)o2)o1,O=C(C=Cc1ccc(-c2ccccc2)o1)c1ccco1,179.0
Cc1ccc(-c2ccc(C=CC(=O)c3ccc(C)o3)o2)cc1,O=C(C=Cc1ccc(-c2ccccc2)o1)c1ccco1,143.0
Cc1ccc(C(=O)C=Cc2ccc(-c3ccccc3)o2)o1,O=C(C=Cc1ccc(-c2ccccc2)o1)c1ccco1,123.0
O=C(C=Cc1ccc(-c2ccc([N+](=O)[O-])cc2)o1)c1ccccc1,O=C(C=Cc1ccc(-c2ccccc2)o1)c1ccccc1,158.0
Cc1ccc(-c2ccc(C=CC(=O)c3ccccc3)o2)cc1,O=C(C=Cc1ccc(-c2ccccc2)o1)c1ccccc1,101.0
COc1ccccc1-c1ccc(C=CC(=O)c2ccco2)o1,O=C(C=Cc1ccc(-c2ccccc2)o1)c1ccco1,97.0
COc1ccc(C(=O)C=Cc2ccc(-c3ccccc3[N+](=O)[O-])o2)cc1OC,O=C(C=Cc1ccc(-c2ccccc2)o1)c1ccccc1,120.0
O=C1OC(c2ccccc2)=NC1=Cc1ccc(-c2ccc([N+](=O)[O-])cc2)o1,O=C1OC(c2ccccc2)=NC1=Cc1ccc(-c2ccccc2)o1,208.0
O=C1OC(c2ccc(Cl)cc2)=NC1=Cc1ccccc1,O=C1OC(c2ccccc2)=NC1=Cc1ccccc1,182.0
O=C1OC(c2ccc([N+](=O)[O-])cc2)=NC1=Cc1ccccc1,O=C1OC(c2ccccc2)=NC1=Cc1ccccc1,236.0
COc1cc(C)c2c(c1)CCC(=Cc1ccccc1)C2=O,O=C1C(=Cc2ccccc2)CCc2ccccc21,97.0
CC1(C)C(=O)OC2=C(CCCC2=Cc2ccccc2)C1c1ccccc1,O=C1CC(c2ccccc2)C2=C(O1)C(=Cc1ccccc1)CCC2,156.0
CC(C)CC=CC(C(=O)O)C1=CCC2(C)C(CCC3C4CCC(O)C4(C)CCC32)C1,C1=CCC2C(C1)CCC1C3CCCC3CCC21,200.0
COc1ccc(C=C(Oc2ccc(Cl)cc2)c2nc3ccccc3s2)cc1,C(=C(Oc1ccccc1)c1nc2ccccc2s1)c1ccccc1,138.0
O=[N+]([O-])c1ccccc1C=Cc1nc2ccccc2s1,C(=Cc1nc2ccccc2s1)c1ccccc1,131.0
Cc1ccc(C=C(Oc2cccc(C)c2)c2nc3ccccc3s2)cc1,C(=C(Oc1ccccc1)c1nc2ccccc2s1)c1ccccc1,138.0
COc1ccc(C=C(Oc2ccccc2)c2nc3ccccc3s2)cc1,C(=C(Oc1ccccc1)c1nc2ccccc2s1)c1ccccc1,151.0
Cc1ccc(C=C(Oc2ccccc2)c2nc3ccccc3s2)cc1,C(=C(Oc1ccccc1)c1nc2ccccc2s1)c1ccccc1,163.0
Clc1ccc(C=C(Oc2ccc(Cl)cc2Cl)c2nc3ccccc3s2)cc1,C(=C(Oc1ccccc1)c1nc2ccccc2s1)c1ccccc1,156.0
C(=C(c1ccccc1)c1nc2ccccc2s1)c1ccccc1,C(=C(c1ccccc1)c1nc2ccccc2s1)c1ccccc1,109.0
CC(=O)NC1=NC(=O)C(=Cc2cc(=O)c3ccccc3o2)N1C,O=C1N=CNC1=Cc1cc(=O)c2ccccc2o1,245.0
CC(=O)NC1=NC(=O)C(=Cc2coc3ccc(Br)cc3c2=O)N1C,O=C1N=CNC1=Cc1coc2ccccc2c1=O,260.0
O=C1C(=C2C(=Cc3coc4ccccc4c3=O)C(=O)c3ccccc32)C(=O)c2ccccc21,O=C1C(=C2C(=Cc3coc4ccccc4c3=O)C(=O)c3ccccc32)C(=O)c2ccccc21,251.0
CCN1C(=O)C(=Cc2coc3ccc(Cl)cc3c2=O)SC1=S,O=C1NC(=S)SC1=Cc1coc2ccccc2c1=O,232.0
N#CC(=NNc1cccc2ccccc12)c1nc2ccccc2s1,C(=NNc1cccc2ccccc12)c1nc2ccccc2s1,255.0
COc1ccc(-c2csc(C(C#N)=Cc3cccnc3)n2)cc1,C(=Cc1nc(-c2ccccc2)cs1)c1cccnc1,236.0
CN(C)c1ccc(C=C(C#N)c2nc(-c3ccc(Cl)cc3)cs2)cc1,C(=Cc1nc(-c2ccccc2)cs1)c1ccccc1,134.0
N#CC(=Cc1cccnc1)c1nc(-c2ccccc2)cs1,C(=Cc1nc(-c2ccccc2)cs1)c1cccnc1,164.0
COc1ccc(-c2csc(C(C#N)=NNc3ccncc3)n2)cc1,C(=NNc1ccncc1)c1nc(-c2ccccc2)cs1,256.0
Cc1c(NN=C(C#N)c2nc(-c3ccccc3)cs2)c(=O)n(-c2ccccc2)n1C,O=c1c(NN=Cc2nc(-c3ccccc3)cs2)c[nH]n1-c1ccccc1,227.0
COc1ccc(-c2csc(C(C#N)=Cc3ccco3)n2)cc1,C(=Cc1nc(-c2ccccc2)cs1)c1ccco1,116.0
N#CC(=Cc1c(Cl)cccc1Cl)c1nc(-c2ccccc2)cs1,C(=Cc1nc(-c2ccccc2)cs1)c1ccccc1,96.0
Cc1nc(C(C#N)=Cc2ccccc2Cl)sc1N=Nc1ccc(Cl)cc1,C(=Cc1ncc(N=Nc2ccccc2)s1)c1ccccc1,199.0
CN1C(=O)C(=NNc2c(Br)cc(Br)cc2Br)C(=O)N(C)C1=O,O=C1NC(=O)C(=NNc2ccccc2)C(=O)N1,166.0
Cc1cccc(NN=C2C(=O)N(C)C(=O)N(C)C2=O)c1,O=C1NC(=O)C(=NNc2ccccc2)C(=O)N1,229.0
CN1C(=O)C(=NNc2ccc(Br)cc2)C(=O)N(C)C1=O,O=C1NC(=O)C(=NNc2ccccc2)C(=O)N1,219.0
CN1C(=O)C(=NNc2cccc(Cl)c2)C(=O)N(C)C1=O,O=C1NC(=O)C(=NNc2ccccc2)C(=O)N1,202.0
CN1C(=O)C(=NNc2ccc(F)cc2)C(=O)N(C)C1=O,O=C1NC(=O)C(=NNc2ccccc2)C(=O)N1,191.0
Cc1cccc(NN=C(C#N)c2nc(-c3ccc(Cl)cc3)cs2)c1C,C(=NNc1ccccc1)c1nc(-c2ccccc2)cs1,196.0
N#CC(=NNc1ccc(Cl)cc1Cl)c1nc(-c2ccc(Cl)cc2)cs1,C(=NNc1ccccc1)c1nc(-c2ccccc2)cs1,246.0
Cc1cccc(NN=C(C#N)c2nc(-c3ccc(Cl)cc3)cs2)c1,C(=NNc1ccccc1)c1nc(-c2ccccc2)cs1,158.0
Cc1ccc(NN=C(C#N)c2nc(-c3ccc(Cl)cc3)cs2)cc1,C(=NNc1ccccc1)c1nc(-c2ccccc2)cs1,209.0
N#CC(=NNc1ccc(F)cc1)c1nc(-c2ccc(Cl)cc2)cs1,C(=NNc1ccccc1)c1nc(-c2ccccc2)cs1,226.0
N#CC(=NNc1ccccc1)c1nc(-c2ccc(Cl)cc2)cs1,C(=NNc1ccccc1)c1nc(-c2ccccc2)cs1,179.0
COc1ccc(-c2csc(C(C#N)=NNc3cc(C)ccc3C)n2)cc1,C(=NNc1ccccc1)c1nc(-c2ccccc2)cs1,156.0
COc1ccc(-c2csc(C(C#N)=NNc3cccc(C)c3C)n2)cc1,C(=NNc1ccccc1)c1nc(-c2ccccc2)cs1,164.0
COc1ccc(-c2csc(C(C#N)=NNc3ccc(C)cc3)n2)cc1,C(=NNc1ccccc1)c1nc(-c2ccccc2)cs1,152.0
COc1ccc(NN=C(C#N)c2nc(-c3ccc(C)cc3)cs2)cc1,C(=NNc1ccccc1)c1nc(-c2ccccc2)cs1,146.0
Cc1ccc(-c2csc(C(C#N)=NNc3cccc([N+](=O)[O-])c3)n2)cc1,C(=NNc1ccccc1)c1nc(-c2ccccc2)cs1,226.0
Cc1ccc(-c2csc(C(C#N)=NNc3cccc(C)c3)n2)cc1,C(=NNc1ccccc1)c1nc(-c2ccccc2)cs1,133.0
Cc1ccc(-c2csc(C(C#N)=NNc3ccc(F)cc3)n2)cc1,C(=NNc1ccccc1)c1nc(-c2ccccc2)cs1,196.0
N#CC(=NNc1cccc([N+](=O)[O-])c1)c1nc(-c2ccccc2)cs1,C(=NNc1ccccc1)c1nc(-c2ccccc2)cs1,216.0
Cc1ccccc1NN=C(C#N)c1nc(-c2ccccc2)cs1,C(=NNc1ccccc1)c1nc(-c2ccccc2)cs1,144.0
N#CC(=Cc1ccc(Cl)cc1Cl)c1nc2ccccc2[nH]1,C(=Cc1nc2ccccc2[nH]1)c1ccccc1,250.0
COc1ccc(NN=C2C(=O)N(CO)N=C2C(F)(F)F)cc1,O=C1NN=CC1=NNc1ccccc1,143.0
COc1ccc(C=C(C#N)c2nc(-c3ccco3)cs2)cc1,C(=Cc1nc(-c2ccco2)cs1)c1ccccc1,109.0
N#CC(=Cc1cccs1)c1nc(-c2ccc(Cl)cc2)cs1,C(=Cc1nc(-c2ccccc2)cs1)c1cccs1,171.0
N#CC(=Cc1ccco1)c1nc(-c2ccc(Br)cc2)cs1,C(=Cc1nc(-c2ccccc2)cs1)c1ccco1,174.0
N#CC(=Cc1ccc(F)cc1)c1nc(-c2ccc(Cl)cc2)cs1,C(=Cc1nc(-c2ccccc2)cs1)c1ccccc1,184.0
N#CC(=Cc1cccs1)c1nc(-c2cccc3ccccc23)cs1,C(=Cc1nc(-c2cccc3ccccc23)cs1)c1cccs1,206.0
CN(C)c1ccc(C=C(C#N)c2nc(-c3cccc4ccccc34)cs2)cc1,C(=Cc1nc(-c2cccc3ccccc23)cs1)c1ccccc1,129.0
N#CC(=Cc1ccc(Cl)cc1Cl)c1nc(-c2cccc3ccccc23)cs1,C(=Cc1nc(-c2cccc3ccccc23)cs1)c1ccccc1,133.0
N#CC(=Cc1ccc(Cl)cc1)c1nc(-c2cccc3ccccc23)cs1,C(=Cc1nc(-c2cccc3ccccc23)cs1)c1ccccc1,131.0
N#CC(=NNc1cccc(C(F)(F)F)c1)C(=O)c1cccs1,O=C(C=NNc1ccccc1)c1cccs1,174.0
O=C(O)c1ccc(NN=C(C(=O)c2cccs2)C(=O)C(F)(F)F)cc1,O=C(C=NNc1ccccc1)c1cccs1,220.0
Cc1nc(C(C#N)=Cc2ccc(F)cc2)sc1N=Nc1c(Br)cc(Br)cc1Br,C(=Cc1ncc(N=Nc2ccccc2)s1)c1ccccc1,171.0
Cc1nc(C(C#N)=Cc2ccco2)sc1N=Nc1c(Cl)cc(Cl)cc1Cl,C(=Cc1ncc(N=Nc2ccccc2)s1)c1ccco1,156.0
Cc1nc(C(C#N)=Cc2ccco2)sc1N=Nc1ccccc1[N+](=O)[O-],C(=Cc1ncc(N=Nc2ccccc2)s1)c1ccco1,213.0
Cc1nc(C(C#N)=Cc2ccc(N(C)C)cc2)sc1N=Nc1ccc(F)cc1,C(=Cc1ncc(N=Nc2ccccc2)s1)c1ccccc1,149.0
Cc1nc(C(C#N)=Cc2ccc(Cl)cc2Cl)sc1N=Nc1ccc(F)cc1,C(=Cc1ncc(N=Nc2ccccc2)s1)c1ccccc1,139.0
CCOC(=O)C(=NNc1cc(Cl)ccc1Cl)C(=O)C(F)(F)F,c1ccccc1,147.0
CC(=O)C(=NNc1cc(Cl)ccc1Cl)C(=O)C(F)(F)F,c1ccccc1,84.0
Cc1cccc(NN=C2C(=O)N(c3ccccc3)N=C2C(F)(F)F)c1,O=C1C(=NNc2ccccc2)C=NN1c1ccccc1,161.0
CN(C)c1ccc(C=C(C(N)=O)c2nc3ccccc3s2)cc1,C(=Cc1nc2ccccc2s1)c1ccccc1,211.0
NC(=O)C(=Cc1ccc(Cl)cc1Cl)c1nc2ccccc2s1,C(=Cc1nc2ccccc2s1)c1ccccc1,264.0
COc1ccc(C=C(C(N)=O)c2nc3ccccc3s2)cc1,C(=Cc1nc2ccccc2s1)c1ccccc1,169.0
Cc1ccc(C=C(C(N)=O)c2nc3ccccc3s2)cc1,C(=Cc1nc2ccccc2s1)c1ccccc1,149.0
NC(=O)C(=Cc1ccc(F)cc1)c1nc2ccccc2s1,C(=Cc1nc2ccccc2s1)c1ccccc1,179.0
N#CC(=Cc1ccccc1Cl)c1nc2ccccc2s1,C(=Cc1nc2ccccc2s1)c1ccccc1,139.0
N#CC(=Cc1ccccc1)c1nc2ccccc2s1,C(=Cc1nc2ccccc2s1)c1ccccc1,106.0
CC(=O)C(=NNc1cccc(C(F)(F)F)c1)C(=O)C(F)(F)F,c1ccccc1,86.0
CC(=O)C(=NNc1ccc(Cl)cc1)C(=O)C(F)(F)F,c1ccccc1,125.0
CCOC(=O)C(=NNc1ccc(Cl)cc1)C(=O)C(F)(F)F,c1ccccc1,76.0
O=C1C(=NNc2ccncc2)C(C(F)(F)F)=NN1c1ccccc1,O=C1C(=NNc2ccncc2)C=NN1c1ccccc1,177.0
O=C1NN=C(C(F)(F)F)C1=NNc1cc(-c2ccccc2)n[nH]1,O=C1NN=CC1=NNc1cc(-c2ccccc2)n[nH]1,272.0
O=C(O)c1ccccc1NN=C1C(=O)N(c2ccccc2)N=C1C(F)(F)F,O=C1C(=NNc2ccccc2)C=NN1c1ccccc1,139.0
O=C1C(=NNc2cccc(C(F)(F)F)c2)C(C(F)(F)F)=NN1c1ccccc1,O=C1C(=NNc2ccccc2)C=NN1c1ccccc1,160.0
O=C1C(=NNc2ccc(Cl)cc2)C(C(F)(F)F)=NN1c1ccccc1,O=C1C(=NNc2ccccc2)C=NN1c1ccccc1,180.0
O=C1C(=NNc2ccc(F)cc2)C(C(F)(F)F)=NN1c1ccccc1,O=C1C(=NNc2ccccc2)C=NN1c1ccccc1,186.0
O=C1NN=C(C(F)(F)F)C1=NNc1ccccc1C(=O)O,O=C1NN=CC1=NNc1ccccc1,274.0
O=C1NN=C(C(F)(F)F)C1=NNc1cccc([N+](=O)[O-])c1,O=C1NN=CC1=NNc1ccccc1,254.0
Cc1ccc(NN=C2C(=O)NN=C2C(F)(F)F)cc1,O=C1NN=CC1=NNc1ccccc1,231.0
O=C1NN=C(C(F)(F)F)C1=NNc1ccc(Cl)cc1,O=C1NN=CC1=NNc1ccccc1,215.0
O=C1NN=C(C(F)(F)F)C1=NNc1ccccc1,O=C1NN=CC1=NNc1ccccc1,186.0
O=C1C(=NNc2cccc([N+](=O)[O-])c2)C(C(F)(F)F)=NN1c1ccccc1,O=C1C(=NNc2ccccc2)C=NN1c1ccccc1,151.0
O=C1C(=NNc2cccnc2)C(C(F)(F)F)=NN1c1ccccc1,O=C1C(=NNc2cccnc2)C=NN1c1ccccc1,161.0
CCOC(=O)C1=C(N)n2nc(C(F)(F)F)nc2NC1c1ccc(Cl)cc1,C1=Cn2ncnc2NC1c1ccccc1,198.0
N#CC1=C(N)n2nc(C(F)(F)F)nc2NC1c1ccco1,C1=Cn2ncnc2NC1c1ccco1,260.0
CN(C)c1ccc(C2Nc3nc(C(F)(F)F)nn3C(N)=C2C#N)cc1,C1=Cn2ncnc2NC1c1ccccc1,164.0
N#CC1=C(N)n2nc(C(F)(F)F)nc2NC1c1c(Cl)cccc1Cl,C1=Cn2ncnc2NC1c1ccccc1,324.0
COc1ccc(C2Nc3nc(C(F)(F)F)nn3C(N)=C2C#N)cc1,C1=Cn2ncnc2NC1c1ccccc1,212.0
N#CC1=C(N)n2nc(C(F)(F)F)nc2NC1c1ccc(Cl)cc1Cl,C1=Cn2ncnc2NC1c1ccccc1,306.0
COc1ccccc1C1Nc2nc(C(F)(F)F)nn2C(N)=C1C#N,C1=Cn2ncnc2NC1c1ccccc1,246.0
Cc1ccc(C)c(NN=C(C#N)c2nc3ccccc3n2C)c1,C(=NNc1ccccc1)c1nc2ccccc2[nH]1,260.0
Cn1c(C(C#N)=Cc2c(Cl)cccc2Cl)nc2ccccc21,C(=Cc1nc2ccccc2[nH]1)c1ccccc1,186.0
Cc1ccccc1C=C(C#N)c1nc2ccccc2[nH]1,C(=Cc1nc2ccccc2[nH]1)c1ccccc1,211.0
COc1ccccc1C=C(C(N)=O)c1nc2ccccc2s1,C(=Cc1nc2ccccc2s1)c1ccccc1,174.0
N#CC(=Cc1cccnc1)C1N=c2ccccc2=N1,C(=CC1N=c2ccccc2=N1)c1cccnc1,229.0
Cc1cccc(NN=C2C(=O)N(c3ccccc3)N=C2C(F)(F)F)c1C,O=C1C(=NNc2ccccc2)C=NN1c1ccccc1,136.0
Cc1ccc(C)c(NN=C2C(=O)NN=C2C(F)(F)F)c1,O=C1NN=CC1=NNc1ccccc1,189.0
O=C1NN=C(C(F)(F)F)C1=NNc1cc(Cl)ccc1Cl,O=C1NN=CC1=NNc1ccccc1,214.0
Cc1cccc(NN=C2C(=O)NN=C2C(F)(F)F)c1,O=C1NN=CC1=NNc1ccccc1,155.0
CC1=NNC(=O)C1=NNc1cccc(F)c1,O=C1NN=CC1=NNc1ccccc1,219.0
O=C1NN=C(C(F)(F)F)C1=NNc1ccc(Br)cc1,O=C1NN=CC1=NNc1ccccc1,212.0
CCCCCCCCCCOc1ccc(C=Nc2ccc(C=CC(=O)OCC)cc2)cc1,C(=Nc1ccccc1)c1ccccc1,115.0
CCOC(=O)C=Cc1ccc(N=[N+]([O-])c2ccc(C=CC(=O)OCC)cc2)cc1,c1ccc(N=[NH+]c2ccccc2)cc1,141.0
O=C(C=Cc1ccc(-c2ccccc2)o1)c1ccccc1,O=C(C=Cc1ccc(-c2ccccc2)o1)c1ccccc1,80.0
Cc1ccc(-c2ccc(C=CC(=O)c3ccco3)o2)cc1,O=C(C=Cc1ccc(-c2ccccc2)o1)c1ccco1,111.0
O=C(C=Cc1ccc(-c2ccc(Br)cc2)o1)c1ccco1,O=C(C=Cc1ccc(-c2ccccc2)o1)c1ccco1,165.0
CC1CC(=Cc2ccc([N+](=O)[O-])cc2)C(=O)C(=Cc2ccc([N+](=O)[O-])cc2)C1,O=C1C(=Cc2ccccc2)CCCC1=Cc1ccccc1,193.0
COc1ccc(C=C2CCCC3=C2NC(=S)NC3c2ccc(OC)cc2)cc1,S=C1NC2=C(CCCC2=Cc2ccccc2)C(c2ccccc2)N1,184.0
COc1ccc(C(C)=CC(C)=O)cc1,c1ccccc1,53.0
CC(=O)C=C(C)c1ccc(-c2ccccc2)cc1,c1ccc(-c2ccccc2)cc1,133.0
CC(=O)C=C1Cc2ccccc21,C=C1Cc2ccccc21,79.0
O=C(C=C1Cc2ccccc21)c1ccccc1,O=C(C=C1Cc2ccccc21)c1ccccc1,50.0
O=C1C=C(C=Cc2ccccc2)CCC1,O=C1C=C(C=Cc2ccccc2)CCC1,66.0
CC(C=Cc1ccccc1)=CC(C)=NNc1ccc([N+](=O)[O-])cc1[N+](=O)[O-],C(=CC=NNc1ccccc1)C=Cc1ccccc1,115.0
CC(C#Cc1ccccc1)=CC(C)=NNc1ccc([N+](=O)[O-])cc1[N+](=O)[O-],C(#Cc1ccccc1)C=CC=NNc1ccccc1,198.0
O=C(O)C(=Cc1ccc([N+](=O)[O-])cc1)c1ccccc1C(=O)O,C(=Cc1ccccc1)c1ccccc1,223.0
COC(=O)C(=Cc1ccc([N+](=O)[O-])cc1)c1ccccc1C(=O)OC,C(=Cc1ccccc1)c1ccccc1,121.0
CC(=O)OC(=CC=C(OC(C)=O)c1ccccc1)c1ccccc1,C(C=Cc1ccccc1)=Cc1ccccc1,126.0
O=C(Nc1ccccc1)C1CCCCC1=CCc1ccccc1,O=C(Nc1ccccc1)C1CCCCC1=CCc1ccccc1,75.0
O=[N+]([O-])c1ccc(NN=C2Cc3c2ccc2ccccc32)c([N+](=O)[O-])c1,c1ccc(NN=C2Cc3c2ccc2ccccc32)cc1,275.0
O=C1OC(C=Cc2ccc([N+](=O)[O-])cc2)Cc2ccccc21,O=C1OC(C=Cc2ccccc2)Cc2ccccc21,181.0
O=C1OC=CC(c2ccccc2)Cc2ccccc21,O=C1OC=CC(c2ccccc2)Cc2ccccc21,120.0
O=C1OC(C=Cc2ccccc2)Cc2ccccc21,O=C1OC(C=Cc2ccccc2)Cc2ccccc21,84.0
O=CNC1CC=CCC(NC=O)CC=CC1,C1=CCCCC=CCCC1,234.0
CCOC(=O)C(C(C)=O)C(=O)C=Cc1ccc(OC)c(OCc2ccccc2)c1,c1ccc(COc2ccccc2)cc1,208.0
c1=c-c2ccc(cc2)-c2ccccc2-c2ccc-1cc2,c1=c-c2ccc(cc2)-c2ccccc2-c2ccc-1cc2,230.0
N=C(N)NN=C(C(=S)Nc1ccc(Br)cc1)c1ccccc1,N=C(C(=S)Nc1ccccc1)c1ccccc1,211.0
Cc1ccccc1NC(=S)C(=NNC(=N)N)c1ccccc1,N=C(C(=S)Nc1ccccc1)c1ccccc1,207.0
COc1ccc(Nc2nc(N)nnc2-c2ccccc2)cc1,c1ccc(Nc2ncnnc2-c2ccccc2)cc1,293.0
Nc1nnc(-c2ccccc2)c(Nc2ccc(I)cc2)n1,c1ccc(Nc2ncnnc2-c2ccccc2)cc1,389.0
Nc1nnc(-c2ccccc2)c(Nc2ccc(Cl)cc2)n1,c1ccc(Nc2ncnnc2-c2ccccc2)cc1,297.0
Nc1nnc(-c2ccccc2)c(Nc2ccc(Br)cc2)n1,c1ccc(Nc2ncnnc2-c2ccccc2)cc1,203.0
Nc1nnc(-c2ccccc2)c(Nc2ccc(Cl)cc2Cl)n1,c1ccc(Nc2ncnnc2-c2ccccc2)cc1,223.0
CC(=CC(=O)c1ccc(F)cc1)c1ccc(F)cc1,O=C(C=Cc1ccccc1)c1ccccc1,51.0
COc1cc(C=C[N+](=O)[O-])c([N+](=O)[O-])cc1OC,c1ccccc1,169.0
CC(CCc1oc2ccccc2c1-c1ccc(C)o1)=NO,c1coc(-c2coc3ccccc23)c1,105.0
CC(CCc1oc2ccc([N+](=O)[O-])cc2c1-c1ccc(C)o1)=NO,c1coc(-c2coc3ccccc23)c1,161.0
COc1cc2nnc(C=CC(C)=O)c(-c3ccc(C)o3)c2cc1OC,c1coc(-c2cnnc3ccccc23)c1,170.0
O=[N+]([O-])c1cc([N+](=O)[O-])c(C(Br)C(Br)c2ccccc2)cc1C=Cc1ccccc1,C(=Cc1cccc(CCc2ccccc2)c1)c1ccccc1,212.0
CC(=CC(=O)O)c1ccc(C)cc1,c1ccccc1,135.0
ON(C=Cc1ccccc1)c1ccccc1,C(=Cc1ccccc1)Nc1ccccc1,120.0
CN(C)c1ccc(C=C2C(=O)C3CCC(C)(C2=O)C3(C)C)cc1,O=C1C(=Cc2ccccc2)C(=O)C2CCC1C2,153.0
CC12CCC(C(=O)C(=Cc3ccccc3[N+](=O)[O-])C1=O)C2(C)C,O=C1C(=Cc2ccccc2)C(=O)C2CCC1C2,141.0
CC12CCC(C1(C)C)C(CC=Cc1ccccc1)(C1(CC=Cc3ccccc3)C(=O)C3(C)CCC1C3(C)C)C2=O,O=C1C2CCC(C2)C1(CC=Cc1ccccc1)C1(CC=Cc2ccccc2)C(=O)C2CCC1C2,152.0
CC(C)=CCCC(C)=NNC(N)=O,,136.0
O=C(Nc1ccc(C=Cc2ccc(NC(=O)c3ccccc3)cc2)cc1)c1ccccc1,O=C(Nc1ccc(C=Cc2ccc(NC(=O)c3ccccc3)cc2)cc1)c1ccccc1,253.0
C(=Cc1ccc(N=Cc2ccccc2)cc1)c1ccc(N=Cc2ccccc2)cc1,C(=Cc1ccc(N=Cc2ccccc2)cc1)c1ccc(N=Cc2ccccc2)cc1,104.0
CC(=O)Nc1ccc(C=Cc2ccc(NC(C)=O)cc2)cc1,C(=Cc1ccccc1)c1ccccc1,172.0
CC(=CC=Cc1ccccc1)C(=O)OC(=O)C(C)=CC=Cc1ccccc1,O=C(C=CC=Cc1ccccc1)OC(=O)C=CC=Cc1ccccc1,113.0
O=C(OC(=O)C(=Cc1ccccc1)Cc1ccccc1)C(=Cc1ccccc1)Cc1ccccc1,O=C(OC(=O)C(=Cc1ccccc1)Cc1ccccc1)C(=Cc1ccccc1)Cc1ccccc1,108.0
CC1CCC(C(C)C)C(OC(=O)C(=Cc2ccccc2)Cc2ccccc2)C1,O=C(OC1CCCCC1)C(=Cc1ccccc1)Cc1ccccc1,65.0
CC1CCC(C(C)C)C(=NNC(N)=O)C1,N=C1CCCCC1,217.0
CC1=CC(=NNC(N)=O)C(C(C)C)CC1,N=C1C=CCCC1,220.0
NC(=O)NNC(=O)C=Cc1ccccc1,c1ccccc1,198.0
CC1=C(c2ccccc2)c2ccccc2C1=NNC(N)=O,N=C1C=C(c2ccccc2)c2ccccc21,201.0
CN(C)c1ccc(C(C=C2C=Cc3ccccc3N2N=O)c2ccccc2)cc1,C1=Cc2ccccc2NC1=CC(c1ccccc1)c1ccccc1,196.0
CN(C)c1ccc(C(C=C2C=Cc3ccccc3N2)c2ccccc2)cc1,C1=Cc2ccccc2NC1=CC(c1ccccc1)c1ccccc1,125.0
O=C(C=CO)CCc1ccccc1,c1ccccc1,150.0
O=C(C=COC(=O)c1ccccc1)CCc1ccccc1,O=C(C=COC(=O)c1ccccc1)CCc1ccccc1,100.0
CC(=NNc1ccccc1)C1=Cc2ccccc2C1,C(=NNc1ccccc1)C1=Cc2ccccc2C1,225.0
O=C(C=Cc1ccccc1)NNc1ccccc1,O=C(C=Cc1ccccc1)NNc1ccccc1,187.0
CC=CC(=O)NNc1ccccc1,c1ccccc1,190.0
CC=Cc1nc(O)n(-c2ccccc2)n1,c1ccc(-n2cncn2)cc1,188.0
ON=Cc1ccc2c(Br)cccc2c1,c1ccc2ccccc2c1,178.0
CC(=O)Nc1ccc(C2=NN(c3ccccc3)C(=O)C2=CC2C(=O)N(c3ccccc3)N=C2c2ccc(NC(C)=O)cc2)cc1,O=C1C(=CC2C(=O)N(c3ccccc3)N=C2c2ccccc2)C(c2ccccc2)=NN1c1ccccc1,317.0
O=C1C(=CC2C(=O)N(c3ccccc3)N=C2c2ccc([N+](=O)[O-])cc2)C(c2ccc([N+](=O)[O-])cc2)=NN1c1ccccc1,O=C1C(=CC2C(=O)N(c3ccccc3)N=C2c2ccccc2)C(c2ccccc2)=NN1c1ccccc1,284.0
O=C1C(=NNc2ccccc2)C(c2ccc([N+](=O)[O-])cc2)=NN1c1ccccc1,O=C1C(=NNc2ccccc2)C(c2ccccc2)=NN1c1ccccc1,240.0
O=C(O)C1=NN(c2ccccc2)C(=O)C1=CC1C(=O)N(c2ccccc2)N=C1C(=O)O,O=C1C(=CC2C=NN(c3ccccc3)C2=O)C=NN1c1ccccc1,259.0
CCOC(=O)C1=NN(c2ccccc2)C(=O)C1=CC1C(=O)N(c2ccccc2)N=C1C(=O)OCC,O=C1C(=CC2C=NN(c3ccccc3)C2=O)C=NN1c1ccccc1,180.0
CC1=NN(c2ccccc2)C(=O)C1=CC1C(=O)N(c2ccccc2)N=C1C,O=C1C(=CC2C=NN(c3ccccc3)C2=O)C=NN1c1ccccc1,181.0
O=C1Nc2ccccc2C1=Cc1ccccc1[N+](=O)[O-],O=C1Nc2ccccc2C1=Cc1ccccc1,82.0
CC(=O)Nc1ccc(C=Cc2ccc([N+](=O)[O-])cc2)c([N+](=O)[O-])c1,C(=Cc1ccccc1)c1ccccc1,236.0
Nc1ccc(C=Cc2ccc([N+](=O)[O-])cc2)c([N+](=O)[O-])c1,C(=Cc1ccccc1)c1ccccc1,198.0
CC(=O)Nc1ccc(C=Cc2ccccc2NC(C)=O)cc1,C(=Cc1ccccc1)c1ccccc1,180.0
CC(=O)Nc1ccc(C(=Cc2ccccc2NC(C)=O)C(=O)O)cc1,C(=Cc1ccccc1)c1ccccc1,240.0
Nc1ccc(C(=Cc2ccccc2N)C(=O)O)cc1,C(=Cc1ccccc1)c1ccccc1,186.0
O=C(O)C(=Cc1ccccc1[N+](=O)[O-])c1ccc([N+](=O)[O-])cc1,C(=Cc1ccccc1)c1ccccc1,184.0
CCOC(=O)CC(C=C1C(=O)C2(C)CCC1C2(C)C)(C=C1C(=O)C2(C)CCC1C2(C)C)C(=O)OCC,O=C1C(=CCC=C2C(=O)C3CCC2C3)C2CCC1C2,105.0
C=CCC(C=C1C(=O)C2(C)CCC1C2(C)C)(C=C1C(=O)C2(C)CCC1C2(C)C)C(=O)OCC,O=C1C(=CCC=C2C(=O)C3CCC2C3)C2CCC1C2,148.0
CCOC(=O)C(C=C1C(=O)C2(C)CCC1C2(C)C)(C=C1C(=O)C2(C)CCC1C2(C)C)CC(C)C,O=C1C(=CCC=C2C(=O)C3CCC2C3)C2CCC1C2,156.0
CCCCC(C=C1C(=O)C2(C)CCC1C2(C)C)(C=C1C(=O)C2(C)CCC1C2(C)C)C(=O)OCC,O=C1C(=CCC=C2C(=O)C3CCC2C3)C2CCC1C2,175.0
CCCC(C=C1C(=O)C2(C)CCC1C2(C)C)(C=C1C(=O)C2(C)CCC1C2(C)C)C(=O)OCC,O=C1C(=CCC=C2C(=O)C3CCC2C3)C2CCC1C2,161.0
CCOC(=O)C(C)(C=C1C(=O)C2(C)CCC1C2(C)C)C=C1C(=O)C2(C)CCC1C2(C)C,O=C1C(=CCC=C2C(=O)C3CCC2C3)C2CCC1C2,118.0
CC1(C)C2CCC1(C)C(O)C2=CCC(=O)O,C=C1CC2CCC1C2,52.0
CC12CCC(C(=CCC=C3C(=O)C4(C)CCC3C4(C)C)C1=O)C2(C)C,O=C1C(=CCC=C2C(=O)C3CCC2C3)C2CCC1C2,266.0
O=[N+]([O-])c1ccccc1C=Cc1nc2ccccc2[nH]1,C(=Cc1nc2ccccc2[nH]1)c1ccccc1,215.0
CC(=O)N(C(C)=O)c1cc([N+](=O)[O-])c(C=Cc2ccccc2)c([N+](=O)[O-])c1C=Cc1ccccc1,C(=Cc1cccc(C=Cc2ccccc2)c1)c1ccccc1,175.0
CC(=O)Nc1cc(NC(C)=O)c(C=Cc2ccccc2)c(NC(C)=O)c1C=Cc1ccccc1,C(=Cc1cccc(C=Cc2ccccc2)c1)c1ccccc1,330.0
CC(=O)Nc1cc(NC(C)=O)c(C=Cc2ccccc2)c([N+](=O)[O-])c1C=Cc1ccccc1,C(=Cc1cccc(C=Cc2ccccc2)c1)c1ccccc1,276.0
CC(=O)Nc1cc([N+](=O)[O-])c(C=Cc2ccccc2)c([N+](=O)[O-])c1C=Cc1ccccc1,C(=Cc1cccc(C=Cc2ccccc2)c1)c1ccccc1,171.0
Nc1c(SC=CCl)ccc2c1C(=O)c1ccccc1C2=O,O=C1c2ccccc2C(=O)c2ccccc21,180.0
COC(=O)C=Cc1ccc(C=CC(=O)OC)c(NC(C)=O)c1,c1ccccc1,168.0
CC(=O)N(C(C)=O)c1cc(C=CC(=O)O)ccc1C=CC(=O)O,c1ccccc1,313.0
CCOC(=O)C=Cc1ccc(C=CC(=O)OCC)c(N)c1,c1ccccc1,178.0
COC(=O)C=Cc1ccc(C=CC(=O)OC)c(N)c1,c1ccccc1,159.0
CC(C)CCOC(=O)C=Cc1ccc(C=CC(=O)OCCC(C)C)c([N+](=O)[O-])c1,c1ccccc1,94.0
COC(=O)C=Cc1ccc(C=CC(=O)OC)c([N+](=O)[O-])c1,c1ccccc1,166.0
CC(=O)Nc1cc([N+](=O)[O-])c(C=Cc2ccccc2)cc1C=Cc1ccccc1,C(=Cc1cccc(C=Cc2ccccc2)c1)c1ccccc1,227.0
Nc1cc(N)c(C=Cc2ccccc2)cc1C=Cc1ccccc1,C(=Cc1cccc(C=Cc2ccccc2)c1)c1ccccc1,201.0
COc1cccc(C=Cc2cc(C=Cc3cccc(OC)c3O)c([N+](=O)[O-])cc2[N+](=O)[O-])c1O,C(=Cc1cccc(C=Cc2ccccc2)c1)c1ccccc1,254.0
O=[N+]([O-])c1cc([N+](=O)[O-])c(C=Cc2cccc3c2OCO3)cc1C=Cc1cccc2c1OCO2,C(=Cc1cccc2c1OCO2)c1cccc(C=Cc2cccc3c2OCO3)c1,215.0
Nc1ccccc1C=Cc1cc(C=Cc2cccc([N+](=O)[O-])c2)c([N+](=O)[O-])cc1[N+](=O)[O-],C(=Cc1cccc(C=Cc2ccccc2)c1)c1ccccc1,250.0
Nc1ccccc1C=Cc1cc(C=Cc2ccccc2)c([N+](=O)[O-])cc1[N+](=O)[O-],C(=Cc1cccc(C=Cc2ccccc2)c1)c1ccccc1,193.0
CC(=O)Nc1ccccc1C=Cc1cc(C=Cc2ccccc2)c([N+](=O)[O-])cc1[N+](=O)[O-],C(=Cc1cccc(C=Cc2ccccc2)c1)c1ccccc1,265.0
Cc1cc(C=Cc2ccccc2N)c(N)cc1N,C(=Cc1ccccc1)c1ccccc1,151.0
CC(=O)Nc1ccccc1C=Cc1cc(C=Cc2ccccc2NC(C)=O)c([N+](=O)[O-])cc1[N+](=O)[O-],C(=Cc1cccc(C=Cc2ccccc2)c1)c1ccccc1,270.0
Cc1cc(C=Cc2ccccc2N)c([N+](=O)[O-])cc1[N+](=O)[O-],C(=Cc1ccccc1)c1ccccc1,175.0
Nc1cc([N+](=O)[O-])c(C=Cc2ccccc2)cc1C=Cc1ccccc1,C(=Cc1cccc(C=Cc2ccccc2)c1)c1ccccc1,111.0
CC(=O)Nc1cc(NC(C)=O)c(C=Cc2ccccc2)cc1C=Cc1ccccc1,C(=Cc1cccc(C=Cc2ccccc2)c1)c1ccccc1,224.0
CC(=O)Nc1cc(N)c(C=Cc2ccccc2)cc1C=Cc1ccccc1,C(=Cc1cccc(C=Cc2ccccc2)c1)c1ccccc1,218.0
Nc1cc2c(cc1C=Cc1ccccc1)CC(c1ccccc1)N2,C(=Cc1ccc2c(c1)CC(c1ccccc1)N2)c1ccccc1,163.0
O=C1OC(c2ccccc2)=NC1=Cc1cc(C=C2N=C(c3ccccc3)OC2=O)c([N+](=O)[O-])cc1[N+](=O)[O-],O=C1OC(c2ccccc2)=NC1=Cc1cccc(C=C2N=C(c3ccccc3)OC2=O)c1,266.0
O=[N+]([O-])C=Cc1cccc(C=C[N+](=O)[O-])c1,c1ccccc1,204.0
O=[N+]([O-])C(Br)=Cc1cccc(C=C(Br)[N+](=O)[O-])c1,c1ccccc1,153.0
CC1=NN(c2ccccc2)C(=O)C1=Cc1cccc(C=C2C(=O)N(c3ccccc3)N=C2C)c1,O=C1C(=Cc2cccc(C=C3C=NN(c4ccccc4)C3=O)c2)C=NN1c1ccccc1,220.0
O=C1OC(c2ccccc2)=NC1=Cc1cccc(C=C2N=C(c3ccccc3)OC2=O)c1,O=C1OC(c2ccccc2)=NC1=Cc1cccc(C=C2N=C(c3ccccc3)OC2=O)c1,247.0
O=C1NC(=S)SC1=Cc1cccc(C=C2SC(=S)NC2=O)c1,O=C1NC(=S)SC1=Cc1cccc(C=C2SC(=S)NC2=O)c1,316.0
COC(=O)NC=Cc1ccccc1[N+](=O)[O-],c1ccccc1,147.0
c1ccc(CC(=NNc2cccc(NN=C(Cc3ccccc3)c3ccccc3)c2)c2ccccc2)cc1,c1ccc(CC(=NNc2cccc(NN=C(Cc3ccccc3)c3ccccc3)c2)c2ccccc2)cc1,164.0
C(=Cc1ccco1)c1ccc2cc3ccc(C=Cc4ccco4)nc3cc2n1,C(=Cc1ccco1)c1ccc2cc3ccc(C=Cc4ccco4)nc3cc2n1,272.0
CCOC(=O)C=Cc1cc(C=CC(=O)OCC)c([N+](=O)[O-])cc1[N+](=O)[O-],c1ccccc1,116.0
O=[N+]([O-])c1ccccc1C=C(Cl)c1ccccn1,C(=Cc1ccccn1)c1ccccc1,61.0
O=Cc1ccccc1C=Cc1ccc([N+](=O)[O-])cc1[N+](=O)[O-],C(=Cc1ccccc1)c1ccccc1,186.0
Oc1ccccc1C=Cc1ccccc1,C(=Cc1ccccc1)c1ccccc1,147.0
O=C(Nc1ccccc1C=Cc1ccccc1)c1ccccc1,O=C(Nc1ccccc1C=Cc1ccccc1)c1ccccc1,98.0
Nc1ccccc1C=Cc1ccccc1,C(=Cc1ccccc1)c1ccccc1,106.0
CC(=O)Oc1ccccc1C=Cc1ccccc1,C(=Cc1ccccc1)c1ccccc1,56.0
O=C(O)C=Cc1cccc(C(Br)=C(Br)C(=O)O)c1,c1ccccc1,214.0
O=C(O)C#Cc1cc(Br)cc(C=CC(=O)O)c1,c1ccccc1,161.0
O=C(O)C=Cc1cc2c(cc1CC(=O)O)NC(=O)CC2,O=C1CCc2ccccc2N1,234.0
COC(=O)C=Cc1cccc(C=CC(=O)OC)c1,c1ccccc1,132.0
CCOC(=O)C=Cc1cccc(C=CC(=O)OCC)c1,c1ccccc1,54.0
COC(=O)C=Cc1ccc([N+](=O)[O-])c(C=CC(=O)OC)c1,c1ccccc1,200.0
CCOC(=O)C(C=Cc1cccc(C=CC(C(=O)OCC)C(=O)OCC)c1)C(=O)OCC,c1ccccc1,101.0
O=C(O)C(=Cc1ccccc1)c1ccccc1[N+](=O)[O-],C(=Cc1ccccc1)c1ccccc1,192.0
O=C(O)C=Cc1cccc2c(Br)cccc12,c1ccc2ccccc2c1,270.0
O=C(O)C(=Cc1cccc2ccccc12)c1ccccc1,C(=Cc1cccc2ccccc12)c1ccccc1,161.0
O=C(O)C=Cc1cccc2c(Br)ccc([N+](=O)[O-])c12,c1ccc2ccccc2c1,142.0
CC(=O)Oc1c(-c2ccccc2)n(C(C)=O)c2cc([N+](=O)[O-])c(C(Cl)=Cc3ccccc3)cc12,C(=Cc1ccc2[nH]c(-c3ccccc3)cc2c1)c1ccccc1,58.0
CN(C)c1ccc([N+]([O-])=CC(=O)c2ccc(C(=O)C=[N+]([O-])c3ccc(N(C)C)cc3)cc2)cc1,O=C(C=[NH+]c1ccccc1)c1ccc(C(=O)C=[NH+]c2ccccc2)cc1,133.0
O=[N+]([O-])C(=Cc1ccccc1[N+](=O)[O-])c1ccccc1,C(=Cc1ccccc1)c1ccccc1,107.0
CCOC(=O)C(=Cc1ccccc1)c1ccccc1[N+](=O)[O-],C(=Cc1ccccc1)c1ccccc1,95.0
O=C(Nc1cc2c(cc1C=Cc1ccccc1)CC(c1ccccc1)N2C(=O)c1ccccc1)c1ccccc1,O=C(Nc1cc2c(cc1C=Cc1ccccc1)CC(c1ccccc1)N2C(=O)c1ccccc1)c1ccccc1,250.0
COc1ccc(C=Cc2ccc([N+](=O)[O-])cc2[N+](=O)[O-])cc1O,C(=Cc1ccccc1)c1ccccc1,191.0
O=[N+]([O-])c1ccc(C=Cc2ccc3c(c2)OCO3)c([N+](=O)[O-])c1,C(=Cc1ccc2c(c1)OCO2)c1ccccc1,179.0
O=[N+]([O-])c1ccc(C=Cc2ccc([N+](=O)[O-])cc2[N+](=O)[O-])cc1,C(=Cc1ccccc1)c1ccccc1,240.0
CC(=O)Nc1ccccc1C=Cc1cc(C)c([N+](=O)[O-])cc1[N+](=O)[O-],C(=Cc1ccccc1)c1ccccc1,252.0
O=[N+]([O-])c1cc([N+](=O)[O-])c(C=Cc2ccccc2)cc1C=Cc1ccccc1,C(=Cc1cccc(C=Cc2ccccc2)c1)c1ccccc1,193.0
O=C1C(c2ccccc2)=[N+]([O-])c2cc([N+](=O)[O-])c(C=Cc3ccccc3)cc21,O=C1C(c2ccccc2)=[NH+]c2ccc(C=Cc3ccccc3)cc21,233.0
O=[N+]([O-])c1cc2c(cc1CC(=NNc1ccccc1)c1ccccc1)n1n(-c3ccccc3)n21,c1ccc(NN=C(Cc2ccc3c(c2)n2n(-c4ccccc4)n32)c2ccccc2)cc1,198.0
CC(=O)OC1CCC2(C)C(CCC3C2CCC2(C)C3CCC2(O)C=Cc2ccccc2)C1,C(=CC1CCC2C1CCC1C3CCCCC3CCC21)c1ccccc1,162.0
CCCCOc1ccc(-c2nnc3sc(C=Cc4ccccc4)nn23)cc1,C(=Cc1nn2c(-c3ccccc3)nnc2s1)c1ccccc1,80.0
C(=Cc1nn2c(COc3ccccc3)nnc2s1)c1ccccc1,C(=Cc1nn2c(COc3ccccc3)nnc2s1)c1ccccc1,142.0
O=[N+]([O-])c1ccc(-c2nnc3sc(C=Cc4ccccc4)nn23)cc1,C(=Cc1nn2c(-c3ccccc3)nnc2s1)c1ccccc1,113.0
O=[N+]([O-])c1cccc(-c2nnc3n2NC(C=Cc2ccccc2)S3)c1,C(=CC1Nn2c(nnc2-c2ccccc2)S1)c1ccccc1,191.0
CC=CC1Nn2c(nnc2-c2cccc([N+](=O)[O-])c2)S1,c1ccc(-c2nnc3n2NCS3)cc1,223.0
CC=CC1Nn2c(nnc2-c2ccccc2OC)S1,c1ccc(-c2nnc3n2NCS3)cc1,125.0
CC=CC1Nn2c(nnc2-c2ccc(OC)cc2)S1,c1ccc(-c2nnc3n2NCS3)cc1,81.0
CC=CC1Nn2c(nnc2-c2cccnc2)S1,c1cncc(-c2nnc3n2NCS3)c1,121.0
COc1ccc(NC(=O)C(C)=NNC(N)=S)cc1,c1ccccc1,234.0
CC(=NNC(N)=S)C(=O)Nc1ccc(Br)cc1,c1ccccc1,229.0
CC(=NNC(N)=S)C(=O)Nc1ccccc1,c1ccccc1,212.0
COc1ccc(NC(=O)C(C)=NNC(N)=O)cc1,c1ccccc1,227.0
CC(=NNC(N)=O)C(=O)Nc1ccc(Br)cc1,c1ccccc1,244.0
CC(=NNC(N)=O)C(=O)Nc1ccccc1,c1ccccc1,237.0
COc1cc(O)c2c(=O)c(O)c(-c3ccc(OCc4ccccc4)c(O)c3)oc2c1,O=c1cc(-c2ccc(OCc3ccccc3)cc2)oc2ccccc12,208.0
COC1=C(OC)C(=CC=O)OC1=O,C=C1C=CC(=O)O1,61.0
COC1=C(OC)C(=CC2CCC=CC23OC(=O)C(OC)=C3OC)OC1=O,O=C1C=CC(=CC2CCC=CC23C=CC(=O)O3)O1,119.0
O=C1NC(=S)NC(=O)C1=NNc1ccc(Cl)cc1,O=C1NC(=S)NC(=O)C1=NNc1ccccc1,300.0
O=C1NC(=S)NC(=O)C1=NNc1cccc([N+](=O)[O-])c1,O=C1NC(=S)NC(=O)C1=NNc1ccccc1,330.0
O=C1NC(=O)C(=NNc2ccc(Br)cc2)C(=O)N1,O=C1NC(=O)C(=NNc2ccccc2)C(=O)N1,295.0
CCOC(=O)C(C#N)=NNc1ccc(Cl)cc1,c1ccccc1,162.0
Cc1ccc(C(=O)NC(=Cc2ccccc2)C(=O)O)cc1,O=C(NC=Cc1ccccc1)c1ccccc1,230.0
ON=C(c1ccccc1)c1ccc(Cl)cc1,N=C(c1ccccc1)c1ccccc1,133.0
CC(C)(C)CC(=O)C=C1Nc2ccccc2NC1=CC(=O)CC(C)(C)C,C=C1Nc2ccccc2NC1=C,221.0
O=C(C=Cc1ccc2c(c1)OCO2)c1ccc(O)cc1,O=C(C=Cc1ccc2c(c1)OCO2)c1ccccc1,210.0
C(=Cc1ccccc1)Cc1ccccc1,C(=Cc1ccccc1)Cc1ccccc1,155.0
O=C1NC(=S)NC(=O)C1=NNc1ccccc1,O=C1NC(=S)NC(=O)C1=NNc1ccccc1,290.0
CCOC(=O)C(C#N)=NNc1cccc([N+](=O)[O-])c1,c1ccccc1,156.0
Cc1ccccc1NN=C1C(=O)NC(=S)NC1=O,O=C1NC(=S)NC(=O)C1=NNc1ccccc1,242.0
Cc1ccc(NN=C2C(=O)NC(=S)NC2=O)cc1,O=C1NC(=S)NC(=O)C1=NNc1ccccc1,305.0
O=C1NC(=S)NC(=O)C1=NNc1ccc(Br)cc1,O=C1NC(=S)NC(=O)C1=NNc1ccccc1,268.0
COc1ccc(NN=C2C(=O)NC(=S)NC2=O)cc1,O=C1NC(=S)NC(=O)C1=NNc1ccccc1,246.0
COc1ccc(C(C)=NO)cc1,c1ccccc1,80.0
O=C(C=Cc1ccccc1F)c1ccccc1,O=C(C=Cc1ccccc1)c1ccccc1,315.0
O=[N+]([O-])c1ccc(C(Cl)=Cc2ccc(C=C(Cl)c3ccc([N+](=O)[O-])cc3[N+](=O)[O-])cc2)c([N+](=O)[O-])c1,C(=Cc1ccc(C=Cc2ccccc2)cc1)c1ccccc1,245.0
CC1=NC(=Cc2cccc3ccccc23)C(=O)O1,O=C1OC=NC1=Cc1cccc2ccccc12,244.0
O=[N+]([O-])c1ccc(C=Cc2ccc(C=Cc3ccc([N+](=O)[O-])cc3[N+](=O)[O-])cc2)c([N+](=O)[O-])c1,C(=Cc1ccc(C=Cc2ccccc2)cc1)c1ccccc1,294.0
C=C(C)C1CC=C(C)C(=NO)C1,N=C1C=CCCC1,72.0
CN(C)c1ccc(C=Cc2nc3ccccc3s2)cc1,C(=Cc1nc2ccccc2s1)c1ccccc1,210.0
O=[N+]([O-])c1ccc(C=Cc2ccc([N+](=O)[O-])cc2)cc1,C(=Cc1ccccc1)c1ccccc1,183.0
O=C1NC(=O)C(=NNc2ccc(Cl)cc2)C(=O)N1,O=C1NC(=O)C(=NNc2ccccc2)C(=O)N1,353.0
O=C(C=Cc1ccc([N+](=O)[O-])cc1)c1ccccc1,O=C(C=Cc1ccccc1)c1ccccc1,161.0
O=C(C=Cc1ccc([N+](=O)[O-])cc1)c1ccc(Cl)cc1,O=C(C=Cc1ccccc1)c1ccccc1,163.0
CN(C)c1ccc(C=CC(=O)c2ccccc2)cc1,O=C(C=Cc1ccccc1)c1ccccc1,114.0
CC1=NNC(=O)C1=NNc1ccccc1C(=O)O,O=C1NN=CC1=NNc1ccccc1,239.0
O=C(C=Cc1ccccc1)c1ccc(Cl)cc1,O=C(C=Cc1ccccc1)c1ccccc1,96.0
O=[N+]([O-])c1ccc(C=Cc2ccccc2O)c([N+](=O)[O-])c1,C(=Cc1ccccc1)c1ccccc1,186.0
ON=C(C=Cc1ccccc1)c1ccccc1,N=C(C=Cc1ccccc1)c1ccccc1,116.0
ON=Cc1ccc(Br)cc1,c1ccccc1,118.0
O=[N+]([O-])c1ccc(C=Cc2cccc3ccccc23)c([N+](=O)[O-])c1,C(=Cc1cccc2ccccc12)c1ccccc1,228.0
Cc1ccc(C=NO)cc1,c1ccccc1,126.0
CC1=NNC(=O)C1=NNc1ccc(Cl)cc1,O=C1NN=CC1=NNc1ccccc1,216.0
C(=Cc1ccccc1)CCC=Cc1ccccc1,C(=Cc1ccccc1)CCC=Cc1ccccc1,82.0
CC(=O)NC(=Cc1ccccc1)C(=O)O,c1ccccc1,192.0
Cc1ccc(C(=O)C=Cc2ccc(Cl)cc2)cc1,O=C(C=Cc1ccccc1)c1ccccc1,122.0
Nc1cccc(C=CC(=O)c2ccccc2)c1,O=C(C=Cc1ccccc1)c1ccccc1,159.0
CC1=NN(c2ccccc2)C(=O)C1=NNc1cccc(C(F)(F)F)c1,O=C1C(=NNc2ccccc2)C=NN1c1ccccc1,171.0
BrC(=C(Br)c1ccccc1)c1ccccc1,C(=Cc1ccccc1)c1ccccc1,228.0
CC(=O)C=Cc1ccc([N+](=O)[O-])o1,c1ccoc1,194.0
ON=Cc1ccc(Cl)cc1,c1ccccc1,101.0
COc1ccc(C=CC(=O)c2ccc(O)cc2)cc1,O=C(C=Cc1ccccc1)c1ccccc1,188.0
O=C1C(=C2C=Cc3ccccc3N2)C(=O)c2ccccc21,O=C1C(=C2C=Cc3ccccc3N2)C(=O)c2ccccc21,241.0
O=C(O)C(=Cc1ccccc1)Cc1ccccc1,C(=Cc1ccccc1)Cc1ccccc1,158.0
CCOC(=O)C(=NNc1ccccc1)C(=O)C(F)(F)F,c1ccccc1,81.0
CCOC(=O)C(C#N)=Cc1ccccc1,c1ccccc1,49.0
CCOC(=O)C(C#N)=NNc1ccccc1,c1ccccc1,280.0
CC(=C(C)c1ccccc1)c1ccccc1,C(=Cc1ccccc1)c1ccccc1,65.0
NC(=S)NN=C1C(=O)Nc2ccccc21,N=C1C(=O)Nc2ccccc21,233.0
N#CC(=Cc1cccs1)c1nc2ccccc2s1,C(=Cc1nc2ccccc2s1)c1cccs1,148.0
CC(CCc1oc2ccc(C)cc2c1-c1ccc(C)o1)=NO,c1coc(-c2coc3ccccc23)c1,104.0
CC(CCc1oc2c(Br)cc(Br)cc2c1-c1ccc(C)o1)=NO,c1coc(-c2coc3ccccc23)c1,158.0
CC(CCc1oc2ccc(Cl)cc2c1-c1ccc(C)o1)=NO,c1coc(-c2coc3ccccc23)c1,115.0
O=C(C=Cc1ccc(-c2ccc(Cl)cc2)o1)c1ccccc1,O=C(C=Cc1ccc(-c2ccccc2)o1)c1ccccc1,127.0
O=C(C=Cc1ccc(-c2ccccc2)o1)c1ccco1,O=C(C=Cc1ccc(-c2ccccc2)o1)c1ccco1,100.0
N#CC(=Cc1ccccc1Cl)c1nc(-c2cccs2)cs1,C(=Cc1nc(-c2cccs2)cs1)c1ccccc1,102.0
COc1ccc(C(=O)C=C(C)c2ccc(OC)cc2)cc1,O=C(C=Cc1ccccc1)c1ccccc1,87.0
O=C(C=Cc1ccc(-c2ccc(Cl)cc2)o1)c1ccco1,O=C(C=Cc1ccc(-c2ccccc2)o1)c1ccco1,148.0
O=C(C=Cc1ccc(-c2ccccc2[N+](=O)[O-])o1)c1ccco1,O=C(C=Cc1ccc(-c2ccccc2)o1)c1ccco1,169.0
O=C(C=Cc1ccc(-c2ccc(Br)cc2)o1)c1ccccc1,O=C(C=Cc1ccc(-c2ccccc2)o1)c1ccccc1,129.0
O=C(C=Cc1ccc(-c2ccc([N+](=O)[O-])cc2)o1)c1ccco1,O=C(C=Cc1ccc(-c2ccccc2)o1)c1ccco1,187.0
N#CC(=Cc1cccc(O)c1)C1N=c2ccccc2=N1,C(=CC1N=c2ccccc2=N1)c1ccccc1,300.0
CC1=NN(c2ccccc2)C(=O)C1=NNc1ccc(C(=O)O)cc1,O=C1C(=NNc2ccccc2)C=NN1c1ccccc1,314.0
O=C(C=Cc1ccc(-c2cccc([N+](=O)[O-])c2)o1)c1ccccc1,O=C(C=Cc1ccc(-c2ccccc2)o1)c1ccccc1,147.0
N#CC(=Cc1cccnc1)c1nc(-c2ccc(Cl)cc2)cs1,C(=Cc1nc(-c2ccccc2)cs1)c1cccnc1,254.0
COc1ccc(-c2csc(C(C#N)=Cc3cccs3)n2)cc1,C(=Cc1nc(-c2ccccc2)cs1)c1cccs1,141.0
Cc1ccc(C=C(C#N)c2nc(-c3ccccc3)cs2)cc1,C(=Cc1nc(-c2ccccc2)cs1)c1ccccc1,79.0
COc1ccc(-c2csc(C(C#N)=Cc3ccc(Cl)cc3Cl)n2)cc1,C(=Cc1nc(-c2ccccc2)cs1)c1ccccc1,143.0
COc1ccc(-c2csc(C(C#N)=Cc3ccccc3Cl)n2)cc1,C(=Cc1nc(-c2ccccc2)cs1)c1ccccc1,223.0
N#CC(=NNc1ccccc1)c1nc(-c2ccccc2)cs1,C(=NNc1ccccc1)c1nc(-c2ccccc2)cs1,176.0
O=C1C(=Cc2ccco2)SC(=S)N1CN1CCCCC1,O=C1C(=Cc2ccco2)SC(=S)N1CN1CCCCC1,121.0
O=C1NC(=O)C(=NNc2ccccc2)C(=O)N1,O=C1NC(=O)C(=NNc2ccccc2)C(=O)N1,310.0
O=[N+]([O-])c1ccccc1C=Cc1ccccn1,C(=Cc1ccccn1)c1ccccc1,214.0
O=C(C=Cc1ccc(Br)cc1)c1ccc(Cl)cc1,O=C(C=Cc1ccccc1)c1ccccc1,168.0
N#CC(=Cc1ccc(Cl)cc1)c1nc(-c2ccccc2)cs1,C(=Cc1nc(-c2ccccc2)cs1)c1ccccc1,104.0
Nc1ccc(C=Cc2ccc(N)cc2)cc1,C(=Cc1ccccc1)c1ccccc1,121.0
C=C1C(=O)C23C(OC)CC4C5(C)CCCC4(COC5)C2C(OC(C)=O)CC1C3OC(C)=O,C=C1C(=O)C23CCC4C5CCCC4(COC5)C2CCC1C3,160.0
C=C1C(=O)C23C(OC)CC4C5(C)CCCC4(COC5)C2C(O)CC1C3O,C=C1C(=O)C23CCC4C5CCCC4(COC5)C2CCC1C3,288.0
C=C1C(=O)C23C(OC)CC4C5(C)CCCC4(COC5)C2C(OC(C)=O)CC1C3O,C=C1C(=O)C23CCC4C5CCCC4(COC5)C2CCC1C3,183.0
C=C1C(=O)C23C(OC(C)=O)CC4C5(C)CCCC4(C(=O)OC5)C2C(OC(C)=O)CC1C3OC(C)=O,C=C1C(=O)C23CCC4C5CCCC4(C(=O)OC5)C2CCC1C3,235.0
CC1CC=CC2(O1)OC1CC(=O)OC1C1(O)C(=O)c3ccccc3C(=O)C21O,O=C1CC2OC3(C=CCCO3)C3C(=O)c4ccccc4C(=O)C3C2O1,238.0
C=C1C(=O)C23C(OC(C)=O)CC4C(C)(C)CCC(OC(C)=O)C4(C)C2C(OC(C)=O)CC12OC(C)(C)OC23,C=C1C(=O)C23CCC4CCCCC4C2CCC12OCOC23,259.0
CCOC1OC(C(N)=O)=CCC1Br,C1=COCCC1,142.0
C=C1C(=O)C23C4CC5C(C)(C)CCC(O)C5(C(OC)O4)C2C(O)CC1C3O,C=C1C(=O)C23CC1CCC2C12CCCCC1CC3OC2,261.0
C=C1C(=O)C23C4CC5C(C)(C)CCC(=O)C5(C(=O)O4)C2C(=O)CC1C3O,C=C1C(=O)C23CC1CC(=O)C2C12C(=O)CCCC1CC3OC2=O,250.0
CC1=C(C)C2=CC=C3C(O)=C(CC(C)O)C(=O)C(O)=C3C2(C)CC1=O,O=C1C=CC2=CC=C3C=CC(=O)CC3C2=C1,187.0
C=C1C(=O)C23C(OC(C)=O)CC4C5(C)CCCC4(C(OC)OC5)C2C(OC(C)=O)CC1C3OC(C)=O,C=C1C(=O)C23CCC4C5CCCC4(COC5)C2CCC1C3,71.0
CC(=O)OC1CC2C(C)C(=O)C3(C(O)CC4C(C)(C)CCC(OC(C)=O)C4(C)C13)C2O,O=C1CC2CCC3C4CCCCC4CCC13C2,246.0
OC1CC2=C(CCCC2)CC1O,C1CCC2=C(C1)CCCC2,121.0
CC1C(=O)C23C4CC5C(C)(C)CCC(=O)C5(C)C2C(=O)CC1C3OC(C)(C)O4,O=C1CCCC2CC3OCOC4C5CC(=O)C(C12)C34C(=O)C5,197.0
O=C(Nc1ccccc1)OC1CCCCCC1OC(=O)Nc1ccccc1,O=C(Nc1ccccc1)OC1CCCCCC1OC(=O)Nc1ccccc1,174.0
CC12CCCCC1(C)C1CCC3(C)C(O)CCC3(C)C1CC2,C1CCC2C(C1)CCC1C3CCCC3CCC21,167.0
CC(=O)OC1CCC2C3CC=C4CC5(CCC4(C)C3CCC12C)OCCO5,C1=C2CC3(CCC2C2CCC4CCCC4C2C1)OCCO3,196.0
CC(CO)c1c(O)c(O)c2c(c1O)C(=O)C(=O)C1C(C)(C)CCCC21C,O=C1C(=O)C2CCCCC2c2ccccc21,239.0
C#CC1(O)CCC2(C)C3CCC4(C)C(=O)CCC4C3CCC2(C)C1,O=C1CCC2C1CCC1C3CCCCC3CCC21,238.0
CC1(C(=O)OC2OC(CO)C(O)C(O)C2O)CCCC2(C)C3CCC4CC3(CCC12)CC4(CO)OC1OC(CO)C(O)C(O)C1O,O=C(OC1CCCCO1)C1CCCC2C1CCC13CC(CCC21)C(OC1CCCCO1)C3,198.0
CC(=O)OC1CC2C(C)C(=O)C3(C(OC(C)=O)CC4C5(C)CCCC4(C(OC(C)=O)OC5)C13)C2OC(C)=O,O=C1CC2CCC3C1(CCC1C4CCCC13COC4)C2,104.0
CC(=O)C1CCC2(C)C3CCC4(C)C(O)CCC4C3CCC2(C)C1,C1CCC2C(C1)CCC1C3CCCC3CCC21,152.0
CC(=O)OC1CC2(O)C(C)C(=O)C3(C(O)CC4C(C)(C)CCC(OC(C)=O)C4(C)C13)C2O,O=C1CC2CCC3C4CCCCC4CCC13C2,234.0
CC(C)CCCC(C)C1CCC2C3CCC45CCC(=O)C4C5(C)C3CCC12C,O=C1CCC23CCC4C5CCCC5CCC4C2C13,164.0
COC(=O)C12C=CC(CC1)C1C(=O)OC(=O)C12,O=C1OC(=O)C2C3C=CC(CC3)C12,117.0
CC(O[S+]([O-])C(C)(C)C)C(O)(c1ccccc1)c1ccccc1,c1ccc(Cc2ccccc2)cc1,136.0
COC1(OC)CCC2(C)C3CCC4(C)C(=O)CCC4(O)C3CCC2(C)C1,O=C1CCC2C1CCC1C3CCCCC3CCC21,176.0
C#CC1(O)CCC2(C)C(C1)CC1(OCCO1)C1C3CCC(=O)C3(C)CCC12,O=C1CCC2C1CCC1C3CCCCC3CC3(OCCO3)C21,308.0
CC12CCC3C(CCC4CC(OCc5ccccc5)CCC43C)C1CCC2O,c1ccc(COC2CCC3C(CCC4C5CCCC5CCC34)C2)cc1,225.0
COC1CC2C3(C)CCCC2(COC3O)C2C(OC(C)=O)CC3C(C)C(=O)C12C3O,O=C1CC2CCC3C1(CCC1C4CCCC13COC4)C2,200.0
CC1NC(C(=O)O)CC2c3ccccc3NC12,c1ccc2c(c1)NC1CNCCC21,287.0
C=C1C(=O)C23C(OC(C)=O)CC4C(C)(C)CCC(OC(C)=O)C4(C=O)C2C(OC(C)=O)CC1C3OC(C)=O,C=C1C(=O)C23CCC4CCCCC4C2CCC1C3,212.0
CC12CCC(=O)CC1CCC1=C2CCC2C(=O)CCC12,O=C1CCC2C3=C(CCC2C1)C1CCC(=O)C1CC3,138.0
N#CC1(C#N)C2COC(C3=C2CCCC3)C1(C#N)C#N,C1CCC2=C(C1)C1CCC2OC1,173.0
CC1=CC2(C)OC(c3ccccc3)C1C(C#N)(C#N)C2(C#N)C#N,C1=CC2CCC1OC2c1ccccc1,171.0
CC12CCC3C(CCC4CC(C[N+](=O)[O-])=CCC43C)C1CCC2O,C1=CCC2C(C1)CCC1C3CCCC3CCC21,129.0
CC(C)CCCC(C)C1CCC2C3CC(O)C4=CC(=O)CCC4(C)C3CCC12C,O=C1C=C2CCC3C4CCCC4CCC3C2CC1,155.0
CC(CCC(=O)O)C1CCC2C(C(=O)O)C(C3(C)CCCCC3C(=O)O)CCC12C,C1CCC(C2CCC3CCCC3C2)CC1,266.0
Cc1ccccc1N1C(=O)c2cc([S+2](N)([O-])[O-])c(Cl)cc2NC1C,O=C1c2ccccc2NCN1c1ccccc1,252.0
CC1C(=O)C23C(O)CC4C(C)(C)CCC(O)C4(C)C2C(O)CC1C3O,O=C1CC2CCC3C4CCCCC4CCC13C2,282.0
CC(=O)OC1CCC2(C)C3CCC4=C(CCC4(C)C(C)OC(C)=O)C3CCC2(C)C1,C1CC2=C(C1)C1CCC3CCCCC3C1CC2,118.0
CC12CCC3C(CCC45OC4C(=O)C=CC35O)C1CCC2=O,O=C1CCC2C1CCC1C2CCC23OC2C(=O)C=CC13,202.0
CC12CCC3C(CCC4CC(CC(=O)O)=CCC43C)C1CCC2=O,O=C1CCC2C1CCC1C3CC=CCC3CCC21,177.0
C=C1C(=O)C23C4CC5C(C)(C=O)CCCC5(C(=O)O4)C2C(OC(C)=O)CC1C3O,C=C1C(=O)C23CC1CCC2C12CCCCC1CC3OC2=O,209.0
Cc1ccc(OC2CCC3(C)C(=CCC4C3CCC3(C)C(C(C)CCCC(C)C)CCC43)C2)cc1,C1=C2CC(Oc3ccccc3)CCC2C2CCC3CCCC3C2C1,148.0
CC(=O)OC1(C(C)=O)CCC2(C)C(CCC3C4CCCC4(C)CCC32)C1,C1CCC2C(C1)CCC1C3CCCC3CCC21,165.0
CC(=O)OC1CCC2(C)C(C1)CC1(OCCO1)C1C3CCC(=O)C3(C)CCC12,O=C1CCC2C1CCC1C3CCCCC3CC3(OCCO3)C21,240.0
Cc1ccc(Nc2ccc([N+](=O)[O-])cc2N)cc1,c1ccc(Nc2ccccc2)cc1,160.0
O=C1C2Cc3ccccc3CC2C(=O)C2Cc3ccccc3CC12,O=C1C2Cc3ccccc3CC2C(=O)C2Cc3ccccc3CC12,226.0
CC(=O)OC1CCC2(C)C3CCC4=C(CCC4(C)C#CCl)C3CCC2(C)C1,C1CC2=C(C1)C1CCC3CCCCC3C1CC2,110.0
CCOC(=O)CCC(C)C1CCC2C3C(=O)CC4CC(=O)CCC4(C)C3CC(=O)C12C,O=C1CCC2C(C1)CC(=O)C1C3CCCC3C(=O)CC21,223.0
C=C1C(=O)C23C4CC5C(C)(C)CCC(OC(C)=O)C5(C)C2C(OC(C)=O)CC1(O)C3OC(C)(C)O4,C=C1C(=O)C23C4CC5CCCCC5C2CCC1C3OCO4,246.0
CC(=O)OC1CC2C(CCC3(C)C(C(C)CCCC(C)C)CCC23)C2(C)CCC(=O)C=C12,O=C1C=C2CCC3C4CCCC4CCC3C2CC1,102.0
C#CC1(O)CCC2C3CCC4CC(=O)CCC4(C)C3CCC21C,O=C1CCC2C(CCC3C4CCCC4CCC23)C1,221.0
O=C1c2ccccc2[N+](=NO)C1c1ccccc1,N=[N+]1c2ccccc2C(=O)C1c1ccccc1,169.0
C=C1C(=O)C23C4CC5C(C)(C)CCC(OC(C)=O)C5(C(=O)O4)C2C(OC(C)=O)CC1C3O,C=C1C(=O)C23CC1CCC2C12CCCCC1CC3OC2=O,238.0
CC12CCC(O)CC1=CCC1C2CCC2(C)C1CCC2(O)C#CCl,C1=C2CCCCC2C2CCC3CCCC3C2C1,176.0
NC(=O)C(CO)NC(=O)OCC1c2ccccc2-c2ccccc21,c1ccc2c(c1)Cc1ccccc1-2,155.0
CC(=O)OCC1OC(C(N)=O)C(OC(C)=O)C(OC(C)=O)C1OC(C)=O,C1CCOCC1,129.0
CCCOC1CCC2C3CCC4=CC(O)CCC4(C)C3CCC12C,C1=C2CCC3C4CCCC4CCC3C2CCC1,125.0
O=[N+]([O-])c1ccc(-c2ccc(NNc3ccccc3)cc2)cc1,c1ccc(NNc2ccc(-c3ccccc3)cc2)cc1,165.0
CC(=O)OC1CCC2(C)C3CCC4(C)C(=O)CCC4C3C(=O)CC2(C)C1,O=C1CCC2C1CCC1C3CCCCC3CC(=O)C21,155.0
COC(=O)CCC(C)C1CCC2C3C=CC4CC(OC(C)=O)CCC4(C)C3CC(OC(C)=O)C12C,C1=CC2C3CCCC3CCC2C2CCCCC12,84.0
O=C1C=CC(=O)C2CC3=C(CC4=C(C3)CC3C(=O)C=CC(=O)C3C4)CC12,O=C1C=CC(=O)C2CC3=C(CC4=C(C3)CC3C(=O)C=CC(=O)C3C4)CC12,338.0
C#CC1(O)CCC2C3CCC4CC5(CCC4(C)C3CCC21C)OCCO5,C1CC2CCC3C4CCC5(CC4CCC3C2C1)OCCO5,198.0
CC1(C)C(=O)OC2=C(CC3C4CC=C5CC(O)CCC5(C)C4CCC23C)C1c1ccccc1,O=C1CC(c2ccccc2)C2=C(O1)C1CCC3C4CCCCC4=CCC3C1C2,233.0
O=C1CCC2CCc3ccccc3C2O1,O=C1CCC2CCc3ccccc3C2O1,139.0
CCCC1(O)CCC2C3CCC4CC(OC(C)=O)CCC4(C)C3CCC21C,C1CCC2C(C1)CCC1C3CCCC3CCC21,121.0
CC(=O)OC1CC2C(C)C(=O)C3(C(O)CC4C(C)(C)CCCC4(CO)C13)C2O,O=C1CC2CCC3C4CCCCC4CCC13C2,120.0
CC(=O)Nc1cc([N+](=O)[O-])ccc1Nc1ccc(C)cc1,c1ccc(Nc2ccccc2)cc1,176.0
C=C1C(=O)C23C(OC(C)=O)CC4C(C)(C)CCCC4(COC(C)=O)C2C(OC(C)=O)CC1C3OC(C)=O,C=C1C(=O)C23CCC4CCCCC4C2CCC1C3,226.0
CCC1(OC(C)=O)CCC2(C)C(CCC3C4CCC(=O)C4(C)CCC32)C1,O=C1CCC2C1CCC1C3CCCCC3CCC21,126.0
O=C(Nc1ccccc1)OC1CCCCC(OC(=O)Nc2ccccc2)C1,O=C(Nc1ccccc1)OC1CCCCC(OC(=O)Nc2ccccc2)C1,170.0
C#CC1(O)CCC2C3CCC4=CC(O)CCC4(C)C3CCC21C,C1=C2CCC3C4CCCC4CCC3C2CCC1,204.0
CC12CC(c3ccccc3)C([N+](=O)[O-])C(O1)c1ccccc1N2,c1ccc(C2CC3Nc4ccccc4C(C2)O3)cc1,194.0
O=[N+]([O-])c1ccc2c(c1)=NC(c1cccc(C3N=c4cc([N+](=O)[O-])ccc4=C3O)c1)C=2O,C1=c2ccccc2=NC1c1cccc(C2C=c3ccccc3=N2)c1,266.0
CC(=O)OC1CCC2C3CCC4CC(CC(=O)O)CCC4(C)C3CCC12C,C1CCC2C(C1)CCC1C3CCCC3CCC21,152.0
COC(=O)C(C)(C)C1=CCC2(C)C(CCC3C4CCC(O)C4(C)CCC32)C1,C1=CCC2C(C1)CCC1C3CCCC3CCC21,150.0
C=C1C(=O)C23C4CC5C(C)(C)CCC(OC(C)=O)C5(C(=O)O4)C2C(OC(C)=O)CC1C3OC(C)=O,C=C1C(=O)C23CC1CCC2C12CCCCC1CC3OC2=O,230.0
COC(=O)C1C(c2ccccc2)C(C#N)=C(C(SC)SC)C1(O)c1ccccc1,C1=CC(c2ccccc2)CC1c1ccccc1,165.0
CC(=O)C1(O)CCC2(C)C(CCC3C4CCC(=O)C4(C)CCC32)C1,O=C1CCC2C1CCC1C3CCCCC3CCC21,212.0
CC(=O)OC1CCC2(C)C(CCC3C4=C(CCC32)C(C)(C#Cc2ccccc2)CC4)C1,C(#CC1CCC2=C1CCC1C2CCC2CCCCC21)c1ccccc1,136.0
CC(=O)OC1CCC2C3CCC45OC4C(=O)C=CC5(O)C3CCC12C,O=C1C=CC2C3CCC4CCCC4C3CCC23OC13,178.0
CC12CCC(=O)C=C1CCC1C2CCC2(C)C1CCC2(O)C#Cc1ccccc1,O=C1C=C2CCC3C(CCC4C(C#Cc5ccccc5)CCC43)C2CC1,186.0
CC12CCCC1C1=C(CC2)C2(C)CCC(=O)CC2CC1,O=C1CCC2C3=C(CCC2C1)C1CCCC1CC3,44.0
COC(=O)CCC(C)C1CCC2C3C(=O)CC4CCCCC4(C)C3CCC12C,O=C1CC2CCCCC2C2CCC3CCCC3C12,93.0
C=C1C(=O)C23C(OC(C)=O)CC4C5(C)CCCC4(C(OC(C)=O)OC5)C2C(OC(C)=O)CC1C3OC(C)=O,C=C1C(=O)C23CCC4C5CCCC4(COC5)C2CCC1C3,224.0
CC(=O)OC1CCC2C3CCC4CC=CCC4(C)C3CCC12C,C1=CCC2C(C1)CCC1C3CCCC3CCC21,94.0
CC(=O)OC1CCC2C3CCC4=CC(O)CCC4(C)C3CCC12C,C1=C2CCC3C4CCCC4CCC3C2CCC1,96.0
CC(=O)OC1CCC2(C)C(C1)CC1(OCCO1)C1C2CCC2(C)C1CCC21OCCO1,C1CCC2C(C1)CC1(OCCO1)C1C2CCC2C1CCC21OCCO1,208.0
CC(=O)OC1CC2C(C)C(=O)C3(C4CC5C(C)(C)CCC(OC(C)=O)C5(C(OC(C)=O)O4)C13)C2OC(C)=O,O=C1CC2CCC3C45CCCCC4CC(OC5)C13C2,265.0
C=C1C(=O)C23C4CC5C(C)(C)CCC(OC(C)=O)C5(C)C2C(OC(C)=O)CC1(OC(C)=O)C3OC(C)(C)O4,C=C1C(=O)C23C4CC5CCCCC5C2CCC1C3OCO4,221.0
CC12CCC(OC=O)CC1CCC1C2CCC2(C)C1CCC2(O)C#Cc1ccccc1,C(#CC1CCC2C1CCC1C3CCCCC3CCC21)c1ccccc1,205.0
CC1(CO)NC(C(=O)O)CC2c3ccccc3NC21,c1ccc2c(c1)NC1CNCCC21,260.0
CC12CCC(=O)CC1CCC1C2CCC2(C)CCCC12O,O=C1CCC2C(CCC3C4CCCC4CCC23)C1,113.0
C=C1C(=O)C23C4CC5C(C)(C)CCC(OC(C)=O)C5(C(OC(C)=O)O4)C2C(OC(C)=O)CC1C3OC(C)=O,C=C1C(=O)C23CC1CCC2C12CCCCC1CC3OC2,230.0
CCC1(O)CCC2(C)C(CCC3C2CCC2(C)C3CCC23OCCO3)C1,C1CCC2C(C1)CCC1C2CCC2C1CCC21OCCO1,127.0
CC12CCC(=O)CC1CCC1=C2CCC2(C)C(=O)CCC12,O=C1CCC2C3=C(CCC2C1)C1CCC(=O)C1CC3,148.0
CC(CO)c1c(O)c(O)c2c(c1O)C(=O)C(O)=C1C(C)(C)CCCC12C,O=C1C=C2CCCCC2c2ccccc21,237.0
CC(C)C1C(=O)N(c2ccccc2)C1c1ccccc1,O=C1CC(c2ccccc2)N1c1ccccc1,169.0
CC12CCC=C1C1CCC3CC(=O)CCC3(C)C1CC2,O=C1CCC2C(CCC3C4=CCCC4CCC32)C1,116.0
CC12CCCCC1CCC1C2CCC2(C)C1CCC2(O)C#CCl,C1CCC2C(C1)CCC1C3CCCC3CCC21,163.0
C=C1C(=O)C23C(OC(C)=O)CC4C(C)(C)CCC(OC(C)=O)C4(C)C2C(OC(C)=O)CC1(O)C3OC(C)=O,C=C1C(=O)C23CCC4CCCCC4C2CCC1C3,278.0
CC12CCC(=O)C=C1CCC1C2CCC2(C)C(OCc3ccccc3)CCC12,O=C1C=C2CCC3C(CCC4C(OCc5ccccc5)CCC43)C2CC1,199.0
O=C(Nc1ccccc1)OC1C=CC=CCC1OC(=O)Nc1ccccc1,O=C(Nc1ccccc1)OC1C=CC=CCC1OC(=O)Nc1ccccc1,135.0
COC1CC2C3(C)CCCC2(COC3=O)C2C(OC(C)=O)CC3C(C)C(=O)C12C3O,O=C1OCC23CCCC1C2CCC12CC(CCC13)CC2=O,105.0
CC12CCCCC1CCC1C2CCC2(C)C(OCc3ccccc3)CCC12,c1ccc(COC2CCC3C2CCC2C4CCCCC4CCC23)cc1,160.0
CC1C(=O)C23C(O)CC4C(C)(C)CCC(O)C4(CO)C2C(O)CC1C3O,O=C1CC2CCC3C4CCCCC4CCC13C2,278.0
CC1=CCC2C3CCC4CC(=O)CCC4(C)C3CCC12C,O=C1CCC2C(CCC3C4CC=CC4CCC23)C1,141.0
COC(=O)CCC(C)C1CCC2C3C(=O)C(Br)C4CCCCC4(C)C3CCC12C,O=C1CC2CCCCC2C2CCC3CCCC3C12,124.0
CCCOC1CCC2C3CCC4=CC(=O)CCC4(C)C3CCC12C,O=C1C=C2CCC3C4CCCC4CCC3C2CC1,118.0
COC1CC2C3(C)CCCC2(COC3)C2C(OC(C)=O)CC3C(C)C(=O)C12C3O,O=C1CC2CCC3C1(CCC1C4CCCC13COC4)C2,165.0
COc1ccc(C2=CCC3(C)C(CCC4C3CCC3(C)C(OC(C)=O)CCC43)C2)cc1,C1=C(c2ccccc2)CC2CCC3C4CCCC4CCC3C2C1,179.0
C=CCC1=C(OC(C)=O)C2=CC=C3C(C)=C(C)C(=O)CC3(C)C2=C(O)C1=O,O=C1C=CC2=CC=C3C=CC(=O)CC3C2=C1,93.0
CC12CCC(O)CC1CCC1C2CCC2(C)C1CCC2(O)C#Cc1ccccc1,C(#CC1CCC2C1CCC1C3CCCCC3CCC21)c1ccccc1,122.0
O=[N+]([O-])c1ccc(O)c(-c2cc([N+](=O)[O-])ccc2O)c1,c1ccc(-c2ccccc2)cc1,186.0
CC12CCC(O)CC1=CCC1C2CCC2(C)C(O)CCC12C,C1=C2CCCCC2C2CCC3CCCC3C2C1,183.0
COC(=O)CCC(C)C1CCC2C3C(O)C(O)C4CC(O)CCC4(C)C3CC(O)C12C,C1CCC2C(C1)CCC1C3CCCC3CCC21,162.0
C=CCC1=C(O)C2=CC=C3C(C)=C(C)C(=O)CC3(C)C2=C(O)C1=O,O=C1C=CC2=CC=C3C=CC(=O)CC3C2=C1,171.0
CC12CCC(O)CC1=CCC1C2CCC2(C)CCCC12O,C1=C2CCCCC2C2CCC3CCCC3C2C1,202.0
CC12CCC3C(CCC4CC(=O)CCC43C)C1=CCC2=O,O=C1CCC2C(CCC3C4=CCC(=O)C4CCC32)C1,151.0
CC(O)C1(O)CC2C3CCC4(C)CC(O)CCC4(C)C3CCC2(C)C1,C1CCC2C(C1)CCC1C3CCCC3CCC21,221.0
CCOC(=O)C(C)(C)C1=CCC2(C)C(CCC3C2CCC2(C)C(OCc4ccccc4)CCC32)C1,C1=CCC2C(C1)CCC1C2CCC2C(OCc3ccccc3)CCC21,138.0
CC12CCCC1C1CCC3CC(OCc4ccccc4)CCC3(C)C1CC2,c1ccc(COC2CCC3C(CCC4C5CCCC5CCC34)C2)cc1,148.0
CC1CCC(C(C)C)C(OC(=O)c2cccc(C(=O)O)n2)C1,O=C(OC1CCCCC1)c1ccccn1,120.0
CC1C(=O)C23C(O)CC4C(C)(CO)CCCC4(CO)C2C(O)CC1C3O,O=C1CC2CCC3C4CCCCC4CCC13C2,266.0
CCC1(O)CCC2C3CCC4CC(OC(C)=O)CCC4(C)C3CCC21C,C1CCC2C(C1)CCC1C3CCCC3CCC21,165.0
O=C1C2CC3=C(CC=CC3)CC2C(=O)C2CC3=C(CC=CC3)CC12,O=C1C2CC3=C(CC=CC3)CC2C(=O)C2CC3=C(CC=CC3)CC12,227.0
CC12CCC(=O)C=C1CCC1C2CCC2(C)C(=O)CCC12O,O=C1C=C2CCC3C4CCC(=O)C4CCC3C2CC1,258.0
CC(=O)OC1CC2C3CCC4CCCCC4(C)C3CCC2(C)C1,C1CCC2C(C1)CCC1C3CCCC3CCC21,108.0
O=c1nc2ccccc2nc(C(F)(F)F)c1NNc1cccc2ccccc12,O=c1nc2ccccc2ncc1NNc1cccc2ccccc12,171.0
COC1(OC)CCC2(C)C(CCC3C4CCCC4(C)CCC32)C1,C1CCC2C(C1)CCC1C3CCCC3CCC21,80.0
CC(C)CCCC(C)C1CCC2C3CC(=O)C4(O)CC(=O)CCC4(C)C3CCC12C,O=C1CCC2C(C1)C(=O)CC1C3CCCC3CCC21,223.0
O=C1C=CC(=O)C2Cc3ccccc3CC12,O=C1C=CC(=O)C2Cc3ccccc3CC12,128.0
COC(=O)CCC(C)C1CCC2C3C(=O)CC4CCCCC4(C)C3CC(=O)C12C,O=C1CC2C3CCCCC3CC(=O)C2C2CCCC12,140.0
CCOC(=O)C(C)(C)C1(O)CCC2(C)C(CCC3C2CCC2(C)C(OCc4ccccc4)CCC32)C1,c1ccc(COC2CCC3C2CCC2C4CCCCC4CCC23)cc1,147.0
CC(CCC(=O)O)C1CCC2C3C(=O)CC4CCCCC4(C)C3CCC12C,O=C1CC2CCCCC2C2CCC3CCCC3C12,145.0
CCOC1OC(C(N)=O)=CC(C)C1Br,C1=COCCC1,131.0
N#CC1(C#N)C2OC(c3ccccc3)C(C3=C2CCCC3)C1(C#N)C#N,c1ccc(C2OC3CCC2C2=C3CCCC2)cc1,168.0
CC(=O)OC1CC2C3CCC(C(C)CCCC(C)C)C3(C)CCC2C2(C)CCC(=O)CC12O,O=C1CCC2C(CCC3C4CCCC4CCC23)C1,161.0
CC(=O)OC1CC2C(C)C(=O)C3(C(O)CC4C5(C)CCCC4(C(O)OC5)C13)C2O,O=C1CC2CCC3C1(CCC1C4CCCC13COC4)C2,220.0
O=C(Nc1ccccc1)OC1C=CC=CC(OC(=O)Nc2ccccc2)C1,O=C(Nc1ccccc1)OC1C=CC=CC(OC(=O)Nc2ccccc2)C1,181.0
C=C1C(=O)C23C(OC)CC4C5(C)CCCC4(COC5OC(C)=O)C2C(OC(C)=O)CC1C3OC(C)=O,C=C1C(=O)C23CCC4C5CCCC4(COC5)C2CCC1C3,214.0
COC(=O)CCC(C)C1CCC2C3C(OC(C)=O)C(Br)C4CCCCC4(C)C3CCC12C,C1CCC2C(C1)CCC1C3CCCC3CCC21,159.0
CC(CCC(=O)O)C1CCC2C3C(O)CC4CC5(CCC4(C)C3CC(=O)C12C)OCCO5,O=C1CC2C3CCC4(CC3CCC2C2CCCC12)OCCO4,219.0
COC1(OC)CCC2(C)C3CCC4(C)CCCC4(O)C3CCC2(C)C1,C1CCC2C(C1)CCC1C3CCCC3CCC21,147.0
C=C1C(=O)C23C(OC(C)=O)CC4C5(C)CCCC4(C(O)OC5)C2C(OC(C)=O)CC1C3OC(C)=O,C=C1C(=O)C23CCC4C5CCCC4(COC5)C2CCC1C3,226.0
CC(O)C1(C)CCC2=C1CCC1C2CCC2(C)CC(O)CCC12C,C1CC2=C(C1)C1CCC3CCCCC3C1CC2,206.0
CCOC(=O)CCC(C)C1CCC2C3C(O)C(Br)C4CC(OC(C)=O)CCC4(C)C3CC(OC(C)=O)C12C,C1CCC2C(C1)CCC1C3CCCC3CCC21,166.0
CC(O)C1(O)CCC2C3CCC4(C)CC(O)CCC4(C)C3CCC21C,C1CCC2C(C1)CCC1C3CCCC3CCC21,219.0
C#CC1(O)CCC2C3CCC4CC(O)CCC4(C)C3CCC21C,C1CCC2C(C1)CCC1C3CCCC3CCC21,257.0
CC12CCC3C(CCC4CC5(CCC43C)OCCO5)C1CCC2O,C1CC2CCC3C4CCC5(CC4CCC3C2C1)OCCO5,212.0
COC1(CBr)OC(COC(=O)c2ccc(C)cc2)C(OC(=O)c2ccc(C)cc2)C1OC(=O)c1ccc(C)cc1,O=C(OCC1OCC(OC(=O)c2ccccc2)C1OC(=O)c1ccccc1)c1ccccc1,149.0
CC(=O)OC1COC(C#N)C(OC(C)=O)C1OC(C)=O,C1CCOCC1,134.0
CC(C)C(N)C(O)(c1ccccc1)c1ccccc1,c1ccc(Cc2ccccc2)cc1,92.0
NC(=O)C(Cc1ccccc1)NC(=O)OCc1ccccc1,O=C(NCCc1ccccc1)OCc1ccccc1,163.0
CC(=O)OCC1OC(OCc2ccccc2)C(OC(C)=O)C(OC(C)=O)C1OC(C)=O,c1ccc(COC2CCCCO2)cc1,98.0
CC(=O)OCC1OC(C#N)=CC(OC(C)=O)C1OC(C)=O,C1=COCCC1,114.0
CC(=O)OCC(OC(C)=O)C(OC(C)=O)C(OC(C)=O)C(OC(C)=O)C(N)=O,,188.0
NNC(=O)c1ccc([N+](=O)[O-])o1,c1ccoc1,171.0
CC(=O)OCC1OC(Oc2ccc(C)cc2)C(OC(C)=O)C(OC(C)=O)C1OC(C)=O,c1ccc(OC2CCCCO2)cc1,126.0
CC1C(=O)C23C4CC5C(C)(C)CCC(O)C5(C)C2C(O)CC1C3OC(C)(C)O4,O=C1CC2CCC3C4CCCCC4CC4OCOC2C143,217.0
CCOC(=O)CCC(C)C1CCC2C3C(=O)C(Br)C4CC(OC(C)=O)CCC4(C)C3CC(OC(C)=O)C12C,O=C1CC2CCCCC2C2CCC3CCCC3C12,125.0
CC(=O)OCC(=O)C1(O)CCC2(O)C3CCC4=CC(=O)CCC4(C)C3CCC12C,O=C1C=C2CCC3C4CCCC4CCC3C2CC1,236.0
CC(CCC(=O)O)C1CCC2C3CCC4CCCCC4(C)C3CC(O)C12C,C1CCC2C(C1)CCC1C3CCCC3CCC21,187.0
CC(C)CCCC(C)C1CCC2C3CC=C4CC(OCOc5ccc(Cl)cc5)CCC4(C)C3CCC12C,C1=C2CC(OCOc3ccccc3)CCC2C2CCC3CCCC3C2C1,145.0
CC12CCC(=O)C=C1CCC1C2CCC2(C)CCCC12O,O=C1C=C2CCC3C4CCCC4CCC3C2CC1,180.0
CCC1(O)CCC2(C)C3CCC4(C)C(O)CCC4C3CCC2(C)C1,C1CCC2C(C1)CCC1C3CCCC3CCC21,169.0
CC(=O)OCC(OC(C)=O)C(OC1OC(COC(C)=O)C(OC(C)=O)C(OC(C)=O)C1OC(C)=O)C(OC(C)=O)C(C#N)OC(C)=O,C1CCOCC1,132.0
CC12CCC=C1C1CCC3CC(O)CCC3(C)C1CC2,C1=C2C(CC1)CCC1C2CCC2CCCCC21,130.0
C#CC1(O)CCC2(C)C(CCC3C2CCC2(C)C(OC(C)=O)CCC32)C1,C1CCC2C(C1)CCC1C3CCCC3CCC21,196.0
CC(=O)OCC1OC(OC2OC=CC3C(OC(=O)c4ccc(OC(C)=O)cc4)C4OC4(COC(C)=O)C23)C(OC(C)=O)C(OC(C)=O)C1OC(C)=O,O=C(OC1C2C=COC(OC3CCCCO3)C2C2OC12)c1ccccc1,135.0
CCOC(=O)CCC(C)C1CCC2C3C=CC4CC(OC(C)=O)CCC4(C)C3CC(OC(C)=O)C12C,C1=CC2C3CCCC3CCC2C2CCCCC12,84.0
NNc1ncccc1[N+](=O)[O-],c1ccncc1,165.0
Cc1c(CSC2OCC(O)C(O)C2O)c(C)c(CSC2OCC(O)C(O)C2O)c(C)c1CSC1OCC(O)C(O)C1O,c1c(CSC2CCCCO2)cc(CSC2CCCCO2)cc1CSC1CCCCO1,209.0
CC(C)CCCC(C)C1CCC2C3CC(Cl)C4(O)CC(=O)CCC4(C)C3CCC12C,O=C1CCC2C(CCC3C4CCCC4CCC23)C1,214.0
CC12CCC(O)CC1CC1(OCCO1)C1C2CCC2(C)C1CCC21OCCO1,C1CCC2C(C1)CC1(OCCO1)C1C2CCC2C1CCC21OCCO1,101.0
CC(CCC(=O)O)C1CCC2C3CCC4CC(=O)CCC4(C)C3CC(O)C12C,O=C1CCC2C(CCC3C4CCCC4CCC23)C1,108.0
C#CC1(O)CCC2C3CC=C4C=C(C(C)(C)C(=O)O)CCC4(C)C3CCC21C,C1=CC2=CCC3C4CCCC4CCC3C2CC1,259.0
CC(=O)C1CCC2(C)C(CC(=O)C3C4CCC(=O)C4(C)CCC32)C1,O=C1CCC2C1CCC1C3CCCCC3CC(=O)C21,237.0
CC(CCC(=O)O)C1CCC2C3C(=O)CC4CC(C(=O)O)CCC4(C)C3CC(C(=O)O)C12C,O=C1CC2CCCCC2C2CCC3CCCC3C12,208.0
Cc1ccc2c(c1)OC(C)(c1ccc(C)cc1OC(=O)C13CCC(C)(C(=O)O1)C3(C)C)CC2(C)C,O=C1OC2(C(=O)Oc3ccccc3C3CCc4ccccc4O3)CCC1C2,136.0
CC(CCC(=O)O)C1CCC2C3C(=O)CC4CC5(CCC4(C)C3CC(=O)C12C)OCCO5,O=C1CC2C3CCC4(CC3CC(=O)C2C2CCCC12)OCCO4,222.0
CC(=O)OCC(OC(C)=O)C(OC(C)=O)C(OC(C)=O)C(OC(C)=O)c1nn[nH]n1,c1nn[nH]n1,109.0
CC12CCC(=O)CC1CCC1C2CCC2(C)C(=O)CCC12O,O=C1CCC2C(CCC3C4CCC(=O)C4CCC23)C1,199.0
COC(=O)CCC(C)C1CCC2C3C(O)C(O)C4CCCCC4(C)C3CCC12C,C1CCC2C(C1)CCC1C3CCCC3CCC21,105.0
C=C1C(=O)C23C(OC(C)=O)CC4C(C)(C)CCC(OC(C)=O)C4(C)C2C(OC(C)=O)CC1(OC(C)=O)C3OC(C)=O,C=C1C(=O)C23CCC4CCCCC4C2CCC1C3,280.0
CC(=O)OC1CCC2(C)C(=CCC3C2CCC2(C)C3CCC2(O)C#Cc2ccccc2)C1,C(#CC1CCC2C1CCC1C3CCCCC3=CCC12)c1ccccc1,148.0
CC12CCC3(CC1CCC1C2CCC2(C)C1CCC2(C)O)OCCO3,C1CC2CCC3C4CCC5(CC4CCC3C2C1)OCCO5,193.0
CC12CCC3C(CCC4CC(=O)CCC43C)C1C=CC2=O,O=C1CCC2C(CCC3C4C=CC(=O)C4CCC23)C1,173.0
COC(=O)CCC(C)C1CCC2C3C(O)C(O)C4CC(OC(C)=O)CCC4(C)C3CC(OC(C)=O)C12C,C1CCC2C(C1)CCC1C3CCCC3CCC21,176.0
CC1(O)CC(c2ccccc2)C([N+](=O)[O-])C(c2ccccc2N)O1,c1ccc(C2CCOC(c3ccccc3)C2)cc1,148.0
O=C1c2ccccc2CC2C=CC=CC12,O=C1c2ccccc2CC2C=CC=CC12,152.0
CC(=O)C1=CCC2(C)C(CCC3C4CCC(=O)C4(C)CCC32)C1,O=C1CCC2C1CCC1C3CC=CCC3CCC21,153.0
CC(C)(C(=O)O)C1=CCC2(C)C(CCC3C4CCC(O)C4(C)CCC32)C1,C1=CCC2C(C1)CCC1C3CCCC3CCC21,264.0
CC(=O)OC1CCC2C3CCC4CC(=C(C)C)CCC4(C)C3CCC12C,C=C1CCC2C(CCC3C4CCCC4CCC23)C1,108.0
C=C1C2CCC3(O)C4(C)CCCC(C)(C(=O)OC5OC(CO)C(O)C(O)C5O)C4CCC3(C2)C1O,C=C1CC23CCC4C(C(=O)OC5CCCCO5)CCCC4C2CCC1C3,219.0
CC12CCC3C(CCC4(C)C(=O)CCC34C)C1(C)CCC(=O)C2,O=C1CCC2C(CCC3C4CCC(=O)C4CCC23)C1,185.0
OC1CC2=C(CC=CC2)CC1O,C1=CCC2=C(C1)CCCC2,121.0
C#CC1(O)CCC2C3CCC4C(C)(C)CCCC4(C)C3CCC21C,C1CCC2C(C1)CCC1C3CCCC3CCC21,157.0
CC12CCC(=O)CC1CCC13OC14CCC(=O)C4(C)CCC23,O=C1CCC2C(CCC34OC35CCC(=O)C5CCC24)C1,172.0
C=C1C(=O)C23C(OC(C)=O)CC4C(C)(C)CCC(OC(C)=O)C4(C)C2C(OC(C)=O)CC1C3OC(C)=O,C=C1C(=O)C23CCC4CCCCC4C2CCC1C3,237.0
CC(=O)OCC1=CC2CC(=O)C3=COC(OC4OC(CO)C(O)C(O)C4O)C1C32,O=C1CC2C=CC3C(OC4CCCCO4)OC=C1C23,128.0
CC(CC=C(c1ccccc1)c1ccccc1)C1CCC2C3C(O)CC4CC(O)CCC4(C)C3CC(O)C12C,C(CCC1CCC2C1CCC1C3CCCCC3CCC21)=C(c1ccccc1)c1ccccc1,220.0
Cc1ccc(C(=O)OC2CC(C#N)OC2OC(=O)c2ccc(C)cc2)cc1,O=C(OC1CCOC1OC(=O)c1ccccc1)c1ccccc1,111.0
CC(CCC(=O)O)C1CCC2C3C(=O)C(Br)C4CC(C(=O)O)CCC4(C)C3CC(C(=O)O)C12C,O=C1CC2CCCCC2C2CCC3CCCC3C12,230.0
CCOC(=O)CCC(C)C1CCC2C3C(=O)CC4CC(O)CCC4(C)C3CC(O)C12C,O=C1CC2CCCCC2C2CCC3CCCC3C12,161.0
OCC1OC(Nc2ccccc2)CC1O,c1ccc(NC2CCCO2)cc1,151.0
FC(F)(F)c1cc(-c2cccs2)nc2cc(-c3cccs3)nn12,c1csc(-c2ccn3nc(-c4cccs4)cc3n2)c1,159.0
CC1(C)OC(=O)C(=Cc2ccc(Cl)cc2Cl)C(=O)O1,O=C1OCOC(=O)C1=Cc1ccccc1,156.0
Cc1ccccc1NC(=O)C(C(F)(F)F)C(F)(F)F,c1ccccc1,194.0
CCOC(=O)C(C#N)=c1sc(=C(C#N)C(=O)OCC)s1,C=c1sc(=C)s1,161.0
CCOC(=O)C(C#N)=C(SC)N(C)C,,92.0
COC(=O)CC(CC(=O)OC)(c1cc(C)c(O)c(C)c1)c1cc(C)c(O)c(C)c1,c1ccc(Cc2ccccc2)cc1,199.0
O=C(Nc1ccccc1)Nc1nnc(C(F)(F)F)s1,O=C(Nc1ccccc1)Nc1nncs1,150.0
CC(c1ccccc1)C(C(=O)O)c1ccccc1,c1ccc(CCc2ccccc2)cc1,129.0
CC1=C(C(=O)OCc2ccccc2)C(c2ccccc2)N(C)C(=O)N1C,O=C1NC=C(C(=O)OCc2ccccc2)C(c2ccccc2)N1,86.0
CCOC(=O)C1=C(C)NC(=O)NC1c1cccc([N+](=O)[O-])c1,O=C1NC=CC(c2ccccc2)N1,228.0
CC1=C(C(=O)OCc2ccccc2)C(c2ccc3ccccc3c2)NC(=O)N1C,O=C1NC=C(C(=O)OCc2ccccc2)C(c2ccc3ccccc3c2)N1,150.0
CC(=O)Nc1ccc(Cl)cc1[N+](=O)[O-],c1ccccc1,98.0
CCOC(=O)C1=C(C)NC(=O)NC1c1ccc(O)c(OC)c1,O=C1NC=CC(c2ccccc2)N1,190.0
CCOC(=O)C1=C(C)N(C)C(=S)NC1c1ccccc1,S=C1NC=CC(c2ccccc2)N1,147.0
O=C(C(=O)c1ccc2ccccc2c1)c1ccccc1,O=C(C(=O)c1ccc2ccccc2c1)c1ccccc1,87.0
Nn1c(S)nnc1C(F)(F)F,c1nnc[nH]1,141.0
CC12CCC3C(CC=C4CC(Cl)CCC43C)C1CCC2=O,O=C1CCC2C1CCC1C3CCCCC3=CCC21,157.0
COC(=O)C(C#N)c1ccccc1[N+](=O)[O-],c1ccccc1,88.0
CSC(SC)=C(C(C)=O)C(C)=O,,61.0
Cc1cc(CO)nn1C,c1cn[nH]c1,41.0
CC1(C)c2ccccc2NC1C(N)=O,c1ccc2c(c1)CCN2,169.0
Cc1cc2c(o1)-c1c(oc3ccc(Cl)cc13)CCC2C,c1ccc2c3c(oc2c1)CCCc1ccoc1-3,93.0
CC12CCC3=C(CCC4(C)C(=O)CCC34)C1CCC(=O)C2,O=C1CCC2C3=C(CCC2C1)C1CCC(=O)C1CC3,149.0
Cc1cc(C)c2cnn(-c3ccccc3)c2n1,c1ccc(-n2ncc3cccnc32)cc1,66.0
O=C1C=C(NCCCCc2ccccc2)C(=O)c2ccccc21,O=C1C=C(NCCCCc2ccccc2)C(=O)c2ccccc21,137.0
O=[N+]([O-])c1cc([N+](=O)[O-])c2[nH]nc([N+](=O)[O-])c2c1,c1ccc2[nH]ncc2c1,235.0
Cn1ncc2c(NCCNC3=CC(=O)c4ccccc4C3=O)ncnc21,O=C1C=C(NCCNc2ncnc3[nH]ncc23)C(=O)c2ccccc21,257.0
N#Cc1c(N=[N+]([O-])c2cnn(-c3ccccc3)c2C#N)cnn1-c1ccccc1,c1ccc(-n2cc(N=[NH+]c3cnn(-c4ccccc4)c3)cn2)cc1,265.0
Nc1c(C=O)cnn1-c1ccc(Cl)cc1,c1ccc(-n2cccn2)cc1,80.0
OC(c1ccc(F)cc1)C(O)c1ccc(F)cc1,c1ccc(CCc2ccccc2)cc1,153.0
Brc1noc2ncccc12,c1cnc2oncc2c1,135.0
Nc1nn(-c2ccccc2)c2nc3ccccc3nc12,c1ccc(-n2ncc3nc4ccccc4nc32)cc1,210.0
CCOC(CNC1=CC(=O)C=CC1=O)OCC,O=C1C=CC(=O)C=C1,70.0
Cn1nc(CCNC(=O)c2cc([N+](=O)[O-])cc([N+](=O)[O-])c2)c2c(N)ncnc21,O=C(NCCc1n[nH]c2ncncc12)c1ccccc1,281.0
O=[N+]([O-])c1cc(-c2ncco2)cc([N+](=O)[O-])c1,c1ccc(-c2ncco2)cc1,130.0
ON=C(c1ccc(F)cc1)c1ccc(F)cc1,N=C(c1ccccc1)c1ccccc1,140.0
Cn1nnc2c1ccc(=O)n2C1OC(CO)C(O)C1O,O=c1ccc2[nH]nnc2n1C1CCCO1,211.0
O=C1C=C(NCCc2ccccn2)C(=O)c2ccccc21,O=C1C=C(NCCc2ccccn2)C(=O)c2ccccc21,129.0
O=C1C=C(NCc2ccc([N+](=O)[O-])cc2)C(=O)c2ccccc21,O=C1C=C(NCc2ccccc2)C(=O)c2ccccc21,235.0
Cc1ccc2cnn(C)c2n1,c1cnc2[nH]ncc2c1,184.0
CC(=O)c1ccc(-c2ccccc2[N+](=O)[O-])o1,c1ccc(-c2ccco2)cc1,79.0
O=C1c2ccccc2C(=O)N1c1n[nH]c2ccccc12,O=C1c2ccccc2C(=O)N1c1n[nH]c2ccccc12,240.0
Cn1ncc2c(NCCOC(=O)c3cc([N+](=O)[O-])cc([N+](=O)[O-])c3)ncnc21,O=C(OCCNc1ncnc2[nH]ncc12)c1ccccc1,299.0
O=C(Nc1ccccn1)c1cc([N+](=O)[O-])cc([N+](=O)[O-])c1,O=C(Nc1ccccn1)c1ccccc1,201.0
Oc1noc2nc3ccccc3nc12,c1ccc2nc3oncc3nc2c1,323.0
O=C1C=C(NCCCc2ccccc2)C(=O)c2ccccc21,O=C1C=C(NCCCc2ccccc2)C(=O)c2ccccc21,116.0
Cc1ccc(Cn2ncc3c(N)ncnc32)cc1,c1ccc(Cn2ncc3cncnc32)cc1,222.0
NC(=O)c1nn(-c2ccccc2)c2ncnc(N)c12,c1ccc(-n2ncc3cncnc32)cc1,295.0
Cn1[nH]c(N)c2c(=O)c(C(=O)O)cnc1-2,O=c1ccnc2[nH][nH]cc1-2,224.0
O=C1C=C(NCc2ccncc2)C(=O)c2ccccc21,O=C1C=C(NCc2ccncc2)C(=O)c2ccccc21,166.0
O=c1ncnc2n(C3CCCCC3)[nH]cc1-2,O=c1ncnc2n(C3CCCCC3)[nH]cc1-2,252.0
Nn1cnc2c(c(Br)nn2C2CCCCC2)c1=O,O=c1[nH]cnc2c1cnn2C1CCCCC1,254.0
O=C(NCCCCc1ccccc1)c1cc([N+](=O)[O-])cc([N+](=O)[O-])c1,O=C(NCCCCc1ccccc1)c1ccccc1,166.0
O=C(NCc1ccc(Cl)cc1)c1cc([N+](=O)[O-])cc([N+](=O)[O-])c1,O=C(NCc1ccccc1)c1ccccc1,201.0
Cn1[nH]c([N+](=O)[O-])c2c(=O)ccnc1-2,O=c1ccnc2[nH][nH]cc1-2,223.0
Cn1[nH]c(N)c2c(=O)ccnc1-2,O=c1ccnc2[nH][nH]cc1-2,218.0
O=c1ccnc2n(-c3ccccc3)[nH]cc1-2,O=c1ccnc2n(-c3ccccc3)[nH]cc1-2,167.0
CCOC(O)=C1C=NC2=C(CNN2C)C1=O,C=C1C=NC2=C(CNN2)C1=O,139.0
CC(=O)Nc1nn(C(C)=O)c2ncccc12,c1cnc2[nH]ncc2c1,218.0
NCCNC(=O)CCn1cnc2c(N)ncnc21,c1ncc2nc[nH]c2n1,196.0
O=[N+]([O-])c1ccc(-c2ccc([N+](=O)[O-])cc2Cl)cc1,c1ccc(-c2ccccc2)cc1,145.0
COc1cc(N)ccc1[N+](=O)[O-],c1ccccc1,127.0
CC(=O)OCC1OCC(OC(C)=O)(C2C=Nc3c2ncn(C2(OC(C)=O)COC(COC(C)=O)C2OC(C)=O)c3=O)C1OC(C)=O,O=c1c2c(ncn1C1CCOC1)C(C1CCOC1)C=N2,76.0
CCOc1ccc(OC(=O)c2ccccc2)cc1,O=C(Oc1ccccc1)c1ccccc1,104.0
Clc1cccc2c1=NC(c1ccccc1)C=2c1ccccc1,c1ccc(C2=c3ccccc3=NC2c2ccccc2)cc1,98.0
c1ccc(C2Nc3ccccc3C2c2ccccc2)cc1,c1ccc(C2Nc3ccccc3C2c2ccccc2)cc1,173.0
Cc1ccc2c(c1)C(c1ccccc1)C(c1ccccc1)N2,c1ccc(C2Nc3ccccc3C2c2ccccc2)cc1,155.0
c1cc(NNc2cccc(-n3cccn3)c2)cc(-n2cccn2)c1,c1cc(NNc2cccc(-n3cccn3)c2)cc(-n2cccn2)c1,170.0
CC(=O)Nc1ccc([N+](=O)[O-])c(F)c1,c1ccccc1,176.0
Cc1ccc(CNC2=CC(=O)c3ccccc3C2=O)nc1,O=C1C=C(NCc2ccccn2)C(=O)c2ccccc21,135.0
Cc1ccc(C)c(CNC2=CC(=O)c3ccccc3C2=O)c1,O=C1C=C(NCc2ccccc2)C(=O)c2ccccc21,164.0
COc1ccc(CNC(=O)c2cc([N+](=O)[O-])cc([N+](=O)[O-])c2)cc1,O=C(NCc1ccccc1)c1ccccc1,151.0
Cc1ccc(CNC(=O)c2cc([N+](=O)[O-])cc([N+](=O)[O-])c2)c(C)c1,O=C(NCc1ccccc1)c1ccccc1,180.0
O=C(NCCBr)c1cc([N+](=O)[O-])cc([N+](=O)[O-])c1,c1ccccc1,140.0
COc1ccccc1-n1[nH]cc2c(=O)ncnc1-2,O=c1ncnc2n(-c3ccccc3)[nH]cc1-2,271.0
O=C(NCCCBr)c1cc([N+](=O)[O-])cc([N+](=O)[O-])c1,c1ccccc1,195.0
CC(=O)Nc1ccc([N+](=O)[O-])c(Br)c1,c1ccccc1,145.0
O=C1c2ccccc2C(=O)N1c1n[nH]c2ncccc12,O=C1c2ccccc2C(=O)N1c1n[nH]c2ncccc12,254.0
CN(C)c1ccc(CNC(=O)c2cc([N+](=O)[O-])cc([N+](=O)[O-])c2)cc1,O=C(NCc1ccccc1)c1ccccc1,145.0
O=C(NCc1ccc([N+](=O)[O-])cc1)c1cc([N+](=O)[O-])cc([N+](=O)[O-])c1,O=C(NCc1ccccc1)c1ccccc1,251.0
O=C(NCCCc1ccccc1)c1cc([N+](=O)[O-])cc([N+](=O)[O-])c1,O=C(NCCCc1ccccc1)c1ccccc1,123.0
COC(CCNC1=CC(=O)c2ccccc2C1=O)OC,O=C1C=CC(=O)c2ccccc21,114.0
O=[N+]([O-])c1ccc(-n2cc([N+](=O)[O-])c(-c3ccccc3)n2)cc1,c1ccc(-c2ccn(-c3ccccc3)n2)cc1,231.0
CCOC(=O)Nc1c([N+](=O)[O-])cc(C)cc1[N+](=O)[O-],c1ccccc1,65.0
CCOC(=O)Nc1c([N+](=O)[O-])cc(Cl)cc1[N+](=O)[O-],c1ccccc1,167.0
CCOC(=O)Nc1cccc([N+](=O)[O-])c1[N+](=O)[O-],c1ccccc1,103.0
CCOC(=O)Nc1ccc(C)cc1[N+](=O)[O-],c1ccccc1,65.0
Cn1cc([N+](=O)[O-])c(O)nc1=O,O=c1nccc[nH]1,269.0
O=C(O)c1cnn(-c2ccc([N+](=O)[O-])cc2[N+](=O)[O-])c1,c1ccc(-n2cccn2)cc1,261.0
O=C1C=C(NCNc2ccccn2)C(=O)c2ccccc21,O=C1C=C(NCNc2ccccn2)C(=O)c2ccccc21,135.0
COc1ccc(CNC2=CC(=O)c3ccccc3C2=O)cc1,O=C1C=C(NCc2ccccc2)C(=O)c2ccccc21,164.0
O=C1C=C(NCCNc2ccccc2)C(=O)c2ccccc21,O=C1C=C(NCCNc2ccccc2)C(=O)c2ccccc21,141.0
CN(C)c1ccc(CNC2=CC(=O)c3ccccc3C2=O)cc1,O=C1C=C(NCc2ccccc2)C(=O)c2ccccc21,166.0
O=C1C=C(NCc2cccnc2)C(=O)c2ccccc21,O=C1C=C(NCc2cccnc2)C(=O)c2ccccc21,209.0
O=C1C=C(NCc2ccc(Cl)c(Cl)c2)C(=O)c2ccccc21,O=C1C=C(NCc2ccccc2)C(=O)c2ccccc21,217.0
O=C1C=C(NCc2ccc(Cl)cc2)C(=O)c2ccccc21,O=C1C=C(NCc2ccccc2)C(=O)c2ccccc21,230.0
O=C1C=C(NCc2cccc(Cl)c2)C(=O)c2ccccc21,O=C1C=C(NCc2ccccc2)C(=O)c2ccccc21,191.0
O=C1C(Cl)=C(Cl)C(=O)C(NCc2ccccc2)=C1Cl,O=C1C=CC(=O)C(NCc2ccccc2)=C1,231.0
N#CC1=C(C#N)C(=O)C(NCCCc2ccccc2)=C(Cl)C1=O,O=C1C=CC(=O)C(NCCCc2ccccc2)=C1,179.0
N#CC1=C(C#N)C(=O)C(NCCc2ccccc2)=C(Cl)C1=O,O=C1C=CC(=O)C(NCCc2ccccc2)=C1,266.0
N#CC1=C(C#N)C(=O)C(NCc2ccccc2)=C(Cl)C1=O,O=C1C=CC(=O)C(NCc2ccccc2)=C1,233.0
Cn1ncc2c(NCCN)ncnc21,c1ncc2cn[nH]c2n1,297.0
O=C1c2ccccc2C(=O)N1c1cn[nH]c1,O=C1c2ccccc2C(=O)N1c1cn[nH]c1,260.0
O=C1c2ccccc2C(=O)N1c1nc2ccccc2[nH]1,O=C1c2ccccc2C(=O)N1c1nc2ccccc2[nH]1,274.0
COc1ccc(C(O)C(O)c2ccccc2)cc1,c1ccc(CCc2ccccc2)cc1,129.0
CC1(C)C(=O)OOC1=O,O=C1CC(=O)OO1,45.0
NC12c3ccccc3C(c3ccccc31)c1ccccc12,c1ccc2c(c1)C1c3ccccc3C2c2ccccc21,220.0
C=Cc1ccccc1-c1cn[nH]c1,c1ccc(-c2cn[nH]c2)cc1,114.0
CC(C)(C)SC1(C#N)CC1(C#N)SC(C)(C)C,C1CC1,104.0
O=c1n(-c2ccccc2)c(=O)n2n1C1OC3CCC1C32,O=c1n(-c2ccccc2)c(=O)n2n1C1OC3CCC1C32,144.0
O=c1n(-c2ccccc2)c(=O)n2n1C1OC3c4ccccc4C1C32,O=c1n(-c2ccccc2)c(=O)n2n1C1OC3c4ccccc4C1C32,146.0
O=c1[nH]n(C2C=CC3C4C=CC(C4)C32)c(=O)n1-c1ccccc1,O=c1[nH]n(C2C=CC3C4C=CC(C4)C32)c(=O)n1-c1ccccc1,155.0
CC(C)(C)c1ccc(C2CCC3(CC2)Cc2ccc(C(=O)Nc4ccccc4OCCCC(=O)O)cc2C3)cc1,O=C(Nc1ccccc1)c1ccc2c(c1)CC1(CCC(c3ccccc3)CC1)C2,147.0
COC(=O)c1ccc(C2(C)C=CC=CC=C2)cc1,C1=CC=CC(c2ccccc2)C=C1,61.0
CC1C=CC(C2CC(=O)OC2=O)C12CC2,O=C1CC(C2C=CCC23CC3)C(=O)O1,98.0
CC(C)(C)C=C=C=C=CC(C)(C)C,,135.0
CC(C)CCCC(C)C1CCC2(C)C3=CCC4C(C)C(O)CCC4(C)C3=CCC12C,C1=C2C(=CCC3CCCCC23)C2CCCC2C1,123.0
CC(C)CCCC(C)C1CCC2(C)C1(C)CCC13OC21CCC1C(C)C(O)CCC13C,C1CCC2C(C1)CCC13OC21CCC1CCCC13,162.0
N#CC(C#N)=C(C(=O)Cc1ccccc1)c1ccc([N+](=O)[O-])cc1,C=C(C(=O)Cc1ccccc1)c1ccccc1,333.0
O=C1CCCC1C1(O)C(=O)Nc2ccccc21,O=C1CCCC1C1C(=O)Nc2ccccc21,187.0
N#CC1C(=S)NC2(C(=O)Nc3ccccc32)C2=C1CCCC2,O=C1Nc2ccccc2C12NC(=S)CC1=C2CCCC1,222.0
S=c1oc2ccccc2n1CSCCCS,S=c1[nH]c2ccccc2o1,188.0
O=Cc1c(Cl)[nH]n(-c2ccccc2)c1=O,O=c1cc[nH]n1-c1ccccc1,167.0
N#CC(C#N)=C(CC=O)c1ccc(Cl)cc1,c1ccccc1,100.0
CC(=O)C(C(C)=O)=C1SC2=C(C(=O)c3ccccc3C2=O)N1c1ccccc1,C=C1SC2=C(C(=O)c3ccccc3C2=O)N1c1ccccc1,254.0
CCOC(=O)C1=NC2Sc3sc(C(=O)OCC)cc3C(c3ccccc3)C2=C1N,C1=NC2Sc3sccc3C(c3ccccc3)C2=C1,133.0
N#CC1C(=S)NC2(C(=O)Nc3ccccc32)C2=C1CCC2,O=C1Nc2ccccc2C12NC(=S)CC1=C2CCC1,311.0
FC(F)(F)c1nn(CN2CCN(Cn3nc(C(F)(F)F)n(N=Cc4ccccc4)c3=S)CC2)c(=S)n1N=Cc1ccccc1,S=c1n(N=Cc2ccccc2)cnn1CN1CCN(Cn2ncn(N=Cc3ccccc3)c2=S)CC1,333.0
S=c1sc2ccccc2n1CSc1nc2ccccc2s1,S=c1sc2ccccc2n1CSc1nc2ccccc2s1,211.0
CCOC(=O)CCCOc1ccccc1NC(=O)c1ccc2c(c1)CC1(CCC(c3ccc(C(C)(C)C)cc3)CC1)C2,O=C(Nc1ccccc1)c1ccc2c(c1)CC1(CCC(c3ccccc3)CC1)C2,112.0
CCC(C)OC(=O)C1=C2c3ncccc3ON2C(Cl)C(Cl)C1Cl,C1=C2c3ncccc3ON2CCC1,97.0
CC(C)OC(=O)C1=C2c3ncccc3ON2C(Cl)C(Cl)C1Cl,C1=C2c3ncccc3ON2CCC1,98.0
CCOC(=O)C1=C2c3ncccc3ON2C(Cl)C(Cl)C1Cl,C1=C2c3ncccc3ON2CCC1,105.0
COCc1ccc(O)c([N+](=O)[O-])c1,c1ccccc1,123.0
CCOC(=O)C(C)C(=O)CC(O)CC1CC=C(C)C1(C)C,C1=CCCC1,132.0
Cc1cc(-c2ccc(NC=O)c(C)c2)ccc1NC=O,c1ccc(-c2ccccc2)cc1,268.0
COc1ccc2c(c1)CC1(CCC(O)(c3ccc(C(C)(C)C)cc3)CC1)C2=O,O=C1c2ccccc2CC12CCC(c1ccccc1)CC2,166.0
COc1ccc2c(c1)CC1(CCC(=O)C(C(=O)O)C1)C2=O,O=C1CCC2(CC1)Cc1ccccc1C2=O,120.0
COc1ccc2c(c1)CC(CCC(=O)O)(CCC(=O)O)C2=O,O=C1CCc2ccccc21,151.0
Cc1cccc(C)c1NC(=O)c1cnc(C(C)(C)C)c(Cl)n1,O=C(Nc1ccccc1)c1cnccn1,146.0
Cc1cccc(C)c1NC(=O)c1cnc(C(C)(C)C)cn1,O=C(Nc1ccccc1)c1cnccn1,85.0
Cc1cccc(C)c1NC(=O)c1cncc(Cl)n1,O=C(Nc1ccccc1)c1cnccn1,122.0
CC(C)(C)c1ncc(C(=O)Nc2cc(C(F)(F)F)cc(C(F)(F)F)c2)nc1Cl,O=C(Nc1ccccc1)c1cnccn1,99.0
CC(C)(C)c1cnc(C(=O)Nc2cc(C(F)(F)F)cc(C(F)(F)F)c2)cn1,O=C(Nc1ccccc1)c1cnccn1,136.0
O=C(Nc1cc(C(F)(F)F)cc(C(F)(F)F)c1)c1cncc(Cl)n1,O=C(Nc1ccccc1)c1cnccn1,133.0
CC(C)(C)c1ncc(C(=O)Nc2cccc(Br)c2)nc1Cl,O=C(Nc1ccccc1)c1cnccn1,105.0
CC(C)(C)c1cnc(C(=O)Nc2cccc(Br)c2)cn1,O=C(Nc1ccccc1)c1cnccn1,114.0
O=C(Nc1cccc(Br)c1)c1cncc(Cl)n1,O=C(Nc1ccccc1)c1cnccn1,100.0
COc1ccccc1NC(=O)c1cnc(C(C)(C)C)c(Cl)n1,O=C(Nc1ccccc1)c1cnccn1,119.0
COc1ccccc1NC(=O)c1cnc(C(C)(C)C)cn1,O=C(Nc1ccccc1)c1cnccn1,78.0
COc1ccccc1NC(=O)c1cncc(Cl)n1,O=C(Nc1ccccc1)c1cnccn1,72.0
Cc1cccc(NC(=O)c2cnc(C(C)(C)C)c(Cl)n2)c1,O=C(Nc1ccccc1)c1cnccn1,99.0
Cc1cccc(NC(=O)c2cnc(C(C)(C)C)cn2)c1,O=C(Nc1ccccc1)c1cnccn1,95.0
Cc1cccc(NC(=O)c2cncc(Cl)n2)c1,O=C(Nc1ccccc1)c1cnccn1,84.0
Cc1ccccc1NC(=O)c1cnc(C(C)(C)C)c(Cl)n1,O=C(Nc1ccccc1)c1cnccn1,115.0
Cc1ccccc1NC(=O)c1cnc(C(C)(C)C)cn1,O=C(Nc1ccccc1)c1cnccn1,81.0
Cc1ccccc1NC(=O)c1cncc(Cl)n1,O=C(Nc1ccccc1)c1cnccn1,98.0
Clc1c(Cl)c(Cl)c2c(c1Cl)OC1Cc3ccccc3C1O2,c1ccc2c(c1)CC1Oc3ccccc3OC21,159.0
Cc1cc(C)c(C2Oc3c(Cl)c(Cl)c(Cl)c(Cl)c3O2)cc1C,c1ccc(C2Oc3ccccc3O2)cc1,188.0
Cc1cc(C)cc(C2Oc3c(Cl)c(Cl)c(Cl)c(Cl)c3O2)c1,c1ccc(C2Oc3ccccc3O2)cc1,160.0
Clc1c(Cl)c(Cl)c2c(c1Cl)OC(c1ccccc1)(c1ccccc1)O2,c1ccc(C2(c3ccccc3)Oc3ccccc3O2)cc1,153.0
Clc1c(Cl)c(Cl)c2c(c1Cl)OC(c1ccccc1)O2,c1ccc(C2Oc3ccccc3O2)cc1,115.0
O=C(NCCc1c[nH]cn1)C1=NC=NC1,O=C(NCCc1c[nH]cn1)C1=NC=NC1,176.0
O=C(CCC1=NC=NC1)NCCc1c[nH]cn1,O=C(CCC1=NC=NC1)NCCc1c[nH]cn1,164.0
CC(NC(=O)CCCCNC(=O)C12CC3CC(CC(C3)C1)C2)C(=O)NC(CCC(=O)O)C(N)=O,C1C2CC3CC1CC(C2)C3,200.0
CCOC(=O)CCC(N[P+]([O-])(OC)C(C)NC(=O)CCCCN1C(=O)c2ccccc2C1=O)C(=O)OCC,O=C1NC(=O)c2ccccc21,81.0
C[P+]([O-])(CCCCN1C(=O)c2ccccc2C1=O)OCCCCN1C(=O)c2ccccc2C1=O,O=C1c2ccccc2C(=O)N1CCCCO[PH2+]CCCCN1C(=O)c2ccccc2C1=O,114.0
CC(NC(=O)CCCCN1C(=O)c2ccccc2C1=O)[P+]([O-])(Oc1ccccc1)Oc1ccccc1,O=C(CCCCN1C(=O)c2ccccc2C1=O)NC[PH+](Oc1ccccc1)Oc1ccccc1,144.0
CC(NC(=O)COCCN1C(=O)c2ccccc2C1=O)[P+]([O-])(Oc1ccccc1)Oc1ccccc1,O=C(COCCN1C(=O)c2ccccc2C1=O)NC[PH+](Oc1ccccc1)Oc1ccccc1,107.0
CC(NC(=O)COCCN1C(=O)c2ccccc2C1=O)C(=O)NC(CCC(=O)O)C(=O)O,O=C1NC(=O)c2ccccc21,194.0
O=C(O)COCCNC(=O)C12CC3CC(CC(C3)C1)C2,C1C2CC3CC1CC(C2)C3,122.0
CC(NC(=O)CCCCNC(=O)C12CC3CC(CC(C3)C1)C2)[P+]([O-])(Oc1ccccc1)Oc1ccccc1,O=C(CCCCNC(=O)C12CC3CC(CC(C3)C1)C2)NC[PH+](Oc1ccccc1)Oc1ccccc1,150.0
O=C(O)COCCN1C(=O)c2ccccc2C1=O,O=C1NC(=O)c2ccccc21,128.0
O=C1c2ccccc2C(=O)N1CCOCCO,O=C1NC(=O)c2ccccc21,64.0
CCOC(=O)c1c(SC)nn(C(=O)c2ccccc2)c1N,O=C(c1ccccc1)n1cccn1,95.0
CCOC(=O)c1c(SC)nn(C(=O)Cc2ccccc2)c1N,O=C(Cc1ccccc1)n1cccn1,120.0
CCOC(=O)c1c(SC)nn(C(=O)NNc2ccccc2)c1N,O=C(NNc1ccccc1)n1cccn1,205.0
CCOC(=O)c1c(SC)nn(C(=O)c2ccc([N+](=O)[O-])cc2)c1N,O=C(c1ccccc1)n1cccn1,158.0
CCOC(=O)c1c(SC)nn(C(=O)c2cccc([N+](=O)[O-])c2)c1N,O=C(c1ccccc1)n1cccn1,153.0
CCOC(=O)c1c(SC)nn(C(=O)c2ccc(OC)cc2)c1N,O=C(c1ccccc1)n1cccn1,160.0
CCOC(=O)c1c(SC)nn(-c2ccc([N+](=O)[O-])cc2)c1N,c1ccc(-n2cccn2)cc1,181.0
CSC(SC)=C1CCCC(=C(SC)SC)C1=C(C#N)C#N,C=C1CCCC(=C)C1=C,156.0
N#CC(C(N)=O)=C(SCc1ccccc1)SCc1ccccc1,C=C(SCc1ccccc1)SCc1ccccc1,104.0
CCSC(SCC)=C1CCCC(=C(SCC)SCC)C1=C(C#N)C#N,C=C1CCCC(=C)C1=C,101.0
COC(=O)C(C#N)=C(SCc1ccccc1)SCc1ccccc1,C=C(SCc1ccccc1)SCc1ccccc1,104.0
CCOC(=O)C(C#N)=C1SCCS1,C=C1SCCS1,106.0
COC(=O)c1ccc2c(c1)CC1(CCC(c3ccc(C(C)(C)C)cc3)CC1)C2,c1ccc(C2CCC3(CC2)Cc2ccccc2C3)cc1,117.0
N#CC(C(=O)N1CCOCC1)=C(SCc1ccccc1)SCc1ccccc1,O=C(C=C(SCc1ccccc1)SCc1ccccc1)N1CCOCC1,123.0
CCOC(=O)C(C#N)=C(SCc1ccccc1)SCc1ccccc1,C=C(SCc1ccccc1)SCc1ccccc1,82.0
CSC(SC)=C(C#N)C(=O)NCc1ccccc1,c1ccccc1,81.0
CCOC(=O)c1c(SC)nn(C(N)=O)c1N,c1cn[nH]c1,155.0
CCOC(=O)c1c(SC)nn(C(N)=S)c1N,c1cn[nH]c1,149.0
CC12C=CC=CC1NC(=C1C(=O)c3ccccc3C1=O)C=C2,O=C1C(=C2C=CC3C=CC=CC3N2)C(=O)c2ccccc21,203.0
O=C1Nc2ccccc2C=NC2CCCCC2N=Cc2ccccc2NC1=O,O=C1Nc2ccccc2C=NC2CCCCC2N=Cc2ccccc2NC1=O,224.0
CC1=CC2OC1C(Cl)(Cl)C(=O)C2(Cl)Cl,O=C1CC2C=CC(C1)O2,90.0
CCOC(=O)c1cc(C)n(Cc2ccccc2)n1,c1ccc(Cn2cccn2)cc1,37.0
CCOC(=O)c1cc(C)n(-c2cc(C)n(C)n2)n1,c1cnn(-c2cc[nH]n2)c1,72.0
CCOC(=O)c1cc(C)n(C2=CC(C)N=N2)n1,C1=C(n2cccn2)N=NC1,121.0
Cc1cc(C)n(CN(Cc2ccccc2)Cn2nc(C)cc2C)n1,c1ccc(CN(Cn2cccn2)Cn2cccn2)cc1,71.0
Cc1cc(CO)nn1-c1ccccn1,c1ccc(-n2cccn2)nc1,45.0
COC(=O)c1cc(C)n(C)n1,c1cn[nH]c1,93.0
CCOC(=O)c1cc(C)n(Cn2nc(C(=O)OCC)cc2C)n1,c1cnn(Cn2cccn2)c1,130.0
Cc1cc(C)n(CN(CCO)Cn2nc(C)cc2C)n1,c1cnn(CNCn2cccn2)c1,83.0
CC(C)(C)c1ccc(C2CCC3(CC2)Cc2ccc(O)cc2C3)cc1,c1ccc(C2CCC3(CC2)Cc2ccccc2C3)cc1,131.0
CN(C)c1ccc(C2CC(c3ccc4ccccc4c3)=NN2c2ccccc2)cc1,c1ccc(C2CC(c3ccc4ccccc4c3)=NN2c2ccccc2)cc1,186.0
COc1ccc(C2CC(c3ccc4ccccc4c3)=NN2C(N)=O)cc1,c1ccc(C2CC(c3ccc4ccccc4c3)=NN2)cc1,174.0
CC(=O)N1N=C(c2ccc3ccccc3c2)CC1c1ccccc1Cl,c1ccc(C2CC(c3ccc4ccccc4c3)=NN2)cc1,173.0
Cc1ccc(C2CC(c3ccc4ccccc4c3)=NN2c2ccccc2)cc1,c1ccc(C2CC(c3ccc4ccccc4c3)=NN2c2ccccc2)cc1,168.0
NC1=C(C(=O)Nc2ccccc2)C(c2ccc(Br)cc2)C2Oc3ccccc3C2O1,O=C(Nc1ccccc1)C1=COC2c3ccccc3OC2C1c1ccccc1,282.0
O=C1C2=C(NC1C(=O)c1ccc(Br)cc1)Oc1c(c(=O)oc3ccccc13)C2c1ccc(Br)cc1,O=C1C2=C(NC1C(=O)c1ccccc1)Oc1c(c(=O)oc3ccccc13)C2c1ccccc1,230.0
CCOC1C(=O)NC2=C(C1=O)C(c1ccc(Br)cc1)c1c(c3ccccc3oc1=O)O2,O=C1CC(=O)C2=C(N1)Oc1c(c(=O)oc3ccccc13)C2c1ccccc1,196.0
CCOC(=O)C1=C(NC(=O)CCl)Oc2c(c(=O)oc3ccccc23)C1c1ccc(Br)cc1,O=c1oc2ccccc2c2c1C(c1ccccc1)C=CO2,158.0
CCOC(=O)C1=C(NC(=O)c2ccco2)Oc2c(c(=O)oc3ccccc23)C1c1ccc(Br)cc1,O=C(NC1=CC(c2ccccc2)c2c(c3ccccc3oc2=O)O1)c1ccco1,140.0
COc1ccc2c(c1)CC1(CCC(c3ccc(C(C)(C)C)cc3)CC1)C2=O,O=C1c2ccccc2CC12CCC(c1ccccc1)CC2,116.0
Nc1ccccc1SC(=O)c1ccccc1,O=C(Sc1ccccc1)c1ccccc1,105.0
O=C(Nc1nc(-c2ccc(Br)cc2)cs1)c1ccccc1,O=C(Nc1nc(-c2ccccc2)cs1)c1ccccc1,115.0
COc1ccc2c(c1)CC1(CCC(c3ccc(C(C)(C)C)cc3)CC1)C2,c1ccc(C2CCC3(CC2)Cc2ccccc2C3)cc1,75.0
CCCNC(=O)NNC(=O)OCC,,95.0
CCOC(=O)NNC(=O)NC1CCCCC1,C1CCCCC1,116.0
CCOC(=O)NNC(=O)Nc1ccc(Cl)c(Cl)c1,c1ccccc1,207.0
CCOC(=O)NNC(=O)Nc1ccc(Cl)cc1,c1ccccc1,194.0
OC1C2CCC1C1C=CC2O1,C1=CC2OC1C1CCC2C1,122.0
O=C1C2CCC1C1C=CC2O1,O=C1C2CCC1C1C=CC2O1,97.0
COc1ccc2c(c1)CC1(CCC(O)(c3ccc(C(C)(C)C)cc3)CC1)C2O,c1ccc(C2CCC3(CC2)Cc2ccccc2C3)cc1,104.0
Cc1nc2ccccc2n1CCC(=O)NN1C(=O)CSC1c1ccccc1Cl,O=C(CCn1cnc2ccccc21)NN1C(=O)CSC1c1ccccc1,250.0
Cc1nc2ccccc2n1CCc1nnc(S)o1,c1ccc2c(c1)ncn2CCc1nnco1,209.0
Cc1nc2ccccc2n1CCc1nnc(SCc2ccccc2)n1-c1ccccc1,c1ccc(CSc2nnc(CCn3cnc4ccccc43)n2-c2ccccc2)cc1,130.0
CCSc1nnc(CCn2c(C)nc3ccccc32)n1-c1ccccc1,c1ccc(-n2cnnc2CCn2cnc3ccccc32)cc1,110.0
[O-][P+](O)(O)CCN(CP(c1ccccc1)c1ccccc1)CP(c1ccccc1)c1ccccc1,c1ccc(P(CNCP(c2ccccc2)c2ccccc2)c2ccccc2)cc1,147.0
O=C1CCCC1=C1C(=O)Nc2ccccc21,O=C1CCCC1=C1C(=O)Nc2ccccc21,267.0
CCOC(=O)c1sc2sc(C(=O)OCC)c(NC(=O)c3ccccc3)c2c1NC(=O)c1ccccc1,O=C(Nc1csc2scc(NC(=O)c3ccccc3)c12)c1ccccc1,287.0
CCOC=Nc1c(C(=O)OCC)sc2sc(C(=O)OCC)c(N=COCC)c12,c1cc2ccsc2s1,267.0
FC(F)(F)c1nn2c(=S)nc(-c3ccccc3)nc2s1,S=c1nc(-c2ccccc2)nc2scnn12,222.0
CC(=O)n1nc2oc3ccccc3cc-2c1=O,O=c1[nH]nc2oc3ccccc3cc1-2,170.0
CCOC(=O)NC(=O)Nn1c(S)nnc1C(F)(F)F,c1nnc[nH]1,232.0
CC1(c2ccc([N+](=O)[O-])cc2)Nn2c(nnc2C(F)(F)F)S1,c1ccc(C2Nn3cnnc3S2)cc1,255.0
COc1ccc([P+]2([S-])Nn3c(nnc3C(F)(F)F)S2)cc1,c1ccc([PH+]2Nn3cnnc3S2)cc1,211.0
O=C(c1ccccc1)c1nn2c(C(F)(F)F)nnc2s1,O=C(c1ccccc1)c1nn2cnnc2s1,157.0
CC(=O)c1nn2c(C(F)(F)F)nnc2s1,c1nn2cnnc2s1,200.0
O=C1NN(c2ccccc2)C(=O)C1=C1SC=C(c2ccccc2)S1,O=C1NN(c2ccccc2)C(=O)C1=C1SC=C(c2ccccc2)S1,289.0
COC(=O)C(C(=O)OC)=C1SC2=C(C(=O)c3ccccc3C2=O)N1c1ccccc1,C=C1SC2=C(C(=O)c3ccccc3C2=O)N1c1ccccc1,239.0
N#CC(C#N)=C1C(=O)NN(c2ccccc2)C1=O,C=C1C(=O)NN(c2ccccc2)C1=O,289.0
O=C1CCC(=O)N1c1nnc(C(F)(F)F)s1,O=C1CCC(=O)N1c1nncs1,221.0
c1ccc2c(c1)NC1(CCCC1)N2,c1ccc2c(c1)NC1(CCCC1)N2,190.0
c1ccc2c(c1)NC1(CCCCC1)O2,c1ccc2c(c1)NC1(CCCCC1)O2,244.0
c1ccc2c(c1)NC1(CCCC1)O2,c1ccc2c(c1)NC1(CCCC1)O2,221.0
N#CC(C#N)=C1Sc2nc3ccccc3nc2S1,C=C1Sc2nc3ccccc3nc2S1,221.0
N#CC1=C(N)OC2(C(=O)Nc3ccccc32)C2=C1CCCC2,O=C1Nc2ccccc2C12OC=CC1=C2CCCC1,231.0
N#Cc1c(-c2ccccc2)c2c(O)[nH]n(-c3ccccc3)c-2nc1=S,S=c1cc(-c2ccccc2)c2c[nH]n(-c3ccccc3)c-2n1,142.0
FC(F)(F)c1nnc2sc(=S)[nH]n12,S=c1[nH]n2cnnc2s1,160.0
CCOC(=O)c1sc2sc(C(=O)OCC)c(N=C3SCCS3)c2c1N=C1SCCS1,c1sc2scc(N=C3SCCS3)c2c1N=C1SCCS1,198.0
c1ccc(CNc2ccccc2-n2c(-c3ccccc3)nc3ccccc32)cc1,c1ccc(CNc2ccccc2-n2c(-c3ccccc3)nc3ccccc32)cc1,160.0
O=C(COc1ccc(Cl)cc1)n1c(=O)sc2ccccc21,O=C(COc1ccccc1)n1c(=O)sc2ccccc21,143.0
CCNc1nc2c(cc1C(=O)OC)c(=O)oc1ccccc12,O=c1oc2ccccc2c2ncccc12,210.0
CCOC(=O)c1cc2c(=O)oc3ccccc3c2nc1NC,O=c1oc2ccccc2c2ncccc12,233.0
CCOC(=O)c1cc2c(=O)oc3ccccc3c2nc1N,O=c1oc2ccccc2c2ncccc12,192.0
N#Cc1cc2c(=O)oc3ccccc3c2nc1N,O=c1oc2ccccc2c2ncccc12,289.0
COC(=O)c1cc2c(=O)oc3ccccc3c2nc1C,O=c1oc2ccccc2c2ncccc12,215.0
CCOC(=O)c1cc2c(=O)oc3ccccc3c2n(Cc2ccccc2)c1=O,O=c1oc2ccccc2c2c1ccc(=O)n2Cc1ccccc1,212.0
CCOC(=O)c1cc2c(=O)oc3ccccc3c2n(C)c1=O,O=c1ccc2c(=O)oc3ccccc3c2[nH]1,203.0
CCCCCNc1cc(=O)oc2ccccc12,O=c1ccc2ccccc2o1,163.0
CCCCNc1cc(=O)oc2ccccc12,O=c1ccc2ccccc2o1,118.0
Nc1c(CN2CCOCC2)c(=O)oc2ccccc12,O=c1oc2ccccc2cc1CN1CCOCC1,192.0
Nc1c(CN2CCCCCC2)c(=O)oc2ccccc12,O=c1oc2ccccc2cc1CN1CCCCCC1,153.0
Nc1c(CN2CCCCC2)c(=O)oc2ccccc12,O=c1oc2ccccc2cc1CN1CCCCC1,190.0
Nc1c(CN2CCCC2)c(=O)oc2ccccc12,O=c1oc2ccccc2cc1CN1CCCC1,197.0
CCN(CC)Cc1c(N)c2ccccc2oc1=O,O=c1ccc2ccccc2o1,133.0
CNc1cc(=O)oc2ccccc12,O=c1ccc2ccccc2o1,198.0
CNc1c(C=O)c(=O)oc2ccccc12,O=c1ccc2ccccc2o1,216.0
CCOC(=O)c1sc2sc(C#N)c(N)c2c1N,c1cc2ccsc2s1,262.0
Nc1c(C(=O)Oc2ccccc2)sc2sc(C(=O)Oc3ccccc3)c(N)c12,O=C(Oc1ccccc1)c1cc2cc(C(=O)Oc3ccccc3)sc2s1,165.0
CCOC(=O)c1sc2sc(C(=O)OCC)c(N)c2c1N,c1cc2ccsc2s1,201.0
NC(=O)c1c(-c2ccccc2)nn(-c2ccccc2)c1N,c1ccc(-c2ccn(-c3ccccc3)n2)cc1,200.0
FC(F)(F)c1nnc(S)n1-n1cccc1,c1ccn(-n2cnnc2)c1,165.0
N#Cc1c(-c2ccccc2)nn(-c2ccccc2)c1N,c1ccc(-c2ccn(-c3ccccc3)n2)cc1,161.0
CCOC(=O)C(C#N)=C(c1ccc([N+](=O)[O-])cc1)C(C(=O)OCC)C(=O)OCC,c1ccccc1,110.0
NSCc1cc2ccccc2oc1=O,O=c1ccc2ccccc2o1,256.0
CCOC(=O)c1cc2ccccc2oc1=S,S=c1ccc2ccccc2o1,91.0
O=C1NN(c2ccccc2)C(=O)C1(Br)Br,O=C1CC(=O)N(c2ccccc2)N1,119.0
N#CC1=C(N)OC2=C(CCCC2)C1c1ccccc1,C1=CC(c2ccccc2)C2=C(CCCC2)O1,261.0
Cc1ccc(N=NC2C(=O)NN(c3ccccc3)C2=O)cc1,O=C1NN(c2ccccc2)C(=O)C1N=Nc1ccccc1,247.0
COc1cc(C(=O)Cc2ccccc2)c([N+](=O)[O-])cc1OC,O=C(Cc1ccccc1)c1ccccc1,152.0
COc1cc(C(=O)c2ccc(C)cc2)c([N+](=O)[O-])cc1OC,O=C(c1ccccc1)c1ccccc1,110.0
COc1cc(C(=O)c2cccc(C)c2)c([N+](=O)[O-])cc1OC,O=C(c1ccccc1)c1ccccc1,121.0
COc1ccc(C(=O)c2cc(OC)c(OC)cc2[N+](=O)[O-])cc1,O=C(c1ccccc1)c1ccccc1,147.0
COc1cc(C(=O)c2cccc(Br)c2)c([N+](=O)[O-])cc1OC,O=C(c1ccccc1)c1ccccc1,119.0
COc1cc(C(=O)c2ccc(Cl)cc2)c([N+](=O)[O-])cc1OC,O=C(c1ccccc1)c1ccccc1,142.0
COc1cc(C(=O)c2ccc(-c3ccccc3)cc2)c([N+](=O)[O-])cc1OC,O=C(c1ccccc1)c1ccc(-c2ccccc2)cc1,145.0
COc1ccc(C(=O)c2ccc(Cl)cc2Cl)cc1OC,O=C(c1ccccc1)c1ccccc1,128.0
COc1ccc(C(=O)c2cccc(Br)c2)cc1OC,O=C(c1ccccc1)c1ccccc1,97.0
COc1ccc(C(=O)c2ccccc2Cl)cc1OC,O=C(c1ccccc1)c1ccccc1,126.0
COc1ccc(C(=O)c2cccc(C)c2)cc1OC,O=C(c1ccccc1)c1ccccc1,93.0
COc1ccc(C(=O)c2ccc(OC)c(OC)c2)cc1,O=C(c1ccccc1)c1ccccc1,79.0
CC1(C)CC(=O)C(=NNc2cccc([N+](=O)[O-])c2)C(=O)C1,O=C1CCCC(=O)C1=NNc1ccccc1,186.0
CC(=O)C(=NNc1ccc(Br)cc1)C(C)=O,c1ccccc1,132.0
CCOC(=O)C(=NNc1ccccc1[N+](=O)[O-])C(=O)OCC,c1ccccc1,196.0
CC(=O)C(=NNc1cccc([N+](=O)[O-])c1)C(C)=O,c1ccccc1,184.0
CC1(C)OC(=O)C(=Cc2ccc(-c3ccc(Cl)cc3)o2)C(=O)O1,O=C1OCOC(=O)C1=Cc1ccc(-c2ccccc2)o1,109.0
Cc1ccccc1NN=C1C(=O)OC(C)(C)OC1=O,O=C1OCOC(=O)C1=NNc1ccccc1,106.0
CC1(C)CC(=O)C(=NNc2ccccc2[N+](=O)[O-])C(=O)C1,O=C1CCCC(=O)C1=NNc1ccccc1,140.0
CC1(C)CC(=O)C(=NNc2ccc(O)cc2)C(=O)C1,O=C1CCCC(=O)C1=NNc1ccccc1,206.0
CC1(C)OC(=O)C(=NNc2ccc(O)cc2)C(=O)O1,O=C1OCOC(=O)C1=NNc1ccccc1,238.0
COc1ccc(NN=C2C(=O)OC(C)(C)OC2=O)cc1,O=C1OCOC(=O)C1=NNc1ccccc1,128.0
CC1(C)OC(=O)C(=NNc2cccc([N+](=O)[O-])c2)C(=O)O1,O=C1OCOC(=O)C1=NNc1ccccc1,192.0
COc1ccccc1-c1ccc(C=C2C(=O)NC(=S)NC2=O)o1,O=C1NC(=S)NC(=O)C1=Cc1ccc(-c2ccccc2)o1,235.0
COc1ccccc1-c1ccc(C=C2C(=O)NC(=O)NC2=O)o1,O=C1NC(=O)C(=Cc2ccc(-c3ccccc3)o2)C(=O)N1,220.0
O=C(Nc1ccc(-c2ccc(NC(=O)c3ccccc3)cc2NC(=O)c2ccccc2)c(NC(=O)c2ccccc2)c1)c1ccccc1,O=C(Nc1ccc(-c2ccc(NC(=O)c3ccccc3)cc2NC(=O)c2ccccc2)c(NC(=O)c2ccccc2)c1)c1ccccc1,279.0
Cn1c(=O)cc(NN)c2ccccc21,O=c1ccc2ccccc2[nH]1,216.0
CC(=O)NC(Cc1ccc2c(c1)OCO2)C(=O)O,c1ccc2c(c1)OCO2,92.0
c1ccc2c(c1)ccc1ccc3ccc4ccc5cccnc5c4c3c12,c1ccc2c(c1)ccc1ccc3ccc4ccc5cccnc5c4c3c12,270.0
COc1cccc(C(CCC(=O)O)C(C)(C)C(=O)O)c1,c1ccccc1,137.0
CCOC(=O)c1cc2c(oc1=O)-c1ccc(OC)cc1CC2,O=c1ccc2c(o1)-c1ccccc1CC2,142.0
COc1ccc(C(CCC(=O)O)C(C)(C)C(=O)O)cc1,c1ccccc1,121.0
c1ccc2cc(P(c3ccc4ccccc4c3)c3ccc4ccccc4c3)ccc2c1,c1ccc2cc(P(c3ccc4ccccc4c3)c3ccc4ccccc4c3)ccc2c1,228.0
c1ccc(P(CCCCCCP(c2ccccc2)c2ccccc2)c2ccccc2)cc1,c1ccc(P(CCCCCCP(c2ccccc2)c2ccccc2)c2ccccc2)cc1,127.0
OC(c1ccccc1)P(c1ccccc1)c1ccccc1,c1ccc(CP(c2ccccc2)c2ccccc2)cc1,157.0
CCCC1C2=C(OC(=O)C1(C)C)c1ccc(OC)cc1CC2,O=C1CCC2=C(O1)c1ccccc1CC2,129.0
CC1(C)C(=O)NC1c1ccccc1,O=C1CC(c2ccccc2)N1,150.0
CC(=O)C(c1ccccc1)c1ccc(C(F)(F)F)cc1[N+](=O)[O-],c1ccc(Cc2ccccc2)cc1,91.0
CCC(C1CCc2cc(O)ccc2C1)C(C)(C)C(=O)O,c1ccc2c(c1)CCCC2,163.0
CCC1C2=C(OC(=O)C1(C)C)c1ccc(OC)cc1CC2,O=C1CCC2=C(O1)c1ccccc1CC2,143.0
CCC(=O)C1CCCCC1C(C)(C)C(=O)O,C1CCCCC1,115.0
CC1(C)C(=O)OC2=C(CCCC2)C1c1ccccc1,O=C1CC(c2ccccc2)C2=C(CCCC2)O1,95.0
COC(=O)c1cc(C)n(CO)n1,c1cn[nH]c1,89.0
O=C1CCCCCN1c1ccccc1,O=C1CCCCCN1c1ccccc1,57.0
Cc1cc2c(c(=O)n1Cc1ccccc1)C(c1ccccc1)C(C#N)=C(N)O2,O=c1c2c(ccn1Cc1ccccc1)OC=CC2c1ccccc1,276.0
COC(=O)C1=C(N)Oc2cc(C)n(CCc3ccccc3)c(=O)c2C1c1cccc([N+](=O)[O-])c1,O=c1c2c(ccn1CCc1ccccc1)OC=CC2c1ccccc1,216.0
COC(=O)C1=C(N)Oc2cc(C)n(CCc3ccccc3)c(=O)c2C1c1ccc(OC)cc1,O=c1c2c(ccn1CCc1ccccc1)OC=CC2c1ccccc1,212.0
COc1ccc(C2C(C#N)=C(N)Oc3cc(C)n(CCc4ccccc4)c(=O)c32)cc1,O=c1c2c(ccn1CCc1ccccc1)OC=CC2c1ccccc1,264.0
CCOC(=O)c1cc(C)n(CO)n1,c1cn[nH]c1,71.0
CCOc1ccc(C(NC(=O)c2ccccc2)NC(=O)c2ccccc2)cc1OC,O=C(NC(NC(=O)c1ccccc1)c1ccccc1)c1ccccc1,211.0
O=C(NC(NC(=O)c1ccccc1)c1ccccc1OCc1ccccc1Cl)c1ccccc1,O=C(NC(NC(=O)c1ccccc1)c1ccccc1OCc1ccccc1)c1ccccc1,242.0
Cc1ccc(C(=S)N2CCCCC2)cc1,S=C(c1ccccc1)N1CCCCC1,93.0
O=C(O)c1ccc(-n2nc(C(=O)c3cccs3)sc2=NC(=O)c2ccccc2)cc1,O=C(N=c1sc(C(=O)c2cccs2)nn1-c1ccccc1)c1ccccc1,220.0
O=C(C1=NOC2C(=O)N(c3ccccc3Cl)C(=O)C12)c1cccs1,O=C(C1=NOC2C(=O)N(c3ccccc3)C(=O)C12)c1cccs1,180.0
CC1(C)CC(=O)C2=C(C1)Nc1c(ccc3ccccc13)C2c1ccc(Cl)cc1,O=C1CCCC2=C1C(c1ccccc1)c1ccc3ccccc3c1N2,139.0
Cc1cc(C)n2nc(N)c(N=Nc3ccncc3)c2n1,c1cnc2c(N=Nc3ccncc3)cnn2c1,229.0
O=c1nc2ccccc2nc(C(F)(F)F)c1NNc1ccc2ccccc2c1,O=c1nc2ccccc2ncc1NNc1ccc2ccccc2c1,151.0
Cc1cc(C)n2nc(N)c(N=Nc3cccnc3)c2n1,c1cncc(N=Nc2cnn3cccnc23)c1,246.0
O=C(C1=NOC2C(=O)N(c3ccccc3[N+](=O)[O-])C(=O)C12)c1ccc(Cl)cc1,O=C(C1=NOC2C(=O)N(c3ccccc3)C(=O)C12)c1ccccc1,173.0
O=C(C1=NOC2C(=O)N(c3ccc(O)cc3)C(=O)C12)c1ccccc1,O=C(C1=NOC2C(=O)N(c3ccccc3)C(=O)C12)c1ccccc1,99.0
Cc1nc(CC#N)sc1N=Nc1ccc([N+](=O)[O-])cc1,c1ccc(N=Nc2cncs2)cc1,234.0
COc1ccc(N=Nc2sc(CC#N)nc2C)cc1,c1ccc(N=Nc2cncs2)cc1,159.0
O=C(C1=NOC2C(=O)N(c3ccc(Cl)cc3)C(=O)C12)c1ccc2ccccc2c1,O=C(C1=NOC2C(=O)N(c3ccccc3)C(=O)C12)c1ccc2ccccc2c1,121.0
Cc1onc2c(-c3ccc(Cl)cc3)nnc(-c3ccccc3)c12,c1ccc(-c2nnc(-c3ccccc3)c3nocc23)cc1,171.0
Cc1ccc(-c2nnc(-c3ccccc3)c3c(C)onc23)cc1,c1ccc(-c2nnc(-c3ccccc3)c3nocc23)cc1,206.0
Cc1nnc(-c2ccccc2)c2noc(C)c12,c1ccc(-c2nncc3conc23)cc1,180.0
O=C(C1=NN(c2ccccc2)C2C(=O)N(c3ccc([N+](=O)[O-])cc3)C(=O)C12)c1ccc(Br)cc1,O=C(C1=NN(c2ccccc2)C2C(=O)N(c3ccccc3)C(=O)C12)c1ccccc1,151.0
Cc1ccc(C(=O)C2=NN(c3ccccc3)C3C(=O)N(c4cccc([N+](=O)[O-])c4)C(=O)C23)cc1,O=C(C1=NN(c2ccccc2)C2C(=O)N(c3ccccc3)C(=O)C12)c1ccccc1,176.0
O=C(O)c1ccc(N2C(=O)C3C(C(=O)c4ccc(Cl)cc4)=NN(c4ccccc4)C3C2=O)cc1,O=C(C1=NN(c2ccccc2)C2C(=O)N(c3ccccc3)C(=O)C12)c1ccccc1,286.0
O=C(C1=NN(c2ccccc2)C2C(=O)N(c3ccc(Br)cc3)C(=O)C12)c1ccc(Cl)cc1,O=C(C1=NN(c2ccccc2)C2C(=O)N(c3ccccc3)C(=O)C12)c1ccccc1,256.0
COc1ccc(C(=O)C2=NN(c3ccccc3)C3C(=O)N(c4cc(Cl)ccc4Cl)C(=O)C23)cc1,O=C(C1=NN(c2ccccc2)C2C(=O)N(c3ccccc3)C(=O)C12)c1ccccc1,241.0
O=C(C1=NN(c2ccccc2)C2C(=O)N(c3ccc(F)cc3)C(=O)C12)c1ccccc1,O=C(C1=NN(c2ccccc2)C2C(=O)N(c3ccccc3)C(=O)C12)c1ccccc1,212.0
CCOC(=O)c1nn(-c2ccc(C)cc2)c(C)c1C(=O)C1=NOC2C(=O)N(c3ccc(C(=O)O)cc3)C(=O)C12,O=C(C1=NOC2C(=O)N(c3ccccc3)C(=O)C12)c1cnn(-c2ccccc2)c1,282.0
CCOC(=O)c1nn(-c2ccc(C)cc2)c(C)c1C(=O)C1=NOC2C(=O)N(c3cc(Cl)ccc3Cl)C(=O)C12,O=C(C1=NOC2C(=O)N(c3ccccc3)C(=O)C12)c1cnn(-c2ccccc2)c1,226.0
CCOC(=O)c1nn(-c2ccc(C)cc2)c(C)c1C(=O)C1=NOC2C(=O)N(c3ccc(OC)cc3)C(=O)C12,O=C(C1=NOC2C(=O)N(c3ccccc3)C(=O)C12)c1cnn(-c2ccccc2)c1,221.0
CCOC(=O)c1nn(-c2ccc(C)cc2)c(C)c1C(=O)C1=NOC2C(=O)N(c3ccc(F)cc3)C(=O)C12,O=C(C1=NOC2C(=O)N(c3ccccc3)C(=O)C12)c1cnn(-c2ccccc2)c1,211.0
Cc1cc(C)n2nc(N)c(N=Nc3cc(Cl)ccc3Cl)c2n1,c1ccc(N=Nc2cnn3cccnc23)cc1,280.0
O=C(C1=NOC2C(=O)N(c3ccc(O)cc3)C(=O)C12)c1ccc([N+](=O)[O-])cc1,O=C(C1=NOC2C(=O)N(c3ccccc3)C(=O)C12)c1ccccc1,213.0
O=C(C1=NOC2C(=O)N(c3ccc(Cl)cc3)C(=O)C12)c1ccc(Cl)cc1,O=C(C1=NOC2C(=O)N(c3ccccc3)C(=O)C12)c1ccccc1,152.0
Cc1ccc(C(=O)C2=NOC3C(=O)N(c4ccc(C(=O)O)cc4)C(=O)C23)cc1,O=C(C1=NOC2C(=O)N(c3ccccc3)C(=O)C12)c1ccccc1,201.0
Cc1ccc(C(=O)C2=NOC3C(=O)N(c4cc(Cl)ccc4Cl)C(=O)C23)cc1,O=C(C1=NOC2C(=O)N(c3ccccc3)C(=O)C12)c1ccccc1,191.0
COc1ccc(N2C(=O)C3ON=C(C(=O)c4ccc(C)cc4)C3C2=O)cc1,O=C(C1=NOC2C(=O)N(c3ccccc3)C(=O)C12)c1ccccc1,126.0
O=C(C1=NOC2C(=O)N(c3ccc(F)cc3)C(=O)C12)c1ccccc1,O=C(C1=NOC2C(=O)N(c3ccccc3)C(=O)C12)c1ccccc1,156.0
O=C(C1=NOC2C(=O)N(c3ccc(Cl)cc3)C(=O)C12)c1ccccc1,O=C(C1=NOC2C(=O)N(c3ccccc3)C(=O)C12)c1ccccc1,137.0
CC1(C)CC(=O)c2c(C(=O)c3ccc(Cl)cc3)noc2C1,O=C(c1ccccc1)c1noc2c1C(=O)CCC2,126.0
COc1ccc(-c2cc3nc(-c4cccs4)cc(C(F)(F)F)n3n2)cc1,c1ccc(-c2cc3nc(-c4cccs4)ccn3n2)cc1,201.0
Nc1nn2c(C(F)(F)F)cc(-c3cccs3)nc2c1N=Nc1ccc(C(=O)O)cc1,c1ccc(N=Nc2cnn3ccc(-c4cccs4)nc23)cc1,184.0
Nc1nn2c(C(F)(F)F)cc(-c3cccs3)nc2c1N=Nc1cccc([N+](=O)[O-])c1,c1ccc(N=Nc2cnn3ccc(-c4cccs4)nc23)cc1,246.0
Nc1nn2c(C(F)(F)F)cc(-c3cccs3)nc2c1N=Nc1ccc(F)cc1,c1ccc(N=Nc2cnn3ccc(-c4cccs4)nc23)cc1,221.0
O=c1cc(C(F)(F)F)nc2scc(-c3ccc(Br)cc3)n12,O=c1ccnc2scc(-c3ccccc3)n12,171.0
Cc1ccc(-c2csc3nc(C(F)(F)F)cc(=O)n23)cc1,O=c1ccnc2scc(-c3ccccc3)n12,186.0
O=C(c1nn2c(nc(=O)c3ccccc32)s1)c1cccc2ccccc12,O=C(c1nn2c(nc(=O)c3ccccc32)s1)c1cccc2ccccc12,241.0
Cc1ccc(C(=O)c2nn3c(nc(=O)c4ccccc43)s2)cc1,O=C(c1ccccc1)c1nn2c(nc(=O)c3ccccc32)s1,211.0
CC1(C)CC(=O)c2c(C(=O)c3cccs3)noc2C1,O=C(c1cccs1)c1noc2c1C(=O)CCC2,131.0
COc1ccc(-n2nc(C(=O)c3cccs3)sc2=NC(=O)c2ccccc2)cc1,O=C(N=c1sc(C(=O)c2cccs2)nn1-c1ccccc1)c1ccccc1,236.0
O=C(N=c1sc(C(=O)c2cccs2)nn1-c1ccccc1[N+](=O)[O-])c1ccccc1,O=C(N=c1sc(C(=O)c2cccs2)nn1-c1ccccc1)c1ccccc1,239.0
Cc1cc(-c2ccccc2)n(N)c(=O)c1C#N,O=c1cccc(-c2ccccc2)[nH]1,189.0
O=c1nc2ccccc2nc(C(F)(F)F)c1NNc1cccnc1,O=c1nc2ccccc2ncc1NNc1cccnc1,157.0
O=c1nc2ccccc2nc(C(F)(F)F)c1NNc1ccc(Cl)cc1,O=c1nc2ccccc2ncc1NNc1ccccc1,151.0
O=C(C1=NOC2C(=O)N(c3cccc4ccccc34)C(=O)C12)c1cccs1,O=C(C1=NOC2C(=O)N(c3cccc4ccccc34)C(=O)C12)c1cccs1,80.0
O=C(C1=NOC2C(=O)N(c3cccc([N+](=O)[O-])c3)C(=O)C12)c1cccs1,O=C(C1=NOC2C(=O)N(c3ccccc3)C(=O)C12)c1cccs1,164.0
O=C(C1=NOC2C(=O)N(c3cc(Cl)ccc3Cl)C(=O)C12)c1cccs1,O=C(C1=NOC2C(=O)N(c3ccccc3)C(=O)C12)c1cccs1,221.0
O=C(O)c1ccc(N2C(=O)C3ON=C(C(=O)c4cccs4)C3C2=O)cc1,O=C(C1=NOC2C(=O)N(c3ccccc3)C(=O)C12)c1cccs1,209.0
Cc1ccc(N2C(=O)C3ON=C(C(=O)c4cccs4)C3C2=O)cc1,O=C(C1=NOC2C(=O)N(c3ccccc3)C(=O)C12)c1cccs1,160.0
O=C(C1=NOC2C(=O)N(c3ccccc3)C(=O)C12)c1cccs1,O=C(C1=NOC2C(=O)N(c3ccccc3)C(=O)C12)c1cccs1,174.0
CC(=C(C#N)c1nc2ccccc2s1)c1cc2ccccc2oc1=O,O=c1oc2ccccc2cc1C=Cc1nc2ccccc2s1,156.0
CCOC(=O)C1=C(C)OC(N)=C(c2nc3ccccc3s2)C1c1ccc(N(C)C)cc1,C1=CC(c2ccccc2)C(c2nc3ccccc3s2)=CO1,215.0
CCOC(=O)C1=C(C)OC(N)=C(c2nc3ccccc3s2)C1c1ccc(Cl)cc1,C1=CC(c2ccccc2)C(c2nc3ccccc3s2)=CO1,189.0
CN(C)c1ccc(C2C(C#N)=C(N)SC(N)=C2c2nc3ccccc3s2)cc1,C1=CC(c2ccccc2)C(c2nc3ccccc3s2)=CS1,211.0
N#CC1=C(N)N2C(=C(C#N)C1c1ccc(Cl)cc1)Sc1ccccc12,C1=CN2C(=CC1c1ccccc1)Sc1ccccc12,209.0
Cc1ccc(-c2c(C#N)c(=O)n3c(sc4ccccc43)c2C(N)=O)cc1,O=c1cc(-c2ccccc2)cc2sc3ccccc3n12,199.0
Cc1cc(C)n2nc(N)c(N=Nc3cc(Cl)c(Cl)cc3Cl)c2n1,c1ccc(N=Nc2cnn3cccnc23)cc1,296.0
O=C(C1=NOC2C(=O)N(c3cc(Cl)ccc3Cl)C(=O)C12)c1ccc([N+](=O)[O-])cc1,O=C(C1=NOC2C(=O)N(c3ccccc3)C(=O)C12)c1ccccc1,216.0
Cc1ccc(C(=O)C2=NOC3C(=O)N(c4ccc(F)cc4)C(=O)C23)cc1,O=C(C1=NOC2C(=O)N(c3ccccc3)C(=O)C12)c1ccccc1,173.0
COc1ccc(N2C(=O)C3ON=C(C(=O)c4ccccc4)C3C2=O)cc1,O=C(C1=NOC2C(=O)N(c3ccccc3)C(=O)C12)c1ccccc1,166.0
O=C(C1=NOC2C(=O)N(c3ccccc3)C(=O)C12)c1ccccc1,O=C(C1=NOC2C(=O)N(c3ccccc3)C(=O)C12)c1ccccc1,161.0
Cc1cc(C(F)(F)F)n2nc(N)c(N=Nc3cc(Cl)c(Cl)cc3Cl)c2n1,c1ccc(N=Nc2cnn3cccnc23)cc1,229.0
Cc1ccc(N=Nc2c(N)nn3c(C(F)(F)F)cc(C)nc23)c(C)c1,c1ccc(N=Nc2cnn3cccnc23)cc1,220.0
Cc1cc(C(F)(F)F)n2nc(N)c(N=Nc3ccccc3Cl)c2n1,c1ccc(N=Nc2cnn3cccnc23)cc1,239.0
Cc1cc(C(F)(F)F)n2nc(N)c(N=Nc3ccccc3[N+](=O)[O-])c2n1,c1ccc(N=Nc2cnn3cccnc23)cc1,236.0
COc1ccc(N=Nc2c(N)nn3c(C(F)(F)F)cc(C)nc23)cc1,c1ccc(N=Nc2cnn3cccnc23)cc1,159.0
Cc1cc(C(F)(F)F)n2nc(N)c(N=Nc3ccc(Cl)cc3)c2n1,c1ccc(N=Nc2cnn3cccnc23)cc1,251.0
Cc1cc(C(F)(F)F)n2nc(N)c(N=Nc3ccccc3)c2n1,c1ccc(N=Nc2cnn3cccnc23)cc1,202.0
CN(C)c1ccc(C2C3=C(CC(C)(C)CC3=O)Nc3ccc4ccccc4c32)cc1,O=C1CCCC2=C1C(c1ccccc1)c1c(ccc3ccccc13)N2,328.0
CC1(C)CC(=O)C2=C(C1)Nc1ccc3ccccc3c1C2c1ccc(Cl)cc1Cl,O=C1CCCC2=C1C(c1ccccc1)c1c(ccc3ccccc13)N2,349.0
CC1(C)CC(=O)C2=C(C1)Nc1ccc3ccccc3c1C2c1ccc(O)cc1,O=C1CCCC2=C1C(c1ccccc1)c1c(ccc3ccccc13)N2,314.0
COc1ccc(C2C3=C(CC(C)(C)CC3=O)Nc3ccc4ccccc4c32)cc1,O=C1CCCC2=C1C(c1ccccc1)c1c(ccc3ccccc13)N2,289.0
CC1(C)CC(=O)C2=C(C1)Nc1ccc3ccccc3c1C2c1ccc(F)cc1,O=C1CCCC2=C1C(c1ccccc1)c1c(ccc3ccccc13)N2,204.0
CN(C)c1ccc(C2C3=C(CC(C)(C)CC3=O)Nc3c2ccc2ccccc32)cc1,O=C1CCCC2=C1C(c1ccccc1)c1ccc3ccccc3c1N2,272.0
CC1(C)CC(=O)C2=C(C1)Nc1c(ccc3ccccc13)C2c1ccc(Cl)cc1Cl,O=C1CCCC2=C1C(c1ccccc1)c1ccc3ccccc3c1N2,222.0
CC1(C)CC(=O)C2=C(C1)Nc1c(ccc3ccccc13)C2c1ccc(O)cc1,O=C1CCCC2=C1C(c1ccccc1)c1ccc3ccccc3c1N2,313.0
CC1(C)CC(=O)C2=C(C1)Nc1c(ccc3ccccc13)C2c1ccc(F)cc1,O=C1CCCC2=C1C(c1ccccc1)c1ccc3ccccc3c1N2,279.0
O=C1C(C(O)c2ccc(Cl)cc2Cl)C(C(F)(F)F)=NN1c1ccccc1,O=C1C(Cc2ccccc2)C=NN1c1ccccc1,249.0
CN(C)c1ccc(C(O)C2C(=O)N(c3ccccc3)N=C2C(F)(F)F)cc1,O=C1C(Cc2ccccc2)C=NN1c1ccccc1,171.0
O=C1C(C(O)c2ccccc2Cl)C(C(F)(F)F)=NN1c1ccccc1,O=C1C(Cc2ccccc2)C=NN1c1ccccc1,251.0
O=C1C(C(O)c2ccc(O)cc2)C(C(F)(F)F)=NN1c1ccccc1,O=C1C(Cc2ccccc2)C=NN1c1ccccc1,211.0
Cc1ccc(C(O)C2C(=O)N(c3ccccc3)N=C2C(F)(F)F)cc1,O=C1C(Cc2ccccc2)C=NN1c1ccccc1,257.0
O=C1C(C(O)c2ccc(Cl)cc2)C(C(F)(F)F)=NN1c1ccccc1,O=C1C(Cc2ccccc2)C=NN1c1ccccc1,168.0
O=C1C(C(O)c2ccccc2)C(C(F)(F)F)=NN1c1ccccc1,O=C1C(Cc2ccccc2)C=NN1c1ccccc1,259.0
CCOC(=O)C1C(c2ccccc2O)C(C(=O)OCC)C(O)(C(F)(F)F)NC1(O)C(F)(F)F,c1ccc(C2CCNCC2)cc1,91.0
CCOC(=O)C1C(c2ccc(OC)cc2)C(C(=O)OCC)C(O)(C(F)(F)F)NC1(O)C(F)(F)F,c1ccc(C2CCNCC2)cc1,109.0
N#CC1=C(N)Oc2c(c(C(F)(F)F)nn2-c2ccccc2)C1c1c(Cl)cc(Cl)cc1Cl,C1=CC(c2ccccc2)c2cnn(-c3ccccc3)c2O1,207.0
N#CC1=C(N)Oc2c(c(C(F)(F)F)nn2-c2ccccc2)C1c1ccc(Cl)cc1Cl,C1=CC(c2ccccc2)c2cnn(-c3ccccc3)c2O1,210.0
N#CC1=C(N)Oc2c(c(C(F)(F)F)nn2-c2ccccc2)C1c1ccc(O)cc1,C1=CC(c2ccccc2)c2cnn(-c3ccccc3)c2O1,218.0
COc1ccc(C2C(C#N)=C(N)Oc3c2c(C(F)(F)F)nn3-c2ccccc2)cc1,C1=CC(c2ccccc2)c2cnn(-c3ccccc3)c2O1,211.0
Cc1ccc(C2C(C#N)=C(N)Oc3c2c(C(F)(F)F)nn3-c2ccccc2)cc1,C1=CC(c2ccccc2)c2cnn(-c3ccccc3)c2O1,205.0
N#CC1=C(N)Oc2c(c(C(F)(F)F)nn2-c2ccccc2)C1c1ccc(Cl)cc1,C1=CC(c2ccccc2)c2cnn(-c3ccccc3)c2O1,221.0
N#CC1=C(N)Oc2c(c(C(F)(F)F)nn2-c2ccccc2)C1c1ccc(F)cc1,C1=CC(c2ccccc2)c2cnn(-c3ccccc3)c2O1,202.0
N#CC1=C(N)Oc2c(c(C(F)(F)F)nn2-c2ccccc2)C1c1ccccc1,C1=CC(c2ccccc2)c2cnn(-c3ccccc3)c2O1,191.0
N#CC1=C(N)Oc2[nH]nc(C(F)(F)F)c2C1c1ccccc1Cl,C1=CC(c2ccccc2)c2cn[nH]c2O1,181.0
N#CC1=C(N)Oc2[nH]nc(C(F)(F)F)c2C1c1ccc(O)cc1,C1=CC(c2ccccc2)c2cn[nH]c2O1,197.0
COc1ccc(C2C(C#N)=C(N)Oc3[nH]nc(C(F)(F)F)c32)cc1,C1=CC(c2ccccc2)c2cn[nH]c2O1,204.0
Cc1ccc(C2C(C#N)=C(N)Oc3[nH]nc(C(F)(F)F)c32)cc1,C1=CC(c2ccccc2)c2cn[nH]c2O1,185.0
N#CC1=C(N)Oc2[nH]nc(C(F)(F)F)c2C1c1ccc(Cl)cc1,C1=CC(c2ccccc2)c2cn[nH]c2O1,21.0
Cc1cc(C(F)(F)F)n2nc(N)c(N=Nc3ccc(Cl)cc3Cl)c2n1,c1ccc(N=Nc2cnn3cccnc23)cc1,211.0
O=C(C1=NOC2C(=O)N(c3ccc(Cl)cc3)C(=O)C12)c1ccco1,O=C(C1=NOC2C(=O)N(c3ccccc3)C(=O)C12)c1ccco1,171.0
O=C(C1=NOC2C(=O)N(c3ccccc3[N+](=O)[O-])C(=O)C12)c1ccco1,O=C(C1=NOC2C(=O)N(c3ccccc3)C(=O)C12)c1ccco1,209.0
COc1ccc(N2C(=O)C3ON=C(C(=O)c4ccco4)C3C2=O)cc1,O=C(C1=NOC2C(=O)N(c3ccccc3)C(=O)C12)c1ccco1,137.0
O=C(C1=NOC2C(=O)N(c3ccc(Br)cc3)C(=O)C12)c1ccco1,O=C(C1=NOC2C(=O)N(c3ccccc3)C(=O)C12)c1ccco1,176.0
Cc1cccc(N2C(=O)C3ON=C(C(=O)c4ccco4)C3C2=O)c1,O=C(C1=NOC2C(=O)N(c3ccccc3)C(=O)C12)c1ccco1,129.0
Cc1cc(C(F)(F)F)n2nc(N)c(N=Nc3cc(Cl)ccc3Cl)c2n1,c1ccc(N=Nc2cnn3cccnc23)cc1,216.0
N#CC1=C(N)Oc2c(c(C(F)(F)F)nn2-c2ccccc2)C1c1ccccc1Cl,C1=CC(c2ccccc2)c2cnn(-c3ccccc3)c2O1,166.0
CC1(C)CC(=O)C2=C(C1)Nc1ccc3ccccc3c1C2c1ccccc1,O=C1CCCC2=C1C(c1ccccc1)c1c(ccc3ccccc13)N2,315.0
O=C1C(C(O)c2c(Cl)cccc2Cl)C(C(F)(F)F)=NN1c1ccccc1,O=C1C(Cc2ccccc2)C=NN1c1ccccc1,196.0
Cc1nc2nc(C(F)(F)F)[nH]n2c(=O)c1Cl,O=c1ccnc2nc[nH]n12,215.0
Cc1cc(-c2ccccc2)n2nc(C(F)(F)F)nc2n1,c1ccc(-c2ccnc3ncnn23)cc1,89.0
Cc1ccccc1N1C(=O)C2ON=C(C(=O)c3ccco3)C2C1=O,O=C(C1=NOC2C(=O)N(c3ccccc3)C(=O)C12)c1ccco1,204.0
COc1ccc(N=Nc2c(N)nn3c(C)cc(C)nc23)cc1,c1ccc(N=Nc2cnn3cccnc23)cc1,202.0
Cc1cc(C)n2nc(N)c(N=Nc3cccc([N+](=O)[O-])c3)c2n1,c1ccc(N=Nc2cnn3cccnc23)cc1,264.0
Cc1cc(C)n2nc(N)c(N=Nc3ccccc3C)c2n1,c1ccc(N=Nc2cnn3cccnc23)cc1,256.0
O=C(C1=NOC2C(=O)N(c3cc(Cl)ccc3Cl)C(=O)C12)c1ccccc1,O=C(C1=NOC2C(=O)N(c3ccccc3)C(=O)C12)c1ccccc1,185.0
CN(C)c1ccc(-c2c(C#N)c(N)n(N)c(=O)c2C#N)cc1,O=c1cc(-c2ccccc2)cc[nH]1,329.0
N#Cc1c(-c2cccc(O)c2)c(C#N)c(=O)n(N)c1N,O=c1cc(-c2ccccc2)cc[nH]1,324.0
CCOC(=O)c1nn(-c2ccc(C)cc2)c(C)c1C(=O)C1=NOC2C(=O)N(c3ccccc3C)C(=O)C12,O=C(C1=NOC2C(=O)N(c3ccccc3)C(=O)C12)c1cnn(-c2ccccc2)c1,200.0
CCOC(=O)c1nn(-c2ccc(C)cc2)c(C)c1C(=O)C1=NOC2C(=O)N(c3ccc(Br)cc3)C(=O)C12,O=C(C1=NOC2C(=O)N(c3ccccc3)C(=O)C12)c1cnn(-c2ccccc2)c1,239.0
O=C(C1=NOC2C(=O)N(c3ccccc3[N+](=O)[O-])C(=O)C12)c1ccc2ccccc2c1,O=C(C1=NOC2C(=O)N(c3ccccc3)C(=O)C12)c1ccc2ccccc2c1,176.0
O=C(C1=NOC2C(=O)N(c3ccc(Br)cc3)C(=O)C12)c1ccc2ccccc2c1,O=C(C1=NOC2C(=O)N(c3ccccc3)C(=O)C12)c1ccc2ccccc2c1,186.0
O=C(C1=NOC2C(=O)N(c3ccc(F)cc3)C(=O)C12)c1ccc2ccccc2c1,O=C(C1=NOC2C(=O)N(c3ccccc3)C(=O)C12)c1ccc2ccccc2c1,194.0
O=C(C1=NOC2C(=O)N(c3cccc([N+](=O)[O-])c3)C(=O)C12)c1cccc2ccccc12,O=C(C1=NOC2C(=O)N(c3ccccc3)C(=O)C12)c1cccc2ccccc12,191.0
O=Nc1c(-c2cccs2)nc2ncccn12,c1csc(-c2cn3cccnc3n2)c1,239.0
O=Nc1c(-c2ccc([N+](=O)[O-])cc2)nc2ncccn12,c1ccc(-c2cn3cccnc3n2)cc1,191.0
O=Nc1c(-c2ccc3ccccc3c2)nc2ncccn12,c1ccc2cc(-c3cn4cccnc4n3)ccc2c1,250.0
CC(=O)N=c1sc(C(C)=O)nn1-c1ccccc1[N+](=O)[O-],N=c1scnn1-c1ccccc1,185.0
CC(=O)N=c1sc(C(C)=O)nn1-c1ccc(F)cc1,N=c1scnn1-c1ccccc1,158.0
CC(=O)c1nn(-c2ccccc2[N+](=O)[O-])c(=NC(=O)c2ccccc2)s1,O=C(N=c1scnn1-c1ccccc1)c1ccccc1,204.0
CC(=O)c1nn(-c2cccc([N+](=O)[O-])c2)c(=NC(=O)c2ccccc2)s1,O=C(N=c1scnn1-c1ccccc1)c1ccccc1,196.0
COc1ccc(C(=O)c2nn3c(nc(=O)c4ccccc43)s2)cc1,O=C(c1ccccc1)c1nn2c(nc(=O)c3ccccc32)s1,180.0
O=C(c1ccco1)c1nn2c(nc(=O)c3ccccc32)s1,O=C(c1ccco1)c1nn2c(nc(=O)c3ccccc32)s1,326.0
O=C(c1cccs1)c1nn2c(nc(=O)c3ccccc32)s1,O=C(c1cccs1)c1nn2c(nc(=O)c3ccccc32)s1,237.0
CC(=O)c1nn2c(nc(=O)c3ccccc32)s1,O=c1nc2scnn2c2ccccc12,199.0
COc1ccc(C(=O)C2=NOC3C(=O)N(c4cc(Cl)ccc4Cl)C(=O)C23)cc1,O=C(C1=NOC2C(=O)N(c3ccccc3)C(=O)C12)c1ccccc1,147.0
COc1ccc(C(=O)C2=NOC3C(=O)N(c4ccc(C(=O)O)cc4)C(=O)C23)cc1,O=C(C1=NOC2C(=O)N(c3ccccc3)C(=O)C12)c1ccccc1,199.0
COc1ccc(C(=O)C2=NOC3C(=O)N(c4ccc(Br)cc4)C(=O)C23)cc1,O=C(C1=NOC2C(=O)N(c3ccccc3)C(=O)C12)c1ccccc1,124.0
COc1ccc(C(=O)C2=NOC3C(=O)N(c4ccc(F)cc4)C(=O)C23)cc1,O=C(C1=NOC2C(=O)N(c3ccccc3)C(=O)C12)c1ccccc1,141.0
O=C(O)c1ccc(N2C(=O)C3ON=C(C(=O)c4ccc(Cl)cc4)C3C2=O)cc1,O=C(C1=NOC2C(=O)N(c3ccccc3)C(=O)C12)c1ccccc1,144.0
O=C(C1=NOC2C(=O)N(c3ccc(Br)cc3)C(=O)C12)c1ccc(Cl)cc1,O=C(C1=NOC2C(=O)N(c3ccccc3)C(=O)C12)c1ccccc1,184.0
O=C(C1=NOC2C(=O)N(c3ccc(F)cc3)C(=O)C12)c1ccc(Cl)cc1,O=C(C1=NOC2C(=O)N(c3ccccc3)C(=O)C12)c1ccccc1,151.0
Cc1ccc(C(=O)C2=NOC3C(=O)N(c4ccc(O)cc4)C(=O)C23)cc1,O=C(C1=NOC2C(=O)N(c3ccccc3)C(=O)C12)c1ccccc1,120.0
O=C(C1=NOC2C(=O)N(c3cccc([N+](=O)[O-])c3)C(=O)C12)c1ccccc1,O=C(C1=NOC2C(=O)N(c3ccccc3)C(=O)C12)c1ccccc1,173.0
Cc1cc(C(F)(F)F)n2nc(N)c(N=Nc3c(Br)cc(Br)cc3Br)c2n1,c1ccc(N=Nc2cnn3cccnc23)cc1,99.0
Cc1cc(C(F)(F)F)n2nc(N)c(N=Nc3c(Cl)cc(Cl)cc3Cl)c2n1,c1ccc(N=Nc2cnn3cccnc23)cc1,190.0
Cc1cc(C(F)(F)F)n2nc(N)c(N=Nc3ccc4ccccc4c3)c2n1,c1ccc2cc(N=Nc3cnn4cccnc34)ccc2c1,246.0
Cc1cc(C(F)(F)F)n2nc(N)c(N=Nc3cccc4ccccc34)c2n1,c1ccc2c(N=Nc3cnn4cccnc34)cccc2c1,237.0
Cc1cccc(N=Nc2c(N)nn3c(C(F)(F)F)cc(C)nc23)c1,c1ccc(N=Nc2cnn3cccnc23)cc1,209.0
Cc1cc(C(F)(F)F)n2nc(N)c(N=Nc3cccc(C(F)(F)F)c3)c2n1,c1ccc(N=Nc2cnn3cccnc23)cc1,171.0
CCOC(=O)C1C(c2ccc(C)cc2)C(C(=O)OCC)C(O)(C(F)(F)F)NC1(O)C(F)(F)F,c1ccc(C2CCNCC2)cc1,93.0
CCOC(=O)C1C(c2ccccc2)C(C(=O)OCC)C(O)(C(F)(F)F)NC1(O)C(F)(F)F,c1ccc(C2CCNCC2)cc1,234.0
N#CC1=C(N)Oc2[nH]nc(C(F)(F)F)c2C1c1ccc(Cl)cc1Cl,C1=CC(c2ccccc2)c2cn[nH]c2O1,199.0
O=[N+]([O-])c1ccc2c(c1)-c1cccc([N+](=O)[O-])c1C2,c1ccc2c(c1)Cc1ccccc1-2,286.0
CCCCCCCC(=O)Oc1ccc(N=Nc2ccc(CCCC)cc2)cc1,c1ccc(N=Nc2ccccc2)cc1,64.0
CCCCc1ccc(N=Nc2ccc(OC(=O)CC)cc2)cc1,c1ccc(N=Nc2ccccc2)cc1,86.0
CCCCCOc1ccc(N=Nc2ccc(CCCC)cc2)cc1,c1ccc(N=Nc2ccccc2)cc1,42.0
CCCCc1ccc(N=Nc2ccc(OCCC)cc2)cc1,c1ccc(N=Nc2ccccc2)cc1,67.0
CCCCCCCCCCc1ccc(NC(=O)c2ccc(C)cc2)cc1,O=C(Nc1ccccc1)c1ccccc1,114.0
CCCCCCCCc1ccc(C(=O)Oc2ccc(OC)cc2)cc1,O=C(Oc1ccccc1)c1ccccc1,175.0
CCCCCCCCc1ccc(NC(=O)Oc2ccc(OC)cc2)cc1,O=C(Nc1ccccc1)Oc1ccccc1,133.0
CCCCCCCCOc1ccc(NC(=O)c2ccc(OC)cc2)cc1,O=C(Nc1ccccc1)c1ccccc1,153.0
CCCCCCCCOc1ccc(NC(=O)c2ccc(CC)cc2)cc1,O=C(Nc1ccccc1)c1ccccc1,143.0
CCCCCCCCc1ccc(NC(=O)c2ccc(OC)cc2)cc1,O=C(Nc1ccccc1)c1ccccc1,132.0
CCCCCCCCOc1ccc(NC(=O)c2ccc(C)cc2)cc1,O=C(Nc1ccccc1)c1ccccc1,141.0
CCCCCCCCc1ccc(NC(=O)c2ccc(C)cc2)cc1,O=C(Nc1ccccc1)c1ccccc1,113.0
CCCCCCCCc1ccc(NC(=O)c2ccc(CC)cc2)cc1,O=C(Nc1ccccc1)c1ccccc1,109.0
CCCCCCCc1ccc(NC(=O)c2ccc(CC)cc2)cc1,O=C(Nc1ccccc1)c1ccccc1,102.0
CCCCCc1ccc(NC(=O)c2ccc(C)cc2)cc1,O=C(Nc1ccccc1)c1ccccc1,129.0
CCCCc1ccc(NC(=O)c2ccc(CC)cc2)cc1,O=C(Nc1ccccc1)c1ccccc1,117.0
CCCCc1ccc(NC(=O)Oc2ccc(OC)cc2)cc1,O=C(Nc1ccccc1)Oc1ccccc1,143.0
c1ccc(Cc2ccc3c4ccccc4c4ccccc4c3c2Cc2ccccc2)cc1,c1ccc(Cc2ccc3c4ccccc4c4ccccc4c3c2Cc2ccccc2)cc1,178.0
c1ccc(-c2ccc3c4c(c5c(c3c2)CCCC5)CCCC4)cc1,c1ccc(-c2ccc3c4c(c5c(c3c2)CCCC5)CCCC4)cc1,136.0
Cc1ccc2c3c(c4c(c2c1)CCCC4)CCCC3,c1ccc2c3c(c4c(c2c1)CCCC4)CCCC3,93.0
O=C(Oc1ccc(Cl)cc1)c1c(Cl)c(Cl)c(C(=O)Oc2ccc(Cl)cc2)c(Cl)c1Cl,O=C(Oc1ccccc1)c1ccc(C(=O)Oc2ccccc2)cc1,244.0
O=C(Oc1ccc(Cl)cc1)c1ccc(Oc2ccc(C(=O)Oc3ccc(Cl)cc3)cc2)cc1,O=C(Oc1ccccc1)c1ccc(Oc2ccc(C(=O)Oc3ccccc3)cc2)cc1,149.0
O=C(Oc1cc(Cl)cc(Cl)c1)c1ccc(C(=O)Oc2cc(Cl)cc(Cl)c2)cc1,O=C(Oc1ccccc1)c1ccc(C(=O)Oc2ccccc2)cc1,230.0
O=C(Oc1ccc(Cl)cc1Cl)c1ccc(C(=O)Oc2ccc(Cl)cc2Cl)cc1,O=C(Oc1ccccc1)c1ccc(C(=O)Oc2ccccc2)cc1,217.0
Cc1ccc(Br)c(C)c1[N+](=O)[O-],c1ccccc1,70.0
CC(=O)c1ccc(-c2cccc([N+](=O)[O-])c2)cc1,c1ccc(-c2ccccc2)cc1,108.0
O=C(O)c1ccc(-c2cccc([N+](=O)[O-])c2)cc1,c1ccc(-c2ccccc2)cc1,314.0
COC(=O)c1ccc(-c2cccc([N+](=O)[O-])c2)cc1,c1ccc(-c2ccccc2)cc1,143.0
O=C(O)c1ccc(SSc2ccc(C(=O)O)cc2[N+](=O)[O-])c([N+](=O)[O-])c1,c1ccc(SSc2ccccc2)cc1,308.0
C1=NN=C2CSCC12,C1=NN=C2CSCC12,133.0
O=C(O)C1(C2=CCCCC2)CCCCC1,C1=C(C2CCCCC2)CCCC1,79.0
Cc1ccc2c(c1)OC(C)(c1ccc(C)cc1OC(=O)c1ccccc1)CC2(C)C,O=C(Oc1ccccc1C1CCc2ccccc2O1)c1ccccc1,149.0
CC(=O)Oc1cc(C)ccc1C1(C)CC(C)(C)c2ccc(C)cc2O1,c1ccc(C2CCc3ccccc3O2)cc1,102.0
CC1(C)C(C=Cc2cc(Br)cc([N+](=O)[O-])c2O)=[N+](Cc2ccccc2)c2ccccc21,C(=Cc1ccccc1)C1=[N+](Cc2ccccc2)c2ccccc2C1,208.0
CC1(C)C(C=Cc2cc([N+](=O)[O-])cc([N+](=O)[O-])c2O)=[N+](Cc2ccccc2)c2ccccc21,C(=Cc1ccccc1)C1=[N+](Cc2ccccc2)c2ccccc2C1,245.0
CC1(C)c2ccccc2N(Cc2ccccc2)C12C=Cc1cc([N+](=O)[O-])ccc1O2,C1=CC2(Cc3ccccc3N2Cc2ccccc2)Oc2ccccc21,159.0
CCCCCCCCCCCC[N+]1=C(C=Cc2cc([N+](=O)[O-])cc([N+](=O)[O-])c2O)C(C)(C)c2ccccc21,C(=Cc1ccccc1)C1=[NH+]c2ccccc2C1,138.0
CCCCCCCCCCCCN1c2ccccc2C(C)(C)C12C=Cc1cc([N+](=O)[O-])ccc1O2,C1=CC2(Cc3ccccc3N2)Oc2ccccc21,109.0
CCCCCCCCCCCCCCCCCCN1c2ccccc2C(C)(C)C12C=Cc1cc([N+](=O)[O-])ccc1O2,C1=CC2(Cc3ccccc3N2)Oc2ccccc21,81.0
COc1ccc(C(O)(c2cc(OC)c(OC)c(OC)c2)c2ccc(OC)cc2OC)c(OC)c1,c1ccc(C(c2ccccc2)c2ccccc2)cc1,109.0
CCCCc1c(C)nc(N)nc1Cl,c1cncnc1,162.0
CCCCCCCCCCCCC(Oc1ccc([N+](=O)[O-])cc1)C(=O)NN,c1ccccc1,127.0
CCc1nnc2cc(-c3ccccc3)[nH]n12,c1ccc(-c2cc3nncn3[nH]2)cc1,189.0
COc1cc(-c2nnc3n2N=C(C(C)C)CS3)cc(OC)c1OC,C1=Nn2c(nnc2-c2ccccc2)SC1,157.0
Cc1nn2c(C)nnc2s1,c1nn2cnnc2s1,93.0
CC1=Cc2ccccc2C1O,C1=Cc2ccccc2C1,87.0
O=[N+]([O-])c1ccc(NN=C2c3ccccc3C2Cl)c([N+](=O)[O-])c1,c1ccc(NN=C2Cc3ccccc32)cc1,228.0
CCOC(=O)C1=C(C(=O)OCC)C(C)N=N1,C1=CN=NC1,99.0
COc1ccc(C2(C)C=C(C)N=N2)cc1,C1=CC(c2ccccc2)N=N1,70.0
CCOC(=O)c1cc(C)nn1C(=O)OCC,c1cn[nH]c1,81.0
Cc1[nH]nc(-c2ccccc2)c1C,c1ccc(-c2cc[nH]n2)cc1,104.0
COC(=O)c1c(C)nn(C(=O)OC)c1C,c1cn[nH]c1,90.0
COC(=O)c1cc(C)nn1C(=O)OC,c1cn[nH]c1,111.0
COC(=O)n1nc(C)cc1C,c1cn[nH]c1,52.0
Cc1c2c(c(CCl)c3c1CC3)CC2,c1c2c(cc3c1CC3)CC2,73.0
Cc1c(CCl)c(C)c2c(c1CCl)CC2,c1ccc2c(c1)CC2,92.0
CC(C)=C1CC(=C(C)C)C1=O,C=C1CC(=C)C1=O,87.0
COC(=O)C1Cc2c3c(c4c(c2CC1C(=O)OC)CC(C(=O)OC)C(C(=O)OC)C4)CC(C(=O)OC)C(C(=O)OC)C3,C1CCc2c(c3c(c4c2CCCC4)CCCC3)C1,262.0
Cc1c(C)c(CBr)c(CBr)c(CBr)c1CBr,c1ccccc1,205.0
Cc1cc2ccccc2cc1CC(F)(F)F,c1ccc2ccccc2c1,75.0
BrCc1c(CBr)c(CBr)c2ccccc2c1CBr,c1ccc2ccccc2c1,197.0
c1cc2c3c(ccc2c2c1CC2)CC3,c1cc2c3c(ccc2c2c1CC2)CC3,163.0
Cc1cc2ccccc2cc1CCl,c1ccc2ccccc2c1,65.0
O=C1c2ccccc2C1Cl,O=C1Cc2ccccc21,67.0
COC(=O)n1ccc(C)n1,c1cn[nH]c1,33.0
Cc1n[nH]c(C)c1C(C)(C)C,c1cn[nH]c1,104.0
Cc1cc2ccccc2cc1COC(=O)C(F)(F)F,c1ccc2ccccc2c1,92.0
Cc1ccc2c(CCl)c(C)ccc2c1CCl,c1ccc2ccccc2c1,228.0
COc1cc(C)c(C(O)C#N)cc1OC,c1ccccc1,80.0
COC(=O)c1c(C)n[nH]c1C,c1cn[nH]c1,83.0
COC(=O)c1cc(C)[nH]n1,c1cn[nH]c1,82.0
CC1=C(c2ccccc2)Cc2ccccc21,C1=C(c2ccccc2)Cc2ccccc21,75.0
COC(=O)C1=Cc2ccccc2C1C,C1=Cc2ccccc2C1,32.0
Cc1ccccc1C1C=C(c2ccccc2)N=N1,C1=C(c2ccccc2)N=NC1c1ccccc1,108.0
CC1C(c2ccccc2)=Cc2ccccc21,C1=C(c2ccccc2)Cc2ccccc21,58.0
COC(=O)C1CC(c2ccccc2)c2ccccc21,c1ccc(C2CCc3ccccc32)cc1,91.0
N#CC1=Cc2ccccc2C1,C1=Cc2ccccc2C1,40.0
CC1=C(C#N)c2ccccc2C1,C1=Cc2ccccc2C1,70.0
CC1=C(C#N)Cc2ccccc21,C1=Cc2ccccc2C1,63.0
COC(=O)C1CC(=O)c2ccccc21,O=C1CCc2ccccc21,45.0
COC(=O)C1=C(C)c2ccccc2C1,C1=Cc2ccccc2C1,66.0
N#CC1(c2ccccc2)C=Cc2ccccc21,C1=CC(c2ccccc2)c2ccccc21,77.0
N#CC1(C#N)C=C(c2ccccc2)c2ccccc21,C1=C(c2ccccc2)c2ccccc2C1,135.0
COC(=O)C1(C(=O)OC)C=C(OC)c2ccccc21,C1=Cc2ccccc2C1,114.0
CC1=CC(C(=O)O)c2ccccc21,C1=Cc2ccccc2C1,139.0
CC1=CC(O)c2ccccc21,C1=Cc2ccccc2C1,69.0
COC1=CC(c2ccccc2)c2ccccc21,C1=CC(c2ccccc2)c2ccccc21,68.0
CC1c2ccccc2C(=O)C1c1ccccc1,O=C1c2ccccc2CC1c1ccccc1,85.0
O=C(CC1(O)Cc2ccccc21)c1ccccc1,O=C(CC1Cc2ccccc21)c1ccccc1,83.0
CC(=O)OC1=CC(c2ccccc2)c2ccccc21,C1=CC(c2ccccc2)c2ccccc21,56.0
ClC1=CC(c2ccccc2)c2ccccc21,C1=CC(c2ccccc2)c2ccccc21,81.0
O=C1OC(c2ccccc2)(c2ccccc2)C=C1O,O=C1C=CC(c2ccccc2)(c2ccccc2)O1,127.0
CC1=CC(O)(c2ccccc2)c2ccccc21,C1=CC(c2ccccc2)c2ccccc21,76.0
N#CC1(c2ccccc2)Cc2ccccc2C(=O)O1,O=C1OC(c2ccccc2)Cc2ccccc21,141.0
O=C(Nc1ccccc1)C1Cc2ccccc21,O=C(Nc1ccccc1)C1Cc2ccccc21,161.0
ClC1Cc2cc3c(cc21)OCO3,c1c2c(cc3c1OCO3)CC2,55.0
O=C(NC1Cc2ccccc21)c1ccccc1,O=C(NC1Cc2ccccc21)c1ccccc1,157.0
CC(=O)NC1Cc2ccccc21,c1ccc2c(c1)CC2,123.0
COc1ccc2c(c1)C(C(=O)O)C2,c1ccc2c(c1)CC2,93.0
c1c2c(cc3c1OCO3)CC2,c1c2c(cc3c1OCO3)CC2,62.0
COc1ccc2c(c1C)CC2C#N,c1ccc2c(c1)CC2,80.0
COc1c(C)c(C)c(OC)c2c1CC2Cl,c1ccc2c(c1)CC2,113.0
O=C(Nc1ccccc1)N(C(=O)C1Cc2ccccc21)c1ccccc1,O=C(Nc1ccccc1)N(C(=O)C1Cc2ccccc21)c1ccccc1,158.0
COc1cc2c(cc1C)C(Cl)C2,c1ccc2c(c1)CC2,41.0
ClC1(c2ccccc2)Cc2ccccc21,c1ccc(C2Cc3ccccc32)cc1,60.0
Cc1cc2c(c(C)c1C)CC2,c1ccc2c(c1)CC2,38.0
COc1cc2c(cc1OC)CC2,c1ccc2c(c1)CC2,91.0
COc1cc2c(cc1C(C)C)C(C(=O)O)C2,c1ccc2c(c1)CC2,86.0
COc1cc2c(cc1C)C(C#N)C2,c1ccc2c(c1)CC2,67.0
COc1cc2c(cc1C)C(C(=O)O)C2,c1ccc2c(c1)CC2,138.0
O=C(O)C1Cc2cc3c(cc21)OCO3,c1c2c(cc3c1OCO3)CC2,150.0
Cc1ccc(Br)c(O)c1C(=O)O,c1ccccc1,57.0
COc1cc(CC(=O)O)ccc1Br,c1ccccc1,104.0
COc1c(Br)ccc(C)c1C(=O)O,c1ccccc1,125.0
COc1ccc(Br)c(C)c1C(=O)O,c1ccccc1,163.0
C=CCc1ccccc1C(=O)O,c1ccccc1,84.0
O=C(OCc1ccc([N+](=O)[O-])cc1[N+](=O)[O-])c1ccccc1,O=C(OCc1ccccc1)c1ccccc1,139.0
O=C(OCc1c([N+](=O)[O-])cccc1[N+](=O)[O-])OCc1c([N+](=O)[O-])cccc1[N+](=O)[O-],O=C(OCc1ccccc1)OCc1ccccc1,203.0
O=C(Cc1ccccc1)OCc1c([N+](=O)[O-])cccc1[N+](=O)[O-],O=C(Cc1ccccc1)OCc1ccccc1,90.0
O=C(NC(Cc1ccccc1)C(=O)O)OCc1ccccc1[N+](=O)[O-],O=C(NCCc1ccccc1)OCc1ccccc1,141.0
O=C(Cc1ccccc1)OCc1ccccc1[N+](=O)[O-],O=C(Cc1ccccc1)OCc1ccccc1,54.0
O=C(Nc1ccccc1)OCc1c([N+](=O)[O-])cccc1[N+](=O)[O-],O=C(Nc1ccccc1)OCc1ccccc1,138.0
O=[N+]([O-])c1cc([N+](=O)[O-])c(CBr)c([N+](=O)[O-])c1,c1ccccc1,66.0
O=C1OC(=O)C2=C1Cc1cc3c(cc1C2)CC3,O=C1OC(=O)C2=C1Cc1cc3c(cc1C2)CC3,254.0
Cc1cccc2c1-c1nc3ccccc3nc1-2,c1ccc2c(c1)-c1nc3ccccc3nc1-2,135.0
Cc1ccc(C)c2c1-c1nc3ccccc3nc1-2,c1ccc2c(c1)-c1nc3ccccc3nc1-2,195.0
c1ccc2c(c1)-c1nc3ccccc3nc1-2,c1ccc2c(c1)-c1nc3ccccc3nc1-2,203.0
Cc1cc2ccccc2c(-c2ccccc2)n1,c1ccc(-c2nccc3ccccc23)cc1,87.0
FC(F)(F)c1cc2ccccc2cn1,c1ccc2cnccc2c1,31.0
c1ccc(Cc2cc3ccccc3cn2)cc1,c1ccc(Cc2cc3ccccc3cn2)cc1,64.0
COc1ccc2cnc(C)cc2c1,c1ccc2cnccc2c1,115.0
COc1ccc(-c2cc3ccccc3cn2)cc1,c1ccc(-c2cc3ccccc3cn2)cc1,99.0
Cc1ccccc1C(=O)Cc1ccccc1C(=O)O,O=C(Cc1ccccc1)c1ccccc1,138.0
Cc1c(C)c(C)c2c(c1C)C(=O)CC2C(=O)O,O=C1CCc2ccccc21,214.0
O=C1C(=O)c2ccccc2CCc2ccccc21,O=C1C(=O)c2ccccc2CCc2ccccc21,132.0
c1ccc2c(c1)CCc1ccccc1C1(OCCO1)C21OCCO1,c1ccc2c(c1)CCc1ccccc1C1(OCCO1)C21OCCO1,111.0
Cc1ccccc1C1=Cc2ccccc2C2(OCCO2)O1,C1=C(c2ccccc2)OC2(OCCO2)c2ccccc21,75.0
O=C1NC2=Cc3ccccc3C2(O)Cc2ccccc21,O=C1NC2=Cc3ccccc3C2Cc2ccccc21,209.0
O=C1OC2(Cc3ccccc31)Cc1ccccc12,O=C1OC2(Cc3ccccc31)Cc1ccccc12,88.0
c1ccc2c(c1)CC1(OCCO1)c1ccccc1CC21OCCO1,c1ccc2c(c1)CC1(OCCO1)c1ccccc1CC21OCCO1,144.0
O=C1OC(=O)C23Cc4ccccc4CC12Cc1ccccc1C3,O=C1OC(=O)C23Cc4ccccc4CC12Cc1ccccc1C3,269.0
O=C1OC(=O)C23Cc4ccccc4CC12Cc1cc2c(cc1C3)CC2,O=C1OC(=O)C23Cc4ccccc4CC12Cc1cc2c(cc1C3)CC2,250.0
COC(=O)c1cc2cc3cc(C(=O)OC)c(C(=O)OC)cc3cc2cc1C(=O)OC,c1ccc2cc3ccccc3cc2c1,220.0
O=C1c2ccccc2C(=O)C2CC3=C(CC=CC3)CC12,O=C1c2ccccc2C(=O)C2CC3=C(CC=CC3)CC12,155.0
COC(=O)c1cc2cc3c(cc2cc1C(=O)OC)CC3,c1ccc2cc3c(cc2c1)CC3,124.0
O=C1OC(=O)C2=C1CC1=C(CC=CC1)C2,O=C1OC(=O)C2=C1CC1=C(CC=CC1)C2,204.0
COC(=O)C1=C(C(=O)OC)Cc2cc3c(cc2C1)CC(C(=O)OC)=C(C(=O)OC)C3,C1=CCc2cc3c(cc2C1)CC=CC3,209.0
COC(=O)C1=C(C(=O)OC)Cc2cc3c(cc2C1)CC3,C1=CCc2cc3c(cc2C1)CC3,133.0
Cc1c(C)c(C)c2c(c1C)CC2,c1ccc2c(c1)CC2,139.0
Cc1cc(OC(=O)C(F)(F)F)c(C)cc1OC(=O)C(F)(F)F,c1ccccc1,89.0
CC1(O)Cc2cccc(Cl)c21,c1ccc2c(c1)CC2,94.0
CC1(O)Cc2ccccc21,c1ccc2c(c1)CC2,78.0
CC1=CC(c2ccccc2)OC(C)=C1,C1=COC(c2ccccc2)C=C1,171.0
OC1OC2(CCCCC2)Cc2ccccc21,c1ccc2c(c1)COC1(CCCCC1)C2,89.0
CN(NC=O)c1ccccc1,c1ccccc1,47.0
CC1=C(C)C(O)OC1=O,O=C1C=CCO1,82.0
COc1c(Br)c(C)c(Br)c(Br)c1OC,c1ccccc1,90.0
Cc1c(C)c(C)c2c(c1C)CCC2=O,O=C1CCc2ccccc21,154.0
N#CC1(OC(=O)c2ccccc2)Cc2ccccc21,O=C(OC1Cc2ccccc21)c1ccccc1,112.0
Cc1ccccc1C(=O)Cc1ccccc1C(=O)N(C)c1ccccc1,O=C(Cc1ccccc1C(=O)Nc1ccccc1)c1ccccc1,119.0
COC(=O)C1c2ccccc2C(=O)OC1c1ccc([N+](=O)[O-])cc1,O=C1OC(c2ccccc2)Cc2ccccc21,134.0
CCN(CC)C(=O)c1ccccc1CC(=O)c1ccccc1C,O=C(Cc1ccccc1)c1ccccc1,47.0
CC(C)(C)OC(=O)C(C(=O)Cc1ccccc1)c1ccccc1,O=C(Cc1ccccc1)Cc1ccccc1,83.0
CC1=CC(c2c(C)cc(C)cc2C)N=N1,C1=CC(c2ccccc2)N=N1,129.0
CC(=O)OC1(C)Cc2c(C)c(C)c(C)c(C)c21,c1ccc2c(c1)CC2,70.0
CC(=O)c1c(-c2ccccc2)cc2ccccc2c1O,c1ccc(-c2ccc3ccccc3c2)cc1,55.0
CC(=O)Oc1cc(-c2ccccc2)cc2ccccc12,c1ccc(-c2ccc3ccccc3c2)cc1,60.0
CC(=O)CC(=O)c1c(C)c(C)c(C)c(C)c1C,c1ccccc1,74.0
CCCCc1cc2ccccc2c(O)c1C(C)=O,c1ccc2ccccc2c1,62.0
OC1OC(C2CCCCC2)Cc2ccccc21,c1ccc2c(c1)COC(C1CCCCC1)C2,89.0
COc1ccc(C2Cc3ccccc3C(O)O2)cc1,c1ccc(C2Cc3ccccc3CO2)cc1,114.0
Oc1ccc(C2=Cc3ccccc3C(c3ccccc3)O2)cc1,C1=C(c2ccccc2)OC(c2ccccc2)c2ccccc21,121.0
COc1ccc(C2Cc3ccccc3C(C)(O)O2)cc1,c1ccc(C2Cc3ccccc3CO2)cc1,102.0
CC(=O)C(CC(=O)c1ccccc1)C(=O)c1ccccc1,O=C(CCC(=O)c1ccccc1)c1ccccc1,90.0
CC(=O)OC(CCC(=O)c1ccccc1)c1ccccc1,O=C(CCCc1ccccc1)c1ccccc1,73.0
NC(=O)C1=C(CCc2ccccc2)CCCC1,C1=C(CCc2ccccc2)CCCC1,113.0
O=C(CC(C(=O)c1ccccc1)C(CC(=O)c1ccccc1)C(=O)c1ccccc1)c1ccccc1,O=C(CC(C(=O)c1ccccc1)C(CC(=O)c1ccccc1)C(=O)c1ccccc1)c1ccccc1,169.0
Cc1cc(C)c(C[S+]([O-])Cc2c(C)cc(C)cc2C)c(C)c1,c1ccc(C[SH+]Cc2ccccc2)cc1,210.0
Cc1cc(C)c(CSCc2c(C)cc(C)cc2C)c(C)c1,c1ccc(CSCc2ccccc2)cc1,146.0
CN(C)C(=S)Sc1ccc2ccccc2c1,c1ccc2ccccc2c1,114.0
Cc1ccccc1C=C1C(=O)OC(C)(C)OC1=O,O=C1OCOC(=O)C1=Cc1ccccc1,142.0
COC(=O)C1=C(C(=O)OC)CC2=C(CC3=C(C2)CC(C(=O)OC)=C(C(=O)OC)C3)C1,C1=CCC2=C(C1)CC1=C(CC=CC1)C2,261.0
O=C1OC(OC(=O)C(F)(F)F)c2ccccc21,O=C1OCc2ccccc21,58.0
O=C1OC(Sc2ccccc2)c2ccccc21,O=C1OC(Sc2ccccc2)c2ccccc21,103.0
O=C(OC1OC(=O)c2ccccc21)c1ccccc1,O=C(OC1OC(=O)c2ccccc21)c1ccccc1,128.0
O=COC1OC(=O)c2ccccc21,O=C1OCc2ccccc21,82.0
O=c1c(=O)c2cc(Cl)c(Cl)cc12,O=c1c(=O)c2ccccc12,183.0
CCOc1cccc2c(=O)c(=O)c12,O=c1c(=O)c2ccccc12,128.0
COc1cc(OC)c2c(=O)c(=O)c2c1,O=c1c(=O)c2ccccc12,149.0
COc1cccc2c(=O)c(=O)c12,O=c1c(=O)c2ccccc12,119.0
Cc1ccc(C)c2c(=O)c(=O)c12,O=c1c(=O)c2ccccc12,133.0
CC1=CC=CC2Cc3ccccc3C(=O)N12,O=C1c2ccccc2CC2C=CC=CN12,98.0
Cc1cccc2cc3ccccc3c(=O)n12,O=c1c2ccccc2cc2ccccn12,78.0
O=C1c2ccccc2CC2c3ccccc3C=CN12,O=C1c2ccccc2CC2c3ccccc3C=CN12,128.0
O=c1c2ccccc2cc2c3ccccc3ccn12,O=c1c2ccccc2cc2c3ccccc3ccn12,147.0
O=C1c2ccccc2CC2CCc3ccccc3N12,O=C1c2ccccc2CC2CCc3ccccc3N12,130.0
O=C1c2ccccc2CC2C=Cc3ccccc3N12,O=C1c2ccccc2CC2C=Cc3ccccc3N12,91.0
O=c1c2ccccc2cc2ccc3ccccc3n12,O=c1c2ccccc2cc2ccc3ccccc3n12,125.0
Cc1cc(C)c2c(=O)n3ccccc3cc2c1,O=c1c2ccccc2cc2ccccn12,114.0
COc1ccc2c(=O)n3c(cc2c1)CCCC3,O=c1c2ccccc2cc2n1CCCC2,80.0
COc1ccc2c(=O)n3ccccc3cc2c1,O=c1c2ccccc2cc2ccccn12,130.0
O=C1c2ccccc2CC2C=CC=CN12,O=C1c2ccccc2CC2C=CC=CN12,93.0
O=C1c2ccccc2CC2CCCCN12,O=C1c2ccccc2CC2CCCCN12,97.0
Cc1c(C)c(C)c2c(=O)n3ccccc3cc2c1C,O=c1c2ccccc2cc2ccccn12,221.0
CC1=CC=CC2(C)Cc3ccccc3C(=O)N12,O=C1c2ccccc2CC2C=CC=CN12,177.0
Cc1c(C)c(C)c2c(c1C)CC1C=CC=CN1C2=O,O=C1c2ccccc2CC2C=CC=CN12,139.0
Cc1cc(C)c2c(c1)CC1CCCCN1C2=O,O=C1c2ccccc2CC2CCCCN12,102.0
Cc1cc(C)c2c(=O)n3c(cc2c1)CCCC3,O=c1c2ccccc2cc2n1CCCC2,62.0
Cc1cc(C)c2c(c1)Cc1cccc[n+]1C2=O,O=C1c2ccccc2Cc2cccc[n+]21,87.0
O=c1c2ccccc2cc2n1CCc1ccccc1-2,O=c1c2ccccc2cc2n1CCc1ccccc1-2,101.0
O=C1c2ccccc2CC2c3ccccc3CCN12,O=C1c2ccccc2CC2c3ccccc3CCN12,173.0
O=C1CCN2C(=O)c3ccccc3CC2C1,O=C1CCN2C(=O)c3ccccc3CC2C1,126.0
CC1C=Cn2c(cc3ccccc3c2=O)C1,O=c1c2ccccc2cc2n1C=CCC2,89.0
Cc1ccn2c(=O)c3ccccc3cc2c1,O=c1c2ccccc2cc2ccccn12,124.0
COC(=O)c1c2c(c(C)c3c1C(C)C3=O)C(=O)C2,O=C1Cc2cc3c(cc21)C(=O)C3,150.0
O=C1Cc2cccc(Br)c21,O=C1Cc2ccccc21,82.0
O=C1Cc2cccc(Cl)c21,O=C1Cc2ccccc21,71.0
O=C1Cc2cccc(F)c21,O=C1Cc2ccccc21,41.0
COC(=O)c1c2c(c(C)c3c1CC3=O)C(=O)C2,O=C1Cc2cc3c(cc21)C(=O)C3,168.0
COC(=O)c1c(C)c2c(c(C(=O)OC)c1C)CC2=O,O=C1Cc2ccccc21,117.0
Cc1c(C)c2c(c3c1CC3=O)CC2=O,O=C1Cc2c1ccc1c2C(=O)C1,161.0
Cc1c2c(c(C)c3c1CC3=O)C(=O)C2,O=C1Cc2cc3c(cc21)C(=O)C3,188.0
Cc1c(C)c2c(c3c1C(=O)C3)CC2=O,O=C1Cc2c1ccc1c2CC1=O,207.0
Cc1c2c(c(C)c3c1C(=O)C3)C(=O)C2,O=C1Cc2cc3c(cc21)CC3=O,238.0
O=C1Cc2cc3c(cc21)CC3=O,O=C1Cc2cc3c(cc21)CC3=O,237.0
O=C1Cc2cc3c(cc21)C(=O)C3,O=C1Cc2cc3c(cc21)C(=O)C3,207.0
Cc1c(C)c([N+](=O)[O-])c(C)c2c1C(=O)C2,O=C1Cc2ccccc21,164.0
O=C1Cc2c1cccc2[N+](=O)[O-],O=C1Cc2ccccc21,116.0
O=C1Cc2cc([N+](=O)[O-])ccc21,O=C1Cc2ccccc21,76.0
COc1cc2c(cc1OC)C(=O)C2,O=C1Cc2ccccc21,141.0
COc1cc2c(cc1C(C)C)C(=O)C2,O=C1Cc2ccccc21,43.0
COc1c(C)c(C)c(OC)c2c1CC2=O,O=C1Cc2ccccc21,109.0
COc1ccc(OC)c2c1CC2=O,O=C1Cc2ccccc21,105.0
COc1c(Br)ccc2c1C(=O)C2,O=C1Cc2ccccc21,118.0
COc1ccc(Br)c2c1C(=O)C2,O=C1Cc2ccccc21,74.0
COc1cc(C)cc2c1C(=O)C2,O=C1Cc2ccccc21,93.0
COc1c(C)cc2c(c1C)CC2=O,O=C1Cc2ccccc21,51.0
COc1cc(C)c2c(c1)CC2=O,O=C1Cc2ccccc21,83.0
COc1ccc2c(c1)C(=O)C2,O=C1Cc2ccccc21,55.0
COc1cc2c(cc1C)C(=O)C2,O=C1Cc2ccccc21,88.0
O=C1Cc2cc3c(cc21)OCO3,O=C1Cc2cc3c(cc21)OCO3,126.0
COc1ccc2c(c1)CC2=O,O=C1Cc2ccccc21,52.0
COc1cccc2c1C(=O)C2,O=C1Cc2ccccc21,35.0
O=C1Cc2c1ccc1ccccc21,O=C1Cc2c1ccc1ccccc21,72.0
O=C1Cc2ccc3ccccc3c21,O=C1Cc2ccc3ccccc3c21,97.0
Cc1cc(C)c2c(c1C)C(=O)C2,O=C1Cc2ccccc21,73.0
Cc1cc2c(c(C)c1C)CC2=O,O=C1Cc2ccccc21,86.0
Cc1cc2c(c(C)c1C)C(=O)C2,O=C1Cc2ccccc21,103.0
Cc1ccc2c(c1)C(=O)C2,O=C1Cc2ccccc21,46.0
Cc1ccc2c(c1)CC2=O,O=C1Cc2ccccc21,53.0
Cc1cccc2c1CC2=O,O=C1Cc2ccccc21,56.0
Cc1cc(C)c2c(c1C)CC2=O,O=C1Cc2ccccc21,98.0
CCC1(O)CCC(c2ccccc2)c2ccccc21,c1ccc(C2CCCc3ccccc32)cc1,112.0
C1=CCC(c2ccccc2)(c2ccccc2)C=C1,C1=CCC(c2ccccc2)(c2ccccc2)C=C1,57.0
O=C1CCCC2Cc3ccccc3C(=O)C12,O=C1CCCC2Cc3ccccc3C(=O)C12,79.0
COC(=O)C1Cc2ccccc2C(=O)C1C(=O)OC,O=C1CCCc2ccccc21,88.0
COC(=O)c1cc2ccccc2c(OC(=O)c2ccccc2C)c1C(=O)OC,O=C(Oc1cccc2ccccc12)c1ccccc1,139.0
COC(=O)c1cc2ccccc2c(O)c1C(=O)OC,c1ccc2ccccc2c1,105.0
CC(=O)C1C(=O)c2ccccc2CC1c1ccccc1,O=C1CC(c2ccccc2)Cc2ccccc21,67.0
COC(=O)C1(C(=O)OC)Cc2c(C)c(C)c(C)c(C)c2C(=O)O1,O=C1OCCc2ccccc21,166.0
COC(=O)C1(C(=O)OC)Cc2ccc(C)cc2C(=O)O1,O=C1OCCc2ccccc21,120.0
COC(=O)C1(C(=O)OC)Cc2cc(OC)ccc2C(=O)O1,O=C1OCCc2ccccc21,134.0
COC(=O)C1(C(=O)OC)Cc2cccc(OC)c2C(=O)O1,O=C1OCCc2ccccc21,89.0
COC(=O)C1(C(=O)OC)Cc2ccc(OC)cc2C(=O)O1,O=C1OCCc2ccccc21,142.0
COC(=O)C1(C(=O)OC)Cc2c(C)cccc2C(=O)O1,O=C1OCCc2ccccc21,100.0
COC(=O)C1(C(=O)OC)Cc2cc(C)ccc2C(=O)O1,O=C1OCCc2ccccc21,135.0
COC(=O)C1(C(=O)OC)Cc2ccccc2C(=O)O1,O=C1OCCc2ccccc21,113.0
Cc1c(C)c(C)c2c(c1C)CC1(OC2=O)C(=O)c2ccccc2C1=O,O=C1OC2(Cc3ccccc31)C(=O)c1ccccc1C2=O,257.0
O=C1OC2(Cc3ccccc31)C(=O)c1ccccc1C2=O,O=C1OC2(Cc3ccccc31)C(=O)c1ccccc1C2=O,205.0
Cc1ccccc1C1(C#N)Cc2ccccc2C(=O)O1,O=C1OC(c2ccccc2)Cc2ccccc21,122.0
COC(=O)C1Cc2ccccc2C(=O)O1,O=C1OCCc2ccccc21,90.0
CC(=O)C1(C)Cc2ccccc2C(=O)O1,O=C1OCCc2ccccc21,105.0
O=C1OC(C(Cl)(Cl)Cl)Cc2ccccc21,O=C1OCCc2ccccc21,119.0
COc1ccc2c(c1)CC(c1ccc([N+](=O)[O-])cc1)OC2=O,O=C1OC(c2ccccc2)Cc2ccccc21,176.0
O=C1OC(C2CCCCC2)Cc2ccccc21,O=C1OC(C2CCCCC2)Cc2ccccc21,73.0
COc1ccc(C2Cc3ccccc3C(=O)O2)cc1,O=C1OC(c2ccccc2)Cc2ccccc21,108.0
O=C1OC(c2ccccn2)Cc2ccccc21,O=C1OC(c2ccccn2)Cc2ccccc21,156.0
O=C1OC(c2ccc([N+](=O)[O-])cc2)Cc2ccccc21,O=C1OC(c2ccccc2)Cc2ccccc21,184.0
O=C(Cc1ccccc1)OC1Cc2ccccc21,O=C(Cc1ccccc1)OC1Cc2ccccc21,42.0
COc1ccc(C(=O)OC2Cc3ccccc32)cc1,O=C(OC1Cc2ccccc21)c1ccccc1,124.0
O=Nc1ccc(C(=O)OC2Cc3ccccc32)cc1,O=C(OC1Cc2ccccc21)c1ccccc1,119.0
C=CCOC1(C#Cc2ccccc2)Cc2ccccc21,C(#CC1Cc2ccccc21)c1ccccc1,50.0
CC(=O)OC1(c2ccccc2)Cc2ccccc21,c1ccc(C2Cc3ccccc32)cc1,76.0
OC1(C#Cc2ccccc2)Cc2ccccc21,C(#CC1Cc2ccccc21)c1ccccc1,99.0
CCC1(O)c2ccccc2C1C,c1ccc2c(c1)CC2,52.0
OC12CCCC1c1ccccc12,c1ccc2c(c1)C1CCCC21,66.0
OC12CCCCC1c1ccccc12,c1ccc2c(c1)C1CCCCC21,112.0
OC12CCCCCC1c1ccccc12,c1ccc2c(c1)C1CCCCCC21,100.0
Cc1cc(C)c2c(c1)CC2(C)O,c1ccc2c(c1)CC2,58.0
OC1(c2ccccc2)Cc2ccccc21,c1ccc(C2Cc3ccccc32)cc1,68.0
Cc1c(C)c(C)c2c(c1C)CC2(C)O,c1ccc2c(c1)CC2,90.0
OC1Cc2cccc(F)c21,c1ccc2c(c1)CC2,56.0
COc1ccc2c(c1)CC2O,c1ccc2c(c1)CC2,38.0
CC(=O)NC1CCCCC(NC(C)=O)CCCC1,C1CCCCCCCCC1,256.0
Cc1cc(C)c(OC(=O)C(F)(F)F)cc1OC(=O)C(F)(F)F,c1ccccc1,121.0
COc1ccc(CCl)c(C)c1CCl,c1ccccc1,97.0
COc1cc(C)c(CCl)cc1CCl,c1ccccc1,78.0
Cc1c(C)n(C(N)=O)c2ccccc12,c1ccc2[nH]ccc2c1,188.0
Cc1c(C#N)c2ccccc2n1O,c1ccc2[nH]ccc2c1,159.0
CC(C#N)c1ccccc1[N+](=O)[O-],c1ccccc1,51.0
CC(=O)C(C#N)c1ccccc1[N+](=O)[O-],c1ccccc1,72.0
CCOC(=O)C(C#N)c1ccccc1[N+](=O)[O-],c1ccccc1,60.0
Cc1c(C)n(C=O)c2ccccc12,c1ccc2[nH]ccc2c1,89.0
COC(C)=C(C#N)c1ccccc1[N+](=O)[O-],c1ccccc1,68.0
CC1=NC2=CCC=CC2=C1C#N,C1=CC2=CC=NC2=CC1,213.0
Cc1c(C)n(C#N)c2ccccc12,c1ccc2[nH]ccc2c1,97.0
CC1=Nc2ccccc2C1(C)C#N,C1=Nc2ccccc2C1,73.0
C=C1N(C(C)=O)c2ccccc2C1(C)C(=O)OC,C=C1Cc2ccccc2N1,60.0
CC1(C)C(C(=O)c2ccccc2)=Nc2ccccc21,O=C(C1=Nc2ccccc2C1)c1ccccc1,83.0
COC(=O)C1(C)C(C(C)=O)=Nc2ccccc21,C1=Nc2ccccc2C1,103.0
CCC1=Nc2ccccc2C1(C)C(=O)OC,C1=Nc2ccccc2C1,72.0
CC1(C)C=Nc2ccccc21,C1=Nc2ccccc2C1,228.0
COC(=O)C1=Nc2ccccc2C1(C)C,C1=Nc2ccccc2C1,75.0
COC(=O)C1Nc2ccccc2C1(C)C,c1ccc2c(c1)CCN2,169.0
COC(=O)n1c(C)c(C)c2ccccc21,c1ccc2[nH]ccc2c1,50.0
COC(=O)C1(C)C(C)=Nc2ccccc21,C1=Nc2ccccc2C1,81.0
CCOC(=O)C(C)(C#N)c1ccccc1[N+](=O)[O-],c1ccccc1,68.0
Cc1c(C)c(C#N)c2ccccc2c1C#N,c1ccc2ccccc2c1,263.0
Cc1c(C)c(C)c(Br)c(Br)c1C,c1ccccc1,72.0
COc1c(C)c(C)c(OC)c(C=O)c1C,c1ccccc1,86.0
CCOC1OC(=O)c2c(OC)cccc21,O=C1OCc2ccccc21,67.0
COC(=O)c1c(OC)ccc(OC)c1C(=O)OC,c1ccccc1,101.0
CN1C(=O)c2ccccc2C1OC(=O)c1ccccc1,O=C(OC1NC(=O)c2ccccc21)c1ccccc1,93.0
Cc1ccc(C)c2c1C(=O)N(C)C2O,O=C1NCc2ccccc21,163.0
Cc1ccc(C)c2c1C(=O)NC2=O,O=C1NC(=O)c2ccccc21,224.0
CN1C(=O)c2ccccc2C1O,O=C1NCc2ccccc21,133.0
Cc1ccc(C)c2c1C(=O)OC2O,O=C1OCc2ccccc21,158.0
O=C1OC(O)c2cc(Cl)c(Cl)cc21,O=C1OCc2ccccc21,180.0
COc1ccc(OC)c2c1C(=O)OC2O,O=C1OCc2ccccc21,192.0
COc1cc(OC)c2c(c1)C(O)OC2=O,O=C1OCc2ccccc21,185.0
COc1ccc2c(c1)C(O)OC2=O,O=C1OCc2ccccc21,137.0
CC(=O)OC1OC(=O)c2ccccc21,O=C1OCc2ccccc21,71.0
COc1ccc2cc(Nc3ccc4c(c3)OCCO4)ccc2c1,c1ccc2cc(Nc3ccc4c(c3)OCCO4)ccc2c1,102.0
CCc1ccc(C(c2ccc(CC)o2)c2cc3c(cc2[N+](=O)[O-])OCCO3)o1,c1coc(C(c2ccc3c(c2)OCCO3)c2ccco2)c1,86.0
CCc1ccc(C(c2ccc(C(c3ccc(CC)o3)c3ccc(CC)o3)cc2)c2ccc(CC)o2)o1,c1coc(C(c2ccc(C(c3ccco3)c3ccco3)cc2)c2ccco2)c1,81.0
COc1cc2noc(-c3ccc(C)o3)c2cc1OC,c1coc(-c2onc3ccccc23)c1,146.0
NC(=O)C(=O)NC(c1ccccc1)C1(c2ccccc2)OCCO1,c1ccc(CC2(c3ccccc3)OCCO2)cc1,203.0
Cc1cc[n+]([O-])cc1C(=O)NN,c1cc[nH+]cc1,226.0
COC(CNC(c1ccccc1)C(O)c1ccccc1)OC,c1ccc(CCc2ccccc2)cc1,145.0
COc1ccc(CN2CCc3ccccc3C2)cc1O,c1ccc(CN2CCc3ccccc3C2)cc1,129.0
COc1ccc(CNC(=O)c2ccccc2)cc1OCc1ccccc1,O=C(NCc1cccc(OCc2ccccc2)c1)c1ccccc1,143.0
O=C1CC(c2ccccc2)Cc2ccncc21,O=C1CC(c2ccccc2)Cc2ccncc21,83.0
Cc1ccccc1CNC(=S)Nc1ccccc1,S=C(NCc1ccccc1)Nc1ccccc1,163.0
COCC(CCC(=O)OC)N1CC=CC1,C1=CCNC1,145.0
COc1cc2c(cc1OCc1ccccc1)C(CC(C)C)N(Oc1c([N+](=O)[O-])cc([N+](=O)[O-])cc1[N+](=O)[O-])CC2,c1ccc(COc2ccc3c(c2)CN(Oc2ccccc2)CC3)cc1,173.0
CCOc1cc2c(cc1OC)CCNC2CC(C)C,c1ccc2c(c1)CCNC2,151.0
COC1CC(C(=O)Cl)CC(OC)C1OC,C1CCCCC1,82.0
c1ccc(C2=NN(c3ccccc3)C2)cc1,c1ccc(C2=NN(c3ccccc3)C2)cc1,138.0
COc1ccc2c3c(n(C)c2c1)CCCC3,c1ccc2c3c([nH]c2c1)CCCC3,96.0
Cc1cc(=O)oc(C)c1C(=O)Oc1cccc(Cl)c1,O=C(Oc1ccccc1)c1ccc(=O)oc1,96.0
COc1ccc(C(C)NCC(OC)OC)cc1O,c1ccccc1,88.0
COc1cc(C[N+](=O)[O-])ccc1OCc1ccccc1,c1ccc(COc2ccccc2)cc1,153.0
COc1cc(CCNC(=O)Cc2ccc(OC)c(OCc3ccccc3)c2)ccc1OCc1ccccc1,O=C(Cc1cccc(OCc2ccccc2)c1)NCCc1ccc(OCc2ccccc2)cc1,140.0
COc1cc2c(cc1OCc1ccccc1)C(C)N(C)CC2,c1ccc(COc2ccc3c(c2)CNCC3)cc1,82.0
COc1cc2c(cc1O)CN(C1CC=CC(=O)C1)CC2,O=C1C=CCC(N2CCc3ccccc3C2)C1,256.0
COc1ccc2c(c1O)CN1CCC(=O)CC1C2O,O=C1CCN2Cc3ccccc3CC2C1,157.0
COc1cc2c(c(Oc3c(OC)cc4c(c3O)C(CC(C)C)N(C)CC4)c1O)C(CC(C)C)N(C)CC2,c1cc2c(c(Oc3ccc4c(c3)CNCC4)c1)CNCC2,164.0
O=C1CCN2CCCCC2C1,O=C1CCN2CCCCC2C1,208.0
COC(=O)CCc1ccc(OC)c(O)c1,c1ccccc1,78.0
C1=CC2=CC=Cc3c(c(c4cccc5cccc3c54)=C1)C2,C1=CC2=CC=Cc3c(c(c4cccc5cccc3c54)=C1)C2,171.0
C1=CC2=CC=C3C=CC=CC4=C3CC2=C(C=C1)C=C4,C1=CC2=CC=C3C=CC=CC4=C3CC2=C(C=C1)C=C4,130.0
O=C1C=CC2=CC(=O)C=CC2=C1,O=C1C=CC2=CC(=O)C=CC2=C1,132.0
O=C1C=CC=C2CC1=CC=CC2=O,O=C1C=CC=C2CC1=CC=CC2=O,147.0
O=C1C=CC2=CC(=O)C=CC(=C1)C2,O=C1C=CC2=CC(=O)C=CC(=C1)C2,122.0
CCOC(=O)c1cc2cc3ccccc3cc2cc(C(=O)OCC)c1=O,O=c1ccc2cc3ccccc3cc2cc1,161.0
CCc1cc2ccccc2ccc1=O,O=c1ccc2ccccc2cc1,49.0
CC(C)CC1c2ccccc2-c2ccccc21,c1ccc2c(c1)Cc1ccccc1-2,45.0
Cc1c2cccc(-c3ccccc3)c2cc2c(-c3ccccc3)cccc12,c1ccc(-c2cccc3cc4cccc(-c5ccccc5)c4cc23)cc1,177.0
c1ccc(-c2cccc3cccc(-c4ccccc4)c23)cc1,c1ccc(-c2cccc3cccc(-c4ccccc4)c23)cc1,147.0
CC(=O)OCC1(C)CCCC23COC4CC5C(C)C(=O)C6(C(CC12)OC(C)(C)OC56)C43,O=C1CC2CC3OCC45CCCCC4CC4OCOC2C14C35,156.0
CC1C(=O)C23C4CC5C(C)(CO)CCCC56COC(CC1C2OC(C)(C)O4)C63,O=C1CC2CC3OCC45CCCCC4CC4OCOC2C14C35,220.0
C=C1C(=O)C23C4CC5C(C)(C)CCCC56COC(CC1C2OC(C)(C)O4)C63,C=C1C(=O)C23C4CC5CCCCC56COC(CC1C2OCO4)C63,163.0
CC1C(=O)C23C4CC5C(C)(C)CCC(=O)C56COC(CC1C2OC(C)(C)O4)C63,O=C1CCCC2CC3OCOC4C5CC(=O)C34C3C(C5)OCC123,252.0
CC1C(=O)C23C4CC5C(C)(C)CCC(O)C56COC(CC1C2OC(C)(C)O4)C63,O=C1CC2CC3OCC45CCCCC4CC4OCOC2C14C35,204.0
Cn1c2ccccc2n2c(=O)c3ccncc3c(C#N)c12,O=c1c2ccncc2cc2[nH]c3ccccc3n12,296.0
N#Cc1c2ncccc2c(=O)n2c1sc1ccccc12,O=c1c2cccnc2cc2sc3ccccc3n12,275.0
Cc1cc2c(C#N)c3ccc4ccccc4n3c(=O)c2c(C)n1,O=c1c2cnccc2cc2ccc3ccccc3n12,243.0
Cc1cc2c(C#N)c3n(C)c4ccccc4n3c(=O)c2c(C)n1,O=c1c2cnccc2cc2[nH]c3ccccc3n12,321.0
CC1=C(C(N)=O)C(c2ccccc2)NC(=O)N1,O=C1NC=CC(c2ccccc2)N1,261.0
COC(=O)C1=C(C)NC(=O)N(C=O)C1c1ccccc1,O=C1NC=CC(c2ccccc2)N1,236.0
CCOC(=O)C1=C(C)NC(=O)NC1c1ccccc1[N+](=O)[O-],O=C1NC=CC(c2ccccc2)N1,220.0
CCN(CC)C(=O)C1=C(C)NC(=O)NC1c1ccccc1,O=C1NC=CC(c2ccccc2)N1,181.0
CC1=C(C(=O)O)C(c2ccccc2)N(C)C(=O)N1C,O=C1NC=CC(c2ccccc2)N1,165.0
CCOC(=O)C1=C(C)NC(=O)NC1c1cccc(Cl)c1Cl,O=C1NC=CC(c2ccccc2)N1,243.0
O=C(COc1ccc(Cl)cc1)Nc1nc2ccc(Br)cc2s1,O=C(COc1ccccc1)Nc1nc2ccccc2s1,236.0
CC(Oc1ccc(Cl)cc1Cl)C(=O)Nc1ccc2nc(SCc3ccccc3)sc2c1,O=C(COc1ccccc1)Nc1ccc2nc(SCc3ccccc3)sc2c1,169.0
Cc1cc(Cl)ccc1OC(C)C(=O)Nc1ccc2nc(SCc3ccccc3)sc2c1,O=C(COc1ccccc1)Nc1ccc2nc(SCc3ccccc3)sc2c1,168.0
Cc1cccc(C)c1NC(=O)C1C2C=CC(C2)C1C(=O)O,O=C(Nc1ccccc1)C1CC2C=CC1C2,167.0
[O-][P+](c1ccccc1)(c1ccccc1)C1C=C(c2ccccc2)OC2=C1CCCC2,C1=C(c2ccccc2)OC2=C(CCCC2)C1[PH+](c1ccccc1)c1ccccc1,177.0
Cc1ccccc1NC(=S)C(=O)c1ccccc1,O=C(C(=S)Nc1ccccc1)c1ccccc1,124.0
O=C(C(=S)Nc1ccccc1Cl)c1ccccc1,O=C(C(=S)Nc1ccccc1)c1ccccc1,119.0
CN(C(=S)C(=O)c1ccccc1)c1ccccc1,O=C(C(=S)Nc1ccccc1)c1ccccc1,109.0
O=C(C(=S)Nc1ccc(I)cc1)c1ccccc1,O=C(C(=S)Nc1ccccc1)c1ccccc1,139.0
O=C(C(=S)Nc1ccc(Cl)cc1)c1ccccc1,O=C(C(=S)Nc1ccccc1)c1ccccc1,223.0
CCOC(=O)c1ccc(OC)cn1,c1ccncc1,39.0
CC12CCCC1C1CCC(CC(=O)O)C(C)(CC(=O)O)C1CC2,C1CCC2C(C1)CCC1CCCC12,229.0
Cc1ccc2c(c1C)CCC1C2CCC2CC(O)CCC21C,c1ccc2c(c1)CCC1C2CCC2CCCCC21,188.0
CC12CCC(=O)CC1CCC1C2CCC2(C)C1CCC2(O)CCc1ccccc1,O=C1CCC2C(CCC3C4CCC(CCc5ccccc5)C4CCC23)C1,177.0
CC(=O)OC1CCC2(C)C(CCC3C2CCC2(C)C3CCC2(O)CCc2ccccc2)C1,c1ccc(CCC2CCC3C2CCC2C4CCCCC4CCC32)cc1,138.0
CC(=O)OC1CCC2(C)C(CCC3C2CCC2(C)C3CCC2(O)C#Cc2ccccc2)C1,C(#CC1CCC2C1CCC1C3CCCCC3CCC21)c1ccccc1,166.0
CCc1c(C)ccc2c1CCC1C2CCC2CC(O)CCC21C,c1ccc2c(c1)CCC1C2CCC2CCCCC21,172.0
Cc1ccc2c(c1C)CCC1C2CC=C2CC(C(=O)O)CCC21C,C1=C2CCCCC2C2CCc3ccccc3C2C1,162.0
Cc1cc(C)c(N)c(C(O)c2ccccc2)c1,c1ccc(Cc2ccccc2)cc1,125.0
Cc1ccc(C(O)c2ccccc2O)cc1,c1ccc(Cc2ccccc2)cc1,105.0
Oc1ccccc1C(O)c1ccccc1,c1ccc(Cc2ccccc2)cc1,88.0
Cc1ccc(O)c(C(O)c2ccc(Br)cc2)c1,c1ccc(Cc2ccccc2)cc1,107.0
Cc1ccc(C(O)c2cc(C)ccc2O)cc1,c1ccc(Cc2ccccc2)cc1,98.0
Cc1ccc(O)c(C(O)c2ccccc2)c1,c1ccc(Cc2ccccc2)cc1,103.0
Cc1ccc(O)c(C(O)Cc2ccccc2)c1,c1ccc(CCc2ccccc2)cc1,83.0
CCC(O)c1cc(C)ccc1O,c1ccccc1,143.0
CN(C)c1ccc(N=c2cc(-c3ccccc3)cc(-c3ccccc3)s2)cc1,c1ccc(N=c2cc(-c3ccccc3)cc(-c3ccccc3)s2)cc1,148.0
CN(C)c1ccc(N=c2cc(-c3ccccc3)sc(-c3ccccc3)c2)cc1,c1ccc(N=c2cc(-c3ccccc3)sc(-c3ccccc3)c2)cc1,165.0
CN(C)c1ccc(C=C2C3=C(CCCC3)OC3=C2CCCC3)cc1,C(=C1C2=C(CCCC2)OC2=C1CCCC2)c1ccccc1,164.0
CN(C)c1ccc(C=C2C=C(c3ccccc3)OC(c3ccccc3)=C2)cc1,C(=C1C=C(c2ccccc2)OC(c2ccccc2)=C1)c1ccccc1,181.0
[O-][P+](c1ccccc1)(c1ccccc1)C1C=C(c2ccccc2)C=C(c2ccccc2)S1,C1=C(c2ccccc2)C=C(c2ccccc2)SC1[PH+](c1ccccc1)c1ccccc1,174.0
[O-][P+](c1ccccc1)(c1ccccc1)C1C=C(c2ccccc2)C=C(c2ccccc2)O1,C1=C(c2ccccc2)C=C(c2ccccc2)OC1[PH+](c1ccccc1)c1ccccc1,152.0
[O-][P+](c1ccccc1)(c1ccccc1)C1Sc2ccccc2S1,c1ccc([PH+](c2ccccc2)C2Sc3ccccc3S2)cc1,181.0
[O-][P+](c1ccccc1)(c1ccccc1)C1C=C(c2ccccc2)OC(c2ccccc2)=C1,C1=C(c2ccccc2)OC(c2ccccc2)=CC1[PH+](c1ccccc1)c1ccccc1,176.0
[O-][P+](c1ccccc1)(c1ccccc1)C1C=C(c2ccc(Br)cc2)OC(c2ccc(Br)cc2)=C1,C1=C(c2ccccc2)OC(c2ccccc2)=CC1[PH+](c1ccccc1)c1ccccc1,194.0
[O-][P+](c1ccccc1)(c1ccccc1)C1c2ccccc2Oc2ccccc21,c1ccc([PH+](c2ccccc2)C2c3ccccc3Oc3ccccc32)cc1,161.0
CC(C)(C)c1cc(C(C)(C)C)c2oc3c(C(C)(C)C)cc(C(C)(C)C)c(=O)c-3nc2c1,O=c1cccc2oc3ccccc3nc1-2,210.0
Cc1cc2c(o1)-c1c(oc3ccc(Br)cc13)CCC2(C)c1ccccc1,c1ccc(C2CCc3oc4ccccc4c3-c3occc32)cc1,127.0
COc1ccccc1C1(C)CCc2oc3ccc(Br)cc3c2-c2oc(C)cc21,c1ccc(C2CCc3oc4ccccc4c3-c3occc32)cc1,209.0
COc1ccccc1C1(C)CCc2oc3c(Br)cc(Br)cc3c2-c2oc(C)cc21,c1ccc(C2CCc3oc4ccccc4c3-c3occc32)cc1,194.0
COc1ccccc1C1(C)CCc2oc3ccc(Cl)cc3c2-c2oc(C)cc21,c1ccc(C2CCc3oc4ccccc4c3-c3occc32)cc1,198.0
COc1ccccc1C1(C)CCc2oc3ccc(C)cc3c2-c2oc(C)cc21,c1ccc(C2CCc3oc4ccccc4c3-c3occc32)cc1,179.0
COc1ccccc1C1(C)CCc2oc3ccccc3c2-c2oc(C)cc21,c1ccc(C2CCc3oc4ccccc4c3-c3occc32)cc1,158.0
Cc1cc2c(o1)-c1c(oc3c(Br)cc(Br)cc13)CCC2C,c1ccc2c3c(oc2c1)CCCc1ccoc1-3,121.0
COc1ccc(C2(C)CCc3oc4c(Br)cc(Br)cc4c3-c3oc(C)cc32)cc1,c1ccc(C2CCc3oc4ccccc4c3-c3occc32)cc1,165.0
COc1ccc(C2(C)CCc3oc4ccc(Cl)cc4c3-c3oc(C)cc32)cc1,c1ccc(C2CCc3oc4ccccc4c3-c3occc32)cc1,144.0
COc1ccc(C2(C)CCc3oc4ccc(C)cc4c3-c3oc(C)cc32)cc1,c1ccc(C2CCc3oc4ccccc4c3-c3occc32)cc1,170.0
COc1ccc(C2(C)CCc3oc4ccccc4c3-c3oc(C)cc32)cc1,c1ccc(C2CCc3oc4ccccc4c3-c3occc32)cc1,145.0
Cc1ccc2oc3c(c2c1)-c1oc(C)cc1C(C)(c1ccccc1)CC3,c1ccc(C2CCc3oc4ccccc4c3-c3occc32)cc1,119.0
Cc1cc2c(o1)-c1c(oc3c(I)cc(I)cc13)CCC2(C)c1ccccc1,c1ccc(C2CCc3oc4ccccc4c3-c3occc32)cc1,175.0
Cc1cc2c(o1)-c1c(oc3ccc(Cl)cc13)CCC2(C)c1ccccc1,c1ccc(C2CCc3oc4ccccc4c3-c3occc32)cc1,128.0
Cc1cc2c(o1)-c1c(oc3ccccc13)CCC2(C)c1ccccc1,c1ccc(C2CCc3oc4ccccc4c3-c3occc32)cc1,135.0
Cc1ccc2oc(CCC(C)(O)c3ccccc3)c(-c3ccc(C)o3)c2c1,c1ccc(CCCc2oc3ccccc3c2-c2ccco2)cc1,85.0
CC(=O)CCc1oc2ccc(NC(C)=O)cc2c1-c1ccc(C)o1,c1coc(-c2coc3ccccc23)c1,132.0
CC(=O)CCc1oc2ccc(I)cc2c1-c1ccc(C)o1,c1coc(-c2coc3ccccc23)c1,94.0
COc1cc(C(c2ccc(C)o2)c2ccc(C)o2)c(O)cc1[N+](=O)[O-],c1ccc(C(c2ccco2)c2ccco2)cc1,104.0
Cc1ccc(C(c2ccc(C)o2)c2cc(Br)cc([N+](=O)[O-])c2O)o1,c1ccc(C(c2ccco2)c2ccco2)cc1,100.0
Cc1cc(C(c2ccc(C)o2)c2ccc(C)o2)c(O)c([N+](=O)[O-])c1,c1ccc(C(c2ccco2)c2ccco2)cc1,93.0
COc1cc(C(c2ccc(C)s2)c2ccc(C)s2)c([N+](=O)[O-])cc1OC,c1ccc(C(c2cccs2)c2cccs2)cc1,120.0
Cc1ccc(C(c2ccc(C)o2)c2cc(Br)ccc2O)o1,c1ccc(C(c2ccco2)c2ccco2)cc1,97.0
Cc1ccc(C(c2ccc(C)o2)c2cc(Cl)ccc2O)o1,c1ccc(C(c2ccco2)c2ccco2)cc1,85.0
CC(=O)C(C(C)=O)C(c1ccc(C)o1)c1ccc(C)o1,c1coc(Cc2ccco2)c1,60.0
Cc1ccc(C(c2ccc(C)o2)c2ccccc2N=C=S)o1,c1ccc(C(c2ccco2)c2ccco2)cc1,65.0
COc1cc2c(cc1OC)C(c1ccc(C)o1)SC(c1ccc(C)o1)=N2,c1coc(C2=Nc3ccccc3C(c3ccco3)S2)c1,148.0
COc1cc(N=C=S)c(C(c2ccc(C)o2)c2ccc(C)o2)cc1OC,c1ccc(C(c2ccco2)c2ccco2)cc1,91.0
Cc1ccc(C(c2ccc(C(c3ccc(C)o3)c3ccc(C)o3)cc2)c2ccc(C)o2)o1,c1coc(C(c2ccc(C(c3ccco3)c3ccco3)cc2)c2ccco2)c1,156.0
Cc1ccc(C(c2ccc(C)o2)c2ccccc2[N+](=O)[O-])o1,c1ccc(C(c2ccco2)c2ccco2)cc1,80.0
COc1cc(N)c(C(c2ccc(C)o2)c2ccc(C)o2)cc1OC,c1ccc(C(c2ccco2)c2ccco2)cc1,79.0
COc1cc(C(c2ccc(C)o2)c2ccc(C)o2)c([N+](=O)[O-])cc1OC,c1ccc(C(c2ccco2)c2ccco2)cc1,98.0
Cc1ccc(C2(c3ccc(C)o3)C(=O)Nc3ccccc32)o1,O=C1Nc2ccccc2C1(c1ccco1)c1ccco1,216.0
CC(=O)NCc1ccccc1C(c1ccc(C)o1)c1ccc(C)o1,c1ccc(C(c2ccco2)c2ccco2)cc1,65.0
Cc1ccc(C(c2ccc(C)o2)c2ccccc2C#N)o1,c1ccc(C(c2ccco2)c2ccco2)cc1,87.0
Cc1ccc(C(c2ccc(Br)cc2)c2ccc(C)o2)o1,c1ccc(C(c2ccco2)c2ccco2)cc1,64.0
Cc1ccc(C(c2ccc(C)o2)c2ccccc2Br)o1,c1ccc(C(c2ccco2)c2ccco2)cc1,57.0
Cc1ccc(C(c2ccc(C)o2)c2cc(I)ccc2O)o1,c1ccc(C(c2ccco2)c2ccco2)cc1,104.0
Cc1ccc(C(c2ccc(C)o2)c2cc(I)cc(I)c2O)o1,c1ccc(C(c2ccco2)c2ccco2)cc1,143.0
Cc1ccc(C(c2ccc(C)o2)c2cc([N+](=O)[O-])cc(Br)c2O)o1,c1ccc(C(c2ccco2)c2ccco2)cc1,153.0
Cc1ccc(C(c2ccc(C)o2)c2cc(Br)cc(Br)c2O)o1,c1ccc(C(c2ccco2)c2ccco2)cc1,88.0
Cc1ccc(C(c2ccc(C)o2)c2cc([N+](=O)[O-])ccc2O)o1,c1ccc(C(c2ccco2)c2ccco2)cc1,143.0
Cc1ccc(C(c2ccc(C)o2)c2ccccc2O)o1,c1ccc(C(c2ccco2)c2ccco2)cc1,65.0
COc1ccc(C(=O)OC(COc2ccc(C=CC(=O)c3ccccc3)cc2)COc2ccc(C(=O)C=Cc3ccccc3)cc2)cc1,O=C(C=Cc1ccc(OCC(COc2ccc(C(=O)C=Cc3ccccc3)cc2)OC(=O)c2ccccc2)cc1)c1ccccc1,74.0
COc1ccc(C=CC(=O)OCCOc2ccc(C=CC(=O)c3ccccc3)cc2)cc1,O=C(C=Cc1ccccc1)OCCOc1ccc(C=CC(=O)c2ccccc2)cc1,142.0
COc1ccc(C(=O)OCCOc2ccc(C=CC(=O)c3ccccc3)cc2)cc1,O=C(C=Cc1ccc(OCCOC(=O)c2ccccc2)cc1)c1ccccc1,113.0
COc1ccc(C=CC(=O)Oc2ccc(C=CC(=O)c3ccccc3)cc2)cc1,O=C(C=Cc1ccccc1)Oc1ccc(C=CC(=O)c2ccccc2)cc1,158.0
O=C(C=Cc1ccc(OC(=O)c2ccco2)cc1)c1ccccc1,O=C(C=Cc1ccc(OC(=O)c2ccco2)cc1)c1ccccc1,115.0
COc1cc(C(=O)OCCCl)cc(OC)c1OC,c1ccccc1,69.0
O=C(C=Cc1ccc(OCCCl)cc1)c1ccc(OCCCl)cc1,O=C(C=Cc1ccccc1)c1ccccc1,83.0
O=C(O)CC1CC(=O)OC1C(=O)O,O=C1CCCO1,159.0
Cc1ccc(NC(=O)CCC2C(=O)C3(C)CCC2C3(C)C)cc1,O=C(CCC1C(=O)C2CCC1C2)Nc1ccccc1,114.0
CC1CCC(C(C)C)C(OC(=O)C(=Cc2ccccc2)C(=O)c2ccccc2)C1,O=C(OC1CCCCC1)C(=Cc1ccccc1)C(=O)c1ccccc1,65.0
CC1CCC(C(C)C)C(OC(=O)c2ccc3ccccc3c2)C1,O=C(OC1CCCCC1)c1ccc2ccccc2c1,76.0
CC1CCC(C(C)C)C(OC(=O)C2=CCC(C(=O)OC3CC(C)CCC3C(C)C)CC2)C1,O=C(OC1CCCCC1)C1=CCC(C(=O)OC2CCCCC2)CC1,125.0
CC1CCC(C(C)C)C(OC(=O)C2=CCC(C(=O)OC3CC(C)CCC3C(C)C)=CC2)C1,O=C(OC1CCCCC1)C1=CCC(C(=O)OC2CCCCC2)=CC1,68.0
CCC(C(=O)Nc1ccc(C)cc1)c1ccc(C)cc1,O=C(Cc1ccccc1)Nc1ccccc1,118.0
CC(CC(=O)O)c1ccc(C(=O)O)cc1,c1ccccc1,225.0
Cc1ccc(NC(=O)CC(C)c2ccc(C)cc2)cc1,O=C(CCc1ccccc1)Nc1ccccc1,105.0
Cc1ccc(NC(=O)C(C)c2ccc(C)cc2)cc1,O=C(Cc1ccccc1)Nc1ccccc1,105.0
Cc1ccc(C(C)(Cl)C(=O)O)cc1,c1ccccc1,112.0
CC12CCC(C(COC(=O)c3ccc([N+](=O)[O-])cc3)C1)C2(C)C,O=C(OCC1CC2CCC1C2)c1ccccc1,100.0
CC12CCC(C(C(=O)Oc3ccccc3)C1)C2(C)C,O=C(Oc1ccccc1)C1CC2CCC1C2,41.0
CC12C=C(C(=O)Oc3ccccc3)C(CC1)C2(C)C,O=C(Oc1ccccc1)C1=CC2CCC1C2,64.0
N#CC(=CNNc1ccccc1)c1ccccc1,C(=Cc1ccccc1)NNc1ccccc1,156.0
ON(c1ccccc1)C(Br)C(Br)c1ccccc1,c1ccc(CCNc2ccccc2)cc1,125.0
ON(C=C(Br)c1ccccc1)c1ccccc1,C(=Cc1ccccc1)Nc1ccccc1,180.0
CCOC(=O)C(=CN(O)c1ccccc1)c1ccccc1,C(=Cc1ccccc1)Nc1ccccc1,75.0
N#CC(=CN(O)c1ccccc1)c1ccccc1,C(=Cc1ccccc1)Nc1ccccc1,155.0
O=C(O)C(=CN(O)c1ccccc1)c1ccccc1,C(=Cc1ccccc1)Nc1ccccc1,75.0
O=c1on(-c2ccccc2)c(Br)c1-c1ccccc1,O=c1on(-c2ccccc2)cc1-c1ccccc1,166.0
O=c1on(-c2ccccc2)cc1-c1ccccc1,O=c1on(-c2ccccc2)cc1-c1ccccc1,175.0
CC1CCC(C(C)C)C(OC(=O)C(Cc2ccccc2)c2ccccc2)C1,O=C(OC1CCCCC1)C(Cc1ccccc1)c1ccccc1,101.0
CC12CCC(C(O)C(C(c3ccccc3)C3C(=O)C4(C)CCC(C3O)C4(C)C)C1=O)C2(C)C,O=C1C2CCC(C2)CC1C(c1ccccc1)C1CC2CCC(C2)C1=O,149.0
CN(N=O)C1=CC(=O)C2(C)CCC1C2(C)C,O=C1C=CC2CCC1C2,167.0
CC1(C)C2CCC1(C)C(C(=O)O)OC2=O,O=C1OCC2CCC1C2,201.0
CC12CCC(C(Br)=C(Br)C1=O)C2(C)C,O=C1C=CC2CCC1C2,103.0
COC1=C(Br)C(=O)C2(C)CCC1C2(C)C,O=C1C=CC2CCC1C2,104.0
CC12CCC(C(OC(=O)c3ccc([N+](=O)[O-])cc3)=CC1=O)C2(C)C,O=C(OC1=CC(=O)C2CCC1C2)c1ccccc1,121.0
CNC1=CC(=O)C2(C)CCC1C2(C)C,O=C1C=CC2CCC1C2,195.0
CC12CCC(CCC1=O)C2(C)C,O=C1CCC2CCC1C2,193.0
CC12CCC(C(=O)C(Br)(Br)C1=O)C2(C)C,O=C1CC(=O)C2CCC1C2,155.0
CC12CCC(C=CC1=O)C2(C)C,O=C1C=CC2CCC1C2,174.0
COC1=CC(=O)C2(C)CCC1C2(C)C,O=C1C=CC2CCC1C2,55.0
CCOC(=O)C(C(C)=O)C(C)C(C(C)=O)C(=O)OC1CC(C)CCC1C(C)C,C1CCCCC1,155.0
CC1=CC(=O)C(C(=O)OC2CC(C)CCC2C(C)C)C(C)C1C(=O)OC1CC(C)CCC1C(C)C,O=C(OC1CCCCC1)C1C=CC(=O)C(C(=O)OC2CCCCC2)C1,186.0
CC(=O)C(C(=O)OC1CC(C)CCC1C(C)C)C(C)C(C(C)=O)C(=O)OC1CC(C)CCC1C(C)C,O=C(CCCC(=O)OC1CCCCC1)OC1CCCCC1,200.0
CC1CCC(C(C)C)C(OC(=O)C(C(=O)c2ccccc2)C(=O)c2ccccc2)C1,O=C(OC1CCCCC1)C(C(=O)c1ccccc1)C(=O)c1ccccc1,139.0
CC1CCC(C(C)C)C(OC(=O)C(C(=O)c2ccccc2)c2ccccc2)C1,O=C(OC1CCCCC1)C(C(=O)c1ccccc1)c1ccccc1,115.0
CC1CCC(C(C)C)C(OC(=O)C#Cc2ccccc2)C1,O=C(C#Cc1ccccc1)OC1CCCCC1,64.0
CC(=O)C(Cc1ccccc1)C(=O)OC1CC(C)CCC1C(C)C,O=C(CCc1ccccc1)OC1CCCCC1,68.0
CC(=O)C(=Cc1ccccc1)C(=O)OC1CC(C)CCC1C(C)C,O=C(C=Cc1ccccc1)OC1CCCCC1,133.0
CC1CCC(C(C)C)C(OC(=O)CC#N)C1,C1CCCCC1,84.0
CC1=C(C)C(C(C)C)C=C1Cc1ccccc1,C1=CC(Cc2ccccc2)=CC1,54.0
COC(=O)C(O)c1ccccc1[N+](=O)[O-],c1ccccc1,62.0
CC(C)C12CCC(C)(O1)C(=O)OC2=O,O=C1OC(=O)C2CCC1O2,109.0
O=C(O)C(CCCc1ccccc1)c1ccccc1,c1ccc(CCCCc2ccccc2)cc1,78.0
CC12CCC(C1(C)C)C(CCCc1ccccc1)(C1(CCCc3ccccc3)C(=O)C3(C)CCC1C3(C)C)C2=O,O=C1C2CCC(C2)C1(CCCc1ccccc1)C1(CCCc2ccccc2)C(=O)C2CCC1C2,162.0
CC12CCC(C1(C)C)C(CC(Br)Cc1ccccc1)(C1(CC(Br)Cc3ccccc3)C(=O)C3(C)CCC1C3(C)C)C2=O,O=C1C2CCC(C2)C1(CCCc1ccccc1)C1(CCCc2ccccc2)C(=O)C2CCC1C2,215.0
CC12CCC(C1(C)C)C(CC(Br)=Cc1ccccc1)(C1(CC(Br)=Cc3ccccc3)C(=O)C3(C)CCC1C3(C)C)C2=O,O=C1C2CCC(C2)C1(CC=Cc1ccccc1)C1(CC=Cc2ccccc2)C(=O)C2CCC1C2,118.0
CC12CCC(C1(C)C)C(CCC(Br)c1ccccc1)(C1(CCC(Br)c3ccccc3)C(=O)C3(C)CCC1C3(C)C)C2=O,O=C1C2CCC(C2)C1(CCCc1ccccc1)C1(CCCc2ccccc2)C(=O)C2CCC1C2,168.0
Cc1ccc(C(C)(C)C(=O)ON)cc1,c1ccccc1,119.0
BrC(CCC(Br)C(Br)c1ccccc1)C(Br)c1ccccc1,c1ccc(CCCCCCc2ccccc2)cc1,194.0
S=C(Nc1ccccc1)N1CC(c2ccccc2)CC1c1ccccc1,S=C(Nc1ccccc1)N1CC(c2ccccc2)CC1c1ccccc1,188.0
O=C(c1ccccc1)N1CC(c2ccccc2)C=C1c1ccccc1,O=C(c1ccccc1)N1CC(c2ccccc2)C=C1c1ccccc1,180.0
CC(=O)N1CC(c2ccccc2)C=C1c1ccccc1,C1=C(c2ccccc2)NCC1c1ccccc1,105.0
O=NN(CC(c1ccccc1)c1ccccc1)CC(c1ccccc1)c1ccccc1,c1ccc(C(CNCC(c2ccccc2)c2ccccc2)c2ccccc2)cc1,179.0
COC(=O)C1(C)CCC(CCc2ccccc2)C1(C)C,c1ccc(CCC2CCCC2)cc1,44.0
CC1(C)C2CCC1(C)C(C(=O)O)C2CC(O)c1ccccc1,c1ccc(CCC2CC3CCC2C3)cc1,119.0
CC1CCC(C)(C(=O)CCOC(=S)Nc2ccccc2)C1(C)C,O=C(CCOC(=S)Nc1ccccc1)C1CCCC1,154.0
CC1CCC(C)(C(=O)CN2C(=O)c3ccccc3C2=O)C1(C)C,O=C(CN1C(=O)c2ccccc2C1=O)C1CCCC1,99.0
CC1CCC(C)(COC(=O)C2C(=O)C3(C)CCC2C3(C)C)C1(C)C,O=C(OCC1CCCC1)C1C(=O)C2CCC1C2,146.0
CC1CCC(C)(COC(=O)c2ccccc2C(=O)OCC2(C)CCC(C)C2(C)C)C1(C)C,O=C(OCC1CCCC1)c1ccccc1C(=O)OCC1CCCC1,80.0
CC1CCC(C)(CO)C1(C)C,C1CCCC1,94.0
CC1CCC(C)(COC(=O)c2ccc(N)cc2)C1(C)C,O=C(OCC1CCCC1)c1ccccc1,74.0
CC1CCC(C)(C(=O)N(C(=O)C2(C)CCC(C)C2(C)C)c2ccccc2)C1(C)C,O=C(C1CCCC1)N(C(=O)C1CCCC1)c1ccccc1,212.0
CC1CCC(C)(C(=O)CN(C)C(=S)Nc2ccccc2)C1(C)C,O=C(CNC(=S)Nc1ccccc1)C1CCCC1,147.0
CC1CCC(C)(CNc2ccccc2)C1(C)C,c1ccc(NCC2CCCC2)cc1,59.0
CC1CCC(C)(COC(=O)c2ccc([N+](=O)[O-])cc2)C1(C)C,O=C(OCC1CCCC1)c1ccccc1,95.0
CC1CCC(C)(COC(=S)Nc2ccccc2)C1(C)C,S=C(Nc1ccccc1)OCC1CCCC1,101.0
CC1CCC(C)(C(=O)COC(=O)c2ccccc2)C1(C)C,O=C(OCC(=O)C1CCCC1)c1ccccc1,82.0
CCOC(=O)NC=C1C(=O)C2(C)CCC1C2(C)C,C=C1C(=O)C2CCC1C2,162.0
CCOC(=O)c1ccc(NC=C2C(=O)C3(C)CCC2C3(C)C)cc1,O=C1C(=CNc2ccccc2)C2CCC1C2,105.0
CC12CCC(C(=CNc3ccccc3C(=O)O)C1=O)C2(C)C,O=C1C(=CNc2ccccc2)C2CCC1C2,112.0
CC12CCC(C(C(O)c3ccccc3)OC1=O)C2(C)C,O=C1OC(Cc2ccccc2)C2CCC1C2,156.0
CC12CCC(C(C(Br)c3ccccc3)OC1=O)C2(C)C,O=C1OC(Cc2ccccc2)C2CCC1C2,141.0
CC1(C(=O)O)CCC(C(Br)C(Br)c2ccccc2)C1(C)C,c1ccc(CCC2CCCC2)cc1,161.0
CC1(C(=O)O)CCC(O)(CC(O)c2ccccc2)C1(C)C,c1ccc(CCC2CCCC2)cc1,188.0
CC1(C(=O)O)CCC(CCc2ccccc2)C1(C)C,c1ccc(CCC2CCCC2)cc1,118.0
CC12CCC(CC(Br)c3ccccc3)(OC1=O)C2(C)C,O=C1OC2(CCc3ccccc3)CCC1C2,206.0
CCC(C)(O)CNC1C2CCC(C)(C1O)C2(C)C,C1CC2CCC1C2,119.0
CCOC(=O)NC1C(N(C)C)C2CCC1(C)C2(C)C,C1CC2CCC1C2,237.0
CCOC(=O)NC1C2CCC(C)(C1O)C2(C)C,C1CC2CCC1C2,76.0
CC1(C)C2CCC1(C)C(NC(=S)Nc1ccccc1)C2NC(=S)Nc1ccccc1,S=C(Nc1ccccc1)NC1C2CCC(C2)C1NC(=S)Nc1ccccc1,178.0
CC1(C)C2CCC1(C)C(N=C(C(=O)c1ccccc1)c1ccccc1)C2N=C(C(=O)c1ccccc1)c1ccccc1,O=C(C(=NC1C2CCC(C2)C1N=C(C(=O)c1ccccc1)c1ccccc1)c1ccccc1)c1ccccc1,190.0
CC1(C)C2CCC1(C)C(N=C1C(=O)Nc3ccccc31)C2N=C1C(=O)Nc2ccccc21,O=C1Nc2ccccc2C1=NC1C2CCC(C2)C1N=C1C(=O)Nc2ccccc21,234.0
CC1(C)C2CCC1(C)C(N=Cc1ccc([N+](=O)[O-])cc1)C2N=Cc1ccc([N+](=O)[O-])cc1,C(=NC1C2CCC(C2)C1N=Cc1ccccc1)c1ccccc1,170.0
CC1(C)C2CCC1(C)C(NC(=O)c1ccc([N+](=O)[O-])cc1)C2NC(=O)c1ccc([N+](=O)[O-])cc1,O=C(NC1C2CCC(C2)C1NC(=O)c1ccccc1)c1ccccc1,170.0
CC1(C)C2CCC1(C)C(NC(=O)c1ccccc1)C2NC(=O)c1ccccc1,O=C(NC1C2CCC(C2)C1NC(=O)c1ccccc1)c1ccccc1,148.0
CC(=O)NC1C2CCC(C)(C1NC(C)=O)C2(C)C,C1CC2CCC1C2,250.0
N#CC1C(=O)CC(=O)CC1c1ccccc1,O=C1CC(=O)CC(c2ccccc2)C1,177.0
COC1=CC(=O)C(C#N)C(c2ccccc2)C1,O=C1C=CCC(c2ccccc2)C1,167.0
CC1(C)C2CCC1(C)C(O)C2C(c1ccccc1)c1ccccc1,c1ccc(C(c2ccccc2)C2CC3CCC2C3)cc1,171.0
Cc1ccc(OC(=O)C(C)(c2ccccc2)c2ccccc2)cc1,O=C(Oc1ccccc1)C(c1ccccc1)c1ccccc1,111.0
CC1(C)OC(C)(C(OC(=O)c2ccc(Br)cc2)C2CCCCC2)CCC1C(=O)O,O=C(OC(C1CCCCC1)C1CCCCO1)c1ccccc1,111.0
CC1(C)OC(C)(C(O)C2CCCCC2)CCC1C(=O)O,C1CCC(CC2CCCCO2)CC1,181.0
CC(C)C(CO)CCC(C)(O)C(O)C(C)C,,60.0
CC(C)C1OC(=O)C2CCC1(C)OC2(C)C,O=C1OCC2CCC1CO2,120.0
CC(C)C(O)C1(C)CCC(C(=O)O)C(C)(C)O1,C1CCOCC1,115.0
CCCC(O)C1(C)CCC(C(=O)O)C(C)(C)O1,C1CCOCC1,179.0
CCCC(O)(CCC)C1(C)CCC(C(=O)O)C(C)(C)O1,C1CCOCC1,112.0
CCC1(CC)OC(=O)C2CCC1(C)OC2(C)C,O=C1OCC2CCC1CO2,90.0
CCC(O)(CC)C1(C)CCC(C(=O)O)C(C)(C)O1,C1CCOCC1,138.0
CC1(C)OC2(C)CCC1C(=O)OC2(C)C,O=C1OCC2CCC1CO2,78.0
CC1(C)OC(C)(C(C)(C)O)CCC1C(=O)O,C1CCOCC1,111.0
CC1(C)OC(C)(C(O)(c2cccc3ccccc23)c2cccc3ccccc23)CCC1C(=O)O,c1ccc2c(C(c3cccc4ccccc34)C3CCCCO3)cccc2c1,211.0
CC1(C)OC(C)(C(O)(Cc2ccccc2)Cc2ccccc2)CCC1C(=O)O,c1ccc(CC(Cc2ccccc2)C2CCCCO2)cc1,138.0
Cc1ccc(C(O)(c2ccc(C)cc2)C2(C)CCC(C(=O)O)C(C)(C)O2)cc1,c1ccc(C(c2ccccc2)C2CCCCO2)cc1,152.0
CC(C1=CCC(C(=O)O)C(C)(C)O1)(c1ccccc1)c1ccccc1,C1=C(C(c2ccccc2)c2ccccc2)OCCC1,145.0
CC1(C)OC2(C)CCC1C(=O)OC2(c1ccccc1)c1ccccc1,O=C1OC(c2ccccc2)(c2ccccc2)C2CCC1CO2,134.0
COC(=O)C1CCC(C)(C(O)(c2ccccc2)c2ccccc2)OC1(C)C,c1ccc(C(c2ccccc2)C2CCCCO2)cc1,91.0
CC1(C)OC(C)(C(O)(c2ccccc2)c2ccccc2)CCC1C(=O)O,c1ccc(C(c2ccccc2)C2CCCCO2)cc1,163.0
C(#Cc1ccc(N=Cc2ccccc2)cc1)c1ccc(N=Cc2ccccc2)cc1,C(#Cc1ccc(N=Cc2ccccc2)cc1)c1ccc(N=Cc2ccccc2)cc1,207.0
CC(=O)N(C)c1cccc(N(C)C(C)=O)c1,c1ccccc1,152.0
CC(=O)NCCc1ccccc1[N+](=O)[O-],c1ccccc1,94.0
Nc1ccc(CC(=O)c2ccc(N)cc2)cc1,O=C(Cc1ccccc1)c1ccccc1,145.0
O=C(Cc1ccc(N=Cc2ccccc2)cc1)c1ccc(N=Cc2ccccc2)cc1,O=C(Cc1ccc(N=Cc2ccccc2)cc1)c1ccc(N=Cc2ccccc2)cc1,181.0
O=C(Nc1ccc(C#Cc2ccc(NC(=O)c3ccccc3)cc2)cc1)c1ccccc1,O=C(Nc1ccc(C#Cc2ccc(NC(=O)c3ccccc3)cc2)cc1)c1ccccc1,332.0
O=Cc1cc(Cl)cc(Cl)c1[N+](=O)[O-],c1ccccc1,91.0
O=[N+]([O-])c1c(Cl)cc(Cl)cc1C(Cl)Cl,c1ccccc1,45.0
CC1CCC(C(C)C)C(OC(=O)C(Cc2ccccc2)Cc2ccccc2)C1,O=C(OC1CCCCC1)C(Cc1ccccc1)Cc1ccccc1,43.0
CC1CCC(C(C)C)C(OC(=O)C(c2ccccc2)c2ccccc2)C1,O=C(OC1CCCCC1)C(c1ccccc1)c1ccccc1,53.0
CC(CCC(C(=O)O)C(C)C)C(=O)O,,104.0
CC(C(=O)O)C(O)(c1ccccc1)c1ccccc1,c1ccc(Cc2ccccc2)cc1,182.0
CC1=C(c2ccccc2)c2ccccc2C1=O,O=C1C=C(c2ccccc2)c2ccccc21,87.0
CN(C)c1ccc(CCC2CCc3ccccc3N2C(=O)c2ccccc2)cc1,O=C(c1ccccc1)N1c2ccccc2CCC1CCc1ccccc1,121.0
CN(C)c1ccc(CCC2CCc3ccccc3N2N=O)cc1,c1ccc(CCC2CCc3ccccc3N2)cc1,91.0
CN(C)c1ccc(CCC2CCc3ccccc3N2)cc1,c1ccc(CCC2CCc3ccccc3N2)cc1,68.0
CC(=O)C(=CN)Cc1ccccc1,c1ccccc1,95.0
O=C(OCCC(OC(=O)c1ccccc1)c1ccccc1)c1ccccc1,O=C(OCCC(OC(=O)c1ccccc1)c1ccccc1)c1ccccc1,51.0
O=C(CCc1ccccc1)NNc1ccccc1,O=C(CCc1ccccc1)NNc1ccccc1,117.0
O=C(O)c1nc(O)n(-c2ccccc2)n1,c1ccc(-n2cncn2)cc1,180.0
CCCC(=O)NNc1ccccc1,c1ccccc1,104.0
Oc1nc(C2CCCCC2)nn1-c1ccccc1,c1ccc(-n2cnc(C3CCCCC3)n2)cc1,197.0
CCCc1nn(-c2ccccc2)c(=O)n1C(N)=O,O=c1[nH]cnn1-c1ccccc1,133.0
CC(Br)C(Br)c1nc(O)n(-c2ccccc2)n1,c1ccc(-n2cncn2)cc1,128.0
Oc1nc(CCc2ccccc2)nn1-c1ccccc1,c1ccc(CCc2ncn(-c3ccccc3)n2)cc1,182.0
CCCc1nc(OC(C)=O)n(-c2ccccc2)n1,c1ccc(-n2cncn2)cc1,84.0
CCCc1nc(O)n(-c2ccccc2)n1,c1ccc(-n2cncn2)cc1,146.0
CC(=O)Oc1nc(C2CCCCC2)nn1-c1ccccc1,c1ccc(-n2cnc(C3CCCCC3)n2)cc1,108.0
CC(=O)Oc1nc(CCc2ccccc2)nn1-c1ccccc1,c1ccc(CCc2ncn(-c3ccccc3)n2)cc1,109.0
NC(=O)n1c(C2CCCCC2)nn(-c2ccccc2)c1=O,O=c1[nH]c(C2CCCCC2)nn1-c1ccccc1,198.0
NCc1ccc2c(Br)cccc2c1,c1ccc2ccccc2c1,112.0
Brc1cccc2cc(C=NNc3ccccc3)ccc12,C(=NNc1ccccc1)c1ccc2ccccc2c1,151.0
NC(=O)NN=Cc1ccc2c(Br)cccc2c1,c1ccc2ccccc2c1,270.0
O=Cc1ccc2c(Br)cccc2c1,c1ccc2ccccc2c1,78.0
Brc1cccc2c(CNCc3cccc4c(Br)cccc34)cccc12,c1ccc2c(CNCc3cccc4ccccc34)cccc2c1,142.0
NCc1cccc2c(Br)cccc12,c1ccc2ccccc2c1,139.0
N#Cc1cccc2c(NC(=O)c3ccccc3)cccc12,O=C(Nc1cccc2ccccc12)c1ccccc1,212.0
N#Cc1cccc2c(N)cccc12,c1ccc2ccccc2c1,137.0
O=C1C(C(Br)C2(Br)C(=O)N(c3ccccc3)N=C2c2ccc([N+](=O)[O-])cc2)C(c2ccc([N+](=O)[O-])cc2)=NN1c1ccccc1,O=C1C(CC2C(=O)N(c3ccccc3)N=C2c2ccccc2)C(c2ccccc2)=NN1c1ccccc1,309.0
CC(=O)Nc1ccc(C2=NN(c3ccccc3)C(=O)C2)cc1,O=C1CC(c2ccccc2)=NN1c1ccccc1,210.0
Nc1ccc(C2=NN(c3ccccc3)C(=O)C2)cc1,O=C1CC(c2ccccc2)=NN1c1ccccc1,160.0
O=C1CC(c2ccc([N+](=O)[O-])cc2)=NN1c1ccccc1,O=C1CC(c2ccccc2)=NN1c1ccccc1,189.0
CCOC(=O)C1=NN(c2ccccc2)C(=O)C1C(Cl)C1C(=O)N(c2ccccc2)N=C1C(=O)OCC,O=C1C(CC2C=NN(c3ccccc3)C2=O)C=NN1c1ccccc1,221.0
CCOC(=O)C1=NN(c2ccc(Cl)cc2Cl)C(=O)C1C(Cl)C1(Cl)C(=O)N(c2ccc(Cl)cc2Cl)N=C1C(=O)OCC,O=C1C(CC2C=NN(c3ccccc3)C2=O)C=NN1c1ccccc1,99.0
CCOC(=O)C1=NN(c2ccccc2)C(=O)C1C(Br)C1(Br)C(=O)N(c2ccccc2)N=C1C(=O)OCC,O=C1C(CC2C=NN(c3ccccc3)C2=O)C=NN1c1ccccc1,201.0
CCOC(=O)C1=NN(c2ccccc2)C(=O)C1CC1C(=O)N(c2ccccc2)N=C1C(=O)OCC,O=C1C(CC2C=NN(c3ccccc3)C2=O)C=NN1c1ccccc1,179.0
CC1=NN(c2ccccc2)C(=O)C1C(Br)C1(Br)C(=O)N(c2ccccc2)N=C1C,O=C1C(CC2C=NN(c3ccccc3)C2=O)C=NN1c1ccccc1,308.0
CC1=NN(c2ccccc2)C(=O)C1=C(Br)C1C(=O)N(c2ccccc2)N=C1C,O=C1C(=CC2C=NN(c3ccccc3)C2=O)C=NN1c1ccccc1,219.0
CC1=NN(c2ccccc2)C(=O)C1Cc1ccc(O)cc1,O=C1C(Cc2ccccc2)C=NN1c1ccccc1,210.0
CC1=NN(c2ccccc2)C(=O)C1C(c1ccc(O)cc1)C1C(=O)N(c2ccccc2)N=C1C,O=C1C(C(c2ccccc2)C2C=NN(c3ccccc3)C2=O)C=NN1c1ccccc1,241.0
CC1=NN(c2ccccc2)C(=O)C1Cc1ccccc1O,O=C1C(Cc2ccccc2)C=NN1c1ccccc1,140.0
COC(=O)C12ON1c1ccccc1C2=O,O=C1c2ccccc2N2OC12,221.0
CC(=O)Nc1ccccc1CCN(CCc1ccccc1NC(C)=O)N=O,c1ccc(CCNCCc2ccccc2)cc1,172.0
CC(=O)Nc1ccccc1CCN(CCc1ccccc1NC(C)=O)C(C)=O,c1ccc(CCNCCc2ccccc2)cc1,189.0
CC(=O)Nc1ccccc1CCNCCc1ccccc1NC(C)=O,c1ccc(CCNCCc2ccccc2)cc1,110.0
N#CC(c1ccccc1[N+](=O)[O-])c1ccccc1[N+](=O)[O-],c1ccc(Cc2ccccc2)cc1,110.0
CC(=O)n1c2ccccc2c2cc3ccccc3nc21,c1ccc2nc3[nH]c4ccccc4c3cc2c1,187.0
CC1CCC(C)(C(=O)NNc2ccccc2)C1(C)C,O=C(NNc1ccccc1)C1CCCC1,92.0
BrC(C(Br)=C(Br)c1ccccc1)=C(Br)c1ccccc1,C(C=Cc1ccccc1)=Cc1ccccc1,236.0
CC1CCC(C(C)C)C(OC(=O)C2(C)CCC(C)C2(C)C)C1,O=C(OC1CCCCC1)C1CCCC1,50.0
CC1(C)C2CC3C(c4ccccc4)(C2=C(c2ccccc2)c2ccccc2)C31C,c1ccc(C(=C2C3CC4C(C3)C24c2ccccc2)c2ccccc2)cc1,164.0
C=C1C2CC(C(=C(c3ccccc3)c3ccccc3)C2c2ccccc2)C1(C)C,C=C1CC2CC1C(c1ccccc1)C2=C(c1ccccc1)c1ccccc1,115.0
COc1ccc(C23C(=C(c4ccccc4)c4ccccc4)C4CC2C3(C)C4(C)C)cc1,c1ccc(C(=C2C3CC4C(C3)C24c2ccccc2)c2ccccc2)cc1,124.0
CC(=O)Nc1cc(CCNC(=O)c2ccccc2)cc(NC(C)=O)c1CCNC(=O)c1ccccc1,O=C(NCCc1ccc(CCNC(=O)c2ccccc2)cc1)c1ccccc1,268.0
O=C(NCCc1cc([N+](=O)[O-])c(CCNC(=O)c2ccccc2)c([N+](=O)[O-])c1)c1ccccc1,O=C(NCCc1ccc(CCNC(=O)c2ccccc2)cc1)c1ccccc1,217.0
CC(=O)Nc1cc(CCNC(=O)c2ccccc2)c(NC(C)=O)cc1CCNC(=O)c1ccccc1,O=C(NCCc1ccc(CCNC(=O)c2ccccc2)cc1)c1ccccc1,285.0
CC(=O)Nc1cc(CCNC(=O)c2ccccc2)ccc1CCNC(=O)c1ccccc1,O=C(NCCc1ccc(CCNC(=O)c2ccccc2)cc1)c1ccccc1,176.0
Nc1cc(CCNC(=O)c2ccccc2)ccc1CCNC(=O)c1ccccc1,O=C(NCCc1ccc(CCNC(=O)c2ccccc2)cc1)c1ccccc1,210.0
CN(C)c1ccc(N=C(C#N)c2ccc(C(C#N)=Nc3ccc(N(C)C)cc3)cc2)cc1,C(=Nc1ccccc1)c1ccc(C=Nc2ccccc2)cc1,240.0
O=C(O)Cc1ccc2c(c1)NC(=O)C2,O=C1Cc2ccccc2N1,238.0
Nc1nc2cc3nc(N)c(-c4ccccc4)cc3cc2cc1-c1ccccc1,c1ccc(-c2cnc3cc4ncc(-c5ccccc5)cc4cc3c2)cc1,301.0
CC(=O)N=c1c(-c2ccccc2)cc2cc3cc(-c4ccccc4)c(=NC(C)=O)n(C(C)=O)c3cc2n1C(C)=O,N=c1[nH]c2cc3[nH]c(=N)c(-c4ccccc4)cc3cc2cc1-c1ccccc1,239.0
CC(=O)Nc1ccccc1CCc1ccccc1NC(C)=O,c1ccc(CCc2ccccc2)cc1,250.0
CC(=O)Nc1ccccc1C1C=c2ccccc2=N1,C1=c2ccccc2=NC1c1ccccc1,152.0
O=C(Cc1ccccc1[N+](=O)[O-])c1ccccc1[N+](=O)[O-],O=C(Cc1ccccc1)c1ccccc1,166.0
CC12CCC(C(COC=O)C1=O)C2(C)C,O=C1CC2CCC1C2,74.0
CC12CCC(C(COC(=O)c3ccccc3)C1=O)C2(C)C,O=C(OCC1C(=O)C2CCC1C2)c1ccccc1,96.0
CC12CCC(C(Br)(CBr)C1=O)C2(C)C,O=C1CC2CCC1C2,109.0
CC12CCC(C(CCC3C(=O)C4(C)CCC3C4(C)C)C1=O)C2(C)C,O=C1C2CCC(C2)C1CCC1C(=O)C2CCC1C2,210.0
C=C1C(=O)C2(C)CCC1C2(C)C,C=C1C(=O)C2CCC1C2,45.0
CC12CCC(C(=CC=C3C(=O)C4(C)CCC3C4(C)C)C1=O)C2(C)C,O=C1C(=CC=C2C(=O)C3CCC2C3)C2CCC1C2,240.0
Cc1ccc(NC(=O)CC2C(=O)C3(C)CCC2C3(C)C)cc1,O=C(CC1C(=O)C2CCC1C2)Nc1ccccc1,158.0
CC1(C)C2CCC1(C)C(O)C2CCO,C1CC2CCC1C2,83.0
CC12CCC(C(CC(N)=O)C1=O)C2(C)C,O=C1CC2CCC1C2,101.0
CC(=NNC(N)=O)c1cccc(C(C)=NNC(N)=O)c1,c1ccccc1,238.0
O=C1CC(c2cccc(C3=NN(c4ccccc4)C(=O)C3)c2)=NN1c1ccccc1,O=C1CC(c2cccc(C3=NN(c4ccccc4)C(=O)C3)c2)=NN1c1ccccc1,263.0
CC12CCC(C3(CCC(=O)O3)C1=O)C2(C)C,O=C1CCC2(O1)C(=O)C1CCC2C1,207.0
CC12CCC(c3c(Br)cc(=O)oc31)C2(C)C,O=c1ccc2c(o1)C1CCC2C1,105.0
N#Cc1ccc(N2N=N2)cc1,c1ccc(N2N=N2)cc1,70.0
c1cc2c(cc1N1N=N1)OCO2,c1cc2c(cc1N1N=N1)OCO2,129.0
COC(=O)c1ccc(N2N=N2)cc1,c1ccc(N2N=N2)cc1,40.0
CC(=O)ON(C=C1C(=O)C2(C)CCC1C2(C)C)c1ccccc1,O=C1C(=CNc2ccccc2)C2CCC1C2,163.0
CC12CCC(C(=CN(Cl)c3ccccc3)C1=O)C2(C)C,O=C1C(=CNc2ccccc2)C2CCC1C2,103.0
CC12CCC(C(=CN(OC(=O)c3ccc([N+](=O)[O-])cc3)c3ccccc3)C1=O)C2(C)C,O=C(ON(C=C1C(=O)C2CCC1C2)c1ccccc1)c1ccccc1,180.0
CC12CCC(C(=CNc3ccc(Cl)cc3)C1=O)C2(C)C,O=C1C(=CNc2ccccc2)C2CCC1C2,168.0
CC12CCC(c3cn(-c4ccccc4)nc31)C2(C)C,c1ccc(-n2cc3c(n2)C2CCC3C2)cc1,125.0
CC12CCC(C(=CNc3ccccc3)C1=O)C2(C)C,O=C1C(=CNc2ccccc2)C2CCC1C2,166.0
CC(=O)Oc1ccc(NC=C2C(=O)C3(C)CCC2C3(C)C)cc1,O=C1C(=CNc2ccccc2)C2CCC1C2,222.0
CC12CCC(C(C(Br)N(O)c3ccccc3)C1=O)C2(C)C,O=C1C2CCC(C2)C1CNc1ccccc1,121.0
CON(C=C1C(=O)C2(C)CCC1C2(C)C)c1ccccc1,O=C1C(=CNc2ccccc2)C2CCC1C2,76.0
COc1ccc(NC=C2C(=O)C3(C)CCC2C3(C)C)cc1,O=C1C(=CNc2ccccc2)C2CCC1C2,171.0
CC12CCC(C(=CN(O)c3ccccc3)C1=O)C2(C)C,O=C1C(=CNc2ccccc2)C2CCC1C2,107.0
CC12CCC(C(=C3OC(C4C(=O)C5(C)CCC4C5(C)C)C3=O)C1=O)C2(C)C,O=C1C(=C2OC(C3C(=O)C4CCC3C4)C2=O)C2CCC1C2,196.0
CC12CCC(C(C(=O)c3ccccc3)C1=O)C2(C)C,O=C(c1ccccc1)C1C(=O)C2CCC1C2,98.0
CC(=O)C1C(=O)C2(C)CCC1C2(C)C,O=C1CC2CCC1C2,201.0
CC12CCC(C(C(=O)c3cccc4ccccc34)C1=O)C2(C)C,O=C(c1cccc2ccccc12)C1C(=O)C2CCC1C2,104.0
CC(=O)Nc1ccc(-c2ccc(NC(C)=O)cc2NC(C)=O)c(NC(C)=O)c1,c1ccc(-c2ccccc2)cc1,283.0
O=C(Oc1cccc(N=Nc2cccc(OC(=O)c3ccccc3)c2)c1)c1ccccc1,O=C(Oc1cccc(N=Nc2cccc(OC(=O)c3ccccc3)c2)c1)c1ccccc1,180.0
CC(=O)Oc1cccc(N=Nc2cccc(OC(C)=O)c2)c1,c1ccc(N=Nc2ccccc2)cc1,144.0
O=C(Oc1cccc(N=[N+]([O-])c2cccc(OC(=O)c3ccccc3)c2)c1)c1ccccc1,O=C(Oc1cccc(N=[NH+]c2cccc(OC(=O)c3ccccc3)c2)c1)c1ccccc1,175.0
CC(=O)Oc1cccc(N=[N+]([O-])c2cccc(OC(C)=O)c2)c1,c1ccc(N=[NH+]c2ccccc2)cc1,102.0
O=C(Nc1cccc(N=[N+]([O-])c2cccc(NC(=O)c3ccccc3)c2)c1)c1ccccc1,O=C(Nc1cccc(N=[NH+]c2cccc(NC(=O)c3ccccc3)c2)c1)c1ccccc1,247.0
CC(=O)Nc1cccc(N=[N+]([O-])c2cccc(NC(C)=O)c2)c1,c1ccc(N=[NH+]c2ccccc2)cc1,254.0
CC(=O)Nc1cccc(N=Nc2cccc(NC(C)=O)c2)c1,c1ccc(N=Nc2ccccc2)cc1,272.0
O=C(Nc1cccc(N=Nc2cccc(NC(=O)c3ccccc3)c2)c1)c1ccccc1,O=C(Nc1cccc(N=Nc2cccc(NC(=O)c3ccccc3)c2)c1)c1ccccc1,285.0
O=C(Oc1cccc([N+](=O)[O-])c1)c1ccccc1,O=C(Oc1ccccc1)c1ccccc1,95.0
NCCc1cccc(CCO)c1,c1ccccc1,264.0
CC(=O)Nc1cccc(NCC(=O)c2ccccc2)c1,O=C(CNc1ccccc1)c1ccccc1,171.0
O=C(CNc1cccc([N+](=O)[O-])c1)c1ccccc1,O=C(CNc1ccccc1)c1ccccc1,169.0
CNC1=CC2=NC(OC)=CC2=CC1,C1=CC2=NC=CC2=CC1,165.0
CC(=O)Nc1ccc2c(c1)NC(=O)C2,O=C1Cc2ccccc2N1,335.0
CCOC(=O)C(Nc1cccc(NC(C(=O)OCC)C(=O)OCC)c1)C(=O)OCC,c1ccccc1,79.0
O=C(CNc1cccc(NCC(=O)c2ccccc2)c1)c1ccccc1,O=C(CNc1cccc(NCC(=O)c2ccccc2)c1)c1ccccc1,164.0
O=C(CNc1ccc(NCC(=O)c2ccccc2)cc1)c1ccccc1,O=C(CNc1ccc(NCC(=O)c2ccccc2)cc1)c1ccccc1,151.0
COC(=O)CCc1c([N+](=O)[O-])cc2c(c1[N+](=O)[O-])NC(=O)CC2,O=C1CCc2ccccc2N1,166.0
O=C(O)CCc1cc2c(cc1[N+](=O)[O-])CCC(=O)N2,O=C1CCc2ccccc2N1,258.0
CCOC(=O)CCc1ccc2c(c1)NC(=O)CC2,O=C1CCc2ccccc2N1,124.0
COC(=O)CCc1ccc2c(c1)NC(=O)CC2,O=C1CCc2ccccc2N1,143.0
O=C(O)CCc1ccc2c(c1)NC(=O)CC2,O=C1CCc2ccccc2N1,240.0
O=[N+]([O-])c1cc(C=Nc2ccccc2)ccc1C=Nc1ccccc1,C(=Nc1ccccc1)c1ccc(C=Nc2ccccc2)cc1,134.0
O=Cc1ccc(C=O)c([N+](=O)[O-])c1,c1ccccc1,97.0
CCOC(=O)c1cc(C(=O)O)c([N+](=O)[O-])cc1[N+](=O)[O-],c1ccccc1,154.0
O=C(c1ccccc1)c1cc(C(=O)c2ccccc2)c([N+](=O)[O-])cc1[N+](=O)[O-],O=C(c1ccccc1)c1cccc(C(=O)c2ccccc2)c1,174.0
CC(=O)N1c2cc3[nH]c(C)cc3cc2CC1C,c1cc2cc3c(cc2[nH]1)NCC3,275.0
CCOC(CN=Cc1ccc(C=NCC(OCC)OCC)c([N+](=O)[O-])c1)OCC,c1ccccc1,38.0
O=[N+]([O-])CC(Nc1ccccc1)c1cccc(C(C[N+](=O)[O-])Nc2ccccc2)c1,c1ccc(NCc2cccc(CNc3ccccc3)c2)cc1,127.0
O=C(C[N+](=O)[O-])c1cccc(C(=O)C[N+](=O)[O-])c1,c1ccccc1,160.0
O=[N+]([O-])c1cc(C(O)Cc2ccc3ccccc3n2)ccc1C(O)Cc1ccc2ccccc2n1,c1ccc2nc(CCc3ccc(CCc4ccc5ccccc5n4)cc3)ccc2c1,172.0
CCOC(CN=Cc1cccc(C=NCC(OCC)OCC)c1)OCC,c1ccccc1,61.0
O=C(O)C(=S)Cc1cccc(CC(=S)C(=O)O)c1,c1ccccc1,85.0
O=C(CCl)c1cccc(C(=O)CCl)c1,c1ccccc1,90.0
O=C(Cc1ccccc1)CC(c1ccco1)N1CCCCC1,O=C(Cc1ccccc1)CC(c1ccco1)N1CCCCC1,130.0
O=C(Cc1ccccc1)C(c1ccccc1)N1CCCCC1,O=C(Cc1ccccc1)C(c1ccccc1)N1CCCCC1,137.0
O=C(Nc1ccccc1C#CC#Cc1ccccc1NC(=O)c1ccccc1)c1ccccc1,O=C(Nc1ccccc1C#CC#Cc1ccccc1NC(=O)c1ccccc1)c1ccccc1,211.0
O=C(Nc1ccccc1CCCCc1ccccc1NC(=O)c1ccccc1)c1ccccc1,O=C(Nc1ccccc1CCCCc1ccccc1NC(=O)c1ccccc1)c1ccccc1,211.0
CC(=O)Nc1ccccc1CCCCc1ccccc1NC(C)=O,c1ccc(CCCCc2ccccc2)cc1,236.0
Nc1ccccc1CCCCc1ccccc1N,c1ccc(CCCCc2ccccc2)cc1,74.0
Clc1cc(C(Cl)Cl)c(Cl)cc1C(Cl)Cl,c1ccccc1,72.0
CC(=O)NCCc1ccccc1NC(C)=O,c1ccccc1,144.0
COC(=O)NCCc1ccccc1NC(C)=O,c1ccccc1,107.0
O=[N+]([O-])C(Br)C(Br)c1cccc(C(Br)C(Br)[N+](=O)[O-])c1,c1ccccc1,147.0
Nc1ccccc1NNc1ccccc1,c1ccc(NNc2ccccc2)cc1,107.0
[O-][N+](=Nc1ccc(N=Nc2ccccc2)cc1)c1ccc(N=Nc2ccc(N=Nc3ccccc3)cc2)cc1,c1ccc(N=Nc2ccc(N=Nc3ccc([NH+]=Nc4ccc(N=Nc5ccccc5)cc4)cc3)cc2)cc1,253.0
CC(=O)Nc1ccc(N=Nc2ccc(N(Nc3ccc(NC(C)=O)cc3)C(C)=O)cc2)cc1,c1ccc(N=Nc2ccc(NNc3ccccc3)cc2)cc1,218.0
CC(=O)Nc1ccc(-c2ccc(N(Nc3ccccc3)C(C)=O)cc2)cc1,c1ccc(NNc2ccc(-c3ccccc3)cc2)cc1,233.0
CC(=O)N(Nc1ccccc1)c1ccc(-c2ccc(N=Nc3ccccc3)cc2)cc1,c1ccc(N=Nc2ccc(-c3ccc(NNc4ccccc4)cc3)cc2)cc1,244.0
CC(=O)Nc1ccccc1NNc1ccccc1,c1ccc(NNc2ccccc2)cc1,168.0
CC(=O)Nc1ccc(N(Nc2ccccc2)C(C)=O)cc1,c1ccc(NNc2ccccc2)cc1,199.0
Nc1ccc(-c2ccc(NNc3ccccc3)cc2)cc1,c1ccc(NNc2ccc(-c3ccccc3)cc2)cc1,140.0
CC(=O)Nc1ccc(-c2ccc(N=Nc3ccccc3)cc2)cc1,c1ccc(N=Nc2ccc(-c3ccccc3)cc2)cc1,237.0
CC(=O)N(Nc1ccccc1)c1ccc(-c2ccc(N(Nc3ccccc3)C(C)=O)cc2)cc1,c1ccc(NNc2ccc(-c3ccc(NNc4ccccc4)cc3)cc2)cc1,235.0
COc1ccc(C=Nc2ccc(-c3ccc(N=Nc4ccccc4)cc3)cc2)cc1,C(=Nc1ccc(-c2ccc(N=Nc3ccccc3)cc2)cc1)c1ccccc1,215.0
c1ccc(N=Nc2ccc(-c3ccc(NNc4ccccc4)cc3)cc2)cc1,c1ccc(N=Nc2ccc(-c3ccc(NNc4ccccc4)cc3)cc2)cc1,173.0
CC(=O)N(Nc1ccc(-c2ccc([N+](=O)[O-])cc2)cc1)c1ccccc1,c1ccc(NNc2ccc(-c3ccccc3)cc2)cc1,161.0
O=[N+]([O-])c1ccc(-c2ccc(N=Nc3ccccc3)cc2)cc1,c1ccc(N=Nc2ccc(-c3ccccc3)cc2)cc1,179.0
C(=Nc1ccc(-c2ccc(N=Nc3ccccc3)cc2)cc1)c1ccccc1,C(=Nc1ccc(-c2ccc(N=Nc3ccccc3)cc2)cc1)c1ccccc1,226.0
Nc1cc2nc3c(cc2cc1C=O)CCCC3,c1ccc2nc3c(cc2c1)CCCC3,218.0
c1ccc(N=Nc2ccc(N=Nc3ccc(N=Nc4ccccc4)cc3)cc2)cc1,c1ccc(N=Nc2ccc(N=Nc3ccc(N=Nc4ccccc4)cc3)cc2)cc1,233.0
CC(=O)Nc1ccc(N=Nc2ccc(N=Nc3ccc(N=Nc4ccc(NC(C)=O)cc4)cc3)cc2)cc1,c1ccc(N=Nc2ccc(N=Nc3ccc(N=Nc4ccccc4)cc3)cc2)cc1,247.0
Nc1ccc(N=Nc2ccc(N=Nc3ccc(N=Nc4ccc(N=Nc5ccc(N)cc5)cc4)cc3)cc2)cc1,c1ccc(N=Nc2ccc(N=Nc3ccc(N=Nc4ccc(N=Nc5ccccc5)cc4)cc3)cc2)cc1,292.0
c1ccc(N=Nc2ccc(N=Nc3ccc(N=Nc4ccc(N=Nc5ccccc5)cc4)cc3)cc2)cc1,c1ccc(N=Nc2ccc(N=Nc3ccc(N=Nc4ccc(N=Nc5ccccc5)cc4)cc3)cc2)cc1,275.0
O=C(Nc1ccc(N=Nc2ccc(N=Nc3ccc(NC(=O)c4ccccc4)cc3)cc2)cc1)c1ccccc1,O=C(Nc1ccc(N=Nc2ccc(N=Nc3ccc(NC(=O)c4ccccc4)cc3)cc2)cc1)c1ccccc1,336.0
Nc1ccc(N=Nc2ccc(N=Nc3ccc(N)cc3)cc2)cc1,c1ccc(N=Nc2ccc(N=Nc3ccccc3)cc2)cc1,247.0
CC(=O)N(Nc1ccccc1)c1ccc(N=Nc2ccccc2)cc1,c1ccc(N=Nc2ccc(NNc3ccccc3)cc2)cc1,186.0
O=C(Cc1cc(CC(=O)Nc2ccccc2)c([N+](=O)[O-])cc1[N+](=O)[O-])Nc1ccccc1,O=C(Cc1cccc(CC(=O)Nc2ccccc2)c1)Nc1ccccc1,267.0
CCOC(=O)Cc1cc(CC(=O)OCC)c(NC(=O)OCC)cc1NC(=O)OCC,c1ccccc1,140.0
CN(C)c1ccc(N=C(C#N)c2cccc(C(C#N)=Nc3ccc(N(C)C)cc3)c2)cc1,C(=Nc1ccccc1)c1cccc(C=Nc2ccccc2)c1,150.0
CC(=O)N1C(=O)Cc2cc3c(cc21)N(C(C)=O)C(=O)C3,O=C1Cc2cc3c(cc2N1)NC(=O)C3,295.0
CCCC(O)C(O)(CC)C1CCCCC1,C1CCCCC1,78.0
CCC(C(=O)Nc1ccc(C)cc1)C1CCC(OC)CC1,O=C(CC1CCCCC1)Nc1ccccc1,144.0
CCC(C(=O)Nc1cccc2ccccc12)C1CCC(OC)CC1,O=C(CC1CCCCC1)Nc1cccc2ccccc12,163.0
CCC1(C2CCC(OC)CC2)C(=O)NC(=O)NC1=O,O=C1NC(=O)C(C2CCCCC2)C(=O)N1,240.0
COC1CCC(C2C(=O)NC(=O)NC2=O)CC1,O=C1NC(=O)C(C2CCCCC2)C(=O)N1,215.0
COC1CCC(CC(=O)O)CC1,C1CCCCC1,78.0
O=C(CNc1ccccc1)Nc1ccc(Br)cc1,O=C(CNc1ccccc1)Nc1ccccc1,154.0
COc1ccc(NCC(=O)Nc2ccc(OC)cc2)cc1,O=C(CNc1ccccc1)Nc1ccccc1,132.0
O=C(c1ccccc1)N(CC(=Nc1ccccc1)Nc1ccccc1)c1ccccc1,O=C(c1ccccc1)N(CC(=Nc1ccccc1)Nc1ccccc1)c1ccccc1,142.0
c1ccc(-c2ccc(N=C(CNc3ccc(-c4ccccc4)cc3)Nc3ccc(-c4ccccc4)cc3)cc2)cc1,c1ccc(-c2ccc(N=C(CNc3ccc(-c4ccccc4)cc3)Nc3ccc(-c4ccccc4)cc3)cc2)cc1,190.0
CCOc1ccc(N=C(CNc2ccc(OCC)cc2)Nc2ccc(OCC)cc2)cc1,c1ccc(N=C(CNc2ccccc2)Nc2ccccc2)cc1,113.0
COc1ccc(N=C(CNc2ccc(OC)cc2)Nc2ccc(OC)cc2)cc1,c1ccc(N=C(CNc2ccccc2)Nc2ccccc2)cc1,159.0
Cc1ccc(N=C(CNc2ccc(C)cc2)Nc2ccc(C)cc2)cc1,c1ccc(N=C(CNc2ccccc2)Nc2ccccc2)cc1,136.0
c1ccc(-c2ccc3cc4ccc(-c5ccccc5)nc4cc3n2)cc1,c1ccc(-c2ccc3cc4ccc(-c5ccccc5)nc4cc3n2)cc1,279.0
CCOC(=O)c1cc2cc3cc(C(=O)OCC)c(C)nc3cc2nc1C,c1cnc2cc3ncccc3cc2c1,167.0
O=[N+]([O-])c1cc([N+](=O)[O-])c(C2CO2)cc1C1CO1,c1cc(C2CO2)cc(C2CO2)c1,154.0
O=[N+]([O-])c1cc([N+](=O)[O-])c(C=Nc2ccccc2)cc1C=Nc1ccccc1,C(=Nc1ccccc1)c1cccc(C=Nc2ccccc2)c1,165.0
CC(=O)c1c(C)nc2cc3nc(C)c(C(C)=O)c(C)c3cc2c1C,c1cnc2cc3ncccc3cc2c1,247.0
Cc1cc(-c2ccccc2)nc2cc3nc(-c4ccccc4)cc(C)c3cc12,c1ccc(-c2ccc3cc4ccc(-c5ccccc5)nc4cc3n2)cc1,285.0
N#[N+]CC(=O)c1cc(C(=O)C[N+]#N)c([N+](=O)[O-])cc1[N+](=O)[O-],c1ccccc1,148.0
O=C(Cl)c1cc(C(=O)Cl)c([N+](=O)[O-])cc1[N+](=O)[O-],c1ccccc1,107.0
CC(=O)Nc1ccccc1C(=O)CCl,c1ccccc1,113.0
O=[N+]([O-])c1ccccc1C(Br)C(Br)c1ccccn1,c1ccc(CCc2ccccn2)cc1,182.0
CC1CSC(C=Cc2ccccc2[N+](=O)[O-])S1,C(=CC1SCCS1)c1ccccc1,70.0
O=C1C(c2ccccn2)=Nc2ccccc21,O=C1C(c2ccccn2)=Nc2ccccc21,186.0
CC(=O)OC1=c2ccccc2=NC1c1ccccn1,C1=c2ccccc2=NC1c1ccccn1,130.0
O=[N+]([O-])c1ccccc1C#Cc1ccccn1,C(#Cc1ccccn1)c1ccccc1,55.0
O=[N+]([O-])c1ccccc1C(Cl)C(Cl)c1ccccn1,c1ccc(CCc2ccccn2)cc1,144.0
Nc1c(C=Cc2ccccc2)ccc2c1C(=O)c1ccccc1C2=O,O=C1c2ccccc2C(=O)c2cc(C=Cc3ccccc3)ccc21,214.0
O=C(c1ccc2c3c(cccc13)CC2)C(O)c1ccccc1,O=C(Cc1ccccc1)c1ccc2c3c(cccc13)CC2,138.0
O=C(C(=O)c1ccc2c3c(cccc13)CC2)c1ccccc1,O=C(C(=O)c1ccc2c3c(cccc13)CC2)c1ccccc1,148.0
c1ccc(-c2nc3ccccc3nc2-c2ccc3c4c(cccc24)CC3)cc1,c1ccc(-c2nc3ccccc3nc2-c2ccc3c4c(cccc24)CC3)cc1,162.0
O=C(OC(C(=O)c1ccc2c3c(cccc13)CC2)c1ccccc1)c1ccccc1,O=C(OC(C(=O)c1ccc2c3c(cccc13)CC2)c1ccccc1)c1ccccc1,156.0
O=C(c1ccc2c3c(cccc13)CC2)C(Br)c1ccccc1,O=C(Cc1ccccc1)c1ccc2c3c(cccc13)CC2,118.0
O=C(C(=O)c1cccc2ccccc12)c1ccccc1,O=C(C(=O)c1cccc2ccccc12)c1ccccc1,102.0
O=C(c1cccc2ccccc12)C(O)c1ccccc1,O=C(Cc1ccccc1)c1cccc2ccccc12,105.0
C(#Cc1ccc2ccccc2c1)c1ccccc1,C(#Cc1ccc2ccccc2c1)c1ccccc1,117.0
c1ccc(-c2nc3ccccc3nc2-c2ccc3ccccc3c2)cc1,c1ccc(-c2nc3ccccc3nc2-c2ccc3ccccc3c2)cc1,122.0
c1ccc(-c2nc3ccccc3nc2-c2cccc3ccccc23)cc1,c1ccc(-c2nc3ccccc3nc2-c2cccc3ccccc23)cc1,138.0
O=C(c1ccc2ccccc2c1)C(O)c1ccccc1,O=C(Cc1ccccc1)c1ccc2ccccc2c1,152.0
O=C(c1cccc2ccccc12)C(Br)c1ccccc1,O=C(Cc1ccccc1)c1cccc2ccccc12,64.0
O=C(CCl)c1cc(C(=O)CCl)c([N+](=O)[O-])cc1[N+](=O)[O-],c1ccccc1,148.0
N#Cc1ccc(C(Cl)C(Cl)c2cccc(C(Cl)C(Cl)c3ccc(C#N)cc3[N+](=O)[O-])c2)c([N+](=O)[O-])c1,c1ccc(CCc2cccc(CCc3ccccc3)c2)cc1,248.0
N#Cc1ccc(C(Cl)C(Cl)c2ccc(C(Cl)C(Cl)c3ccc(C#N)cc3[N+](=O)[O-])cc2)c([N+](=O)[O-])c1,c1ccc(CCc2ccc(CCc3ccccc3)cc2)cc1,278.0
O=C1C(c2cccc(C3=[N+]([O-])c4cc([N+](=O)[O-])ccc4C3=O)c2)=[N+]([O-])c2cc([N+](=O)[O-])ccc21,O=C1C(c2cccc(C3=[NH+]c4ccccc4C3=O)c2)=[NH+]c2ccccc21,287.0
O=[N+]([O-])c1ccc(C(Br)C(Br)c2ccc(C(Br)C(Br)c3ccc([N+](=O)[O-])cc3[N+](=O)[O-])cc2)c([N+](=O)[O-])c1,c1ccc(CCc2ccc(CCc3ccccc3)cc2)cc1,265.0
CCOC(=O)C(C(=O)OCC)C(Br)c1cc(C(Br)C(C(=O)OCC)C(=O)OCC)c([N+](=O)[O-])cc1[N+](=O)[O-],c1ccccc1,130.0
O=C(NC(=C(NC(=O)c1ccccc1)c1ccccc1)c1ccccc1)c1ccccc1,O=C(NC(=C(NC(=O)c1ccccc1)c1ccccc1)c1ccccc1)c1ccccc1,100.0
NC(=C(N)c1ccccc1)c1ccccc1,C(=Cc1ccccc1)c1ccccc1,108.0
CC(=O)Nc1ccccc1C#Cc1ccccc1,C(#Cc1ccccc1)c1ccccc1,119.0
COC(=O)C(Cl)C(Cl)c1cccc(C(Cl)C(Cl)C(=O)OC)c1,c1ccccc1,131.0
O=C(O)C(Br)C(Br)c1cccc(C(Br)C(Br)C(=O)O)c1,c1ccccc1,225.0
O=C(O)CCc1ccc2c(c1)CCC(=O)N2,O=C1CCc2ccccc2N1,234.0
COC(=O)C#Cc1cccc(C#CC(=O)OC)c1,c1ccccc1,93.0
O=C(O)C#Cc1cccc(C#CC(=O)O)c1,c1ccccc1,209.0
CCOC(=O)C(Cl)(Cc1cc(CC(Cl)(C(=O)OCC)C(=O)OCC)c([N+](=O)[O-])cc1[N+](=O)[O-])C(=O)OCC,c1ccccc1,146.0
COC(=O)C(Br)C(Br)c1cccc(C(Br)C(Br)C(=O)OC)c1,c1ccccc1,145.0
CCOC(=O)C(=Cc1cc(C=C(C(=O)OCC)C(=O)OCC)cc([N+](=O)[O-])c1)C(=O)OCC,c1ccccc1,80.0
CCOC(=O)C(=Cc1cc(N)cc(C=C(C(=O)OCC)C(=O)OCC)c1)C(=O)OCC,c1ccccc1,174.0
COC(=O)CCc1ccc2c(c1)CCC(=O)N2,O=C1CCc2ccccc2N1,134.0
CC(=O)Nc1ccccc1CCc1ccccc1,c1ccc(CCc2ccccc2)cc1,117.0
CCOC(=O)C1Cc2cc3c(cc2NC1=O)NC(=O)C(C(=O)OCC)C3,O=C1CCc2cc3c(cc2N1)NC(=O)CC3,242.0
O=C1NC(=O)C(Cc2cccc(CC3C(=O)NC(=O)NC3=O)c2)C(=O)N1,O=C1NC(=O)C(Cc2cccc(CC3C(=O)NC(=O)NC3=O)c2)C(=O)N1,272.0
O=C1NC(=O)C(=Cc2cccc(C=C3C(=O)NC(=O)NC3=O)c2)C(=O)N1,O=C1NC(=O)C(=Cc2cccc(C=C3C(=O)NC(=O)NC3=O)c2)C(=O)N1,340.0
c1c2c(cc3c1CCCN3)NCCC2,c1c2c(cc3c1CCCN3)NCCC2,113.0
O=C(c1ccccc1)C1CNc2cc3c(cc2C1)CC(C(=O)c1ccccc1)CN3,O=C(c1ccccc1)C1CNc2cc3c(cc2C1)CC(C(=O)c1ccccc1)CN3,209.0
CC(=O)c1c2c(c(C(C)=O)c3c1CCCN3)NCCC2,c1c2c(cc3c1CCCN3)NCCC2,143.0
O=[N+]([O-])c1c2c(c([N+](=O)[O-])c3c1CCCN3)NCCC2,c1c2c(cc3c1CCCN3)NCCC2,187.0
O=C1CCc2cc3c(cc2N1)NCCC3,O=C1CCc2cc3c(cc2N1)NCCC3,235.0
COC(=O)CCc1cc2c(cc1NC(C)=O)NC(=O)CC2,O=C1CCc2ccccc2N1,245.0
COC(=O)CCc1cc(CCC(=O)OC)c([N+](=O)[O-])cc1[N+](=O)[O-],c1ccccc1,71.0
CCOC(=O)c1cc(C(=O)OCC)c([N+](=O)[O-])cc1[N+](=O)[O-],c1ccccc1,124.0
N#CC(C#N)=Nc1ccccc1,c1ccccc1,87.0
[O-][N+](=Nc1ccccc1)c1ccc(N=Nc2ccc([N+]([O-])=Nc3ccccc3)cc2)cc1,c1ccc(N=[NH+]c2ccc(N=Nc3ccc([NH+]=Nc4ccccc4)cc3)cc2)cc1,139.0
c1ccc2nc(-c3cc(-c4cnc5ccccc5n4)cc(-c4cnc5ccccc5n4)c3)cnc2c1,c1ccc2nc(-c3cc(-c4cnc5ccccc5n4)cc(-c4cnc5ccccc5n4)c3)cnc2c1,302.0
O=C(CBr)c1cc(C(=O)CBr)cc(C(=O)CBr)c1,c1ccccc1,111.0
CCOC(=O)C(C(C)=O)C(=O)c1ccc(C(=O)C(C(C)=O)C(=O)OCC)cc1,c1ccccc1,99.0
CC(=O)c1ccc(C(C)=O)c([N+](=O)[O-])c1,c1ccccc1,46.0
C1=NCC(c2ccc(C3CN=CC=N3)cc2)N=C1,C1=NCC(c2ccc(C3CN=CC=N3)cc2)N=C1,262.0
O=C(C=Nc1ccccc1)c1ccc(C(=O)C=Nc2ccccc2)cc1,O=C(C=Nc1ccccc1)c1ccc(C(=O)C=Nc2ccccc2)cc1,155.0
O=C(c1ccc(C(=O)C(Cl)(Cl)Cl)cc1)C(Cl)(Cl)Cl,c1ccccc1,121.0
O=C(c1ccc(C(=O)C(Cl)(Cl)Cl)cc1)C(Cl)Cl,c1ccccc1,136.0
O=C(c1ccc(C(=O)C(Cl)Cl)cc1)C(Cl)Cl,c1ccccc1,143.0
O=C(CCl)c1ccc(C(=O)C(Cl)Cl)cc1,c1ccccc1,147.0
CC(=O)Nc1ccc(N=Nc2ccc(N)cc2)cc1,c1ccc(N=Nc2ccccc2)cc1,212.0
CC(=O)Nc1cc(N=Nc2ccccc2)c(C)c(NC(C)=O)c1,c1ccc(N=Nc2ccccc2)cc1,255.0
Cc1cc(N=Nc2ccc(N)cc2)c(C(C)C)cc1N=Nc1ccc(N)cc1,c1ccc(N=Nc2ccc(N=Nc3ccccc3)cc2)cc1,177.0
CC(=O)Nc1ccc(N=Nc2cc(C(C)C)c(N=Nc3ccc(NC(C)=O)cc3)cc2C)cc1,c1ccc(N=Nc2ccc(N=Nc3ccccc3)cc2)cc1,284.0
Cc1cc(N=Nc2ccccc2)c(C(C)C)cc1N=Nc1ccccc1,c1ccc(N=Nc2ccc(N=Nc3ccccc3)cc2)cc1,108.0
Cc1cc(N=Nc2ccc(N=Nc3ccccc3)cc2)c(C(C)C)cc1N=Nc1ccc(N=Nc2ccccc2)cc1,c1ccc(N=Nc2ccc(N=Nc3ccc(N=Nc4ccc(N=Nc5ccccc5)cc4)cc3)cc2)cc1,226.0
Cc1cc(N=Nc2ccc(N=Nc3ccccc3)cc2)ccc1N=Nc1ccc(N=Nc2ccccc2)cc1,c1ccc(N=Nc2ccc(N=Nc3ccc(N=Nc4ccc(N=Nc5ccccc5)cc4)cc3)cc2)cc1,209.0
Cc1cc([N+]([O-])=Nc2ccc(N=Nc3ccccc3)cc2)ccc1N=Nc1ccc(N=Nc2ccccc2)cc1,c1ccc(N=Nc2ccc(N=Nc3ccc([NH+]=Nc4ccc(N=Nc5ccccc5)cc4)cc3)cc2)cc1,193.0
Cc1cc([N+]([O-])=Nc2ccccc2)ccc1[N+]([O-])=Nc1ccccc1,c1ccc(N=[NH+]c2ccc([NH+]=Nc3ccccc3)cc2)cc1,100.0
Cc1cc(N=Nc2ccccc2)ccc1N=Nc1ccccc1,c1ccc(N=Nc2ccc(N=Nc3ccccc3)cc2)cc1,109.0
Cc1ccc(N=Nc2cc(C(C)C)c(N=Nc3ccc(C)cc3)cc2C)cc1,c1ccc(N=Nc2ccc(N=Nc3ccccc3)cc2)cc1,140.0
Cc1cc([N+]([O-])=Nc2ccccc2)c(C(C)C)cc1[N+]([O-])=Nc1ccccc1,c1ccc(N=[NH+]c2ccc([NH+]=Nc3ccccc3)cc2)cc1,127.0
Cc1cc([N+]([O-])=Nc2ccccc2)ccc1N=Nc1ccccc1,c1ccc(N=Nc2ccc([NH+]=Nc3ccccc3)cc2)cc1,103.0
Cc1cc(N=O)ccc1N=O,c1ccccc1,137.0
Cc1cc(N=Nc2ccccc2)c(C(C)C)cc1[N+]([O-])=Nc1ccccc1,c1ccc(N=Nc2ccc([NH+]=Nc3ccccc3)cc2)cc1,118.0
[O-][N+](=Nc1ccccc1)c1ccc(N=Nc2ccccc2)cc1,c1ccc(N=Nc2ccc([NH+]=Nc3ccccc3)cc2)cc1,131.0
O=[N+]([O-])c1ccc(Br)c2cccc(C=Nc3ccccc3)c12,C(=Nc1ccccc1)c1cccc2ccccc12,232.0
O=[N+]([O-])c1ccc(NN=Cc2cccc3c(Br)ccc([N+](=O)[O-])c23)cc1,C(=NNc1ccccc1)c1cccc2ccccc12,205.0
O=[N+]([O-])c1ccc(NN=Cc2cccc3c(Br)cccc23)c([N+](=O)[O-])c1,C(=NNc1ccccc1)c1cccc2ccccc12,222.0
O=[N+]([O-])c1ccc(NN=Cc2cccc3c(Br)ccc([N+](=O)[O-])c23)c([N+](=O)[O-])c1,C(=NNc1ccccc1)c1cccc2ccccc12,244.0
O=Cc1cccc2c(Br)ccc([N+](=O)[O-])c12,c1ccc2ccccc2c1,135.0
O=[N+]([O-])c1ccc(NN=Cc2cccc3c(Br)cccc23)cc1,C(=NNc1ccccc1)c1cccc2ccccc12,268.0
CCOC(OCC)c1cccc2c(Br)ccc([N+](=O)[O-])c12,c1ccc2ccccc2c1,95.0
O=Cc1cccc2c(Br)cccc12,c1ccc2ccccc2c1,105.0
O=[N+]([O-])c1ccc(C(Br)C(Br)c2cccc3ccccc23)c([N+](=O)[O-])c1,c1ccc(CCc2cccc3ccccc23)cc1,161.0
O=C1C(c2cccc3ccccc23)=[N+]([O-])c2cc([N+](=O)[O-])ccc21,O=C1C(c2cccc3ccccc23)=[NH+]c2ccccc21,223.0
CC(=O)Nc1ccc2c(NC(C)=O)c(O)ccc2c1,c1ccc2ccccc2c1,235.0
O=C(Nc1ccc2cc(OC(=O)c3ccccc3)ccc2c1)c1ccccc1,O=C(Nc1ccc2cc(OC(=O)c3ccccc3)ccc2c1)c1ccccc1,227.0
O=C(Nc1cccc2cc(OC(=O)c3ccccc3)ccc12)c1ccccc1,O=C(Nc1cccc2cc(OC(=O)c3ccccc3)ccc12)c1ccccc1,223.0
CC(=O)CCc1cc2c(c([N+](=O)[O-])c1)CCC(C)N2C(=O)c1ccc([N+](=O)[O-])cc1,O=C(c1ccccc1)N1CCCc2ccccc21,115.0
CC(=O)CCc1cc2c(cc1[N+](=O)[O-])CCC(C)N2C(=O)c1ccc([N+](=O)[O-])cc1,O=C(c1ccccc1)N1CCCc2ccccc21,173.0
CC(=O)CCc1cc2c(cc1[N+](=O)[O-])CCC(C)N2,c1ccc2c(c1)CCCN2,95.0
CC(=O)CCc1cc2c(cc1[N+](=O)[O-])CCC(C)N2C(=O)c1ccccc1,O=C(c1ccccc1)N1CCCc2ccccc21,138.0
CC(=O)CCc1cc2c(cc1N=Nc1ccccc1C(=O)O)CCC(C)N2,c1ccc(N=Nc2ccc3c(c2)CCCN3)cc1,157.0
CC(=O)CCc1ccc(CCC(C)NC(=O)c2ccccc2)cc1,O=C(NCCCc1ccccc1)c1ccccc1,122.0
CC(O)CCc1ccc2c(c1)NC(C)CC2,c1ccc2c(c1)CCCN2,79.0
CC(=O)CCc1ccc2c(c1)N(C(=O)c1ccccc1)C(C)CC2,O=C(c1ccccc1)N1CCCc2ccccc21,74.0
CC(=O)CCc1ccc2c(c1)NC(C)CC2,c1ccc2c(c1)CCCN2,54.0
CC(=O)CCc1ccc(CCC(C)=O)c([N+](=O)[O-])c1,c1ccccc1,58.0
CC1CCc2cc3c(cc2N1)CCC(C)N3C(=O)c1ccccc1,O=C(c1ccccc1)N1CCCc2cc3c(cc21)CCCN3,145.0
CC1CCc2cc3c(cc2N1C(=O)c1ccccc1)CCC(C)N3C(=O)c1ccccc1,O=C(c1ccccc1)N1CCCc2cc3c(cc21)CCCN3C(=O)c1ccccc1,270.0
Cc1ccc2cc3nc(C)ccc3cc2n1,c1cnc2cc3cccnc3cc2c1,238.0
Cc1ccc2cc3c(cc2n1)CCC(C)N3,c1cnc2cc3c(cc2c1)NCCC3,171.0
Cc1ccc2cc3c(cc2n1)CCC(C)N3C(=O)c1ccccc1,O=C(c1ccccc1)N1CCCc2cc3ncccc3cc21,155.0
c1cc(-c2cnc3ccccc3n2)cc(-c2cnc3ccccc3n2)c1,c1cc(-c2cnc3ccccc3n2)cc(-c2cnc3ccccc3n2)c1,203.0
O=C(CBr)c1cccc(C(=O)CBr)c1,c1ccccc1,91.0
CC(OC(=O)Nc1ccccc1)c1cccc(C(C)OC(=O)Nc2ccccc2)c1,O=C(Nc1ccccc1)OCc1cccc(COC(=O)Nc2ccccc2)c1,136.0
O=C(c1ccccc1)N1CCc2cc3c(cc21)CCN3C(=O)c1ccccc1,O=C(c1ccccc1)N1CCc2cc3c(cc21)CCN3C(=O)c1ccccc1,294.0
O=C(OCCc1cc([N+](=O)[O-])c(CCOC(=O)c2ccccc2)cc1[N+](=O)[O-])c1ccccc1,O=C(OCCc1ccc(CCOC(=O)c2ccccc2)cc1)c1ccccc1,158.0
O=[N+]([O-])c1cc(CCBr)c([N+](=O)[O-])cc1CCBr,c1ccccc1,123.0
ICCc1ccc(CCI)cc1,c1ccccc1,111.0
BrCCc1ccc(CCBr)cc1,c1ccccc1,73.0
ClCCc1ccc(CCCl)cc1,c1ccccc1,47.0
O=C(Nc1ccccc1)OCCc1ccc(CCOC(=O)Nc2ccccc2)cc1,O=C(Nc1ccccc1)OCCc1ccc(CCOC(=O)Nc2ccccc2)cc1,213.0
O=C(OCCc1ccc(CCOC(=O)c2ccc([N+](=O)[O-])cc2)cc1)c1ccc([N+](=O)[O-])cc1,O=C(OCCc1ccc(CCOC(=O)c2ccccc2)cc1)c1ccccc1,173.0
O=C(OCCc1ccc(CCOC(=O)c2ccccc2)cc1)c1ccccc1,O=C(OCCc1ccc(CCOC(=O)c2ccccc2)cc1)c1ccccc1,137.0
CC(=O)OCCc1ccc(CCOC(C)=O)cc1,c1ccccc1,65.0
Nc1ccc2cc(N)ccc2c1,c1ccc2ccccc2c1,213.0
CC(=O)Nc1cccc2c1ccc1nc(-c3ccccc3)c(-c3ccccc3)nc12,c1ccc(-c2nc3ccc4ccccc4c3nc2-c2ccccc2)cc1,249.0
CC(=O)Nc1cccc2c(N)cccc12,c1ccc2ccccc2c1,166.0
c1ccc(Cc2nc3ccccc3nc2Cc2ccccc2)cc1,c1ccc(Cc2nc3ccccc3nc2Cc2ccccc2)cc1,118.0
O=C(C(=O)C(Br)c1ccccc1)C(Br)c1ccccc1,O=C(Cc1ccccc1)C(=O)Cc1ccccc1,124.0
O=C(Cc1ccccc1)C(=O)C(Br)c1ccccc1,O=C(Cc1ccccc1)C(=O)Cc1ccccc1,73.0
OC(Cc1ccccc1)C(Cc1ccccc1)=NNc1ccc(Br)cc1,c1ccc(CCC(Cc2ccccc2)=NNc2ccccc2)cc1,139.0
O=[N+]([O-])c1ccc(NN=C(Cc2ccccc2)C(O)Cc2ccccc2)cc1,c1ccc(CCC(Cc2ccccc2)=NNc2ccccc2)cc1,122.0
COc1ccc(C(=O)Nc2ccc(-c3ccc4nn(-c5ccccc5)nc4c3)cc2)cc1,O=C(Nc1ccc(-c2ccc3nn(-c4ccccc4)nc3c2)cc1)c1ccccc1,106.0
CC(=O)Nc1ccc(-c2ccc3nn(-c4ccccc4)nc3c2)cc1,c1ccc(-c2ccc3nn(-c4ccccc4)nc3c2)cc1,173.0
Nc1ccc(-c2ccc3nn(-c4ccccc4)nc3c2)cc1,c1ccc(-c2ccc3nn(-c4ccccc4)nc3c2)cc1,143.0
Nc1ccccc1NC(C(=O)Nc1ccccc1)(c1ccccc1)c1ccccc1,O=C(Nc1ccccc1)C(Nc1ccccc1)(c1ccccc1)c1ccccc1,160.0
CC(=O)Nc1ccccc1N=Nc1ccccc1,c1ccc(N=Nc2ccccc2)cc1,123.0
O=C1N(c2ccccc2)N(c2ccccc2N=Nc2ccccc2)C1(c1ccccc1)c1ccccc1,O=C1N(c2ccccc2)N(c2ccccc2N=Nc2ccccc2)C1(c1ccccc1)c1ccccc1,163.0
CC(=O)N(Nc1ccccc1N=Nc1ccccc1)c1ccccc1,c1ccc(N=Nc2ccccc2NNc2ccccc2)cc1,103.0
c1ccc(N=Nc2ccccc2NNc2ccccc2)cc1,c1ccc(N=Nc2ccccc2NNc2ccccc2)cc1,99.0
c1ccc(N=Nc2ccccc2N=Nc2ccccc2)cc1,c1ccc(N=Nc2ccccc2N=Nc2ccccc2)cc1,111.0
COc1ccc2cc([N+](=O)[O-])ccc2c1,c1ccc2ccccc2c1,134.0
CC(O)CCc1ccc(CCC(C)O)cc1,c1ccccc1,44.0
CC(=O)CCc1ccc(CCC(C)=O)cc1,c1ccccc1,56.0
O=Cc1cccc2cccc([N+](=O)[O-])c12,c1ccc2ccccc2c1,125.0
O=[N+]([O-])c1cccc2cccc(C=Nc3ccccc3)c12,C(=Nc1ccccc1)c1cccc2ccccc12,115.0
COc1ccc2ccccc2c1C,c1ccc2ccccc2c1,126.0
O=[N+]([O-])c1cccc2c(C=Nc3ccccc3)cccc12,C(=Nc1ccccc1)c1cccc2ccccc12,84.0
COc1ccc2cc([N+](=O)[O-])ccc2c1C(=O)O,c1ccc2ccccc2c1,187.0
COc1ccc2cc([N+](=O)[O-])ccc2c1C=O,c1ccc2ccccc2c1,174.0
CC(=O)C(C#N)(Cc1ccc([N+](=O)[O-])cc1)c1ccccc1,c1ccc(CCc2ccccc2)cc1,82.0
N#CC(Cc1ccc([N+](=O)[O-])cc1)c1ccccc1,c1ccc(CCc2ccccc2)cc1,134.0
O=C(O)C(Cc1ccc([N+](=O)[O-])cc1)c1ccccc1,c1ccc(CCc2ccccc2)cc1,152.0
NC(=O)C(Cc1ccc([N+](=O)[O-])cc1)c1ccccc1,c1ccc(CCc2ccccc2)cc1,176.0
Cc1oc(-c2ccccc2)cc1-c1ccccc1,c1ccc(-c2coc(-c3ccccc3)c2)cc1,44.0
CC(=O)C(C#N)(CC(=O)c1ccccc1)c1ccccc1,O=C(CCc1ccccc1)c1ccccc1,94.0
O=[N+]([O-])c1ccccc1C(O)C(O)c1ccccc1,c1ccc(CCc2ccccc2)cc1,100.0
CC(=O)Oc1ccc2c(c1)c(OC(C)=O)c(-c1ccccc1)n2OC(C)=O,c1ccc(-c2cc3ccccc3[nH]2)cc1,195.0
CC(=O)Nc1c(Br)cc(Br)cc1C(=O)c1ccccc1,O=C(c1ccccc1)c1ccccc1,156.0
CC(=O)Nc1ccccc1-c1onc(-c2ccccc2)c1-c1ccccc1,c1ccc(-c2noc(-c3ccccc3)c2-c2ccccc2)cc1,190.0
Nc1ccccc1-c1c(-c2ccccc2)noc1-c1ccccc1,c1ccc(-c2noc(-c3ccccc3)c2-c2ccccc2)cc1,185.0
O=[N+]([O-])c1ccccc1-c1onc(-c2ccccc2)c1-c1ccccc1,c1ccc(-c2noc(-c3ccccc3)c2-c2ccccc2)cc1,127.0
Nc1ccccc1C(O)(c1ccccc1)c1ccccc1,c1ccc(C(c2ccccc2)c2ccccc2)cc1,122.0
Oc1cc(-c2ccccc2)c2cc(Br)cc(Br)c2n1,c1ccc(-c2ccnc3ccccc23)cc1,211.0
Nc1c(Br)cc(Br)cc1Cc1ccccc1,c1ccc(Cc2ccccc2)cc1,195.0
Nc1c(Br)cc(Br)cc1C(=O)c1ccccc1,O=C(c1ccccc1)c1ccccc1,98.0
Nc1c(Br)cc(Br)cc1C(O)c1ccccc1,c1ccc(Cc2ccccc2)cc1,152.0
Nc1cc(Br)ccc1C(O)c1ccccc1,c1ccc(Cc2ccccc2)cc1,113.0
C(=Nc1cc2c(cc1CCc1ccccc1)CC(c1ccccc1)N2)c1ccccc1,C(=Nc1cc2c(cc1CCc1ccccc1)CC(c1ccccc1)N2)c1ccccc1,118.0
CC(=O)N1c2ccccc2CC1c1ccccc1,c1ccc(C2Cc3ccccc3N2)cc1,129.0
O=C(Nc1ccccc1CCc1ccccc1)c1ccccc1,O=C(Nc1ccccc1CCc1ccccc1)c1ccccc1,166.0
Oc1ccccc1CCc1ccccc1,c1ccc(CCc2ccccc2)cc1,85.0
O=C(c1ccccc1)c1c(-c2ccccc2)n(C(=O)c2ccccc2)c2cc([N+](=O)[O-])ccc12,O=C(c1ccccc1)c1c(-c2ccccc2)n(C(=O)c2ccccc2)c2ccccc12,204.0
CC(=O)n1c(-c2ccccc2)c(O)c2ccc([N+](=O)[O-])cc21,c1ccc(-c2cc3ccccc3[nH]2)cc1,179.0
O=C(Nc1cc([N+](=O)[O-])ccc1C(=O)O)c1ccccc1,O=C(Nc1ccccc1)c1ccccc1,252.0
CC(=O)Oc1c(-c2ccccc2)[nH]c2cc3c(cc12)C(=O)C(c1ccccc1)=[N+]3[O-],O=C1C(c2ccccc2)=[NH+]c2cc3[nH]c(-c4ccccc4)cc3cc21,246.0
CCOC(=O)c1ccc([N+](=O)[O-])cc1NC(=O)c1ccccc1,O=C(Nc1ccccc1)c1ccccc1,179.0
CC(=O)Oc1c(-c2ccccc2)n(C(C)=O)c2cc([N+](=O)[O-])ccc12,c1ccc(-c2cc3ccccc3[nH]2)cc1,178.0
CCOC(=O)Oc1c(-c2ccccc2)n(C(C)=O)c2cc([N+](=O)[O-])ccc12,c1ccc(-c2cc3ccccc3[nH]2)cc1,133.0
O=C1C(c2ccccc2)=Nc2cc([N+](=O)[O-])ccc21,O=C1C(c2ccccc2)=Nc2ccccc21,185.0
CC(=O)c1cc(C(C)=O)c(N)cc1N,c1ccccc1,235.0
O=Cc1ccc2c(c1[N+](=O)[O-])C(=O)c1c(Cl)c(Cl)c(Cl)c(Cl)c1C2=O,O=C1c2ccccc2C(=O)c2ccccc21,267.0
Cc1ccc2c(c1[N+](=O)[O-])C(=O)c1c(Cl)c(Cl)c(Cl)c(Cl)c1C2=O,O=C1c2ccccc2C(=O)c2ccccc21,262.0
CC(=O)OC(OC(C)=O)c1ccc2c(c1)C(=O)c1c(Cl)c(Cl)c(Cl)c(Cl)c1C2=O,O=C1c2ccccc2C(=O)c2ccccc21,172.0
O=Cc1ccc2c(c1)C(=O)c1c(Cl)c(Cl)c(Cl)c(Cl)c1C2=O,O=C1c2ccccc2C(=O)c2ccccc21,183.0
O=C1c2ccc(C(Br)Br)c([N+](=O)[O-])c2C(=O)c2c(Cl)c(Cl)c(Cl)c(Cl)c21,O=C1c2ccccc2C(=O)c2ccccc21,247.0
CC(=O)Nc1cc(NC(C)=O)c(OCCO)cc1OCCO,c1ccccc1,206.0
O=C(OCCOc1cc(OCCOC(=O)c2ccccc2)c([N+](=O)[O-])cc1[N+](=O)[O-])c1ccccc1,O=C(OCCOc1cccc(OCCOC(=O)c2ccccc2)c1)c1ccccc1,165.0
CC(=O)OCCOc1cc(OCCOC(C)=O)c([N+](=O)[O-])cc1[N+](=O)[O-],c1ccccc1,91.0
O=[N+]([O-])c1cc([N+](=O)[O-])c(OCCO)cc1OCCO,c1ccccc1,136.0
CCOC(=O)CNc1cc(Cl)c([N+](=O)[O-])cc1[N+](=O)[O-],c1ccccc1,146.0
CCOC(=O)CNc1cc(NCC(=O)OCC)c([N+](=O)[O-])cc1[N+](=O)[O-],c1ccccc1,198.0
CC(=O)N(c1ccccc1)c1cc(N(C(C)=O)c2ccccc2)c([N+](=O)[O-])cc1[N+](=O)[O-],c1ccc(Nc2cccc(Nc3ccccc3)c2)cc1,233.0
CCOC(=O)C(=O)c1cc(C(=O)C(=O)OCC)c([N+](=O)[O-])cc1[N+](=O)[O-],c1ccccc1,118.0
CC(=O)c1nn(-c2ccccc2)c2cc3c(cc12)c(C(C)=O)nn3-c1ccccc1,c1ccc(-n2ncc3cc4cnn(-c5ccccc5)c4cc32)cc1,311.0
Cc1nc2ccccc2nc1-c1cc(-c2nc3ccccc3nc2C)c([N+](=O)[O-])cc1[N+](=O)[O-],c1cc(-c2cnc3ccccc3n2)cc(-c2cnc3ccccc3n2)c1,239.0
CC(=O)C(=O)c1cc(C(=O)C(C)=O)c([N+](=O)[O-])cc1[N+](=O)[O-],c1ccccc1,119.0
CC(=O)C(=Nc1ccccc1)c1cc(C(=Nc2ccccc2)C(C)=O)c([N+](=O)[O-])cc1[N+](=O)[O-],C(=Nc1ccccc1)c1cccc(C=Nc2ccccc2)c1,175.0
O=C1c2ccccc2C(=O)C1c1cc(Cl)c([N+](=O)[O-])cc1[N+](=O)[O-],O=C1c2ccccc2C(=O)C1c1ccccc1,185.0
CC(=O)C(C(=O)c1ccccc1)c1cc(Cl)c([N+](=O)[O-])cc1[N+](=O)[O-],O=C(Cc1ccccc1)c1ccccc1,131.0
O=C(c1ccccc1)C(c1ccccc1)c1cc(Cl)c([N+](=O)[O-])cc1[N+](=O)[O-],O=C(c1ccccc1)C(c1ccccc1)c1ccccc1,131.0
CCOC(=O)C(C#N)c1cc(Cl)c([N+](=O)[O-])cc1[N+](=O)[O-],c1ccccc1,109.0
O=C(Cc1cc(Cl)c([N+](=O)[O-])cc1[N+](=O)[O-])c1ccccc1,O=C(Cc1ccccc1)c1ccccc1,133.0
O=C(Cc1cc(CC(=O)c2ccccc2)c([N+](=O)[O-])cc1[N+](=O)[O-])c1ccccc1,O=C(Cc1cccc(CC(=O)c2ccccc2)c1)c1ccccc1,171.0
CCOC(=O)C(OC(=O)c1ccccc1)c1cc(C(OC(=O)c2ccccc2)C(=O)OCC)c([N+](=O)[O-])cc1[N+](=O)[O-],O=C(OCc1cccc(COC(=O)c2ccccc2)c1)c1ccccc1,133.0
CCOC(=O)C(=C(C)OC(=O)c1ccccc1)c1cc(C(C(=O)OCC)=C(C)OC(=O)c2ccccc2)c([N+](=O)[O-])cc1[N+](=O)[O-],O=C(OC=Cc1cccc(C=COC(=O)c2ccccc2)c1)c1ccccc1,167.0
CC(=O)n1c(C)cc2cc3c(cc21)=NC(C)C=3,C1=c2cc3cc[nH]c3cc2=NC1,279.0
O=C(c1ccc(OCc2ccccc2)cc1)c1cn(C(=O)c2ccc(OCc3ccccc3)cc2)c2ccccc12,O=C(c1ccc(OCc2ccccc2)cc1)c1cn(C(=O)c2ccc(OCc3ccccc3)cc2)c2ccccc12,181.0
Cn1cc(CCC(=O)O)c(=O)n(C)c1=O,O=c1cc[nH]c(=O)[nH]1,225.0
Cc1nc(N)nc2c1c(=O)n(-c1ccccc1)c1ccccc21,O=c1c2cncnc2c2ccccc2n1-c1ccccc1,233.0
O=C(NC1CCCCC1)C(Br)(C(F)(F)F)C(F)(F)F,C1CCCCC1,87.0
CC(C(=O)Nc1ccc(F)c(F)c1F)(C(F)(F)F)C(F)(F)F,c1ccccc1,44.0
CC(C(=O)Nc1ccc(F)c(Cl)c1)(C(F)(F)F)C(F)(F)F,c1ccccc1,72.0
O=C(Nc1ccc([N+](=O)[O-])cc1[N+](=O)[O-])C(C(F)(F)F)(C(F)(F)F)C(F)(F)F,c1ccccc1,164.0
O=C(Nc1ccc(Br)cc1Br)C(C(F)(F)F)(C(F)(F)F)C(F)(F)F,c1ccccc1,229.0
CC(=O)c1ccc(NC(=O)C(C(F)(F)F)(C(F)(F)F)C(F)(F)F)cc1,c1ccccc1,224.0
O=C(Nc1ccc([N+](=O)[O-])cc1)C(C(F)(F)F)(C(F)(F)F)C(F)(F)F,c1ccccc1,281.0
Cc1cccc(NC(=O)C(C(F)(F)F)(C(F)(F)F)C(F)(F)F)c1,c1ccccc1,188.0
O=C(N(c1ccccc1)c1ccccc1)C(F)(F)C(F)(F)C(F)(F)C(F)(F)C(F)(F)C(F)(F)C(F)(F)C(F)(F)F,c1ccc(Nc2ccccc2)cc1,92.0
O=C(Nc1c[nH]c(=O)[nH]c1=O)C(F)(F)C(F)(F)C(F)(F)C(F)(F)C(F)(F)C(F)(F)C(F)(F)C(F)(F)F,O=c1cc[nH]c(=O)[nH]1,251.0
Cc1c(NC(=O)C(F)(F)C(F)(F)C(F)(F)C(F)(F)C(F)(F)C(F)(F)C(F)(F)C(F)(F)F)c(=O)n(-c2ccccc2)n1C,O=c1cc[nH]n1-c1ccccc1,177.0
Cc1cccnc1NC(=O)C(F)(F)C(F)(F)C(F)(F)C(F)(F)C(F)(F)C(F)(F)C(F)(F)C(F)(F)F,c1ccncc1,161.0
O=C(Nc1ccc([N+](=O)[O-])cc1[N+](=O)[O-])C(F)(F)C(F)(F)C(F)(F)C(F)(F)C(F)(F)C(F)(F)C(F)(F)C(F)(F)F,c1ccccc1,125.0
O=C(Nc1c(Cl)cc(Cl)cc1Cl)C(F)(F)C(F)(F)C(F)(F)C(F)(F)C(F)(F)C(F)(F)C(F)(F)C(F)(F)F,c1ccccc1,115.0
O=C(Nc1ccc(Br)cc1Br)C(F)(F)C(F)(F)C(F)(F)C(F)(F)C(F)(F)C(F)(F)C(F)(F)C(F)(F)F,c1ccccc1,95.0
COc1ccc(-c2ccccc2)cc1NC(=O)C(F)(F)C(F)(F)C(F)(F)C(F)(F)C(F)(F)C(F)(F)C(F)(F)C(F)(F)F,c1ccc(-c2ccccc2)cc1,118.0
Cc1ccc(NC(=O)C(F)(F)C(F)(F)C(F)(F)C(F)(F)C(F)(F)C(F)(F)C(F)(F)C(F)(F)F)cc1C,c1ccccc1,111.0
Cc1ccc(NC(=O)C(F)(F)C(F)(F)C(F)(F)C(F)(F)C(F)(F)C(F)(F)C(F)(F)C(F)(F)F)c(C)c1,c1ccccc1,83.0
CCCCOc1ccc(NC(=O)C(F)(F)C(F)(F)C(F)(F)C(F)(F)C(F)(F)C(F)(F)C(F)(F)C(F)(F)F)cc1,c1ccccc1,137.0
CCOc1ccc(NC(=O)C(F)(F)C(F)(F)C(F)(F)C(F)(F)C(F)(F)C(F)(F)C(F)(F)C(F)(F)F)cc1,c1ccccc1,135.0
CCSc1nnc(NC(=O)C(F)(F)C(F)(F)C(F)(F)C(F)(F)C(F)(F)C(F)(F)C(F)(F)C(F)(F)F)s1,c1nncs1,131.0
O=C(Nc1nc2ccccc2s1)C(F)(F)C(F)(F)C(F)(F)C(F)(F)C(F)(F)C(F)(F)C(F)(F)C(F)(F)F,c1ccc2scnc2c1,169.0
CCOC(=O)c1ccc(NC(=O)C(F)(F)C(F)(F)C(F)(F)C(F)(F)C(F)(F)C(F)(F)C(F)(F)C(F)(F)F)cc1,c1ccccc1,136.0
CC(=O)c1ccc(NC(=O)C(F)(F)C(F)(F)C(F)(F)C(F)(F)C(F)(F)C(F)(F)C(F)(F)C(F)(F)F)cc1,c1ccccc1,155.0
Cc1cc(C)c(NC(=O)C(F)(F)C(F)(F)C(F)(F)C(F)(F)C(F)(F)C(F)(F)C(F)(F)C(F)(F)F)c(C)c1,c1ccccc1,63.0
O=C(Nn1cnnc1)C(F)(F)C(F)(F)C(F)(F)C(F)(F)C(F)(F)C(F)(F)C(F)(F)C(F)(F)F,c1nnc[nH]1,151.0
O=C(Nc1nccs1)C(F)(F)C(F)(F)C(F)(F)C(F)(F)C(F)(F)C(F)(F)C(F)(F)C(F)(F)F,c1cscn1,146.0
O=C(Nc1ccccc1[N+](=O)[O-])C(F)(F)C(F)(F)C(F)(F)C(F)(F)C(F)(F)C(F)(F)C(F)(F)C(F)(F)F,c1ccccc1,94.0
O=C(Nc1ccc([N+](=O)[O-])cc1)C(F)(F)C(F)(F)C(F)(F)C(F)(F)C(F)(F)C(F)(F)C(F)(F)C(F)(F)F,c1ccccc1,119.0
O=C(Nc1ccccn1)C(F)(F)C(F)(F)C(F)(F)C(F)(F)C(F)(F)C(F)(F)C(F)(F)C(F)(F)F,c1ccncc1,66.0
O=C(Nc1cccnc1)C(F)(F)C(F)(F)C(F)(F)C(F)(F)C(F)(F)C(F)(F)C(F)(F)C(F)(F)F,c1ccncc1,145.0
Cc1cccc(NC(=O)C(F)(F)C(F)(F)C(F)(F)C(F)(F)C(F)(F)C(F)(F)C(F)(F)C(F)(F)F)c1,c1ccccc1,97.0
CC(NC(=O)C(F)(F)C(F)(F)C(F)(F)C(F)(F)C(F)(F)C(F)(F)C(F)(F)C(F)(F)F)c1ccccc1,c1ccccc1,100.0
CN(C(=O)C(F)(F)C(F)(F)C(F)(F)C(F)(F)C(F)(F)C(F)(F)C(F)(F)C(F)(F)F)C1CCCCC1,C1CCCCC1,57.0
O=C(N(Cc1ccccc1)Cc1ccccc1)C(F)(F)C(F)(F)C(F)(F)C(F)(F)C(F)(F)C(F)(F)C(F)(F)C(F)(F)F,c1ccc(CNCc2ccccc2)cc1,49.0
O=C(Nc1ccccc1Br)C(C(F)(F)F)C(F)(F)F,c1ccccc1,184.0
O=C(Nc1ccc([N+](=O)[O-])cc1[N+](=O)[O-])C(C(F)(F)F)C(F)(F)F,c1ccccc1,121.0
O=C(Nc1c(Cl)cc(Cl)cc1Cl)C(C(F)(F)F)C(F)(F)F,c1ccccc1,219.0
O=C(Nc1c(Cl)cccc1Cl)C(C(F)(F)F)C(F)(F)F,c1ccccc1,196.0
COc1ccc(-c2ccccc2)cc1NC(=O)C(C(F)(F)F)C(F)(F)F,c1ccc(-c2ccccc2)cc1,211.0
Cc1ccc(NC(=O)C(C(F)(F)F)C(F)(F)F)cc1C,c1ccccc1,189.0
CCCCOc1ccc(NC(=O)C(C(F)(F)F)C(F)(F)F)cc1,c1ccccc1,172.0
CCOc1ccc(NC(=O)C(C(F)(F)F)C(F)(F)F)cc1,c1ccccc1,181.0
CC(=O)c1ccc(NC(=O)C(C(F)(F)F)C(F)(F)F)cc1,c1ccccc1,174.0
Cc1cc(C)c(NC(=O)C(C(F)(F)F)C(F)(F)F)c(C)c1,c1ccccc1,189.0
O=C(Nc1ccccc1[N+](=O)[O-])C(C(F)(F)F)C(F)(F)F,c1ccccc1,156.0
O=C(Nc1ccc(I)cc1)C(C(F)(F)F)C(F)(F)F,c1ccccc1,236.0
COc1ccccc1NC(=O)C(C(F)(F)F)C(F)(F)F,c1ccccc1,163.0
CC(NC(=O)C(C(F)(F)F)C(F)(F)F)c1ccccc1,c1ccccc1,137.0
CCCCCCN(CCCCCC)C(=O)C(C(F)(F)F)C(F)(F)F,,201.0
CN(C(=O)C(C(F)(F)F)C(F)(F)F)C1CCCCC1,C1CCCCC1,169.0
O=C(C(C(F)(F)F)C(F)(F)F)N(Cc1ccccc1)Cc1ccccc1,c1ccc(CNCc2ccccc2)cc1,76.0
CCCCCCCCCCNC(=O)C(C(F)(F)F)C(F)(F)F,,66.0
CCC(C)NC(=O)C(C(F)(F)F)C(F)(F)F,,112.0
CC(C)CNC(=O)C(C(F)(F)F)C(F)(F)F,,111.0
CCCCNC(=O)C(C(F)(F)F)C(F)(F)F,,94.0
C=CCNC(=O)C(C(F)(F)F)C(F)(F)F,,117.0
CC(C)NC(=O)C(C(F)(F)F)C(F)(F)F,,136.0
CCCNC(=O)C(C(F)(F)F)C(F)(F)F,,106.0
COC(=O)c1ccc(CC(C#N)(Cc2ccc(C(=O)OC)cc2)c2ccc(CC(C)C)cc2)cc1,c1ccc(CC(Cc2ccccc2)c2ccccc2)cc1,115.0
CC1=C(C(=O)OCc2ccccc2)C(c2ccc(O)c(O)c2)NC(=O)N1,O=C1NC=C(C(=O)OCc2ccccc2)C(c2ccccc2)N1,215.0
CC(=O)Oc1ccccc1C1NC(=O)NC(C)=C1C(=O)OCc1ccccc1,O=C1NC=C(C(=O)OCc2ccccc2)C(c2ccccc2)N1,202.0
CCOC(=O)C1=C(C)NC(=O)NC1c1cccc(OC)c1OC,O=C1NC=CC(c2ccccc2)N1,195.0
COC(=O)C1=C(C)NC(=O)NC1c1ccc(Cl)cc1,O=C1NC=CC(c2ccccc2)N1,172.0
CCCOC(=O)C1=C(C)NC(=O)NC1c1ccccc1O,O=C1NC=CC(c2ccccc2)N1,189.0
COc1cccc(C2NC(=O)NC(C)=C2C(=O)OC(C)C)c1OC,O=C1NC=CC(c2ccccc2)N1,167.0
CCCOC(=O)C1=C(C)NC(=O)NC1c1cccc(OC)c1OC,O=C1NC=CC(c2ccccc2)N1,163.0
COC(=O)C1=C(C)NC(=O)NC1c1cccc(OC)c1O,O=C1NC=CC(c2ccccc2)N1,208.0
CC1=C(C(=O)OCc2ccccc2)C(c2ccc3c(c2)OCO3)NC(=O)N1,O=C1NC=C(C(=O)OCc2ccccc2)C(c2ccc3c(c2)OCO3)N1,159.0
CCCCCOC(=O)C1=C(C)NC(=O)NC1c1ccc2c(c1)OCO2,O=C1NC=CC(c2ccc3c(c2)OCO3)N1,144.0
CC1=C(C(=O)OC(C)(C)C)C(c2ccc3c(c2)OCO3)NC(=O)N1,O=C1NC=CC(c2ccc3c(c2)OCO3)N1,210.0
CC1=C(C(=O)OCC(C)C)C(c2ccc3c(c2)OCO3)NC(=O)N1,O=C1NC=CC(c2ccc3c(c2)OCO3)N1,178.0
CCCCOC(=O)C1=C(C)NC(=O)NC1c1ccc2c(c1)OCO2,O=C1NC=CC(c2ccc3c(c2)OCO3)N1,143.0
CC1=C(C(=O)OC(C)C)C(c2ccc3c(c2)OCO3)NC(=O)N1,O=C1NC=CC(c2ccc3c(c2)OCO3)N1,186.0
CCCOC(=O)C1=C(C)NC(=O)NC1c1ccc2c(c1)OCO2,O=C1NC=CC(c2ccc3c(c2)OCO3)N1,184.0
COC(=O)C1=C(C)NC(=O)NC1c1ccc2c(c1)OCO2,O=C1NC=CC(c2ccc3c(c2)OCO3)N1,240.0
CCCOC(=O)C1=C(C)NC(=O)NC1c1ccccc1,O=C1NC=CC(c2ccccc2)N1,176.0
CC1=C(C(=O)OCc2ccccc2)C(c2ccco2)NC(=O)N1,O=C1NC=C(C(=O)OCc2ccccc2)C(c2ccco2)N1,195.0
CC1=C(C(=O)OCCC(C)C)C(c2ccco2)NC(=O)N1,O=C1NC=CC(c2ccco2)N1,176.0
CCCCCOC(=O)C1=C(C)NC(=O)NC1c1ccco1,O=C1NC=CC(c2ccco2)N1,166.0
CC1=C(C(=O)OC(C)(C)C)C(c2ccco2)NC(=O)N1,O=C1NC=CC(c2ccco2)N1,208.0
CCC(C)OC(=O)C1=C(C)NC(=O)NC1c1ccco1,O=C1NC=CC(c2ccco2)N1,185.0
CC1=C(C(=O)OCC(C)C)C(c2ccco2)NC(=O)N1,O=C1NC=CC(c2ccco2)N1,170.0
CCCCOC(=O)C1=C(C)NC(=O)NC1c1ccco1,O=C1NC=CC(c2ccco2)N1,170.0
CC1=C(C(=O)OC(C)C)C(c2ccco2)NC(=O)N1,O=C1NC=CC(c2ccco2)N1,205.0
CC1=C(C(=O)OC(C)C)C(c2ccc([N+](=O)[O-])cc2)NC(=S)N1,S=C1NC=CC(c2ccccc2)N1,75.0
COC(=O)C1=C(C)NC(=S)NC1c1ccc([N+](=O)[O-])cc1,S=C1NC=CC(c2ccccc2)N1,175.0
CC1=C(C(=O)OCc2ccccc2)C(c2cccc([N+](=O)[O-])c2)NC(=S)N1,O=C(OCc1ccccc1)C1=CNC(=S)NC1c1ccccc1,176.0
CC1=C(C(=O)OC(C)C)C(c2cccc([N+](=O)[O-])c2)NC(=S)N1,S=C1NC=CC(c2ccccc2)N1,225.0
CC1=C(C(=O)OCc2ccccc2)C(c2ccccc2)NC(=S)N1,O=C(OCc1ccccc1)C1=CNC(=S)NC1c1ccccc1,175.0
CC1=C(C(=O)OCC(C)C)C(c2ccccc2)NC(=S)N1,S=C1NC=CC(c2ccccc2)N1,153.0
CCCOC(=O)C1=C(C)NC(=S)NC1c1cccc([N+](=O)[O-])c1,S=C1NC=CC(c2ccccc2)N1,209.0
COC(=O)C1=C(C)NC(=S)NC1c1cccc([N+](=O)[O-])c1,S=C1NC=CC(c2ccccc2)N1,247.0
CC1=C(C(=O)OC(C)C)C(c2ccccc2)NC(=S)N1,S=C1NC=CC(c2ccccc2)N1,177.0
CCCOC(=O)C1=C(C)NC(=S)NC1c1ccccc1,S=C1NC=CC(c2ccccc2)N1,169.0
CC1=C(C(=O)OCc2ccccc2)C(c2ccco2)NC(=S)N1,O=C(OCc1ccccc1)C1=CNC(=S)NC1c1ccco1,164.0
CC1=C(C(=O)OC(C)C)C(c2ccco2)NC(=S)N1,S=C1NC=CC(c2ccco2)N1,191.0
CCCOC(=O)C1=C(C)NC(=S)NC1c1ccco1,S=C1NC=CC(c2ccco2)N1,177.0
CCOC(=O)C1=C(C)NC(=S)NC1c1ccco1,S=C1NC=CC(c2ccco2)N1,174.0
COc1cccc(C2C(C(=O)OC(C)C)=C(C)NC(C)=C2C(=O)OC(C)C)c1OC,C1=CC(c2ccccc2)C=CN1,141.0
COc1cccc(C2C(C(=O)OC(C)C)=C(C)NC(C)=C2C(=O)OC(C)C)c1O,C1=CC(c2ccccc2)C=CN1,196.0
CCCOC(=O)C1=C(C)NC(C)=C(C(=O)OCCC)C1c1cccc(OC)c1O,C1=CC(c2ccccc2)C=CN1,167.0
CCOC(=O)C1=C(C)NC(C)=C(C(=O)OCC)C1c1cccc(OC)c1O,C1=CC(c2ccccc2)C=CN1,207.0
COC(=O)C1=C(C)NC(C)=C(C(=O)OC)C1c1cccc(OC)c1O,C1=CC(c2ccccc2)C=CN1,191.0
CCCCOC(=O)C1=C(C)NC(C)=C(C(=O)OCCCC)C1c1ccco1,C1=CC(c2ccco2)C=CN1,87.0
CCCOC(=O)C1=C(C)NC(C)=C(C(=O)OCCC)C1c1ccco1,C1=CC(c2ccco2)C=CN1,112.0
CCCOC(=O)C1=C(C)NC(C)=C(C(=O)OCCC)C1c1ccccc1,C1=CC(c2ccccc2)C=CN1,119.0
CC12CCC3C(CCC4(C)CC(=O)CCC34C)C1CCC2=O,O=C1CCC2C(CCC3C4CCC(=O)C4CCC23)C1,148.0
CC(Cc1ccccc1)(C(=O)O)C(=O)O,c1ccccc1,132.0
CCC(C(=O)O)c1ccccc1C(=O)O,c1ccccc1,170.0
O=C(Cc1ccccc1)NC(CO)c1ccccc1,O=C(Cc1ccccc1)NCc1ccccc1,140.0
CC(O)C(O)(c1ccccc1)c1ccccc1,c1ccc(Cc2ccccc2)cc1,92.0
Cc1ccc2c(c1)C(=O)c1cc(C)ccc1C2=O,O=C1c2ccccc2C(=O)c2ccccc21,163.0
C=CCOc1c(Cc2cc(C(C)=O)c(O)c(C)c2OCC=C)cc(C(C)=O)c(O)c1C,c1ccc(Cc2ccccc2)cc1,143.0
CC(=O)NC1=C(C)CCCC1,C1=CCCCC1,90.0
CC12CCC3C(CCC4CC(C#N)CCC43C)C1CCC2=O,O=C1CCC2C1CCC1C3CCCCC3CCC21,164.0
Cc1ccc2c(c1C)CCC1C2CCC2CCCCC21C,c1ccc2c(c1)CCC1C2CCC2CCCCC21,156.0
COc1ccc2c(c1)CCC(C(=O)O)C2C,c1ccc2c(c1)CCCC2,133.0
CC1(C)CCC2=C1CCC1C2CCC2CC(=O)CCC21C,O=C1CCC2C(CCC3C4=C(CCC4)CCC32)C1,135.0
CC12CCc3c(ccc4cc(O)ccc34)C1(C)CCC2=O,O=C1CCC2c3ccc4ccccc4c3CCC12,261.0
COc1ccc2cc(C(O)C(C)O)ccc2c1,c1ccc2ccccc2c1,115.0
C=C1CC2CC(OC(=O)c3ccccc3)CCC2(C)C2CCC3(C)C(OC(=O)c4ccccc4)CCC3C12,C=C1CC2CC(OC(=O)c3ccccc3)CCC2C2CCC3C(OC(=O)c4ccccc4)CCC3C12,192.0
CC=C1CCC2C3CC=C4CC(OC(C)=O)CCC4(C)C3CCC12C,C=C1CCC2C1CCC1C3CCCCC3=CCC21,137.0
COC(=O)CCC(C)C1CCC2C3C=CC4CCCCC4(C)C3CCC12C,C1=CC2C3CCCC3CCC2C2CCCCC12,60.0
CC(=O)OC1CCC2(C)C(=CCC3C4CC(C)C(=O)C4(C)CCC32)C1,O=C1CCC2C1CCC1C3CCCCC3=CCC21,141.0
CC12CCC(=O)CC1CCC1C2CCC2(C)C1CCC21OCCO1,O=C1CCC2C(CCC3C2CCC2C3CCC23OCCO3)C1,188.0
CC(=O)OCC(=O)C1(OC(C)=O)CCC2(C)C(CCC3C4CCC(=O)C4(C)CCC32)C1,O=C1CCC2C1CCC1C3CCCCC3CCC21,141.0
CC(CC(=O)O)C1CCC2C3C=CC4CC(O)CCC4(C)C3CC(O)C12C,C1=CC2C3CCCC3CCC2C2CCCCC12,181.0
CC(=O)OC1CCC2C3CCC4CC(C(C)=O)CCC4(C)C3CCC12C,C1CCC2C(C1)CCC1C3CCCC3CCC21,140.0
CC12CCC3C(CCC4CC(=O)CCC43C)C1CC(=O)C2,O=C1CCC2C(CCC3C4CC(=O)CC4CCC23)C1,163.0
CC12CCC3C(CCC4CC=CCC43C)C1CC=C2CCc1ccccc1,C1=CCC2C(C1)CCC1C3CC=C(CCc4ccccc4)C3CCC21,118.0
CC12CCC3C(C(=O)CC4CC(O)CCC43C)C1CCC2O,O=C1CC2CCCCC2C2CCC3CCCC3C12,198.0
CC12CCC=C1C1CCC3=CC(=O)CCC3(C)C1CC2,O=C1C=C2CCC3C4=CCCC4CCC3C2CC1,117.0
CC(=O)OC1CCC2(C)C(CCC3C2CCC2(C)C3CCC2(C)CCc2ccccc2)C1,c1ccc(CCC2CCC3C2CCC2C4CCCCC4CCC32)cc1,135.0
CC(=O)OC1CCC2(C)C(CCC3C4CC=C(C=Cc5ccccc5)C4(C)CCC32)C1,C(=Cc1ccccc1)C1=CCC2C1CCC1C3CCCCC3CCC21,119.0
CC(CCC(=O)O)C1CCC2C3CCC4C(Br)C(=O)CCC4(C)C3CCC12C,O=C1CCC2C(CCC3C4CCCC4CCC23)C1,190.0
CC12CCC3C(CCC4CC(OC=O)CCC43C)C1CC=C2C#Cc1ccccc1,C(#Cc1ccccc1)C1=CCC2C1CCC1C3CCCCC3CCC21,180.0
CC(=O)OC1CCC2C3CCC4CC5(CCC4(C)C3CCC12C)OCCO5,C1CC2CCC3C4CCC5(CC4CCC3C2C1)OCCO5,144.0
CC12CCC3C(C(=O)C=C4CC(O)CCC43C)C1CCC2=O,O=C1CCC2C1CCC1C3CCCCC3=CC(=O)C21,238.0
CCCOC1CCC2(C)C(CC(=O)C3C2CCC2(C)C(OCCC)CCC32)C1,O=C1CC2CCCCC2C2CCC3CCCC3C12,161.0
Cc1ccc2c(c1Cc1ccccc1)CCC1C2CCC2CCCCC21C,c1ccc(Cc2cccc3c2CCC2C3CCC3CCCCC32)cc1,95.0
CC(=O)OC1CCC2(C)C(CCC3C2CCC2(C)C3CCC2(C#Cc2ccccc2)OC(C)=O)C1,C(#CC1CCC2C1CCC1C3CCCCC3CCC21)c1ccccc1,166.0
CC12CCC(O)CC1CCC1C2CCC2(C)C1CCC2(O)CCc1ccccc1,c1ccc(CCC2CCC3C2CCC2C4CCCCC4CCC32)cc1,152.0
CCCOC1CCC2C3CC=C4CC5(CCC4(C)C3CCC12C)OCCO5,C1=C2CC3(CCC2C2CCC4CCCC4C2C1)OCCO3,209.0
CC12CCC3C(CCC4CC5(CCC43C)OCCO5)C1CCC2=O,O=C1CCC2C1CCC1C3CCC4(CC3CCC21)OCCO4,153.0
CC12CCCCC1CCC1C2CCC2(C)C1CCC2(O)C#Cc1ccccc1,C(#CC1CCC2C1CCC1C3CCCCC3CCC21)c1ccccc1,103.0
CC12CCC(=O)CC1CCC1C2CCC2(C)C1CCC21OCCS1,O=C1CCC2C(CCC3C2CCC2C3CCC23OCCS3)C1,201.0
CC12CCC3C(CCC4CC(OCc5ccccc5)CCC43C)C1CCC2=O,O=C1CCC2C1CCC1C3CCC(OCc4ccccc4)CC3CCC21,216.0
CC(=O)OC1CCC2(C)C(CCC3C2CCC2(C)C3CCC23OCCO3)C1,C1CCC2C(C1)CCC1C2CCC2C1CCC21OCCO1,153.0
CC(=O)OC1CCC2(C)C(CC(=O)C3C4CCC(=O)C4(C)CCC32)C1,O=C1CCC2C1CCC1C3CCCCC3CC(=O)C21,164.0
CC12CCC(O)CC1CCC1C2CCC2(C)C1CCC21OCCO1,C1CCC2C(C1)CCC1C2CCC2C1CCC21OCCO1,151.0
CC=C1CCC2C3CCC4CC(OC(C)=O)CCC4(C)C3CCC12C,C=C1CCC2C1CCC1C3CCCCC3CCC21,119.0
CC12CCCC1C1CCC(CCC(=O)O)C(C)(CCC(=O)O)C1CC2,C1CCC2C(C1)CCC1CCCC12,232.0
CC12CCC(O)CC1CCC1C2CCC2(C)C(OC(=O)c3ccccc3)CCC12,O=C(OC1CCC2C1CCC1C3CCCCC3CCC12)c1ccccc1,194.0
CC(=O)OC1CCC2(C)C(=CCC3C2CCC2(C)C3CCC2C2(CBr)OCCO2)C1,C1=C2CCCCC2C2CCC3C(C4OCCO4)CCC3C2C1,171.0
CC(=O)OC1CCC2(C)C(CC(=O)C3C2CCC2(C)C(OC(=O)c4ccccc4)CCC32)C1,O=C(OC1CCC2C1CCC1C3CCCCC3CC(=O)C12)c1ccccc1,175.0
CC12CCC3C(CCC4CC(O)(C#CCl)CCC43C)C1CCC2O,C1CCC2C(C1)CCC1C3CCCC3CCC21,120.0
C#CC1(O)CCC2(C)C(CCC3C2CCC2(C)C3CCC2(O)C#C)C1,C1CCC2C(C1)CCC1C3CCCC3CCC21,147.0
CC(=O)OC1CCC2(C)C(=CC(=O)C3C2CCC2(C)C(OCc4ccccc4)CCC32)C1,O=C1C=C2CCCCC2C2CCC3C(OCc4ccccc4)CCC3C12,203.0
C#CC1(O)CCC2(C)C(CCC3C4CCC(O)C4(C)CCC32)C1,C1CCC2C(C1)CCC1C3CCCC3CCC21,186.0
C#CC1(O)CCC2(C)C(CCC3C2CCC2(C)C3CCC2(C)O)C1,C1CCC2C(C1)CCC1C3CCCC3CCC21,190.0
CC(=O)C1CCC2(C)C(CCC3C4CCC(O)C4(C)CCC32)C1,C1CCC2C(C1)CCC1C3CCCC3CCC21,145.0
CCC=C1CCC2C3CCC4CC(OC(C)=O)CCC4(C)C3CCC12C,C=C1CCC2C1CCC1C3CCCCC3CCC21,114.0
CC12CCC3C(CCC4(C)CC5(CCC34C)OCCO5)C1CCC2=O,O=C1CCC2C1CCC1C3CCC4(CC3CCC21)OCCO4,158.0
COC(=O)c1cc(OCc2cc(COc3cc(C(=O)OC)cc(C(=O)OC)c3)cc(COc3cc(C(=O)OC)cc(C(=O)OC)c3)c2)cc(C(=O)OC)c1,c1ccc(OCc2cc(COc3ccccc3)cc(COc3ccccc3)c2)cc1,188.0
OCc1cc(CO)cc(OCc2cc(COc3cc(CO)cc(CO)c3)cc(COc3cc(CO)cc(CO)c3)c2)c1,c1ccc(OCc2cc(COc3ccccc3)cc(COc3ccccc3)c2)cc1,144.0
CN(C)Cc1c(O)c(Br)c(C(=O)O)c(Br)c1O,c1ccccc1,208.0
C#CCOc1ccc(Cc2ccc(O)cc2)cc1,c1ccc(Cc2ccccc2)cc1,60.0
Oc1cccc(O)c1Cc1c(O)cccc1O,c1ccc(Cc2ccccc2)cc1,255.0
Clc1nc(Cl)nc(Oc2cc(Oc3nc(Cl)nc(Cl)n3)cc(Oc3nc(Cl)nc(Cl)n3)c2)n1,c1ncnc(Oc2cc(Oc3ncncn3)cc(Oc3ncncn3)c2)n1,240.0
CCOC(=O)CC(CC(=O)OCC)(c1cc(C)c(O)c(C)c1)c1cc(C)c(O)c(C)c1,c1ccc(Cc2ccccc2)cc1,178.0
c1ccc2c(c1)Oc1nc3ccccc3nc1O2,c1ccc2c(c1)Oc1nc3ccccc3nc1O2,256.0
C1#CCOCc2ccccc2COCC#CCOCc2ccccc2COC1,C1#CCOCc2ccccc2COCC#CCOCc2ccccc2COC1,130.0
CCCCCCCCn1c(=O)c2cc3c(OC)c4cc5c(=O)n(CCCCCCCC)c(=O)c5cc4c(OC)c3cc2c1=O,O=c1[nH]c(=O)c2cc3cc4cc5c(=O)[nH]c(=O)c5cc4cc3cc12,238.0
BrCCCOc1ccc2cc3ccc(OCCCBr)cc3nc2c1,c1ccc2nc3ccccc3cc2c1,142.0
O=CNC(c1ccccc1)C(O)c1ccccc1,c1ccc(CCc2ccccc2)cc1,205.0
C#CCOCc1cc(COCC#C)c(COCC#C)cc1COCC#C,c1ccccc1,66.0
O=C1OCCOC(=O)c2ccccc2C(=O)OCCOC(=O)c2ccccc21,O=C1OCCOC(=O)c2ccccc2C(=O)OCCOC(=O)c2ccccc21,192.0
CC(=O)OC1CCCc2c(C)ccc(C)c21,c1ccc2c(c1)CCCC2,52.0
CCOC(=O)C(C)(C)C1(c2ccc(OC)cc2)CCC(=O)O1,O=C1CCC(c2ccccc2)O1,59.0
COC(=O)C(C)(C)C(CC(=O)O)c1ccccc1,c1ccccc1,111.0
Cc1ccc(C)c(CCC(C)(C)C(=O)O)c1,c1ccccc1,78.0
Cc1ccc(C)c(C(=O)CC(C)(C)C(=O)O)c1,c1ccccc1,118.0
CC(C)(C=O)C(c1ccccc1)C(C(=O)O)C(=O)O,c1ccccc1,153.0
CC(C)(C(=O)O)C(CC(=O)O)c1ccccc1,c1ccccc1,171.0
CC1CCC(C(C)C)C(OC(=O)OC2CC(C)CCC2C(C)C)C1,O=C(OC1CCCCC1)OC1CCCCC1,106.0
COC(=O)c1cc(OC)c(C)c(OC)c1,c1ccccc1,104.0
CC(C)CCCC(C(=O)O)C1=CCC2(C)C(CCC3C4CCC(O)C4(C)CCC32)C1,C1=CCC2C(C1)CCC1C3CCCC3CCC21,193.0
O=C1OCCOC(=O)C2CCCCC2C(=O)OCCOC(=O)C2CCCCC12,O=C1OCCOC(=O)C2CCCCC2C(=O)OCCOC(=O)C2CCCCC12,140.0
O=C(O)C1CCCCC1C(=O)OCCO,C1CCCCC1,90.0
COc1ccccc1-c1nnc2n1CN(c1ccccc1C)CS2,c1ccc(-c2nnc3n2CN(c2ccccc2)CS3)cc1,240.0
COc1ccccc1-c1nnc2n1CN(C(C)C)CS2,c1ccc(-c2nnc3n2CNCS3)cc1,207.0
O=[N+]([O-])c1ccccc1N1CSc2nnc(-c3cccnc3)n2C1,c1ccc(N2CSc3nnc(-c4cccnc4)n3C2)cc1,159.0
Cc1ccccc1N1CSc2nnc(-c3cccnc3)n2C1,c1ccc(N2CSc3nnc(-c4cccnc4)n3C2)cc1,202.0
c1ccc(N2CSc3nnc(-c4cccnc4)n3C2)cc1,c1ccc(N2CSc3nnc(-c4cccnc4)n3C2)cc1,214.0
CC(C)N1CSc2nnc(-c3cccnc3)n2C1,c1cncc(-c2nnc3n2CNCS3)c1,289.0
c1ccc(N2CSc3nnc(-c4cccnc4)n3C2)nc1,c1ccc(N2CSc3nnc(-c4cccnc4)n3C2)nc1,279.0
CC(C)N1CSc2nnc(-c3ccccc3)n2C1,c1ccc(-c2nnc3n2CNCS3)cc1,226.0
c1ccc(-c2nnc3n2CN(c2ccccn2)CS3)cc1,c1ccc(-c2nnc3n2CN(c2ccccn2)CS3)cc1,224.0
Cc1ccccc1N1CSc2nnc(-c3ccccc3)n2C1,c1ccc(-c2nnc3n2CN(c2ccccc2)CS3)cc1,199.0
c1ccc(-c2nnc3n2CN(c2ccccc2)CS3)cc1,c1ccc(-c2nnc3n2CN(c2ccccc2)CS3)cc1,205.0
O=[N+]([O-])c1cccc(-c2nnc3n2CN(c2cccc([N+](=O)[O-])c2)CS3)c1,c1ccc(-c2nnc3n2CN(c2ccccc2)CS3)cc1,240.0
O=[N+]([O-])c1cccc(-c2nnc3n2CN(c2ccccc2[N+](=O)[O-])CS3)c1,c1ccc(-c2nnc3n2CN(c2ccccc2)CS3)cc1,183.0
Cc1ccccc1N1CSc2nnc(-c3cccc([N+](=O)[O-])c3)n2C1,c1ccc(-c2nnc3n2CN(c2ccccc2)CS3)cc1,240.0
O=[N+]([O-])c1ccc(-c2nnc3n2CN(c2ccccc2[N+](=O)[O-])CS3)cc1,c1ccc(-c2nnc3n2CN(c2ccccc2)CS3)cc1,184.0
O=C(c1ccccc1)C1SC(=S)N(c2ccccc2)C1=O,O=C(c1ccccc1)C1SC(=S)N(c2ccccc2)C1=O,159.0
O=C(O)c1ccccc1N=NC1SC(=S)N(c2ccccc2)C1=O,O=C1C(N=Nc2ccccc2)SC(=S)N1c1ccccc1,199.0
O=C(O)c1cc(Cl)ccc1N=NC1SC(=S)NC1=O,O=C1NC(=S)SC1N=Nc1ccccc1,211.0
O=C(O)c1ccccc1N=NC1SC(=S)NC1=O,O=C1NC(=S)SC1N=Nc1ccccc1,245.0
CCOc1ccc(-c2nnc3sc(-c4ccc(Cl)cc4)nn23)cc1,c1ccc(-c2nn3c(-c4ccccc4)nnc3s2)cc1,113.0
CCCCOc1ccc(-c2nnc3sc(-c4ccc(Cl)c([N+](=O)[O-])c4)nn23)cc1,c1ccc(-c2nn3c(-c4ccccc4)nnc3s2)cc1,70.0
c1ccc(OCc2nnc3sc(-c4cccc5ccccc45)nn23)cc1,c1ccc(OCc2nnc3sc(-c4cccc5ccccc45)nn23)cc1,134.0
O=C1C(=Cc2ccc(Cl)cc2)SC(=S)N1CNc1ccc([N+](=O)[O-])cc1,O=C1C(=Cc2ccccc2)SC(=S)N1CNc1ccccc1,217.0
O=C1C(=Cc2ccc(N(CCCl)CCCl)cc2)SC(=S)N1CN1CCOCC1,O=C1C(=Cc2ccccc2)SC(=S)N1CN1CCOCC1,164.0
O=C1C(=Cc2ccc(N(CCCl)CCCl)cc2)SC(=S)N1CN(CCCl)CCCl,O=C1NC(=S)SC1=Cc1ccccc1,106.0
COc1cc(C=C2SC(=S)N(CNc3cccc([N+](=O)[O-])c3)C2=O)ccc1O,O=C1C(=Cc2ccccc2)SC(=S)N1CNc1ccccc1,215.0
COc1cc(C=C2SC(=S)N(CNc3ccc([N+](=O)[O-])cc3)C2=O)ccc1O,O=C1C(=Cc2ccccc2)SC(=S)N1CNc1ccccc1,195.0
CCCCOc1ccc(-c2nnc3n2NC(c2ccco2)S3)cc1,c1ccc(-c2nnc3n2NC(c2ccco2)S3)cc1,127.0
CCCCOc1ccc(-c2nnc3n2NC(c2ccc(O)c(OC)c2)S3)cc1,c1ccc(-c2nnc3n2NC(c2ccccc2)S3)cc1,144.0
CCCC1Nn2c(nnc2-c2ccc(OCC)cc2)S1,c1ccc(-c2nnc3n2NCS3)cc1,90.0
CCOc1ccc(-c2nnc3n2NC(c2ccccc2OC)S3)cc1,c1ccc(-c2nnc3n2NC(c2ccccc2)S3)cc1,194.0
CCOc1ccc(-c2nnc3n2NC(c2ccccc2O)S3)cc1,c1ccc(-c2nnc3n2NC(c2ccccc2)S3)cc1,177.0
CCOc1ccc(-c2nnc3n2NC(c2ccc(N(C)C)cc2)S3)cc1,c1ccc(-c2nnc3n2NC(c2ccccc2)S3)cc1,137.0
CCOc1ccc(-c2nnc3n2NC(c2ccc(Cl)cc2)S3)cc1,c1ccc(-c2nnc3n2NC(c2ccccc2)S3)cc1,109.0
CCOc1ccc(-c2nnc3n2NC(c2ccc([N+](=O)[O-])cc2)S3)cc1,c1ccc(-c2nnc3n2NC(c2ccccc2)S3)cc1,98.0
CCOc1ccc(-c2nnc3n2NC(c2ccc(O)c(OC)c2)S3)cc1,c1ccc(-c2nnc3n2NC(c2ccccc2)S3)cc1,133.0
CCOc1ccc(-c2nnc3n2NC(c2ccc(OC)cc2)S3)cc1,c1ccc(-c2nnc3n2NC(c2ccccc2)S3)cc1,199.0
CCOc1ccc(-c2nnc3n2NC(c2ccccc2)S3)cc1,c1ccc(-c2nnc3n2NC(c2ccccc2)S3)cc1,118.0
CCCC1Nn2c(nnc2-c2cccc([N+](=O)[O-])c2)S1,c1ccc(-c2nnc3n2NCS3)cc1,129.0
CN(C)c1ccc(C2Nn3c(nnc3-c3cccc([N+](=O)[O-])c3)S2)cc1,c1ccc(-c2nnc3n2NC(c2ccccc2)S3)cc1,198.0
COc1cc(C2Nn3c(nnc3-c3cccc([N+](=O)[O-])c3)S2)ccc1O,c1ccc(-c2nnc3n2NC(c2ccccc2)S3)cc1,165.0
COc1ccccc1C1Nn2c(nnc2-c2ccc([N+](=O)[O-])cc2)S1,c1ccc(-c2nnc3n2NC(c2ccccc2)S3)cc1,152.0
O=[N+]([O-])c1ccc(-c2nnc3n2NC(c2ccccc2O)S3)cc1,c1ccc(-c2nnc3n2NC(c2ccccc2)S3)cc1,195.0
CN(C)c1ccc(C2Nn3c(nnc3-c3ccc([N+](=O)[O-])cc3)S2)cc1,c1ccc(-c2nnc3n2NC(c2ccccc2)S3)cc1,176.0
O=[N+]([O-])c1ccc(-c2nnc3n2NC(c2ccc([N+](=O)[O-])cc2)S3)cc1,c1ccc(-c2nnc3n2NC(c2ccccc2)S3)cc1,229.0
COc1cc(C2Nn3c(nnc3-c3ccc([N+](=O)[O-])cc3)S2)ccc1O,c1ccc(-c2nnc3n2NC(c2ccccc2)S3)cc1,226.0
COc1ccc(C2Nn3c(nnc3-c3ccc([N+](=O)[O-])cc3)S2)cc1,c1ccc(-c2nnc3n2NC(c2ccccc2)S3)cc1,153.0
O=[N+]([O-])c1ccc(-c2nnc3n2NC(c2ccccc2)S3)cc1,c1ccc(-c2nnc3n2NC(c2ccccc2)S3)cc1,220.0
O=[N+]([O-])c1cccc(-c2nnc3n2NC(c2ccccc2O)S3)c1,c1ccc(-c2nnc3n2NC(c2ccccc2)S3)cc1,210.0
O=[N+]([O-])c1cccc(-c2nnc3n2NC(c2ccc(Cl)cc2)S3)c1,c1ccc(-c2nnc3n2NC(c2ccccc2)S3)cc1,199.0
COc1ccc(C2Nn3c(nnc3-c3cccc([N+](=O)[O-])c3)S2)cc1,c1ccc(-c2nnc3n2NC(c2ccccc2)S3)cc1,206.0
O=[N+]([O-])c1cccc(-c2nnc3n2NC(c2ccccc2)S3)c1,c1ccc(-c2nnc3n2NC(c2ccccc2)S3)cc1,205.0
COc1ccccc1C1Nn2c(COc3ccccc3)nnc2S1,c1ccc(OCc2nnc3n2NC(c2ccccc2)S3)cc1,126.0
c1ccc(OCc2nnc3n2NC(c2ccco2)S3)cc1,c1ccc(OCc2nnc3n2NC(c2ccco2)S3)cc1,102.0
Oc1ccccc1C1Nn2c(COc3ccccc3)nnc2S1,c1ccc(OCc2nnc3n2NC(c2ccccc2)S3)cc1,217.0
CN(C)c1ccc(C2Nn3c(COc4ccccc4)nnc3S2)cc1,c1ccc(OCc2nnc3n2NC(c2ccccc2)S3)cc1,144.0
O=[N+]([O-])c1ccc(C2Nn3c(COc4ccccc4)nnc3S2)cc1,c1ccc(OCc2nnc3n2NC(c2ccccc2)S3)cc1,184.0
COc1ccccc1-c1nnc2n1NCS2,c1ccc(-c2nnc3n2NCS3)cc1,123.0
COc1ccccc1-c1nnc2n1NC(c1ccccc1OC)S2,c1ccc(-c2nnc3n2NC(c2ccccc2)S3)cc1,173.0
COc1ccccc1-c1nnc2n1NC(c1ccco1)S2,c1ccc(-c2nnc3n2NC(c2ccco2)S3)cc1,226.0
COc1ccccc1-c1nnc2n1NC(c1ccccc1O)S2,c1ccc(-c2nnc3n2NC(c2ccccc2)S3)cc1,205.0
COc1ccccc1-c1nnc2n1NC(c1ccc(N(C)C)cc1)S2,c1ccc(-c2nnc3n2NC(c2ccccc2)S3)cc1,229.0
COc1ccccc1-c1nnc2n1NC(c1ccc(Cl)cc1)S2,c1ccc(-c2nnc3n2NC(c2ccccc2)S3)cc1,203.0
COc1ccccc1-c1nnc2n1NC(c1ccc([N+](=O)[O-])cc1)S2,c1ccc(-c2nnc3n2NC(c2ccccc2)S3)cc1,196.0
COc1cc(C2Nn3c(nnc3-c3ccccc3OC)S2)ccc1O,c1ccc(-c2nnc3n2NC(c2ccccc2)S3)cc1,137.0
COc1ccc(C2Nn3c(nnc3-c3ccccc3OC)S2)cc1,c1ccc(-c2nnc3n2NC(c2ccccc2)S3)cc1,204.0
COc1ccccc1-c1nnc2n1NC(c1ccccc1)S2,c1ccc(-c2nnc3n2NC(c2ccccc2)S3)cc1,208.0
COc1ccc(-c2nnc3n2NC(c2ccccc2OC)S3)cc1,c1ccc(-c2nnc3n2NC(c2ccccc2)S3)cc1,166.0
COc1ccc(-c2nnc3n2NC(c2ccco2)S3)cc1,c1ccc(-c2nnc3n2NC(c2ccco2)S3)cc1,161.0
COc1ccc(-c2nnc3n2NC(c2ccc(N(C)C)cc2)S3)cc1,c1ccc(-c2nnc3n2NC(c2ccccc2)S3)cc1,167.0
COc1ccc(-c2nnc3n2NC(c2ccc(Cl)cc2)S3)cc1,c1ccc(-c2nnc3n2NC(c2ccccc2)S3)cc1,160.0
COc1ccc(-c2nnc3n2NC(c2ccc([N+](=O)[O-])cc2)S3)cc1,c1ccc(-c2nnc3n2NC(c2ccccc2)S3)cc1,210.0
COc1ccc(-c2nnc3n2NC(c2ccc(O)c(OC)c2)S3)cc1,c1ccc(-c2nnc3n2NC(c2ccccc2)S3)cc1,173.0
COc1ccc(-c2nnc3n2NC(c2ccc(OC)cc2)S3)cc1,c1ccc(-c2nnc3n2NC(c2ccccc2)S3)cc1,152.0
COc1ccccc1C1Nn2c(nnc2-c2cccnc2)S1,c1ccc(C2Nn3c(nnc3-c3cccnc3)S2)cc1,221.0
O=[N+]([O-])c1ccc(C2Nn3c(nnc3-c3cccnc3)S2)cc1,c1ccc(C2Nn3c(nnc3-c3cccnc3)S2)cc1,246.0
COc1cc(C2Nn3c(nnc3-c3cccnc3)S2)ccc1O,c1ccc(C2Nn3c(nnc3-c3cccnc3)S2)cc1,216.0
COc1ccc(C2Nn3c(nnc3-c3cccnc3)S2)cc1,c1ccc(C2Nn3c(nnc3-c3cccnc3)S2)cc1,219.0
c1ccc(C2Nn3c(nnc3-c3cccnc3)S2)cc1,c1ccc(C2Nn3c(nnc3-c3cccnc3)S2)cc1,220.0
COc1ccccc1C1Nn2c(nnc2-c2ccccc2)S1,c1ccc(-c2nnc3n2NC(c2ccccc2)S3)cc1,196.0
O=[N+]([O-])c1ccc(C2Nn3c(nnc3-c3ccccc3)S2)cc1,c1ccc(-c2nnc3n2NC(c2ccccc2)S3)cc1,225.0
COc1cc(C2Nn3c(nnc3-c3ccccc3)S2)ccc1O,c1ccc(-c2nnc3n2NC(c2ccccc2)S3)cc1,149.0
COc1ccc(C2Nn3c(nnc3-c3ccccc3)S2)cc1,c1ccc(-c2nnc3n2NC(c2ccccc2)S3)cc1,160.0
c1ccc(-c2nnc3n2NC(c2ccccc2)S3)cc1,c1ccc(-c2nnc3n2NC(c2ccccc2)S3)cc1,83.0
COc1ccc(NC(=O)C(C)=O)cc1,c1ccccc1,127.0
CC(=O)C(=O)Nc1ccc(Br)cc1,c1ccccc1,166.0
NNc1ccc([N+]([O-])O)cn1,c1ccncc1,207.0
c1ccc(Oc2nc(-c3ccccc3)nc3nc4ccccc4n23)cc1,c1ccc(Oc2nc(-c3ccccc3)nc3nc4ccccc4n23)cc1,247.0
COC(=O)c1c(C=O)ccc(OC)c1OC,c1ccccc1,83.0
COC(=N)C1=CC(O)C(O)C(CO)O1,C1=COCCC1,196.0
O=C(CCCNC(=O)CCCCC(=O)NCCCC(=O)NO)NO,,163.0
O=C(CCCCC(=O)NCCCC(=O)ON1C(=O)CCC1=O)NCCCC(=O)ON1C(=O)CCC1=O,O=C(CCCCC(=O)NCCCC(=O)ON1C(=O)CCC1=O)NCCCC(=O)ON1C(=O)CCC1=O,145.0
O=C(O)CCCNC(=O)CCCCC(=O)NCCCC(=O)O,,145.0
COC(=O)CNC(SC)=C(C#N)C#N,,90.0
CSC(SC)=C(C#N)C(N)=O,,102.0
CCOC(=O)C(C#N)=C(SC)SC,,54.0
COc1cc(Cc2nccc3cc(OC)c(O)cc23)ccc1O,c1ccc(Cc2nccc3ccccc23)cc1,209.0
C=C=Cn1cnc2c(N)ncnc21,c1ncc2nc[nH]c2n1,186.0
CC(=O)Oc1cc(OC(C)=O)c2c(=O)c(OC(C)=O)c(-c3ccc(OCc4ccccc4)cc3)oc2c1,O=c1cc(-c2ccc(OCc3ccccc3)cc2)oc2ccccc12,150.0
COC1=C(OC)C(C(O)CBr)OC1=O,O=C1C=CCO1,96.0
COC1=C(OC)C(C(CBr)OC(C)=O)OC1=O,O=C1C=CCO1,74.0
COc1ccc(-c2cc(N3CCCC3)cc3c2c(=O)n(-c2ccccc2)n3C)cc1,O=c1c2c(-c3ccccc3)cc(N3CCCC3)cc2[nH]n1-c1ccccc1,217.0
Cn1c2cc(N3CCCC3)cc(-c3ccccc3)c2c(=O)n1-c1ccccc1,O=c1c2c(-c3ccccc3)cc(N3CCCC3)cc2[nH]n1-c1ccccc1,159.0
CSc1cc2c(c3c1CCOc1ccccc1-3)c(=O)n(-c1ccccc1)n2C,O=c1c2c3c(ccc2[nH]n1-c1ccccc1)CCOc1ccccc1-3,176.0
COc1ccc2c(c1)CCc1ccc3c(c1-2)c(=O)n(-c1ccccc1)n3C,O=c1c2c3c(ccc2[nH]n1-c1ccccc1)CCc1ccccc1-3,162.0
CSc1cc2c(c3c1CCc1ccccc1-3)c(=O)n(-c1ccccc1)n2C,O=c1c2c3c(ccc2[nH]n1-c1ccccc1)CCc1ccccc1-3,181.0
CSc1cc(-c2ccc3ccccc3c2)c2c(=O)n(-c3ccccc3)n(C)c2c1,O=c1c2c(-c3ccc4ccccc4c3)cccc2[nH]n1-c1ccccc1,179.0
CSc1cc(-c2ccc(Cl)cc2)c2c(=O)n(-c3ccccc3)n(C)c2c1,O=c1c2c(-c3ccccc3)cccc2[nH]n1-c1ccccc1,167.0
c1ccc(-c2cc(N3CCCC3)cc(N3CCCC3)c2)cc1,c1ccc(-c2cc(N3CCCC3)cc(N3CCCC3)c2)cc1,174.0
CCOC(=O)C1=C(C)NC(=S)NC1c1ccccc1,S=C1NC=CC(c2ccccc2)N1,205.0
O=[N+]([O-])c1ccc(-c2nnc(S)s2)o1,c1coc(-c2nncs2)c1,174.0
CCOC(=O)C1C(c2ccc(F)cc2)C(C(=O)OCC)C(O)(C(F)(F)F)NC1(O)C(F)(F)F,c1ccc(C2CCNCC2)cc1,84.0
CC1=C(C(=O)OCc2ccccc2)C(c2ccccc2)NC(=O)N1C,O=C1NC=C(C(=O)OCc2ccccc2)C(c2ccccc2)N1,118.0
COC(=O)C1=C(C)NC(=S)NC1c1ccccc1,S=C1NC=CC(c2ccccc2)N1,225.0
Cc1cc(C)c2c(=O)[nH]n(C)c2n1,O=c1[nH][nH]c2ncccc12,216.0
C=CCN(CC=C)C(SC)=C(C#N)C(N)=O,,110.0
N#Cc1c(C(F)(F)F)cc(-c2cccs2)n(N)c1=O,O=c1cccc(-c2cccs2)[nH]1,234.0
S=C(Nc1ccccc1)C(=S)Nc1ccccc1,S=C(Nc1ccccc1)C(=S)Nc1ccccc1,135.0
N#CC(=C1CCCC1)c1nc2ccccc2s1,C(=C1CCCC1)c1nc2ccccc2s1,235.0
Cc1cc2c(C#N)c3sc4ccccc4n3c(=O)c2c(C)n1,O=c1c2cnccc2cc2sc3ccccc3n12,287.0
CC(=O)C(=Cc1ccc(-c2cccc([N+](=O)[O-])c2)o1)C(C)=O,c1ccc(-c2ccco2)cc1,154.0
O=C1NC(=O)C(=Cc2ccc(-c3ccccc3)o2)C(=O)N1,O=C1NC(=O)C(=Cc2ccc(-c3ccccc3)o2)C(=O)N1,270.0
COc1ccc(C(=O)c2ccc(-c3ccccc3)cc2)cc1OC,O=C(c1ccccc1)c1ccc(-c2ccccc2)cc1,108.0
Cc1cccnc1NC(=O)C(C(F)(F)F)C(F)(F)F,c1ccncc1,181.0
O=C1NN(c2ccccc2)C(=O)C1=Cc1ccc(Cl)cc1,O=C1NN(c2ccccc2)C(=O)C1=Cc1ccccc1,322.0
O=C1NN(c2ccccc2)C(=O)C1=Cc1ccc(F)cc1,O=C1NN(c2ccccc2)C(=O)C1=Cc1ccccc1,300.0
O=C1OC(c2ccccc2)=NC1=Cc1ccc(C=C2N=C(c3ccccc3)OC2=O)cc1,O=C1OC(c2ccccc2)=NC1=Cc1ccc(C=C2N=C(c3ccccc3)OC2=O)cc1,271.0
Cc1ccc(-c2ccc(C=C3C(=O)NC(=O)NC3=O)o2)cc1,O=C1NC(=O)C(=Cc2ccc(-c3ccccc3)o2)C(=O)N1,265.0
CCCCc1ccc(NC(=O)c2ccc(OC)cc2)cc1,O=C(Nc1ccccc1)c1ccccc1,147.0
N#CC(=Cc1ccc(Cl)cc1)C(N)=O,c1ccccc1,101.0
O=c1cc(NC2CCCCC2)c2ccccc2o1,O=c1cc(NC2CCCCC2)c2ccccc2o1,194.0
O=C(Nc1ccccc1)C(C(F)(F)F)C(F)(F)F,c1ccccc1,166.0
[O-][P+](c1ccccc1)(c1ccccc1)C1C2=C(OC3=C1CCc1ccccc13)c1ccccc1CC2,c1ccc([PH+](c2ccccc2)C2C3=C(OC4=C2CCc2ccccc24)c2ccccc2CC3)cc1,215.0
Cc1cccc(NC(=O)C(C(F)(F)F)C(F)(F)F)c1,c1ccccc1,175.0
CCOC(=O)c1ccc(NC(=O)C(C(F)(F)F)C(F)(F)F)cc1,c1ccccc1,166.0
Cc1cccc(NC(=O)C(C(F)(F)F)C(F)(F)F)n1,c1ccncc1,107.0
O=C1OC(c2ccccc2)=NC1=Cc1ccc(Br)o1,O=C1OC(c2ccccc2)=NC1=Cc1ccco1,122.0
O=C1OC(c2ccccc2)=NC1=Cc1ccc(-c2ccccc2[N+](=O)[O-])o1,O=C1OC(c2ccccc2)=NC1=Cc1ccc(-c2ccccc2)o1,210.0
[O-][P+](c1ccccc1)(c1ccccc1)C1C2=C(CCCC2)OC2=C1CCCC2,c1ccc([PH+](c2ccccc2)C2C3=C(CCCC3)OC3=C2CCCC3)cc1,157.0
O=C(Nc1ccc(Br)cc1)C(C(F)(F)F)C(F)(F)F,c1ccccc1,186.0
CC(=CC=Cc1ccccc1)C(=O)O,c1ccccc1,159.0
CC(C)CC1=CC(=Cc2ccc(-c3ccccc3)o2)C(=O)O1,O=C1OC=CC1=Cc1ccc(-c2ccccc2)o1,76.0
COc1ccccc1-c1ccc(C=C2C=C(CC(C)C)OC2=O)o1,O=C1OC=CC1=Cc1ccc(-c2ccccc2)o1,89.0
O=C1NC(=O)C(=Cc2ccc(-c3ccccc3Br)o2)C(=O)N1,O=C1NC(=O)C(=Cc2ccc(-c3ccccc3)o2)C(=O)N1,255.0
O=C(Nc1ccccn1)C(C(F)(F)F)C(F)(F)F,c1ccncc1,109.0
O=C(Nc1cc(Cl)ccc1Cl)C(C(F)(F)F)C(F)(F)F,c1ccccc1,211.0
COc1cc(C(=O)c2ccc(Cl)cc2Cl)c([N+](=O)[O-])cc1OC,O=C(c1ccccc1)c1ccccc1,114.0
Cc1c(NC(=O)C(C(F)(F)F)C(F)(F)F)c(=O)n(-c2ccccc2)n1C,O=c1cc[nH]n1-c1ccccc1,238.0
CCOC(=O)C(C#N)=Cc1ccc(-c2ccccc2OC)o1,c1ccc(-c2ccco2)cc1,121.0
O=C1OC(c2ccccc2)=NC1=Cc1ccc(-c2ccccc2Br)o1,O=C1OC(c2ccccc2)=NC1=Cc1ccc(-c2ccccc2)o1,160.0
COc1ccc(C2C3=C(CCCC3)OC3=C2CCCC3)cc1,c1ccc(C2C3=C(CCCC3)OC3=C2CCCC3)cc1,104.0
O=C1OC(c2ccccc2)=NC1=Cc1ccc(-c2cccc([N+](=O)[O-])c2)o1,O=C1OC(c2ccccc2)=NC1=Cc1ccc(-c2ccccc2)o1,145.0
Cc1ccc(NC(=O)C(C(F)(F)F)C(F)(F)F)cc1,c1ccccc1,196.0
CN(C)c1ccc(N=c2cc(-c3ccccc3)oc(-c3ccccc3)c2)cc1,c1ccc(N=c2cc(-c3ccccc3)oc(-c3ccccc3)c2)cc1,148.0
CCCCCCSc1nc2ccc(NC(=O)COc3ccc(Cl)cc3Cl)cc2s1,O=C(COc1ccccc1)Nc1ccc2ncsc2c1,105.0
COc1ccc2c(c1)CCC(=Cc1ccccc1)C2=O,O=C1C(=Cc2ccccc2)CCc2ccccc21,75.0
C(=Cc1ccc2ccc3ccccc3c2c1)c1ccc2ccccc2c1,C(=Cc1ccc2ccc3ccccc3c2c1)c1ccc2ccccc2c1,213.0
Cc1ccc(NC(=O)C(C(F)(F)F)C(F)(F)F)c(C)c1,c1ccccc1,193.0
Cc1c([N+](=O)[O-])cc(C(=O)N2CCCCCC2)cc1[N+](=O)[O-],O=C(c1ccccc1)N1CCCCCC1,106.0
CCOC(=O)C(C#N)=Cc1ccc(-c2ccccc2)o1,c1ccc(-c2ccco2)cc1,117.0
CCCNc1cc(=O)oc2ccccc12,O=c1ccc2ccccc2o1,111.0
C(=Cc1cccc(C=Cc2ccccc2)c1)c1ccccc1,C(=Cc1cccc(C=Cc2ccccc2)c1)c1ccccc1,150.0
O=[N+]([O-])c1cccc(C=Cc2cccc([N+](=O)[O-])c2)c1,C(=Cc1ccccc1)c1ccccc1,88.0
CSC(Nc1ccccc1)=C(C#N)C#N,c1ccccc1,80.0
O=C1OC(c2ccccc2)=NC1=Cc1ccco1,O=C1OC(c2ccccc2)=NC1=Cc1ccco1,159.0
CCOC(=O)C(C#N)=Cc1ccc(-c2ccc(C)cc2)o1,c1ccc(-c2ccco2)cc1,124.0
O=C1OC(c2ccccc2)=NC1=Cc1ccc(-c2ccc(Br)cc2)o1,O=C1OC(c2ccccc2)=NC1=Cc1ccc(-c2ccccc2)o1,180.0
O=C1OC(c2ccccc2)=NC1=Cc1ccc(Cl)cc1Cl,O=C1OC(c2ccccc2)=NC1=Cc1ccccc1,180.0
O=C1OC(c2ccccc2)=NC1=Cc1ccc(Cl)cc1,O=C1OC(c2ccccc2)=NC1=Cc1ccccc1,193.0
CCOC(=O)C(C#N)=Cc1ccc(O)cc1,c1ccccc1,172.0
CCOC(=O)C(C#N)=Cc1ccc(N(C)C)cc1,c1ccccc1,311.0
O=C1OC(c2ccccc2)=NC1=Cc1ccccc1F,O=C1OC(c2ccccc2)=NC1=Cc1ccccc1,149.0
CC1=NC(=Cc2ccc(C)cc2)C(=O)O1,O=C1OC=NC1=Cc1ccccc1,245.0
O=C1OC(c2ccccc2)=NC1=Cc1ccc([N+](=O)[O-])cc1,O=C1OC(c2ccccc2)=NC1=Cc1ccccc1,215.0
COc1cc(C=Cc2ccc([N+](=O)[O-])cc2[N+](=O)[O-])ccc1O,C(=Cc1ccccc1)c1ccccc1,191.0
O=C1OC(c2ccccc2)=NC1=Cc1cccs1,O=C1OC(c2ccccc2)=NC1=Cc1cccs1,167.0
O=C1OC(c2ccccc2)=NC1=Cc1ccc(Br)cc1,O=C1OC(c2ccccc2)=NC1=Cc1ccccc1,193.0
CN(C)c1ccc(C=C(C#N)C(N)=S)cc1,c1ccccc1,189.0
c1cc2c3c(cccc3c1)C1=NCCN=C12,c1cc2c3c(cccc3c1)C1=NCCN=C12,95.0
O=C1C=C(c2ccccc2)c2ccccc21,O=C1C=C(c2ccccc2)c2ccccc21,51.0
COc1ccc(C(=O)c2ccc(C)cc2)cc1OC,O=C(c1ccccc1)c1ccccc1,109.0
CC1(C)CC(=O)C(=Cc2ccc(-c3ccc(Cl)cc3)o2)C(=O)C1,O=C1CCCC(=O)C1=Cc1ccc(-c2ccccc2)o1,206.0
CC1(C)OC(=O)C(=Cc2ccc(-c3ccc(Br)cc3)o2)C(=O)O1,O=C1OCOC(=O)C1=Cc1ccc(-c2ccccc2)o1,182.0
O=C1C(=Cc2ccc([N+](=O)[O-])cc2)SC(=S)N1CN1CCCCC1,O=C1C(=Cc2ccccc2)SC(=S)N1CN1CCCCC1,160.0
CC(=O)Nc1ccc(C#Cc2ccc(NC(C)=O)cc2)cc1,C(#Cc1ccccc1)c1ccccc1,281.0
Nc1ccc(C#Cc2ccc(N)cc2)cc1,C(#Cc1ccccc1)c1ccccc1,236.0
CC1(C)OC(=O)C2(Cc3ccccc3C2)C(=O)O1,O=C1OCOC(=O)C12Cc1ccccc1C2,158.0
O=C1NC(=O)C(=Cc2ccc(-c3cccc([N+](=O)[O-])c3)o2)C(=O)N1,O=C1NC(=O)C(=Cc2ccc(-c3ccccc3)o2)C(=O)N1,280.0
COc1ccc(C=C2C3=C(CCCC3)OC3=C2CCCC3)cc1,C(=C1C2=C(CCCC2)OC2=C1CCCC2)c1ccccc1,124.0
O=C1C(=Cc2ccccc2)SC(=S)N1CN1CCCCC1,O=C1C(=Cc2ccccc2)SC(=S)N1CN1CCCCC1,114.0
CCC1=C(C)C2=CCC=CC2=N1,C1=CC2=NC=CC2=CC1,64.0
O=C1C(=Cc2ccc(Cl)cc2)SC(=S)N1CN1CCOCC1,O=C1C(=Cc2ccccc2)SC(=S)N1CN1CCOCC1,149.0
O=C1C(=Cc2ccccc2)SC(=S)N1CN1CCOCC1,O=C1C(=Cc2ccccc2)SC(=S)N1CN1CCOCC1,121.0
O=[N+]([O-])c1ccc(-c2nn3c(C(F)(F)F)nnc3s2)cc1,c1ccc(-c2nn3cnnc3s2)cc1,213.0
CC(=O)C(C(C)=O)=C1SCCS1,C=C1SCCS1,91.0
CC1=Nc2ccccc2Sc2c1c(=O)n(-c1ccccc1)c1ccccc21,O=c1c2c(c3ccccc3n1-c1ccccc1)Sc1ccccc1N=C2,231.0
O=C1C(=Cc2ccccc2)Cc2ccccc21,O=C1C(=Cc2ccccc2)Cc2ccccc21,110.0
N#Cc1c(-c2ccc(F)cc2)c(C#N)c(=O)n(N)c1N,O=c1cc(-c2ccccc2)cc[nH]1,304.0
O=C1C(=Cc2ccccc2O)SC(=S)N1CN1CCOCC1,O=C1C(=Cc2ccccc2)SC(=S)N1CN1CCOCC1,166.0
Cc1c(-c2ccccc2)n(C)c2ccccc12,c1ccc(-c2cc3ccccc3[nH]2)cc1,69.0
O=C1NC(=O)C(=Cc2ccc(-c3ccc(Br)cc3)o2)C(=O)N1,O=C1NC(=O)C(=Cc2ccc(-c3ccccc3)o2)C(=O)N1,255.0
CCOc1cc(C(=S)N2CCCCC2)ccc1OCc1ccccc1,S=C(c1ccc(OCc2ccccc2)cc1)N1CCCCC1,72.0
COc1ccc(Br)cc1C=c1sc2nc3ccccc3n2c1=O,O=c1c(=Cc2ccccc2)sc2nc3ccccc3n12,251.0
CCOC(=O)C1=C(C)NC(C)=C(C(=O)OCC)C1c1ccc2c(c1)OCO2,C1=CC(c2ccc3c(c2)OCO3)C=CN1,135.0
O=[N+]([O-])c1cccc(C=Cc2ccccc2)c1,C(=Cc1ccccc1)c1ccccc1,102.0
O=c1c2c(oc3c1CCCC3)CCCC2,O=c1c2c(oc3c1CCCC3)CCCC2,130.0
CC(=O)C(=NNc1ccc(C(=O)O)cc1)C(C)=O,c1ccccc1,215.0
Cc1ccccc1NN=C1C(=O)CC(C)(C)CC1=O,O=C1CCCC(=O)C1=NNc1ccccc1,109.0
Cc1ccc(C=C2C=C(CC(C)C)OC2=O)o1,O=C1OC=CC1=Cc1ccco1,88.0
CC1(C)CC(=O)C(=NNc2ccc(Br)cc2)C(=O)C1,O=C1CCCC(=O)C1=NNc1ccccc1,204.0
COc1cc(C(=O)c2ccccc2Cl)c([N+](=O)[O-])cc1OC,O=C(c1ccccc1)c1ccccc1,122.0
CC1(C)OC(=O)C(=NNc2ccc(C(=O)O)cc2)C(=O)O1,O=C1OCOC(=O)C1=NNc1ccccc1,223.0
COc1ccccc1-c1ccc(C=C2N=C(c3ccccc3)OC2=O)o1,O=C1OC(c2ccccc2)=NC1=Cc1ccc(-c2ccccc2)o1,170.0
CC1(C)OC(=O)C(=NNc2ccc(Br)cc2)C(=O)O1,O=C1OCOC(=O)C1=NNc1ccccc1,260.0
Cc1ccc(-c2ccc(C=C3C=C(CC(C)C)OC3=O)o2)cc1,O=C1OC=CC1=Cc1ccc(-c2ccccc2)o1,78.0
Cc1ccc(CC(=O)Nc2ccc(C)cc2)cc1,O=C(Cc1ccccc1)Nc1ccccc1,163.0
Cc1ccc(-c2ccc(C=C3N=C(c4ccccc4)OC3=O)o2)cc1,O=C1OC(c2ccccc2)=NC1=Cc1ccc(-c2ccccc2)o1,150.0
S=c1oc2ccccc2n1CN1CCCCC1,S=c1oc2ccccc2n1CN1CCCCC1,255.0
Cc1ccccc1-c1cc2ccccc2c(=O)o1,O=c1oc(-c2ccccc2)cc2ccccc12,86.0
CCOC(=O)c1c(SC)n[nH]c1N,c1cn[nH]c1,143.0
O=C1NC(=O)C(=Cc2ccccc2)N1,O=C1NC(=O)C(=Cc2ccccc2)N1,222.0
COc1ccc2c(=O)c(=O)c2c1,O=c1c(=O)c2ccccc12,102.0
COc1ccc(OC)c2c(=O)c(=O)c12,O=c1c(=O)c2ccccc12,191.0
O=C1NN(c2ccccc2)C(=O)C1=Cc1ccccc1,O=C1NN(c2ccccc2)C(=O)C1=Cc1ccccc1,275.0
CC(=O)C(=Cc1ccc(-c2ccccc2[N+](=O)[O-])o1)C(C)=O,c1ccc(-c2ccco2)cc1,128.0
O=C1OC(c2ccccc2)=NC1=Cc1ccc(-c2ccccc2)o1,O=C1OC(c2ccccc2)=NC1=Cc1ccc(-c2ccccc2)o1,143.0
COc1ccc(C(=S)Nc2ccccc2)cc1,S=C(Nc1ccccc1)c1ccccc1,157.0
COc1ccc(-c2nn3c(C)nnc3s2)cc1,c1ccc(-c2nn3cnnc3s2)cc1,177.0
CCNc1c(C=O)c(=O)oc2ccccc12,O=c1ccc2ccccc2o1,181.0
CCNc1cc(=O)oc2ccccc12,O=c1ccc2ccccc2o1,150.0
Nc1c(C=O)c(=O)oc2ccccc12,O=c1ccc2ccccc2o1,268.0
Nc1cc(=O)oc2ccccc12,O=c1ccc2ccccc2o1,233.0
CCc1nc(N)nc(Cl)c1C,c1cncnc1,139.0
CCc1nc(N)nc(O)c1C,c1cncnc1,303.0
CCOc1ccc(C(=S)N2CCOCC2)cc1OC,S=C(c1ccccc1)N1CCOCC1,119.0
CCc1ccccc1NC(=O)c1cccc2ccccc12,O=C(Nc1ccccc1)c1cccc2ccccc12,175.0
Cc1ccc(NC(=O)c2cccc3ccccc23)cc1,O=C(Nc1ccccc1)c1cccc2ccccc12,174.0
S=C(NCC(c1ccccc1)c1ccccc1)Nc1ccccc1,S=C(NCC(c1ccccc1)c1ccccc1)Nc1ccccc1,171.0
COc1ccc(NC(=S)c2ccccc2)cc1,S=C(Nc1ccccc1)c1ccccc1,133.0
O=C1NC(=S)NC(=O)C1=Cc1ccc(Br)o1,O=C1NC(=S)NC(=O)C1=Cc1ccco1,215.0
CC(=O)c1c(O)c(C(C)(C)C)cc(C(C)(C)C)c1O,c1ccccc1,180.0
CC(=O)C=Cc1oc2ccc(Cl)cc2c1-c1ccc(C)o1,c1coc(-c2coc3ccccc23)c1,119.0
CC(=O)CCc1oc2ccc(Br)cc2c1-c1ccc(C)o1,c1coc(-c2coc3ccccc23)c1,79.0
CC(=O)CCc1oc2ccc(C)cc2c1-c1ccc(C)o1,c1coc(-c2coc3ccccc23)c1,76.0
CC(=O)CCc1oc2ccc(Cl)cc2c1-c1ccc(C)o1,c1coc(-c2coc3ccccc23)c1,75.0
COc1ccc2oc(CCC(C)=O)c(-c3ccc(C)o3)c2c1,c1coc(-c2coc3ccccc23)c1,36.0
COc1ccc(C(=O)c2ccc(Cl)cc2)cc1OC,O=C(c1ccccc1)c1ccccc1,109.0
O=C(O)C=Cc1cccc(C=CC(=O)O)c1,c1ccccc1,280.0
CN(C)c1ccc(C=C2N=C(c3ccccc3)OC2=O)cc1,O=C1OC(c2ccccc2)=NC1=Cc1ccccc1,205.0
Cc1ccccc1CNC(=O)c1ccccc1,O=C(NCc1ccccc1)c1ccccc1,118.0
CCOC(=O)C(C#N)=Cc1ccc(-c2ccc([N+](=O)[O-])cc2)o1,c1ccc(-c2ccco2)cc1,238.0
O=C(Nc1ccccc1)c1cccc2c(Br)cccc12,O=C(Nc1ccccc1)c1cccc2ccccc12,217.0
CN(C)c1ccc(C=C[N+](=O)[O-])cc1,c1ccccc1,188.0
Cc1c(-c2ccccc2)oc(-c2ccccc2)c(C)c1=O,O=c1cc(-c2ccccc2)oc(-c2ccccc2)c1,144.0
Cc1cc(C(F)(F)F)n2nc(-c3ccc(Cl)cc3)cc2n1,c1ccc(-c2cc3ncccn3n2)cc1,176.0
COc1ccc(-c2cc3nc(C)cc(C(F)(F)F)n3n2)cc1,c1ccc(-c2cc3ncccn3n2)cc1,167.0
S=c1cc(-c2ccccc2)oc(-c2ccccc2)c1,S=c1cc(-c2ccccc2)oc(-c2ccccc2)c1,170.0
O=C(Nc1nc(-c2ccccc2)cs1)c1ccccc1,O=C(Nc1nc(-c2ccccc2)cs1)c1ccccc1,123.0
COc1ccccc1-c1ccc(C=C(C(C)=O)C(C)=O)o1,c1ccc(-c2ccco2)cc1,146.0
CCOC(=O)C(C#N)=Cc1ccc(-c2ccc(Cl)cc2)o1,c1ccc(-c2ccco2)cc1,140.0
CCOC(=O)C(C#N)=Cc1ccc(-c2ccccc2Br)o1,c1ccc(-c2ccco2)cc1,124.0
CC(=O)CCc1oc2ccc([N+](=O)[O-])cc2c1-c1ccc(C)o1,c1coc(-c2coc3ccccc23)c1,124.0
CC(=O)CCc1oc2ccccc2c1-c1ccc(C)o1,c1coc(-c2coc3ccccc23)c1,54.0
COc1ccccc1-c1ccc(C=C2C(=O)OC(C)(C)OC2=O)o1,O=C1OCOC(=O)C1=Cc1ccc(-c2ccccc2)o1,147.0
CC1(C)OC(=O)C(=Cc2ccc(-c3ccccc3)o2)C(=O)O1,O=C1OCOC(=O)C1=Cc1ccc(-c2ccccc2)o1,143.0
Cc1ccc(-c2ccc(C=C3C(=O)OC(C)(C)OC3=O)o2)cc1,O=C1OCOC(=O)C1=Cc1ccc(-c2ccccc2)o1,166.0
CC1(C)OC(=O)C(=Cc2ccc(Br)o2)C(=O)O1,O=C1OCOC(=O)C1=Cc1ccco1,116.0
CC(C)=C1C(=O)NN(c2ccccc2)C1=O,C=C1C(=O)NN(c2ccccc2)C1=O,166.0
CSC1N=NC(N)=C1C#N,C1=CN=NC1,190.0
COc1ccc(C=CC(=O)O)cc1O,c1ccccc1,234.0
Nc1ccccc1C1C=c2ccccc2=N1,C1=c2ccccc2=NC1c1ccccc1,153.0
O=C(C=CC(=O)c1ccccc1)c1ccccc1,O=C(C=CC(=O)c1ccccc1)c1ccccc1,111.0
CC1C=C(CO)N=N1,C1=CN=NC1,79.0
N#CC(=Cc1ccc([N+](=O)[O-])cc1)C(N)=S,c1ccccc1,311.0
N#CC(=Cc1ccccc1)C(N)=O,c1ccccc1,155.0
COc1ccc(C=C(C#N)C(N)=O)cc1,c1ccccc1,321.0
Cn1c(S)nnc1-c1ccccc1,c1ccc(-c2nnc[nH]2)cc1,188.0
CC1(C)OC(=O)C(=Cc2cccs2)C(=O)O1,O=C1OCOC(=O)C1=Cc1cccs1,182.0
S=c1oc(-c2cc3ccccc3o2)nn1CCl,S=c1[nH]nc(-c2cc3ccccc3o2)o1,300.0
Cc1cc(C)c2c(-c3ccccc3)nn(-c3ccccc3)c2n1,c1ccc(-c2nn(-c3ccccc3)c3ncccc23)cc1,114.0
O=C(COc1ccc(Cl)cc1)Nc1nc2ccccc2s1,O=C(COc1ccccc1)Nc1nc2ccccc2s1,139.0
Cc1ccc(C=C2N=C(c3ccccc3)OC2=O)o1,O=C1OC(c2ccccc2)=NC1=Cc1ccco1,160.0
Cc1cc(C(F)(F)F)n2nc(-c3ccccc3)cc2n1,c1ccc(-c2cc3ncccn3n2)cc1,174.0
O=C1OC(c2ccccc2)=NC1=Cc1ccccc1,O=C1OC(c2ccccc2)=NC1=Cc1ccccc1,167.0
CC(=O)CCc1oc2c([N+](=O)[O-])cccc2c1-c1ccc(C)o1,c1coc(-c2coc3ccccc23)c1,103.0
CC(=O)C=Cc1oc2ccc([N+](=O)[O-])cc2c1-c1ccc(C)o1,c1coc(-c2coc3ccccc23)c1,178.0
O=C(O)C(=Cc1ccccc1)c1ccccc1,C(=Cc1ccccc1)c1ccccc1,171.0
COc1ccc(C=CC(=O)O)cc1,c1ccccc1,174.0
CCOC(=O)Cn1nc(-c2ccccc2)c2ccccc2c1=O,O=c1[nH]nc(-c2ccccc2)c2ccccc12,224.0
CC1(C)OC(=O)C(=Cc2ccc(-c3ccc([N+](=O)[O-])cc3)o2)C(=O)O1,O=C1OCOC(=O)C1=Cc1ccc(-c2ccccc2)o1,221.0
CC1(C)OC(=O)C(=Cc2ccc(-c3cccc([N+](=O)[O-])c3)o2)C(=O)O1,O=C1OCOC(=O)C1=Cc1ccc(-c2ccccc2)o1,179.0
Cc1ccc(C=C2C(=O)OC(C)(C)OC2=O)o1,O=C1OCOC(=O)C1=Cc1ccco1,93.0
COc1ccc(C=C2N=C(c3ccccc3)OC2=O)cc1,O=C1OC(c2ccccc2)=NC1=Cc1ccccc1,152.0
O=C1NC(=S)NC(=O)C1=Cc1ccc(-c2ccc(Cl)cc2)o1,O=C1NC(=S)NC(=O)C1=Cc1ccc(-c2ccccc2)o1,280.0
Nn1c(S)nnc1-c1ccc(Cl)cc1,c1ccc(-c2nnc[nH]2)cc1,322.0
COc1ccc(C=C[N+](=O)[O-])cc1OCc1ccccc1,c1ccc(COc2ccccc2)cc1,120.0
COC(=O)c1cc2ccccc2cc1C(=O)OC,c1ccc2ccccc2c1,49.0
Fc1ccc(C(=S)N2CCCCC2)cc1,S=C(c1ccccc1)N1CCCCC1,77.0
Cc1nn(Cc2ccccc2)c(N)c1C#N,c1ccc(Cn2cccn2)cc1,78.0
Cc1c(C#N)c2ccccc2n1C,c1ccc2[nH]ccc2c1,105.0
COc1ccc(C=c2sc3nc4ccccc4n3c2=O)cc1OC,O=c1c(=Cc2ccccc2)sc2nc3ccccc3n12,221.0
CCOC(=O)C(C#N)=Cc1ccc(-c2ccc(Br)cc2)o1,c1ccc(-c2ccco2)cc1,167.0
N#CC(C#N)=C(SCc1ccccc1)SCc1ccccc1,C=C(SCc1ccccc1)SCc1ccccc1,82.0
COc1cc(C=C(S)C(=O)O)ccc1O,c1ccccc1,161.0
CC(=O)C(C(C)=O)=C1SCCCS1,C=C1SCCCS1,91.0
O=C(Nc1nc(-c2ccc(Cl)cc2)cs1)c1ccccc1,O=C(Nc1nc(-c2ccccc2)cs1)c1ccccc1,120.0
O=C1Nc2ccccc2C1=Nn1c(S)nnc1C(F)(F)F,O=C1Nc2ccccc2C1=Nn1cnnc1,300.0
COc1ccc(C=C2N=C(c3ccccc3)OC2=O)cc1OC,O=C1OC(c2ccccc2)=NC1=Cc1ccccc1,133.0
CCc1ccccc1NCN1C(=O)c2ccccc2C1=O,O=C1c2ccccc2C(=O)N1CNc1ccccc1,104.0
COc1ccc(C(=O)Cc2ccccc2)cc1OC,O=C(Cc1ccccc1)c1ccccc1,73.0
Cc1noc2c1c(=O)n(-c1ccccc1)c1ccccc21,O=c1c2cnoc2c2ccccc2n1-c1ccccc1,283.0
COc1ccc(-c2nn3c(COc4ccccc4)nnc3s2)cc1OC,c1ccc(OCc2nnc3sc(-c4ccccc4)nn23)cc1,106.0
COc1cc(-c2nnc3n2N=C(c2ccccc2)CS3)cc(OC)c1OC,c1ccc(C2=Nn3c(nnc3-c3ccccc3)SC2)cc1,197.0
CCOC(=O)C1=C(C)NC(=O)NC1c1ccc2c(c1)OCO2,O=C1NC=CC(c2ccc3c(c2)OCO3)N1,189.0
CCSc1nnc(NC(=O)C(C(F)(F)F)C(F)(F)F)s1,c1nncs1,159.0
O=C(O)C=Cc1ccco1,c1ccoc1,133.0
Cc1ccc(C)c2c1C(=O)N(C)C2=O,O=C1NC(=O)c2ccccc21,170.0
COc1ccc(C=CC(=O)c2ccccc2)cc1,O=C(C=Cc1ccccc1)c1ccccc1,76.0
CCOC(=O)C(C#N)=Cc1ccccc1Cl,c1ccccc1,88.0
CCOC(=O)C(C#N)=Cc1ccc(Cl)cc1,c1ccccc1,138.0
CC1=C(C)CC(Cl)(Cl)C(=O)C(Cl)(Cl)C1,O=C1CCC=CCC1,91.0
CC(=O)C1=Cc2ccccc2C1,C1=Cc2ccccc2C1,122.0
CC(=O)Nc1cc(NC(C)=O)c([N+](=O)[O-])cc1[N+](=O)[O-],c1ccccc1,248.0
Cc1c(C)n(C(=O)c2ccccc2)c2ccccc12,O=C(c1ccccc1)n1ccc2ccccc21,98.0
CCOC(=O)c1cc2c(=O)oc3ccccc3c2nc1C,O=c1oc2ccccc2c2ncccc12,167.0
Cc1cccc2c(=O)c(=O)c12,O=c1c(=O)c2ccccc12,121.0
Cc1cccc2c1C(=O)OC2,O=C1OCc2ccccc21,86.0
CCNc1nc2c(cc1C(=O)OCC)c(=O)oc1ccccc12,O=c1oc2ccccc2c2ncccc12,186.0
COC(=O)c1cc2c(=O)oc3ccccc3c2nc1N,O=c1oc2ccccc2c2ncccc12,264.0
CC(=O)OC1CC2C3CCC(C(C)CCCC(C)C)C3(C)CCC2C2(C)CCC(O)CC12O,C1CCC2C(C1)CCC1C3CCCC3CCC21,141.0
Ic1cccc2cccc(I)c12,c1ccc2ccccc2c1,106.0
CC(=O)OC1CCC2(C)C3CCC4(C)C(C(C)CCCC(C)C)CCC4C3CC(OC(C)=O)C2(O)C1,C1CCC2C(C1)CCC1C3CCCC3CCC21,164.0
O=C1C(Br)=C(c2ccccc2)c2ccccc21,O=C1C=C(c2ccccc2)c2ccccc21,111.0
CC12CCC3C(CCC4CCCCC43C)C1CCC2O,C1CCC2C(C1)CCC1C3CCCC3CCC21,166.0
CC12CCC3C(CCC4CCCCC43C)C1CC(=O)C2,O=C1CC2CCC3C4CCCCC4CCC3C2C1,108.0
CC(CCC(=O)O)C1CCC2=C3CCC4CC(O)CCC4(C)C3CC(O)C21C,C1CC2=C3CCC4CCCCC4C3CCC2C1,172.0
COc1cc2c(cc1OCc1ccccc1)C(C)NCC2,c1ccc(COc2ccc3c(c2)CNCC3)cc1,91.0
Cc1ccc(-n2c(C)nc3cc([N+](=O)[O-])ccc32)cc1,c1ccc(-n2cnc3ccccc32)cc1,152.0
N#CC1=C(N)N2C(=C(C#N)C1c1ccccc1)Sc1ccccc12,C1=CN2C(=CC1c1ccccc1)Sc1ccccc12,205.0
CC12CCC3C(C(=O)CC4CC(=O)CCC43C)C1CCC2=O,O=C1CCC2C(C1)CC(=O)C1C3CCC(=O)C3CCC21,232.0
COC(=O)CCC(C)C1CCC2=C3CCC4CC(OC(C)=O)CCC4(C)C3CC(OC(C)=O)C21C,C1CC2=C3CCC4CCCCC4C3CCC2C1,234.0
CC(CCC(=O)O)C1CCC2C3C(=O)CC4CCCCC4(C)C3CC(=O)C12C,O=C1CC2C3CCCCC3CC(=O)C2C2CCCC12,176.0
COC(=O)CCC(C)C1CCC2C3CCC4CC(=O)CCC4(C)C3CC(=O)C12C,O=C1CCC2C(CCC3C4CCCC4C(=O)CC23)C1,130.0
Clc1cccc2cc3c(Cl)cccc3cc12,c1ccc2cc3ccccc3cc2c1,189.0
CCOC(=O)C1=C(c2ccccc2)NC(=O)NC1c1ccccc1,O=C1NC(c2ccccc2)=CC(c2ccccc2)N1,172.0
Cc1ccc2c3ccccc3c3ccccc3c2c1,c1ccc2c(c1)c1ccccc1c1ccccc21,100.0
CCOc1ccc(-c2ccc(OCC)cc2)cc1,c1ccc(-c2ccccc2)cc1,174.0
COC(=O)c1c([N+](=O)[O-])cc([N+](=O)[O-])cc1[N+](=O)[O-],c1ccccc1,156.0
CC(C)(C)NC(=O)C(C(F)(F)F)C(F)(F)F,,201.0
COC(=O)CCC(C)C1CCC2C3CCC4CCCCC4(C)C3CC(=O)C12C,O=C1CC2C3CCCCC3CCC2C2CCCC12,109.0
O=C(CBr)c1ccc(C(=O)CBr)cc1,c1ccccc1,173.0
CN(C)C(=O)C(C(F)(F)F)C(F)(F)F,,54.0
CC(C)N(C(=O)C(C(F)(F)F)C(F)(F)F)C(C)C,,53.0
CCOC(=O)C1=C(C)NC(=O)NC1c1ccco1,O=C1NC=CC(c2ccco2)N1,206.0
CC(CCCO)C1CCC2C3CCC4CCCCC4(C)C3CCC12C,C1CCC2C(C1)CCC1C3CCCC3CCC21,130.0
C#CC1(O)CCC2C3CCC4CCCCC4(C)C3CCC21C,C1CCC2C(C1)CCC1C3CCCC3CCC21,155.0
CC1=CC(c2ccccc2)c2ccccc21,C1=CC(c2ccccc2)c2ccccc21,61.0
CC1=C(c2ccccc2)c2ccccc2C1,C1=C(c2ccccc2)c2ccccc2C1,58.0
c1ccc(-c2cc3ccccc3cn2)cc1,c1ccc(-c2cc3ccccc3cn2)cc1,103.0
Cc1c(C)c(CCl)c(C)c(CCl)c1C,c1ccccc1,117.0
CC(=O)Nc1cccc2c([N+](=O)[O-])cccc12,c1ccc2ccccc2c1,218.0
COC(=O)c1ccc2cc(OC)ccc2c1,c1ccc2ccccc2c1,130.0
CCOC(=O)C1=C(C)NC(=O)NC1c1ccc([N+](=O)[O-])cc1,O=C1NC=CC(c2ccccc2)N1,208.0
CCOC(=O)C1=C(C)NC(=O)NC1C,O=C1NC=CCN1,190.0
CCOC(=O)C1=C(C)NC(=O)NC1c1ccc(Cl)cc1,O=C1NC=CC(c2ccccc2)N1,185.0
O=C(c1ccccc1)c1ccccc1N=Nc1ccccc1C(=O)c1ccccc1,O=C(c1ccccc1)c1ccccc1N=Nc1ccccc1C(=O)c1ccccc1,205.0
CC12CCC(C(C(c3ccccc3)c3ccccc3)C1=O)C2(C)C,O=C1C2CCC(C2)C1C(c1ccccc1)c1ccccc1,107.0
C1=CC2c3ccccc3C1C21CC1,C1=CC2c3ccccc3C1C21CC1,43.0
COc1ccc(C=O)c(C)c1C,c1ccccc1,53.0
Cc1cc(C)c2c(c1)OC(=O)C2,O=C1Cc2ccccc2O1,105.0
CC(=O)Oc1ccc2cc(OC(C)=O)ccc2c1,c1ccc2ccccc2c1,215.0
COC(=O)CCc1cccc(CCC(=O)OC)c1,c1ccccc1,51.0
CC(=O)c1cn(C)c2ccccc12,c1ccc2[nH]ccc2c1,107.0
CC(=O)C1=C(C)NC(=O)NC1c1ccccc1,O=C1NC=CC(c2ccccc2)N1,238.0
O=C(Nc1nc2ccccc2s1)C(C(F)(F)F)C(F)(F)F,c1ccc2scnc2c1,174.0
C=CCNC(SC)=C(C#N)C#N,,91.0
CC1CCC(C(C)C)C(OC(=O)c2ccc(C(=O)OC3CC(C)CCC3C(C)C)cc2)C1,O=C(OC1CCCCC1)c1ccc(C(=O)OC2CCCCC2)cc1,75.0
O=C(Nc1ccccc1)OCc1ccccc1[N+](=O)[O-],O=C(Nc1ccccc1)OCc1ccccc1,141.0
Cc1ccc(C)c2c1COC2=O,O=C1OCc2ccccc21,88.0
O=C(Nc1cccc(Cl)c1)C(C(F)(F)F)C(F)(F)F,c1ccccc1,154.0
COC(=O)CC(C)CCC1C(C)(O)CCC2C(C)(C)CCCC21C,C1CCC2CCCCC2C1,70.0
COc1ccc(NC(=O)C(C(F)(F)F)C(F)(F)F)cc1,c1ccccc1,186.0
COC(=O)CCC(C)C1CCC2C3C(OC(C)=O)CC4CC(=O)CCC4(C)C3CC(=O)C12C,O=C1CCC2C(CCC3C4CCCC4C(=O)CC23)C1,166.0
COc1ccc(CC(=O)C(=O)O)cc1,c1ccccc1,194.0
O=C(Nc1cccc2ccccc12)C(C(F)(F)F)C(F)(F)F,c1ccc2ccccc2c1,224.0
Cc1n[nH]c(C)c1Cc1ccccc1,c1ccc(Cc2cn[nH]c2)cc1,119.0
CCC1=C(C)N=NC1C,C1=CN=NC1,43.0
O=C(NCC(c1ccccc1)c1ccccc1)c1ccccc1,O=C(NCC(c1ccccc1)c1ccccc1)c1ccccc1,123.0
Cc1cccc(C(O)c2ccccc2)c1,c1ccc(Cc2ccccc2)cc1,53.0
O=C(Oc1ccc(OC(=O)c2ccccc2)cc1)c1ccccc1,O=C(Oc1ccc(OC(=O)c2ccccc2)cc1)c1ccccc1,115.0
O=C(Nc1nccs1)C(C(F)(F)F)C(F)(F)F,c1cscn1,148.0
CC12CCCCC1CCC1C2CCC2(C)C1CCC21OCCO1,C1CCC2C(C1)CCC1C2CCC2C1CCC21OCCO1,143.0
CC12CCCC1C1CCC3CC4(CCC3(C)C1CC2)OCCO4,C1CC2CCC3C4CCC5(CC4CCC3C2C1)OCCO5,117.0
CC12CCC3C(C1CCC2=O)C1(CC2CC(=O)CCC23C)OCCO1,O=C1CCC2C(C1)CC1(OCCO1)C1C3CCC(=O)C3CCC21,207.0
CC1C(=O)C2(C)CCC1C2(C)C,O=C1CC2CCC1C2,38.0
C1=CC2(CC2)C2C1C1C=CC2C12CC2,C1=CC2(CC2)C2C1C1C=CC2C12CC2,45.0
OC1Cc2ccccc21,c1ccc2c(c1)CC2,58.0
O=C(NCc1ccccc1)C(C(F)(F)F)C(F)(F)F,c1ccccc1,194.0
CCC1(O)CCC2(C)C(CCC3C4CCC(=O)C4(C)CCC32)C1,O=C1CCC2C1CCC1C3CCCCC3CCC21,115.0
O=C(Nc1cccc([N+](=O)[O-])c1)C(C(F)(F)F)C(F)(F)F,c1ccccc1,200.0
O=C(O)C1(C(=O)O)C2CCCCCCC21,C1CCCC2CC2CC1,217.0
CC1=C(O)C(=O)CC(C)(C)C1,O=C1C=CCCC1,89.0
[O-][N+](=Nc1cccc(O)c1)c1cccc(O)c1,c1ccc(N=[NH+]c2ccccc2)cc1,183.0
O=C(NNc1ccccc1)C1CCCCC1,O=C(NNc1ccccc1)C1CCCCC1,164.0
CC(CCC(=O)O)C1CCC2C3CCC4CC(=O)CCC4(C)C3CCC12C,O=C1CCC2C(CCC3C4CCCC4CCC23)C1,140.0
CC1(C)OC(=O)C(=Cc2cccc([N+](=O)[O-])c2)C(=O)O1,O=C1OCOC(=O)C1=Cc1ccccc1,177.0
CC(=O)OC1C(C)OC(OCc2ccccc2)C(OC(C)=O)C1OC(C)=O,c1ccc(COC2CCCCO2)cc1,112.0
CC(C)CCCC(C)C1CCC2C3CC(O)C4(O)CC(O)CCC4(C)C3CCC12C,C1CCC2C(C1)CCC1C3CCCC3CCC21,237.0
CC(C)CCOC(=O)c1cc([N+](=O)[O-])cc([N+](=O)[O-])c1,c1ccccc1,61.0
CC12CCC(=O)CC1CCC1C2CCC2(C)C(OC=O)CCC12,O=C1CCC2C(CCC3C4CCCC4CCC23)C1,125.0
CC(=O)n1c(C)c(C)c2ccccc21,c1ccc2[nH]ccc2c1,74.0
CC12CCC3C(CCC4CCCCC43C)C1CCC2=O,O=C1CCC2C1CCC1C3CCCCC3CCC21,121.0
Cc1cc(=O)n2[nH]c(C(F)(F)F)nc2n1,O=c1ccnc2nc[nH]n12,215.0
O=C(NCCc1ccccn1)c1cc([N+](=O)[O-])cc([N+](=O)[O-])c1,O=C(NCCc1ccccn1)c1ccccc1,120.0
O=C(NCc1ccccn1)c1cc([N+](=O)[O-])cc([N+](=O)[O-])c1,O=C(NCc1ccccn1)c1ccccc1,120.0
CC(CCC(=O)O)C1CCC2C3C(O)CC4CC(O)CCC4(C)C3CC(=O)C12C,O=C1CC2C3CCCCC3CCC2C2CCCC12,221.0
COC(=O)CCC(C)C1CCC2C3CCC4CC(=O)CCC4(C)C3CCC12C,O=C1CCC2C(CCC3C4CCCC4CCC23)C1,117.0
CCOC(=O)C1=C(C)NC(=O)NC1c1ccccc1Cl,O=C1NC=CC(c2ccccc2)N1,217.0
CNC1=CC(=O)c2ccccc2C1=O,O=C1C=CC(=O)c2ccccc21,230.0
Cc1ccc(C(=O)c2ccccc2C(=O)O)cc1[N+](=O)[O-],O=C(c1ccccc1)c1ccccc1,205.0
CC(C)CCCC(C)C1CCC2C3CC=C4CC(Cl)CCC4(C)C3CCC12C,C1=C2CCCCC2C2CCC3CCCC3C2C1,93.0
CC12CCCC1C1CCC3CC(=O)CCC3(C)C1CC2,O=C1CCC2C(CCC3C4CCCC4CCC23)C1,102.0
CC12CCCC1C1CCC3CC(O)CCC3(C)C1CC2,C1CCC2C(C1)CCC1C3CCCC3CCC21,148.0
O=C1C(c2ccccc2)C(c2ccccc2)N1c1ccccc1,O=C1C(c2ccccc2)C(c2ccccc2)N1c1ccccc1,134.0
CC(CCC(=O)O)Cc1ccccc1,c1ccccc1,56.0
Nc1ccc2cc(O)ccc2c1,c1ccc2ccccc2c1,185.0
COc1cc2c(cc1O)CCNC2,c1ccc2c(c1)CCNC2,222.0
Cc1cc(C)n(CN(Cn2nc(C)cc2C)c2ccc(N(Cn3nc(C)cc3C)Cn3nc(C)cc3C)cc2)n1,c1cnn(CN(Cn2cccn2)c2ccc(N(Cn3cccn3)Cn3cccn3)cc2)c1,175.0
COC(=O)c1cc(C)n(CN(Cn2nc(C(=O)OC)cc2C)c2ccccc2)n1,c1ccc(N(Cn2cccn2)Cn2cccn2)cc1,125.0
CCOC(=O)C1=C(C)NC(=O)NC1c1ccccc1C(F)(F)F,O=C1NC=CC(c2ccccc2)N1,203.0
CCOC(=O)c1cccnc1-c1ncccc1C(=O)OCC,c1ccc(-c2ccccn2)nc1,90.0
O=[N+]([O-])c1ccc(C2Nn3c(nnc3-c3cccc([N+](=O)[O-])c3)S2)cc1,c1ccc(-c2nnc3n2NC(c2ccccc2)S3)cc1,205.0
CC1=C(Cl)CC[P+]([O-])(c2ccccc2)C1,C1=CC[PH+](c2ccccc2)CC1,143.0
O=C1OC(OC2OC(=O)c3ccccc32)c2ccccc21,O=C1OC(OC2OC(=O)c3ccccc32)c2ccccc21,222.0
Cn1c2ccccc2n2c(=O)c3cccnc3c(C#N)c12,O=c1c2cccnc2cc2[nH]c3ccccc3n12,293.0
Cn1c(C(C#N)c2ncccc2[N+](=O)[O-])nc2ccccc21,c1ccc(Cc2nc3ccccc3[nH]2)nc1,214.0
COc1ccc(C=C2C(=O)OC(C)(C)OC2=O)cc1OC,O=C1OCOC(=O)C1=Cc1ccccc1,164.0
CC1(C)OC(=O)C(=Cc2ccc(Cl)cc2)C(=O)O1,O=C1OCOC(=O)C1=Cc1ccccc1,172.0
CC1(C)OC(=O)C(=Cc2ccccc2F)C(=O)O1,O=C1OCOC(=O)C1=Cc1ccccc1,142.0
CC(=O)Nc1c(C)ccc2c1C(=O)c1ccccc1C2=O,O=C1c2ccccc2C(=O)c2ccccc21,133.0
C1=C(c2ccccc2)Cc2ccccc21,C1=C(c2ccccc2)Cc2ccccc21,167.0
COC(=O)CCC(C)C1CCC2C3C(=O)CC4CC(=O)CCC4(C)C3CC(=O)C12C,O=C1CCC2C(C1)CC(=O)C1C3CCCC3C(=O)CC21,243.0
CC(=O)OCC(OC(C)=O)C(OC(C)=O)C(OC(C)=O)C(OC(C)=O)C(=O)CBr,,124.0
CC(=O)OC1CCC2C3CCC4=CC(=O)CCC4(C)C3CCC12C,O=C1C=C2CCC3C4CCCC4CCC3C2CC1,140.0
O=C(NCCc1ccccc1)c1cc([N+](=O)[O-])cc([N+](=O)[O-])c1,O=C(NCCc1ccccc1)c1ccccc1,204.0
CNC(=O)c1cc([N+](=O)[O-])cc([N+](=O)[O-])c1,c1ccccc1,149.0
COC1OC(=O)c2ccccc21,O=C1OCc2ccccc21,44.0
S=C(c1ccc2c(c1)OCO2)N1CCCCC1,S=C(c1ccc2c(c1)OCO2)N1CCCCC1,113.0
S=C(c1ccc2c(c1)OCO2)N1CCOCC1,S=C(c1ccc2c(c1)OCO2)N1CCOCC1,154.0
COC(=O)c1ccccc1NC(=O)c1ccccc1,O=C(Nc1ccccc1)c1ccccc1,99.0
Cc1ccc2c(c1)C(=O)c1ccc(C)cc1C2=O,O=C1c2ccccc2C(=O)c2ccccc21,240.0
O=C(Nc1cccc(OC(=O)c2ccccc2)c1)c1ccccc1,O=C(Nc1cccc(OC(=O)c2ccccc2)c1)c1ccccc1,153.0
O=C1OC(=O)C2Cc3ccccc3CC12,O=C1OC(=O)C2Cc3ccccc3CC12,188.0
O=C(CCC(O)c1ccccc1)c1ccccc1,O=C(CCCc1ccccc1)c1ccccc1,95.0
CSc1n[nH]c(N)c1C(N)=O,c1cn[nH]c1,176.0
O=C1NC(=O)C(=Cc2ccc(Cl)cc2)C(=O)N1,O=C1NC(=O)C(=Cc2ccccc2)C(=O)N1,243.0
CC1(C)OC(=O)C(=NNc2ccccc2[N+](=O)[O-])C(=O)O1,O=C1OCOC(=O)C1=NNc1ccccc1,165.0
CC1(C)OC(=O)C(=NNc2ccc(Cl)cc2)C(=O)O1,O=C1OCOC(=O)C1=NNc1ccccc1,156.0
Cc1ccc(NN=C2C(=O)OC(C)(C)OC2=O)cc1,O=C1OCOC(=O)C1=NNc1ccccc1,130.0
O=c1c2ccccc2c(=O)n2n1C1C=CC2C1,O=c1c2ccccc2c(=O)n2n1C1C=CC2C1,231.0
CCOC(=O)C1=C(C)NC(=O)NC1c1cccc(OC)c1O,O=C1NC=CC(c2ccccc2)N1,209.0
CC1(C)OC(=O)C(=Cc2ccc(-c3ccccc3[N+](=O)[O-])o2)C(=O)O1,O=C1OCOC(=O)C1=Cc1ccc(-c2ccccc2)o1,153.0
CN(C)c1ccc(C=C2C(=O)OC(C)(C)OC2=O)cc1,O=C1OCOC(=O)C1=Cc1ccccc1,162.0
S=C(Oc1ccccc1)Oc1ccccc1,S=C(Oc1ccccc1)Oc1ccccc1,106.0
CCOC(=O)CSc1sc(C(=O)OCC)c(N)c1C#N,c1ccsc1,141.0
CC(=O)N1C(C(=O)O)Cc2c([nH]c3ccccc23)C1(C)C,c1ccc2c3c([nH]c2c1)CNCC3,160.0
CC(C)(C)c1cc(N)c(O)c(C(C)(C)C)c1,c1ccccc1,161.0
CCOC(=O)C#Cc1cccc(C#CC(=O)OCC)c1,c1ccccc1,56.0
O=C(CCl)c1ccc(C(=O)CCl)cc1,c1ccccc1,153.0
Cn1nc(CC#N)c2c(N)ncnc21,c1ncc2cn[nH]c2n1,137.0
CC(=O)C(=O)Nc1ccccc1,c1ccccc1,100.0
CC(=O)OC1CCCC2=CC(=O)CCC21C,O=C1C=C2CCCCC2CC1,90.0
Nc1ccc(-c2ccc(N)cc2N)c(N)c1,c1ccc(-c2ccccc2)cc1,158.0
COc1ccc(C=C2C(=O)NC(=O)NC2=O)cc1OC,O=C1NC(=O)C(=Cc2ccccc2)C(=O)N1,265.0
COC(=O)CCC(C)C1CCC2C3CCC4CC(OC(C)=O)CCC4(C)C3CC(OC(C)=O)C12C,C1CCC2C(C1)CCC1C3CCCC3CCC21,116.0
COC(=O)CCC(C)C1CCC2C3C(OC(C)=O)CC4CC(OC(C)=O)CCC4(C)C3CCC12C,C1CCC2C(C1)CCC1C3CCCC3CCC21,186.0
CC(=O)NC1C(OC(C)=O)OC(COC(C)=O)C(OC(C)=O)C1OC(C)=O,C1CCOCC1,140.0
COC1OC(COC(C)=O)C(OC2OC(COC(C)=O)C(OC(C)=O)C(OC(C)=O)C2OC(C)=O)C(OC(C)=O)C1OC(C)=O,C1CCC(OC2CCCOC2)OC1,131.0
COc1ccc(OC)c(C(=O)CCCCC(=O)O)c1,c1ccccc1,76.0
c1ccc2c(c1)CCc1ccccc1CC2,c1ccc2c(c1)CCc1ccccc1CC2,109.0
Cc1c(C)c(C)c(CCl)c(CCl)c1C,c1ccccc1,135.0
O=C1C=C(NCCc2ccccc2)C(=O)c2ccccc21,O=C1C=C(NCCc2ccccc2)C(=O)c2ccccc21,141.0
Cc1cc(C)c2c(c1)CC2=O,O=C1Cc2ccccc21,48.0
O=C(O)C1Cc2ccccc21,c1ccc2c(c1)CC2,74.0
CC1(C)CC(=O)C(=NNc2ccccc2)C(=O)C1,O=C1CCCC(=O)C1=NNc1ccccc1,148.0
Cc1cccc2c1C(=O)OC2O,O=C1OCc2ccccc21,117.0
COc1cc(CCl)ccc1OCc1ccccc1,c1ccc(COc2ccccc2)cc1,73.0
COc1c(C)c(C)c(OC)c(Br)c1C,c1ccccc1,72.0
O=C1CCC(c2ccccc2)c2ccccc21,O=C1CCC(c2ccccc2)c2ccccc21,75.0
CCCCNC(=O)NNC(=O)OCC,,97.0
O=c1ccc([N+](=O)[O-])cn1Cc1ccccc1,O=c1ccccn1Cc1ccccc1,96.0
CC(C(=O)O)=C(c1ccccc1)c1ccccc1,C=C(c1ccccc1)c1ccccc1,163.0
O=C(C(=S)N1CCOCC1)c1ccccc1,O=C(C(=S)N1CCOCC1)c1ccccc1,75.0
COc1ccccc1C(=S)N1CCOCC1,S=C(c1ccccc1)N1CCOCC1,86.0
COc1ccccc1C(=S)N1CCCCC1,S=C(c1ccccc1)N1CCCCC1,85.0
CCOC(=O)C(C)C(O)(c1ccccc1)c1ccccc1,c1ccc(Cc2ccccc2)cc1,102.0
CC12CCC(=O)C=C1CCCC2O,O=C1C=C2CCCCC2CC1,57.0
COc1cc2c(cc1OC)C(C#N)C2,c1ccc2c(c1)CC2,82.0
O=c1c2ccccc2cc2ccccn12,O=c1c2ccccc2cc2ccccn12,166.0
N#Cc1c(NC(=O)c2ccccc2)sc2c1CCCC2,O=C(Nc1cc2c(s1)CCCC2)c1ccccc1,110.0
CC(=O)OC1CCC2C3C(C)CC4CC(=O)CCC4(C)C3CCC12C,O=C1CCC2C(CCC3C4CCCC4CCC23)C1,142.0
CC12CCC3C(CCC(CC(=O)O)C3(C)CC(=O)O)C1CCC2=O,O=C1CCC2C1CCC1CCCCC12,224.0
CC1=Nc2ccccc2N=C(C)C1,C1=Nc2ccccc2N=CC1,194.0
CC(=O)OC1Cc2ccccc21,c1ccc2c(c1)CC2,31.0
O=C(Oc1ccc(Cl)cc1)c1ccc(C(=O)Oc2ccc(Cl)cc2)cc1,O=C(Oc1ccccc1)c1ccc(C(=O)Oc2ccccc2)cc1,197.0
Nc1ncnc2c1ncn2CCCNC(=O)c1cc([N+](=O)[O-])cc([N+](=O)[O-])c1,O=C(NCCCn1cnc2cncnc21)c1ccccc1,234.0
O=C(Cc1ccccc1)c1ccc2c3c(ccc([N+](=O)[O-])c13)CC2,O=C(Cc1ccccc1)c1ccc2c3c(cccc13)CC2,189.0
CC1(C)OC(=O)C2CCCCC21,O=C1OCC2CCCCC12,80.0
CC1=CC(=O)CC(=O)O1,O=C1C=COC(=O)C1,188.0
CC(=O)OC1CCC2(C)C(=CC(=O)C3C4CCC(=O)C4(C)CCC32)C1,O=C1CCC2C1CCC1C3CCCCC3=CC(=O)C21,182.0
CN(C)C(=S)Oc1ccc2ccccc2c1,c1ccc2ccccc2c1,90.0
COc1ccc(CC(=O)O)cc1OCc1ccccc1,c1ccc(COc2ccccc2)cc1,126.0
C(=NCCN=Cc1ccc2c(c1)OCO2)c1ccc2c(c1)OCO2,C(=NCCN=Cc1ccc2c(c1)OCO2)c1ccc2c(c1)OCO2,178.0
Cn1ccc2c1CC(C)(C)CC2=O,O=C1CCCc2[nH]ccc21,109.0
Cn1ccc2c1CCCC2=O,O=C1CCCc2[nH]ccc21,85.0
CC1=CC(C)=NC2N=NC(N)=C12,C1=CC2=CN=NC2N=C1,280.0
Cc1nn(C)c2c(N)ncnc12,c1ncc2[nH]ncc2n1,238.0
Cc1nn(-c2ccc([N+](=O)[O-])cc2[N+](=O)[O-])nc1[N+](=O)[O-],c1ccc(-n2nccn2)cc1,123.0
CC12C=CC(O1)C1C(=O)OC(=O)C12,O=C1OC(=O)C2C3C=CC(O3)C12,70.0
O=C1CCC2C3CCC(=O)C3C12,O=C1CCC2C3CCC(=O)C3C12,67.0
Cc1c(-c2ccccc2)c2ccccc2n1C,c1ccc(-c2c[nH]c3ccccc23)cc1,111.0
CC(=O)OC1CCC2(C)C(CCC3C4CCC(=O)C4(C)CCC32)C1,O=C1CCC2C1CCC1C3CCCCC3CCC21,138.0
O=C1Cc2ccccc2C(=O)Cc2ccccc21,O=C1Cc2ccccc2C(=O)Cc2ccccc21,208.0
CC12CCC(O)CC1CCC1C2CCC2(C)C1CCC2(C)O,C1CCC2C(C1)CCC1C3CCCC3CCC21,164.0
OC12CC=CCC1(O)CC=CC2,C1=CCC2CC=CCC2C1,83.0
Cc1ccc2nc(O)cc(C)c2c1,c1ccc2ncccc2c1,240.0
Nc1ncnc2c1ncn2C1C=CC(CO)O1,C1=CC(n2cnc3cncnc32)OC1,190.0
O=C1CC(=O)N(c2ccccc2)N1,O=C1CC(=O)N(c2ccccc2)N1,191.0
CC(=O)NNC(N)=O,,165.0
Cc1c(C)c(C)c(C=O)c(C)c1C,c1ccccc1,133.0
Cc1c(C)c(C)c2c(c1C)CC2=O,O=C1Cc2ccccc21,161.0
COc1ccc(C)c(C(=O)O)c1,c1ccccc1,147.0
Cc1c(C)c(Br)c2ccccc2c1Br,c1ccc2ccccc2c1,164.0
CC(=O)OCC1OC(Oc2ccc([N+](=O)[O-])cc2)C(OC(C)=O)C(OC(C)=O)C1OC(C)=O,c1ccc(OC2CCCCO2)cc1,177.0
COc1cc2c(Cc3ccccc3)cncc2cc1O,c1ccc(Cc2cncc3ccccc23)cc1,207.0
CC1=c2ccccc2=NC1c1ccccc1,C1=c2ccccc2=NC1c1ccccc1,91.0
O=[N+]([O-])c1ccc(NN=C(c2ccccc2)c2ccccc2)cc1,c1ccc(NN=C(c2ccccc2)c2ccccc2)cc1,156.0
CC1(C2CCC3C4CCC5CC(O)CCC5(C)C4CCC32C)OCCO1,C1CCC2C(C1)CCC1C2CCC2C(C3OCCO3)CCC21,174.0
Cc1ccc(Nc2ccc([N+](=O)[O-])cc2[N+](=O)[O-])cc1,c1ccc(Nc2ccccc2)cc1,140.0
N#CCCn1cnc2c(N)ncnc21,c1ncc2nc[nH]c2n1,255.0
CC(=O)NCc1cnccc1C,c1ccncc1,92.0
CC(=O)OCC1OC(n2cnc3c(N)ncnc32)C(OC(C)=O)C1OC(C)=O,c1ncc2ncn(C3CCCO3)c2n1,175.0
COc1ccc2c(c1)=NC(c1ccccc1)C=2c1ccccc1,c1ccc(C2=c3ccccc3=NC2c2ccccc2)cc1,212.0
O=C(Nc1ccccc1)C(c1ccccc1)c1ccccc1,O=C(Nc1ccccc1)C(c1ccccc1)c1ccccc1,177.0
O=C1OC(=O)C2C3C=CC(C12)C1C2C(=O)OC(=O)C2C31,O=C1OC(=O)C2C3C=CC(C12)C1C2C(=O)OC(=O)C2C31,356.0
CC(=O)OC1CCC2C3CCC4CC(=O)CCC4(C)C3CCC12C,O=C1CCC2C(CCC3C4CCCC4CCC23)C1,146.0
COc1cc(C)c(C=O)c(OC)c1,c1ccccc1,65.0
CC12CCCC1C1CC=C3CC(O)CCC3(C)C1CC2,C1=C2CCCCC2C2CCC3CCCC3C2C1,136.0
S=c1sc2ccccc2n1CN1CCCCC1,S=c1sc2ccccc2n1CN1CCCCC1,277.0
O=C(NNC(=O)c1ccc(Cl)cc1)c1ccc(Cl)cc1,O=C(NNC(=O)c1ccccc1)c1ccccc1,260.0
N#CC(C#N)=C1C(=O)Nc2ccccc21,C=C1C(=O)Nc2ccccc21,211.0
CC(=O)OC1(C(C)=O)CCC2(C)C(CCC3C4CCC(O)C4(C)CCC32)C1,C1CCC2C(C1)CCC1C3CCCC3CCC21,193.0
Cc1cc[n+]([O-])cc1C(N)=O,c1cc[nH+]cc1,280.0
Cc1cc[n+]([O-])cc1C#N,c1cc[nH+]cc1,185.0
CC(=O)CC(=O)c1ccc2ccccc2c1,c1ccc2ccccc2c1,78.0
O=C(O)c1cccc2c1CCCC2,c1ccc2c(c1)CCCC2,149.0
CC12CCC3C(CCC4CC=CCC43C)C1CCC2=O,O=C1CCC2C1CCC1C3CC=CCC3CCC21,104.0
CN1CC(Br)C(=O)NC1=O,O=C1CCNC(=O)N1,149.0
CN1CCC(=O)NC1=O,O=C1CCNC(=O)N1,171.0
CC(=O)OCC(OC(C)=O)C(OC(C)=O)C(OC(C)=O)C(OC(C)=O)C(=O)O,,110.0
O=C(Nc1cccc([N+](=O)[O-])c1)Nc1cccc([N+](=O)[O-])c1,O=C(Nc1ccccc1)Nc1ccccc1,234.0
O=C1c2ccccc2C(=O)c2c1cc1ccccc1c2O,O=C1c2ccccc2C(=O)c2cc3ccccc3cc21,321.0
C#CC1(O)CCC2(C)C(CCC3C4CCC(=O)C4(C)CCC32)C1,O=C1CCC2C1CCC1C3CCCCC3CCC21,238.0
CC12CCC3C(C(=O)CC4CC(O)CCC43C)C1CCC2=O,O=C1CCC2C1CCC1C3CCCCC3CC(=O)C21,200.0
O=C(Cc1ccccc1)c1ccc2c3c(cccc13)CC2,O=C(Cc1ccccc1)c1ccc2c3c(cccc13)CC2,114.0
COC(=O)C(=O)C1CCc2cc(OC)ccc2C1=O,O=C1CCCc2ccccc21,71.0
COc1cc(CCNC(=O)CC(C)C)ccc1OCc1ccccc1,c1ccc(COc2ccccc2)cc1,114.0
O=C(Nc1ccccc1NC(=O)c1ccccc1)c1ccccc1,O=C(Nc1ccccc1NC(=O)c1ccccc1)c1ccccc1,302.0
O=C1OC(=O)c2cc([N+](=O)[O-])ccc21,O=C1OC(=O)c2ccccc21,115.0
Oc1ccccc1CNCc1ccccc1O,c1ccc(CNCc2ccccc2)cc1,162.0
O=C(Cc1ccccc1)C(=O)Cc1ccccc1,O=C(Cc1ccccc1)C(=O)Cc1ccccc1,86.0
Cc1ccncc1C(=O)NN,c1ccncc1,177.0
NC(=O)NNC(=O)Cc1ccccc1,c1ccccc1,168.0
COc1cc(C(=O)O)cc(OCc2ccccc2)c1OC,c1ccc(COc2ccccc2)cc1,178.0
COc1cc(C(=O)O)cc(OC(C)=O)c1OC,c1ccccc1,151.0
CCOC(=O)C1=CN=NC1C,C1=CN=NC1,137.0
C#CC1(O)CCC2C3CC=C4CC(O)CCC4(C)C3CCC21C,C1=C2CCCCC2C2CCC3CCCC3C2C1,248.0
O=C(O)CC(O)(c1ccccc1)c1ccccc1,c1ccc(Cc2ccccc2)cc1,210.0
O=Cc1cccc2c([N+](=O)[O-])cccc12,c1ccc2ccccc2c1,136.0
Fc1ccc(N=Nc2ccccc2)cc1,c1ccc(N=Nc2ccccc2)cc1,80.0
CCSC(SCC)C(OC(C)=O)C(OC(C)=O)C(OC(C)=O)C(COC(C)=O)OC(C)=O,,112.0
O=C1OC2(CCCCC2)OC1c1ccccc1,O=C1OC2(CCCCC2)OC1c1ccccc1,87.0
NC(=O)c1cnn(CCO)c1N,c1cn[nH]c1,239.0
Cc1cc(C)c(CCl)cc1CCl,c1ccccc1,97.0
CCOC(=O)C1=C(C)NC(=O)NC1c1ccccc1,O=C1NC=CC(c2ccccc2)N1,180.0
Nc1ncnc2c1cnn2CCO,c1ncc2cn[nH]c2n1,218.0
Cc1nn(C)c2ncnc(N)c12,c1ncc2cn[nH]c2n1,190.0
OC1(C2(O)CCCCC2)CCCCC1,C1CCC(C2CCCCC2)CC1,127.0
Cc1cc2ccccc2c(Br)c1C,c1ccc2ccccc2c1,63.0
Cn1ncc2c(NN)ncnc21,c1ncc2cn[nH]c2n1,257.0
CC(=O)OCC1OC(OC(C)=O)C(NC(=O)OCc2ccccc2)C(OC(C)=O)C1OC(C)=O,O=C(NC1CCCOC1)OCc1ccccc1,150.0
CN(C)C(c1ccccc1)c1ccccc1,c1ccc(Cc2ccccc2)cc1,69.0
CCOC(=O)C1=C(C)N=NC1C,C1=CN=NC1,119.0
CCOC(=O)C1=C(C)NC(C)=C(C(=O)OCC)C1c1ccco1,C1=CC(c2ccco2)C=CN1,164.0
COC(=O)C1=C(C)NC(C)=C(C(=O)OC)C1c1ccco1,C1=CC(c2ccco2)C=CN1,186.0
O=c1ncn2nc(Sc3ccccc3)ccc2c1-c1c(Cl)cccc1Cl,O=c1ncn2nc(Sc3ccccc3)ccc2c1-c1ccccc1,264.0
N#Cc1c(N)cc(N)nc1Br,c1ccncc1,257.0
c1cc2c3c(cccc3c1)-c1nccnc1-2,c1cc2c3c(cccc3c1)-c1nccnc1-2,146.0
BrC(Br)=Cc1ccccc1,c1ccccc1,75.0
c1ccc(-n2nc3ccccc3n2)cc1,c1ccc(-n2nc3ccccc3n2)cc1,107.0
Cc1ccc(C(C)C(=O)O)cc1,c1ccccc1,41.0
O=C(c1ccccc1)c1ccc2c3c(cccc13)CC2,O=C(c1ccccc1)c1ccc2c3c(cccc13)CC2,101.0
CC1=CC=C(C)C2=C(C)C=CC(C)=C1C2,C1=CC=C2C=CC=CC(=C1)C2,72.0
Cc1cc2cc3ccccc3cc2cc(C)c1=O,O=c1ccc2cc3ccccc3cc2cc1,182.0
OC(CCCc1ccccc1)c1ccccc1,c1ccc(CCCCc2ccccc2)cc1,47.0
CC(=O)OCC1OC(OC2C(COC(C)=O)OC(OC(C)=O)C(OC(C)=O)C2OC(C)=O)C(OC(C)=O)C(OC(C)=O)C1OC(C)=O,C1CCC(OC2CCCOC2)OC1,138.0
FC1(F)C2=CC=CC=C1C=CC=C2,C1=CC=C2C=CC=CC(=C1)C2,119.0
COc1ccc(NC(=O)c2ccccc2)cc1,O=C(Nc1ccccc1)c1ccccc1,153.0
CC(C)=C1C2CCC1c1ccccc12,C=C1C2CCC1c1ccccc12,90.0
CC(C)=C1C2C=CC1c1ccccc12,C=C1C2C=CC1c1ccccc12,92.0
O=c1c(=O)c2ccccc12,O=c1c(=O)c2ccccc12,131.0
Cn1c2c(c3ccccc31)CCCC2,c1ccc2c3c([nH]c2c1)CCCC3,53.0
CCOC(=O)c1cc(C)n(C)n1,c1cn[nH]c1,87.0
O=C1C=CC2C3C=CC(C3)C12,O=C1C=CC2C3C=CC(C3)C12,56.0
CC1=C(C)C(C)N=N1,C1=CN=NC1,138.0
O=[N+]([O-])c1ccc(N=Nc2ccc([N+](=O)[O-])cc2)cc1,c1ccc(N=Nc2ccccc2)cc1,212.0
O=C1Cc2ccccc21,O=C1Cc2ccccc21,14.0
CCOC(=O)C1=C(C)CC(C)=N1,C1=CN=CC1,126.0
c1c2c(cc3c1CC3)CC2,c1c2c(cc3c1CC3)CC2,101.0
c1ccc(CC(c2ccccc2)c2ccccc2)cc1,c1ccc(CC(c2ccccc2)c2ccccc2)cc1,52.0
O=C1C2(CCCCC2)C(=O)C12CCCCC2,O=C1C2(CCCCC2)C(=O)C12CCCCC2,166.0
Nc1cccc([N+](=O)[O-])c1[N+](=O)[O-],c1ccccc1,122.0
COC(=O)C1=C(C)NC(C)=C(C(=O)OC)C1c1ccccc1,C1=CC(c2ccccc2)C=CN1,198.0
O=C1C(c2ccccn2)=[N+]([O-])c2ccccc21,O=C1C(c2ccccn2)=[NH+]c2ccccc21,182.0
CC1(C)OC(CP(c2ccccc2)c2ccccc2)C(CP(c2ccccc2)c2ccccc2)O1,c1ccc(P(CC2OCOC2CP(c2ccccc2)c2ccccc2)c2ccccc2)cc1,87.0
O=C(O)c1ccc(OC(=O)c2ccccc2)cc1,O=C(Oc1ccccc1)c1ccccc1,89.0
COC(=O)CCC(C)C1CCC2C3C(OC(C)=O)CC4CC(OC(C)=O)CCC4(C)C3CC(=O)C12C,O=C1CC2C3CCCCC3CCC2C2CCCC12,178.0
c1ccc(C2Cc3ccccc3N2)cc1,c1ccc(C2Cc3ccccc3N2)cc1,49.0
BrCC(Br)c1cccc(C(Br)CBr)c1,c1ccccc1,65.0
Nc1ncnc2c1ncn2CC(O)CO,c1ncc2nc[nH]c2n1,203.0
CC1(C)OCC(C(O)C(O)C2COC(C)(C)O2)O1,C1OCC(CCC2COCO2)O1,114.0
CC1(C)OC(=O)CC1C(=O)O,O=C1CCCO1,176.0
O=C(NC(C(=O)O)c1ccccc1)OCC(Cl)(Cl)Cl,c1ccccc1,142.0
OC1OC2COC(c3ccccc3)OC2C(O)C1O,c1ccc(C2OCC3OCCCC3O2)cc1,174.0
CC(Cc1ccccc1)C(=O)O,c1ccccc1,37.0
O=C1CC(C(=O)O)c2ccccc21,O=C1CCc2ccccc21,116.0
Nc1ccccc1CCc1ccccc1N,c1ccc(CCc2ccccc2)cc1,33.0
Cc1cccc2c1C(=O)OC2=O,O=C1OC(=O)c2ccccc21,116.0
O=C(O)C1CC2=C3C=CCC=C3N=C2CN1,C1=CC2=C3CCNCC3=NC2=CC1,296.0
c1ccc(C2=NOC(c3ccccc3)C2)cc1,c1ccc(C2=NOC(c3ccccc3)C2)cc1,75.0
O=C1CC(c2ccccc2)c2ccccc21,O=C1CC(c2ccccc2)c2ccccc21,77.0
CC1(C)CC(C)(c2ccc(O)cc2)c2ccccc2O1,c1ccc(C2CCOc3ccccc32)cc1,140.0
OCC1C2C=CC(C2)C1CO,C1=CC2CCC1C2,85.0
CC(=O)Nc1ccccc1C(=O)c1ccccc1,O=C(c1ccccc1)c1ccccc1,88.0
Cc1cc(=S)cc(C)o1,S=c1ccocc1,142.0
CC(=O)OC1C2COC(O2)C(OC(C)=O)C1OC(C)=O,C1CC2COC(C1)O2,110.0
CCSC(SCC)C(O)C(O)C(O)CO,,127.0
OC(c1ccccc1)C(O)(c1ccccc1)c1ccccc1,c1ccc(CC(c2ccccc2)c2ccccc2)cc1,163.0
O=C1OC(Cl)c2ccccc21,O=C1OCc2ccccc21,60.0
CCSC(SCC)C(O)C(O)C(O)C(O)CO,,128.0
O=C(NC(CSSCC(NC(=O)OCc1ccccc1)C(=O)O)C(=O)O)OCc1ccccc1,O=C(NCCSSCCNC(=O)OCc1ccccc1)OCc1ccccc1,84.0
NCC(=O)NO,,156.0
O=C(O)c1cc2ccccc2c2ccccc12,c1ccc2c(c1)ccc1ccccc12,253.0
BrC(c1ccccc1)C(Br)c1ccccc1,c1ccc(CCc2ccccc2)cc1,239.0
O=C(O)C1CCCC1C(=O)O,C1CCCC1,160.0
O=C(O)c1cc(Cl)c(C(=O)O)cc1Cl,c1ccccc1,295.0
[N-]=[N+]=Nc1ccccc1-c1ccccc1,c1ccc(-c2ccccc2)cc1,49.0
ClC(Cl)c1ccc(C(Cl)Cl)cc1,c1ccccc1,93.0
Clc1cc2c(cc1Cl)-c1cc(Cl)c(Cl)cc1-2,c1ccc2c(c1)-c1ccccc1-2,239.0
CCOC(=O)c1cn[nH]c1N,c1cn[nH]c1,103.0
Nc1ccccc1Cc1ccccc1N,c1ccc(Cc2ccccc2)cc1,55.0
O=C(c1ccccc1)N1CCN(C(=O)c2ccccc2)CC1,O=C(c1ccccc1)N1CCN(C(=O)c2ccccc2)CC1,194.0
CC(=O)Oc1ccc(OC(C)=O)c2ccccc12,c1ccc2ccccc2c1,124.0
CC(C(=O)O)(c1ccccc1)c1ccccc1,c1ccc(Cc2ccccc2)cc1,173.0
O=C1C=CC(=O)C2C3C=CC(C3)C12,O=C1C=CC(=O)C2C3C=CC(C3)C12,73.0
Cc1n[nH]c(C)c1N,c1cn[nH]c1,192.0
NC(=O)c1cnc2ccccc2n1,c1ccc2nccnc2c1,195.0
O=C(Nc1cccc([N+](=O)[O-])c1)c1ccccc1,O=C(Nc1ccccc1)c1ccccc1,155.0
COc1ccc(CCCC(=O)O)cc1,c1ccccc1,59.0
CCOC(=O)c1c(N)sc2c1CCCC2,c1cc2c(s1)CCCC2,116.0
O=C1Cc2ccccc2CO1,O=C1Cc2ccccc2CO1,83.0
CCOC(=O)C1=CC(C)N=N1,C1=CN=NC1,82.0
CCCCc1ccc(NC(C)=O)cc1,c1ccccc1,105.0
O=C(Nc1ccc([N+](=O)[O-])cc1)c1ccccc1,O=C(Nc1ccccc1)c1ccccc1,198.0
N#Cc1ccc(O)c([N+](=O)[O-])c1,c1ccccc1,141.0
BrCc1c(CBr)c(CBr)c(CBr)c(CBr)c1CBr,c1ccccc1,292.0
Cc1c(C)c(CCl)c(C)c(C)c1CCl,c1ccccc1,194.0
O=C(NC(CO)C(=O)O)OCc1ccccc1,c1ccccc1,111.0
CCOC(=O)C1=C(C)C(C(=O)OCC)N=C1C,C1=CCN=C1,137.0
O=C1C(c2ccccc2)=[N+]([O-])c2ccccc21,O=C1C(c2ccccc2)=[NH+]c2ccccc21,186.0
COc1ccc(CO)cc1OCc1ccccc1,c1ccc(COc2ccccc2)cc1,85.0
CC1=NC(C)(C)CO1,C1=NCCO1,114.0
COc1ccc(C(O)(c2ccccc2OC)c2ccc(OC)cc2OC)c(OC)c1,c1ccc(C(c2ccccc2)c2ccccc2)cc1,137.0
CN(C)c1ccc(C=C2C(=O)NC(=O)NC2=O)cc1,O=C1NC(=O)C(=Cc2ccccc2)C(=O)N1,245.0
CC1(C)OC(=O)c2ccccc21,O=C1OCc2ccccc21,70.0
C(=C(c1ccccc1)c1ccccc1)=C(c1ccccc1)c1ccccc1,C(=C(c1ccccc1)c1ccccc1)=C(c1ccccc1)c1ccccc1,140.0
BrC(Br)c1ccc(C(Br)Br)cc1,c1ccccc1,168.0
O=C1CSC(=S)N1c1ccccc1,O=C1CSC(=S)N1c1ccccc1,240.0
CC1NC(C(=O)O)CC2=C3C=CCC=C3N=C21,C1=CC2=C3CCNCC3=NC2=CC1,244.0
Cc1cccnc1O,c1ccncc1,138.0
CC(C)(C)c1cc(S)cc(C(C)(C)C)c1O,c1ccccc1,76.0
O=C1OC(=O)c2cc(Cl)c(Cl)cc21,O=C1OC(=O)c2ccccc21,186.0
O=C(Nc1ccccc1[N+](=O)[O-])c1ccccc1,O=C(Nc1ccccc1)c1ccccc1,96.0
O=C1OC(=O)c2cc3ccccc3cc21,O=C1OC(=O)c2cc3ccccc3cc21,249.0
O=C(NCCNC(=O)c1ccccc1)c1ccccc1,O=C(NCCNC(=O)c1ccccc1)c1ccccc1,244.0
CNC(=O)NC(C)=O,,178.0
O=C(CCC(=O)Oc1ccccc1)Oc1ccccc1,O=C(CCC(=O)Oc1ccccc1)Oc1ccccc1,88.0
Cc1ccc(NC(=O)Nc2ccc(C)cc2)cc1,O=C(Nc1ccccc1)Nc1ccccc1,266.0
c1ccc2cc(-c3ccc4ccccc4c3)ccc2c1,c1ccc2cc(-c3ccc4ccccc4c3)ccc2c1,187.0
Oc1c(-c2ccc3ccccc3c2O)ccc2ccccc12,c1ccc2cc(-c3ccc4ccccc4c3)ccc2c1,300.0
O=C(O)c1cccc([N+](=O)[O-])c1C(=O)O,c1ccccc1,212.0
Cc1cccc(NC(=O)c2ccccc2)c1,O=C(Nc1ccccc1)c1ccccc1,125.0
COc1ccc2c(c1OC)C(=O)OC2,O=C1OCc2ccccc21,101.0
CSC(=NC#N)SC,,54.0
ClCc1c(Cl)c(Cl)c(CCl)c(Cl)c1Cl,c1ccccc1,174.0
CCCC(=O)c1ccc(O)cc1,c1ccccc1,91.0
COCc1c(C(=O)OC(C)C)ncc2[nH]c3ccc(OCc4ccccc4)cc3c12,c1ccc(COc2ccc3[nH]c4cnccc4c3c2)cc1,150.0
Cc1ccncc1CNC(=O)c1ccccc1,O=C(NCc1cccnc1)c1ccccc1,112.0
Cc1ccc(C(C)CCC(=O)O)cc1,c1ccccc1,42.0
CCCCCCCC(=O)c1ccc(NC(C)=O)cc1,c1ccccc1,123.0
COc1cc2c(cc1O)C(C)N(C)CC2,c1ccc2c(c1)CCNC2,183.0
O=C1OCc2c(Cl)c(Cl)c(Cl)c(Cl)c21,O=C1OCc2ccccc21,208.0
CC(=O)n1cc(C)c2ccccc21,c1ccc2[nH]ccc2c1,65.0
Cc1ccc2c(c1[N+](=O)[O-])C(=O)c1ccccc1C2=O,O=C1c2ccccc2C(=O)c2ccccc21,268.0
Oc1c(Br)cc(Br)cc1-c1cc(Br)cc(Br)c1O,c1ccc(-c2ccccc2)cc1,205.0
COC(=O)Oc1ccccc1C(=O)O,c1ccccc1,134.0
O=NN1CCc2ccccc21,c1ccc2c(c1)CCN2,83.0
O=c1[nH]cccc1[N+](=O)[O-],O=c1cccc[nH]1,232.0
Cc1ccc(C)c2c1C(=O)OC2=O,O=C1OC(=O)c2ccccc21,195.0
CC1(C)CC(C)(c2ccccc2)c2ccccc21,c1ccc(C2CCc3ccccc32)cc1,50.0
OC(CS)C(O)CS,,43.0
CC(=O)c1ccc([S+2]([O-])([O-])NC(=O)NC2CCCCC2)cc1,O=C(N[SH2+2]c1ccccc1)NC1CCCCC1,188.0
N#CC(C#N)=Cc1ccc(Cl)cc1,c1ccccc1,91.0
O=C(NC1CCCCC1)c1ccccc1,O=C(NC1CCCCC1)c1ccccc1,145.0
CCOC(=O)C1=C(C)NC(C)=C(C(=O)OCC)C1c1ccccc1,C1=CC(c2ccccc2)C=CN1,157.0
Cc1cc2ccccc2cn1,c1ccc2cnccc2c1,63.0
O=C1c2ccccc2C(=O)c2cc3ccccc3cc21,O=C1c2ccccc2C(=O)c2cc3ccccc3cc21,291.0
O=C(Nc1ccccc1SC(=O)c1ccccc1)c1ccccc1,O=C(Nc1ccccc1SC(=O)c1ccccc1)c1ccccc1,152.0
C1=CC2=NC3=C(CCCC3)C2=CC1,C1=CC2=NC3=C(CCCC3)C2=CC1,118.0
Cc1c(Cl)c(Cl)c(C)c(Cl)c1Cl,c1ccccc1,216.0
c1ccc2c(c1)CCc1ccccc1-2,c1ccc2c(c1)CCc1ccccc1-2,34.0
CC(=O)C1=C2C=CCC=C2N=C1,C1=CC2=CC=NC2=CC1,194.0
[O-][S+](Cc1ccccc1)Cc1ccccc1,c1ccc(C[SH+]Cc2ccccc2)cc1,133.0
Nc1cc(Cl)ccc1S,c1ccccc1,98.0
Cc1ccc(OC(=O)c2ccccc2)cc1,O=C(Oc1ccccc1)c1ccccc1,70.0
c1ccc2c(c1)Cc1ccccc1C2,c1ccc2c(c1)Cc1ccccc1C2,108.0
c1ccc2c(-c3cccc4ccccc34)cccc2c1,c1ccc2c(-c3cccc4ccccc34)cccc2c1,154.0
CC12CCC3C(CCC4CC(O)CCC43C)C1CCC2O,C1CCC2C(C1)CCC1C3CCCC3CCC21,167.0
CC12CCC3C(CCC4=CC(=O)C=CC43O)C1CCC2=O,O=C1C=CC2C(=C1)CCC1C2CCC2C(=O)CCC21,220.0
NC(=O)C#CC(N)=O,,238.0
Cc1ccc(N=Nc2ccc(C)cc2)cc1,c1ccc(N=Nc2ccccc2)cc1,140.0
CC(C)CCCC(C)C1CCC2C3CCC4CCCCC4(C)C3CCC12C,C1CCC2C(C1)CCC1C3CCCC3CCC21,80.0
CN(C)c1ccc(-c2ccc(N(C)C)cc2)cc1,c1ccc(-c2ccccc2)cc1,194.0
c1ccc2c(c1)-c1ccccc1-2,c1ccc2c(c1)-c1ccccc1-2,115.0
NC(=O)Nc1ccc(Cl)cc1,c1ccccc1,206.0
O=[N+]([O-])c1ccc(SSc2ccc([N+](=O)[O-])cc2)cc1,c1ccc(SSc2ccccc2)cc1,182.0
OCc1ccccc1OC1OC(CO)C(O)C(O)C1O,c1ccc(OC2CCCCO2)cc1,199.0
CC12CCC(=O)C=C1CCC1C2C(O)CC2(C)C1CCC2(O)C(=O)CO,O=C1C=C2CCC3C4CCCC4CCC3C2CC1,223.0
COC1=CC(=O)CC(C)C12Oc1c(Cl)c(OC)cc(OC)c1C2=O,O=C1C=CC2(CC1)Oc1ccccc1C2=O,219.0
O=C(O)c1ccccc1O[P+]([O-])(O)O,c1ccccc1,168.0
CC12CCC3C(CCC4CC(=O)CCC43C)C1CCC2=O,O=C1CCC2C(CCC3C4CCC(=O)C4CCC23)C1,132.0
CC(C)CCCC(C)C1CCC2C3CC=C4CC(O)CCC4(C)C3CCC12C,C1=C2CCCCC2C2CCC3CCCC3C2C1,148.0
CC12CCC3C(CCC4CC(O)CCC43C)C1CCC2=O,O=C1CCC2C1CCC1C3CCCCC3CCC21,174.0
CC12CCC3C(CCC4CC(=O)CCC43C)C1CCC2O,O=C1CCC2C(CCC3C4CCCC4CCC23)C1,121.0
CNC,,-92.0
CCO,,-114.0
C1CCC1,C1CCC1,-91.0
CCCC,,-138.0
C=C(C)C#N,,-36.0
C=CCC=C,,-148.0
C=CC=CC,,-141.0
C#CC(C)C,,-90.0
C=CC(C)C,,-168.0
C=CCCC,,-165.0
CC=CCC,,-151.0
C[C@@H]1C[C@H]1C,C1CC1,-150.0
CCC1CC1,C1CC1,-149.0
C[C@@H]1C[C@@H]1C,C1CC1,-141.0
CC1(C)CC1,C1CC1,-109.0
CCC(C)C,,-160.0
CC(C)(C)C,,-17.0
CCCCN,,-49.0
CC(O)CN,,-2.0
CCCCl,,-123.0
CC1CC=CC1,C1=CCCC1,-161.0
CC1C=CCC1,C1=CCCC1,-127.0
CC#CC(C)C,,-110.0
C#CCC(C)C,,-105.0
CCC#CCC,,-103.0
CCC1CCC1,C1CCC1,-143.0
CC=CCCC,,-141.0
CC=CC(C)C,,-141.0
CC1CC1(C)C,C1CC1,-138.0
CCC=CCC,,-138.0
CC=C(C)CC,,-138.0
CCC=C(C)C,,-135.0
CCC1(C)CC1,C1CC1,-130.0
CC(C)C1CC1,C1CC1,-113.0
CCCOCC,,-127.0
CCCCOC,,-115.0
CC(C)[N+](=O)[O-],,-93.0
C[C@@H](N)C(=O)O,,291.0
CC(C)CS,,-145.0
CCC(C)S,,-140.0
CSC(C)C,,-102.0
CC(C)(C)S,,1.0
CC(O)C(C)O,,25.0
CCC#CCCC,,-131.0
C=CCCCC=C,,-129.0
CC1C=CCCC1,C1=CCCCC1,-124.0
C#CCCC(C)C,,-124.0
CC1=CCCCC1,C1=CCCCC1,-120.0
CC1=CCCC1C,C1=CCCC1,-118.0
CCC1=CCCC1,C1=CCCC1,-118.0
CCC#CC(C)C,,-117.0
CC1CC=CCC1,C1=CCCCC1,-115.0
CC#CC(C)CC,,-108.0
CC#CCC(C)C,,-93.0
CC1=C(C)CCC1,C1=CCCC1,-90.0
ClC=CCl,,-80.0
C#CCC(C)(C)C,,-75.0
CCCCCC#N,,-80.0
CCC=CC(C)C,,-142.0
C=CCC(C)CC,,-141.0
CCC1CCCC1,C1CCCC1,-138.0
CCC=CCCC,,-137.0
C=CCC(C)(C)C,,-137.0
CC=CC(C)(C)C,,-135.0
C[C@H]1CC[C@H](C)C1,C1CCCC1,-134.0
C[C@@H]1CC[C@H](C)C1,C1CCCC1,-134.0
C=C(C)C(C)CC,,-134.0
C=CC(C)(C)CC,,-134.0
CCCC=C(C)C,,-130.0
CC=C(C)CCC,,-129.0
CC(C)=CC(C)C,,-128.0
C=CC(CC)CC,,-127.0
CC=CC(C)CC,,-126.0
C=C(C)CC(C)C,,-124.0
CC=CCC(C)C,,-124.0
CC=C(C)C(C)C,,-124.0
C[C@H]1CCC[C@@H]1C,C1CCCC1,-118.0
CCC(C)=C(C)C,,-118.0
C=C(C)C(C)(C)C,,-110.0
CC=CCCCC,,-109.0
C=C(C)CCCC,,-103.0
CC(Cl)Cl,,-97.0
CC1(C)CCCC1,C1CCCC1,-70.0
C[C@@H]1CCC[C@@H]1C,C1CCCC1,-54.0
C1CCCCCC1,C1CCCCCC1,-8.0
CCCC(C)(C)C,,-124.0
CCC(CC)CC,,-119.0
CCCCC(C)C,,-118.0
CC(C)C(C)(C)C,,-25.0
CC(C)OC(C)C,,-86.0
CCC(C)(O)CC,,-24.0
CC(C)C(C)(C)O,,-10.0
CCCSCC,,-117.0
CCCC(C)S,,-112.0
CCC(S)CC,,-111.0
CCC(C)(C)S,,-104.0
CCCCSC,,-98.0
CC(C)(C)CS,,-67.0
CCCC(C)Cl,,-137.0
CCC(Cl)CC,,-105.0
C1=CCCC=CCC1,C1=CCCC=CCC1,-69.0
N#CC1CCCCC1,C1CCCCC1,11.0
CCC1=CCCCC1,C1=CCCCC1,-110.0
CCCC#CCCC,,-103.0
CC1=C(C)CCCC1,C1=CCCCC1,-84.0
CC1(C)CC=CCC1,C1=CCCCC1,-74.0
CCC1(C)CCCC1,C1CCCC1,-144.0
CC1CCC(C)(C)C1,C1CCCC1,-142.0
CCC=CC(C)(C)C,,-137.0
CCCC=CCCC,,-119.0
CCCC1CCCC1,C1CCCC1,-117.0
CCCC(C)=C(C)C,,-115.0
CC(C)=C(C)C(C)C,,-113.0
CC(C)C1CCCC1,C1CCCC1,-111.0
CCC1CCCCC1,C1CCCCC1,-111.0
CCC=CCCCC,,-110.0
CC[C@@H]1CCC[C@@H]1C,C1CCCC1,-106.0
ClCCCCl,,-100.0
CC=CCCCCC,,-100.0
C[C@H]1CCC[C@H](C)C1,C1CCCCC1,-90.0
C=C(C)CCCCC,,-90.0
C[C@H]1CCCC[C@@H]1C,C1CCCCC1,-88.0
C[C@H]1CC[C@@H](C)CC1,C1CCCCC1,-87.0
C[C@@H]1CCC[C@H](C)C1,C1CCCCC1,-76.0
C=C(C)C(C)(C)CC,,-69.0
C[C@@H]1CCCC[C@@H]1C,C1CCCCC1,-50.0
C[C@H]1CC[C@H](C)CC1,C1CCCCC1,-37.0
CC(C)(Cl)Cl,,-34.0
CC1(C)CCCCC1,C1CCCCC1,-33.0
CC1CCCC1(C)C,C1CCCC1,-22.0
CCCC(C)(C)CC,,-126.0
CCCC(C)CCC,,-121.0
CCCCC(C)(C)C,,-121.0
CCC(CC)C(C)C,,-115.0
CCC(C)C(C)(C)C,,-112.0
CCCCCC(C)C,,-109.0
CCC(C)(C)C(C)C,,-101.0
CC(C)CCC(C)C,,-91.0
CCC(C)(CC)CC,,-91.0
C[C@H]1CCCC[C@@H]1O,C1CCCCC1,-21.0
C[C@@H]1CCCC[C@@H]1O,C1CCCCC1,8.0
CC(C)(C)C(C)(C)C,,101.0
CCCCCCNC,,-31.0
CC(C)CCOC=O,,-93.0
CCCCC(O)CC,,-70.0
CC(O)CC(C)(C)C,,-60.0
CCCC(O)CCC,,-42.0
CC(C)(C)C(C)(C)O,,17.0
CCCCSCC,,-95.0
CCCCCSC,,-94.0
COCCOC(C)=O,,-65.0
CC=Cc1ccccc1,c1ccccc1,-62.0
CCC(C)(CO)CO,,44.0
CC=CBr,,-113.0
Cc1cccc(C)c1C,c1ccccc1,-25.0
CC(C)C(C)(C)Cl,,-10.0
O=CCc1ccccc1,c1ccccc1,-10.0
CC(Cl)C(C)(C)C,,-1.0
C=Cc1cccc(O)c1,c1ccccc1,1.0
C=Cc1ccccc1O,c1ccccc1,29.0
C=Cc1ccc(O)cc1,c1ccccc1,73.0
CCc1cccc(N)c1,c1ccccc1,-8.0
Nc1cccc(C=O)c1,c1ccccc1,30.0
Nc1ccccc1C=O,c1ccccc1,38.0
C=CC(Cl)CCl,,-61.0
Nc1ccccc1S,c1ccccc1,19.0
CCC[C@H]1CCC[C@@H]1C,C1CCCC1,-123.0
CC[C@@H]1CCC[C@@H]1CC,C1CCCC1,-118.0
CC(C)CC1CCCC1,C1CCCC1,-115.0
CCCCC1CCCC1,C1CCCC1,-108.0
CCC[C@@H]1CCC[C@@H]1C,C1CCCC1,-104.0
CC(C)(C)C1CCCC1,C1CCCC1,-96.0
CC[C@H]1CCC[C@@H]1CC,C1CCCC1,-95.0
CCCC1CCCCC1,C1CCCCC1,-95.0
C=CCCCCCCC,,-81.0
CC(Cl)C(C)Cl,,-80.0
C=C(C)CCCCCC,,-78.0
C1CCCCCCCC1,C1CCCCCCCC1,11.0
CC(C)CC(C)C(C)C,,-128.0
CCC(C(C)C)C(C)C,,-122.0
CC(C)C(C)C(C)(C)C,,-121.0
CCC(C)CC(C)(C)C,,-120.0
CCCC(C)(C)C(C)C,,-117.0
CCCCC(C)CCC,,-113.0
CCCCCC(C)(C)C,,-113.0
CCC(C)(C)CC(C)C,,-113.0
CCCCCC(C)CC,,-108.0
CC(C)CCC(C)(C)C,,-106.0
CC(C)CCCC(C)C,,-103.0
CC(C)C(C)(C)C(C)C,,-102.0
CCC(C)C(C)(C)CC,,-101.0
CCC(CC)C(C)(C)C,,-99.0
ClCBr,,-88.0
CCCCCCC(C)C,,-80.0
CC(C)(C)CC(C)(C)C,,-67.0
CCC(CC)(CC)CC,,-33.0
CCC(C)(C)C(C)(C)C,,-10.0
C=Cc1ccc(C#N)cc1,c1ccccc1,-15.0
CCCC(C)C(O)CC,,-123.0
CCC(C)CCC(C)O,,-120.0
CCCCC(C)C(C)O,,-114.0
CCCCCC(C)CO,,-112.0
CC(C)CCCCCO,,-106.0
CC(C)CCCC(C)O,,-105.0
CCC(C)CCCCO,,-104.0
CCCC(C)CC(C)O,,-102.0
CCC(C)CC(O)CC,,-91.0
CCCCC(C)CCO,,-90.0
CCCCC(O)C(C)C,,-85.0
CCCCC(C)(O)CC,,-83.0
CCCC(C)(O)CCC,,-82.0
CCCC(O)CC(C)C,,-81.0
CC(C)CC(C)(C)CO,,-70.0
CCCCCC(C)(C)O,,-50.0
CCCCC(O)CCC,,-41.0
CCCCCCC(C)O,,-32.0
CC(C)C(O)C(C)(C)C,,-11.0
CCC(C)(O)C(C)(C)C,,-6.0
CCC(C)(C)C(C)(C)O,,-1.0
CC(O)C(C)C(C)(C)C,,27.0
ClCC(Cl)Cl,,-37.0
CC(Cl)(Cl)Cl,,-30.0
O=C1CCCCC1Cl,O=C1CCCCC1,23.0
CCCC(C)(CO)CO,,55.0
N#Cc1cccc(CO)c1,c1ccccc1,28.0
N#Cc1ccc(CO)cc1,c1ccccc1,42.0
N#CCc1cccc(O)c1,c1ccccc1,53.0
N#CCc1ccccc1O,c1ccccc1,122.0
C=C(Br)CC,,-133.0
CC=C(C)Br,,-115.0
CCC=CBr,,-100.0
CCc1cc(C)cc(C)c1,c1ccccc1,-84.0
CCc1cccc(CC)c1,c1ccccc1,-84.0
Cc1ccccc1C(C)C,c1ccccc1,-72.0
CCCCCCCCl,,-70.0
CCc1ccc(C)c(C)c1,c1ccccc1,-67.0
CCCc1ccc(C)cc1,c1ccccc1,-64.0
Cc1cccc(C(C)C)c1,c1ccccc1,-64.0
CCc1ccc(C)cc1C,c1ccccc1,-63.0
CCCc1ccccc1C,c1ccccc1,-60.0
CCc1cc(C)ccc1C,c1ccccc1,-54.0
CC(C)Cc1ccccc1,c1ccccc1,-51.0
CCc1cccc(C)c1C,c1ccccc1,-50.0
Cc1cc(C)c(C)c(C)c1,c1ccccc1,-24.0
CCc1c(C)cccc1C,c1ccccc1,-16.0
Cc1ccc(C)c(C)c1C,c1ccccc1,-6.0
OCC=Cc1ccccc1,c1ccccc1,34.0
O=Cc1ccccc1C=O,c1ccccc1,56.0
O=Cc1cccc(C=O)c1,c1ccccc1,89.0
CC(=O)c1ccccc1N,c1ccccc1,20.0
Cc1ccccc1C(N)=O,c1ccccc1,142.0
CC1=CCC2CC1C2(C)C,C1=CC2CC(C1)C2,-62.0
C=C1CCC2CC1C2(C)C,C=C1CCC2CC1C2,-61.0
CCCOc1ccccc1,c1ccccc1,-28.0
O=C(CO)c1ccccc1,c1ccccc1,6.0
CCCc1cccc(O)c1,c1ccccc1,26.0
O=Cc1ccc(CO)cc1,c1ccccc1,47.0
NC(=O)c1cccc(O)c1,c1ccccc1,170.0
C1CC[C@H]2CCCC[C@H]2C1,C1CCC2CCCCC2C1,-43.0
C1CC[C@H]2CCCC[C@@H]2C1,C1CCC2CCCCC2C1,-32.0
CCCCCCCCC#N,,-34.0
CCc1ccccc1Cl,c1ccccc1,-83.0
CCCCCC1CCCC1,C1CCCC1,-83.0
C=C(C)CCCCCCC,,-64.0
CCc1ccc(Cl)cc1,c1ccccc1,-63.0
CCc1cccc(Cl)c1,c1ccccc1,-55.0
C1CCCCCCCCC1,C1CCCCCCCCC1,10.0
CCCCCC(C)CCC,,-99.0
CCCCC(C)CCCC,,-88.0
CCCCCCC(C)CC,,-85.0
CC(C)C(C(C)C)C(C)C,,-82.0
CCCCCCCC(C)C,,-75.0
CCCC(C)(C)C(C)(C)C,,-54.0
CC(C(C)(C)C)C(C)(C)C,,-39.0
CC(C)C(C)(C)C(C)(C)C,,-36.0
CCCCCCCCC=O,,-18.0
CC(C)(C)CCC(C)(C)C,,-13.0
N#CCc1ccccc1C#N,c1ccccc1,80.0
N#CCc1cccc(C#N)c1,c1ccccc1,87.0
N#CCc1ccc(C#N)cc1,c1ccccc1,100.0
CCCCCCCCNC,,-11.0
Nc1cccc2ccccc12,c1ccc2ccccc2c1,48.0
CCCCCCC(O)CC,,22.0
CC(C)(C)C(O)C(C)(C)C,,50.0
CC(=O)c1ccccc1C#N,c1ccccc1,48.0
ClCCC(Cl)Cl,,-59.0
CC(=O)OCCOC(C)=O,,-41.0
C=Cc1ccc(C(C)=O)cc1,c1ccccc1,37.0
N#Cc1cccc(C(N)=O)c1,c1ccccc1,223.0
C=Cc1cccc(C(N)=O)c1,c1ccccc1,133.0
C=Cc1ccccc1C(N)=O,c1ccccc1,152.0
C=Cc1ccc(C(N)=O)cc1,c1ccccc1,170.0
N#Cc1ccc(C(=O)O)cc1,c1ccccc1,221.0
CCc1cc(C)cc(CC)c1,c1ccccc1,-74.0
CCCc1cc(C)cc(C)c1,c1ccccc1,-59.0
Cc1ccccc1C(C)(C)C,c1ccccc1,-50.0
CCc1c(C)cc(C)cc1C,c1ccccc1,-16.0
CCc1cc(C)c(C)cc1C,c1ccccc1,-14.0
CC(=O)c1ccc(C=O)cc1,c1ccccc1,33.0
Cc1cc(C)c(C)c(C)c1C,c1ccccc1,54.0
C=Cc1ccccc1[N+](=O)[O-],c1ccccc1,13.0
NC(=O)c1ccc(C=O)cc1,c1ccccc1,75.0
CCC(Br)CC,,-126.0
CCCCc1ccccc1O,c1ccccc1,-20.0
CC(=O)Oc1cccc(C)c1,c1ccccc1,12.0
CCC(=O)Oc1ccccc1,c1ccccc1,20.0
CC(=O)c1ccc(CO)cc1,c1ccccc1,54.0
CC(=O)Oc1ccc(N)cc1,c1ccccc1,74.0
NC(CO)Cc1ccccc1,c1ccccc1,92.0
NC(=O)c1ccc(CO)cc1,c1ccccc1,135.0
NC(=O)c1ccccc1CO,c1ccccc1,150.0
ClC(Cl)(Cl)Cl,,-23.0
CC(=O)Oc1cccc(O)c1,c1ccccc1,55.0
CC(=O)Oc1ccccc1O,c1ccccc1,57.0
CC(=O)Oc1ccc(O)cc1,c1ccccc1,62.0
O=C(O)c1cccc(CO)c1,c1ccccc1,115.0
O=C(O)c1ccccc1CO,c1ccccc1,126.0
Nc1ccc(C(=O)O)cc1N,c1ccccc1,215.0
Nc1cc(N)cc(C(=O)O)c1,c1ccccc1,235.0
COc1cccc([N+](=O)[O-])c1,c1ccccc1,38.0
CC(C)c1ccccc1Cl,c1ccccc1,-74.0
CCCCCCC1CCCC1,C1CCCC1,-73.0
C=C(C)CCCCCCCC,,-51.0
CC(C)c1ccc(Cl)cc1,c1ccccc1,-12.0
C1CCCCCCCCCC1,C1CCCCCCCCCC1,-7.0
O=C1CCCCCCCCC1,O=C1CCCCCCCCC1,24.0
O=C(O)c1cc(O)ccc1O,c1ccccc1,205.0
CC1(C)[C@@H]2CC[C@@]1(C)[C@H](O)C2,C1CC2CCC1C2,214.0
O=C(O)c1ccc(O)cc1O,c1ccccc1,225.0
CCCCCCCC(C)CC,,-76.0
CCCCCCCCC(C)C,,-49.0
CCCCCCCCCCN,,16.0
COc1ccc(N)cc1Cl,c1ccccc1,50.0
COc1cc(Cl)ccc1N,c1ccccc1,51.0
CCCCCOC(=O)CCC,,-73.0
CCCCCOCCCCC,,-69.0
CCCCCCC(O)CCC,,-11.0
CCCCCCCC(O)CC,,-5.0
CCCCCC(O)CCCC,,8.0
C=C(C)c1ccc(C(=C)C)cc1,c1ccccc1,66.0
CCCCCCCCCS,,-20.0
COC(=O)c1ccccc1C#N,c1ccccc1,50.0
CC(=O)Oc1ccc(C#N)cc1,c1ccccc1,57.0
CC(=O)Oc1cccc(C#N)c1,c1ccccc1,60.0
COC(=O)c1cccc(C#N)c1,c1ccccc1,65.0
N#CCc1ccccc1C(=O)O,c1ccccc1,115.0
N#CCc1ccc(C(=O)O)cc1,c1ccccc1,192.0
CCCCCCc1ccccc1,c1ccccc1,-61.0
CCCCCCCCCCl,,-39.0
COC(=O)/C=C/c1ccccc1,c1ccccc1,36.0
C=Cc1ccc(C(=O)OC)cc1,c1ccccc1,36.0
CC(=O)c1ccccc1C(C)=O,c1ccccc1,40.0
CC(=O)CC(=O)c1ccccc1,c1ccccc1,59.0
N#CCc1cccc([N+](=O)[O-])c1,c1ccccc1,63.0
CC(=O)c1ccc(C(C)=O)cc1,c1ccccc1,112.0
CC(=O)c1ccccc1C(N)=O,c1ccccc1,122.0
CC(C)CC(C)Br,,-94.0
CC(C)(O)CCc1ccccc1,c1ccccc1,32.0
CC(=O)Oc1ccccc1C=O,c1ccccc1,38.0
COC(=O)c1cccc(C=O)c1,c1ccccc1,58.0
NC(=O)c1ccccc1C(N)=O,c1ccccc1,222.0
NC(=O)c1cccc(C(N)=O)c1,c1ccccc1,280.0
NC(=O)c1ccc(C(N)=O)cc1,c1ccccc1,332.0
NC(=O)c1cccc(C(=O)O)c1,c1ccccc1,280.0
NC(=O)c1ccc(C(=O)O)cc1,c1ccccc1,300.0
ClCC(Cl)(Cl)Cl,,-70.0
C1=CCCCCCCCCCC1,C1=CCCCCCCCCCC1,0.0
COc1ccc(OC(C)=O)cc1,c1ccccc1,32.0
COC(=O)c1ccc(CO)cc1,c1ccccc1,51.0
CCCCOc1ccc(O)cc1,c1ccccc1,65.0
O=C(O)c1ccccc1C(=O)O,c1ccccc1,210.0
O=C(O)c1ccc(C(=O)O)cc1,c1ccccc1,300.0
O=C(O)c1cccc(C(=O)O)c1,c1ccccc1,342.0
CCCCCCCCCCC#N,,-6.0
CCCCCCCC1CCCC1,C1CCCC1,-53.0
CCCCCCC1CCCCC1,C1CCCCC1,-43.0
C=C(C)CCCCCCCCC,,-40.0
C1CCCCCCCCCCC1,C1CCCCCCCCCCC1,61.0
O=[N+]([O-])c1ccccc1[N+](=O)[O-],c1ccccc1,118.0
O=C(O)Cc1cc(O)ccc1O,c1ccccc1,127.0
Nc1cccc(-c2ccccc2)c1,c1ccc(-c2ccccc2)cc1,33.0
Nc1ccc(-c2ccccc2)cc1,c1ccc(-c2ccccc2)cc1,54.0
CCCCCCCCC(C)CC,,-58.0
CCCCCCCCCC(C)C,,-47.0
CC(=O)Oc1ccc(Cl)cc1,c1ccccc1,9.0
CCCCCC(=O)CCCCC,,15.0
Oc1cccc(-c2ccccc2)c1,c1ccc(-c2ccccc2)cc1,78.0
O=C(O)c1ccc(Cl)cc1O,c1ccccc1,210.0
ClCc1ccc(CCl)cc1,c1ccccc1,100.0
COC(=O)c1ccccc1CC#N,c1ccccc1,48.0
CCOC(=O)c1ccc(C#N)cc1,c1ccccc1,54.0
CCOC(=O)c1cccc(C#N)c1,c1ccccc1,56.0
COC(=O)c1ccc(CC#N)cc1,c1ccccc1,64.0
CCOC(=O)c1ccccc1C#N,c1ccccc1,68.0
CCCCCC=CBr,,-98.0
CCCCCCCCCCCl,,-31.0
O=C1CCC(=O)N1Br,O=C1CCC(=O)N1,180.0
CC(=O)Oc1cccc(C(C)=O)c1,c1ccccc1,44.0
CC(=O)OCC(=O)c1ccccc1,c1ccccc1,89.0
N#Cc1ccccc1-c1ccccc1,c1ccc(-c2ccccc2)cc1,38.0
N#Cc1cccc(-c2ccccc2)c1,c1ccc(-c2ccccc2)cc1,49.0
COC(=O)c1ccccc1C(N)=O,c1ccccc1,100.0
CC(=O)Oc1ccccc1C(N)=O,c1ccccc1,138.0
CC(=O)Oc1cccc(C(N)=O)c1,c1ccccc1,140.0
COC(=O)c1cccc(C(N)=O)c1,c1ccccc1,148.0
CC(=O)Oc1ccc(C(N)=O)cc1,c1ccccc1,179.0
COC(=O)c1ccc(C(N)=O)cc1,c1ccccc1,206.0
CC(=O)Nc1ccc(C(=O)O)cc1,c1ccccc1,259.0
CC(Cl)C(Cl)(Cl)Cl,,-65.0
C#CCCCCCCCCCCC,,-5.0
COC(=O)c1ccccc1C(=O)O,c1ccccc1,83.0
O=C1C=CC=C2C1=Cc1ccccc12,O=C1C=CC=C2C1=Cc1ccccc12,84.0
CC(=O)Oc1cccc(C(=O)O)c1,c1ccccc1,133.0
CC(=O)c1cccc(C(=O)O)c1O,c1ccccc1,141.0
COC(=O)c1cccc(C(=O)O)c1,c1ccccc1,166.0
COC(=O)c1ccc(C(=O)O)cc1,c1ccccc1,221.0
CC(=O)Oc1ccccc1[N+](=O)[O-],c1ccccc1,40.0
CC(=O)Oc1cccc([N+](=O)[O-])c1,c1ccccc1,54.0
CCCCCCCCC1CCCC1,C1CCCC1,-44.0
CCCCCCCC1CCCCC1,C1CCCCC1,-31.0
C=C(C)CCCCCCCCCC,,-31.0
CCc1cccc(-c2ccccc2)c1,c1ccc(-c2ccccc2)cc1,-28.0
Cc1cccc(Cc2ccccc2)c1,c1ccc(Cc2ccccc2)cc1,-28.0
CC(c1ccccc1)c1ccccc1,c1ccc(Cc2ccccc2)cc1,-18.0
CCc1ccccc1-c1ccccc1,c1ccc(-c2ccccc2)cc1,-6.0
Cc1ccc(Cc2ccccc2)cc1,c1ccc(Cc2ccccc2)cc1,5.0
Cc1cccc(-c2cccc(C)c2)c1,c1ccc(-c2ccccc2)cc1,7.0
Cc1ccccc1Cc1ccccc1,c1ccc(Cc2ccccc2)cc1,7.0
Cc1ccccc1-c1ccccc1C,c1ccc(-c2ccccc2)cc1,18.0
C1CCCCCCCCCCCC1,C1CCCCCCCCCCCC1,23.0
Cc1cccc([N+](=O)[O-])c1[N+](=O)[O-],c1ccccc1,60.0
O=C(O)/C=C/c1cccc(Cl)c1,c1ccccc1,159.0
O=C(O)/C=C/c1ccccc1Cl,c1ccccc1,208.0
O=C(O)/C=C/c1ccc(Cl)cc1,c1ccccc1,248.0
COc1ccc(OC)c([N+](=O)[O-])c1,c1ccccc1,71.0
CN(C)c1ccc(C=O)c(Cl)c1,c1ccccc1,80.0
Nc1c([N+](=O)[O-])cccc1[N+](=O)[O-],c1ccccc1,133.0
Nc1cc([N+](=O)[O-])cc([N+](=O)[O-])c1,c1ccccc1,161.0
CCCCCCCCCC(C)CC,,-53.0
CCc1ccc(Br)cc1,c1ccccc1,-43.0
CCCCCCCCCCC(C)C,,-26.0
Cc1ccc(Br)c(C)c1,c1ccccc1,-17.0
OCc1cccc(-c2ccccc2)c1,c1ccc(-c2ccccc2)cc1,55.0
CCCCN(CCCC)CCCC,,-70.0
CC(Br)Br,,-63.0
CCCCCCCCCCC(C)O,,19.0
COc1c(Cl)cccc1[N+](=O)[O-],c1ccccc1,58.0
COc1cc(Cl)ccc1[N+](=O)[O-],c1ccccc1,71.0
Clc1cccc(-c2ccccc2)c1,c1ccc(-c2ccccc2)cc1,18.0
Clc1ccccc1-c1ccccc1,c1ccc(-c2ccccc2)cc1,34.0
Clc1ccc(-c2ccccc2)cc1,c1ccc(-c2ccccc2)cc1,78.0
CCCCCCCCCCCCl,,-17.0
CCOC(=O)c1ccc(C(C)=O)cc1,c1ccccc1,55.0
N#Cc1ccc(Cc2ccccc2)cc1,c1ccc(Cc2ccccc2)cc1,51.0
C#CCCCCCCCCCCCC,,0.0
COC(=O)c1cccc(OC(C)=O)c1,c1ccccc1,29.0
CC=C(c1ccccc1)c1ccccc1,C=C(c1ccccc1)c1ccccc1,49.0
COC(=O)c1ccccc1OC(C)=O,c1ccccc1,52.0
CC(=O)Oc1ccccc1OC(C)=O,c1ccccc1,64.0
CCOC(=O)c1cccc(C(=O)O)c1,c1ccccc1,109.0
CCCCOc1ccc(C(=O)O)cc1,c1ccccc1,147.0
CCCCCCCCCC1CCCC1,C1CCCC1,-29.0
CCc1ccc(Cc2ccccc2)cc1,c1ccc(Cc2ccccc2)cc1,-24.0
C=C(C)CCCCCCCCCCC,,-22.0
c1ccc(CCCc2ccccc2)cc1,c1ccc(CCCc2ccccc2)cc1,-21.0
CCCCCCCCC1CCCCC1,C1CCCCC1,-20.0
CCc1ccccc1Cc1ccccc1,c1ccc(Cc2ccccc2)cc1,-11.0
CCc1cccc(Cc2ccccc2)c1,c1ccc(Cc2ccccc2)cc1,-9.0
CC(Cc1ccccc1)c1ccccc1,c1ccc(CCc2ccccc2)cc1,0.0
CCC(c1ccccc1)c1ccccc1,c1ccc(Cc2ccccc2)cc1,14.0
CC(C)(c1ccccc1)c1ccccc1,c1ccc(Cc2ccccc2)cc1,29.0
Cc1ccc(Cc2ccc(C)cc2)cc1,c1ccc(Cc2ccccc2)cc1,29.0
CC(=O)c1cccc(-c2ccccc2)c1,c1ccc(-c2ccccc2)cc1,36.0
C1CCCCCCCCCCCCC1,C1CCCCCCCCCCCCC1,54.0
CC(=O)c1ccccc1-c1ccccc1,c1ccc(-c2ccccc2)cc1,56.0
O=Cc1c([N+](=O)[O-])cccc1[N+](=O)[O-],c1ccccc1,119.0
NC(=O)c1ccccc1-c1ccccc1,c1ccc(-c2ccccc2)cc1,177.0
CC(C)c1ccccc1Br,c1ccccc1,-59.0
CCCCCCCCCCC(C)CC,,-38.0
CCCCCCCCCCCC(C)C,,-25.0
CCCCCCCCCCCCC=O,,15.0
O=C(O)c1cccc(-c2ccccc2)c1,c1ccc(-c2ccccc2)cc1,167.0
O=[N+]([O-])c1ccccc1-c1ccccc1,c1ccc(-c2ccccc2)cc1,37.0
O=[N+]([O-])c1ccc(-c2ccccc2)cc1,c1ccc(-c2ccccc2)cc1,114.0
NC(=O)c1cccc(Br)c1,c1ccccc1,155.0
CC(C)OC(=O)/C=C/C(=O)OC(C)C,,2.0
CCCCCCCCCCCCCO,,34.0
O=[N+]([O-])c1cccc(Br)c1,c1ccccc1,54.0
CCCCCCCCCc1ccccc1,c1ccccc1,-24.0
CCCCCCCCCBr,,-29.0
C(C=Cc1ccccc1)=Cc1ccccc1,C(C=Cc1ccccc1)=Cc1ccccc1,152.0
CCC=C(c1ccccc1)c1ccccc1,C=C(c1ccccc1)c1ccccc1,-1.0
CCOC(=O)c1ccc(OC(C)=O)cc1,c1ccccc1,34.0
CCCC(c1ccccc1)c1ccccc1,c1ccc(Cc2ccccc2)cc1,-25.0
CCCCCCCCCCC1CCCC1,C1CCCC1,-22.0
C=C(C)CCCCCCCCCCCC,,-15.0
CCCCCCCCCC1CCCCC1,C1CCCCC1,-10.0
C1CCCCCCCCCCCCCC1,C1CCCCCCCCCCCCCC1,62.0
O=C(O)c1ccc(C(=O)O)c(C(=O)O)c1,c1ccccc1,231.0
CNC(=O)c1ccc(-c2ccccc2)cc1,c1ccc(-c2ccccc2)cc1,86.0
NC(=O)c1ccccc1Cc1ccccc1,c1ccc(Cc2ccccc2)cc1,165.0
CCCCCCCCCCCC(C)CC,,-32.0
CCCCCCCCCCCCC(C)C,,-8.0
CCCCCCCCCCCCCC=O,,24.0
CC(=O)Oc1cccc(-c2ccccc2)c1,c1ccc(-c2ccccc2)cc1,34.0
CC(=O)Oc1ccccc1-c1ccccc1,c1ccc(-c2ccccc2)cc1,65.0
Clc1cccc2cc3ccccc3cc12,c1ccc2cc3ccccc3cc2c1,77.0
O=C(O)Cc1ccccc1-c1ccccc1,c1ccc(-c2ccccc2)cc1,116.0
CC(=O)Oc1ccc(Br)cc1,c1ccccc1,21.0
CCCCCCCCCCCCC(C)O,,34.0
Clc1ccc(Cl)c(Cl)c1Cl,c1ccccc1,47.0
Clc1cc(Cl)c(Cl)c(Cl)c1,c1ccccc1,53.0
CCCCCCCCCCc1ccccc1,c1ccccc1,-14.0
CCCCCCCCCCCCCl,,-9.0
O=[SH](=O)c1ccccc1,c1ccccc1,124.0
CCCCC(c1ccccc1)c1ccccc1,c1ccc(Cc2ccccc2)cc1,-12.0
C=C(C)CCCCCCCCCCCCC,,-7.0
CCCCCCCCCCC1CCCCC1,C1CCCCC1,-2.0
C1CCCCCCCCCCCCCCC1,C1CCCCCCCCCCCCCCC1,61.0
CCCCCCCCCCCCC(C)CC,,-22.0
CCCCCCCCCCCCCC(C)C,,-7.0
COC(C(=O)c1ccccc1)c1ccccc1,O=C(Cc1ccccc1)c1ccccc1,47.0
CCOC(=O)c1ccc(-c2ccccc2)cc1,c1ccc(-c2ccccc2)cc1,49.0
O=C(O)/C=C/c1ccc(Br)cc1,c1ccccc1,262.0
CCC(C)(Br)CBr,,-70.0
CC(C)(C)C(Br)Br,,14.0
CC(Br)C(C)(C)Br,,15.0
N#Cc1ccccc1I,c1ccccc1,55.0
C=Cc1ccc(I)cc1,c1ccccc1,44.0
O=[S+]Cc1ccccc1,c1ccccc1,134.0
CCCCCCCCCCCc1ccccc1,c1ccccc1,-5.0
Cc1cccc(C)c1I,c1ccccc1,11.0
C#CCCCCCCCCCCCCCCC,,22.0
CCCCCC(c1ccccc1)c1ccccc1,c1ccc(Cc2ccccc2)cc1,-12.0
C=C(C)CCCCCCCCCCCCCC,,2.0
C=CCCCCCCCCCCCCCCC,,11.0
CCCCCCCCCCCCCC(C)CC,,-15.0
CCCCCCCCCCCCCCC(C)C,,4.0
CCCCCCCCCCCCCCC(C)O,,47.0
CC(C)c1cc(C(C)C)c(C(C)C)cc1C(C)C,c1ccccc1,119.0
CCCCCCCCCCC(C)Br,,-96.0
O=C(O)c1ccc(I)cc1,c1ccccc1,273.0
CCC#CCCCCCCCCCCCCCC,,2.0
C#CCCCCCCCCCCCCCCCC,,27.0
OCCCCCCCCCCCBr,,46.0
C=C(C)CCCCCCCCCCCCCCC,,9.0
CCCCCCCCCI,,-20.0
CCCCCCCCCCCCCCC(C)CC,,-6.0
CCCCCCCCCCCCCCCC(C)C,,6.0
CCOC(=O)CCCCCCCCC(=O)OCC,,2.0
c1ccc(OCCOCCOc2ccccc2)cc1,c1ccc(OCCOCCOc2ccccc2)cc1,66.0
CC(=O)Oc1ccc(I)cc1,c1ccccc1,32.0
CC(=O)Oc1cccc(I)c1,c1ccccc1,38.0
COC(=O)c1cccc(I)c1,c1ccccc1,54.0
BrCC(Br)Br,,-29.0
C#CCCCCCCCCCCCCCCCCC,,33.0
OCCCCCCCCCCCCBr,,34.0
C=C(C)CCCCCCCCCCCCCCCC,,14.0
C=CCCCCCCCCCCCCCCCCC,,23.0
CCCCCCCCCCCCCCCC(C)CC,,1.0
CCCCCCCCCCCCCCCCC(C)C,,15.0
C#CCCCCCCCCCCCCCCCCCC,,36.0
C=C(C)CCCCCCCCCCCCCCCCC,,20.0
C=CCCCCCCCCCCCCCCCCCC,,29.0
CCCCCCCCCCCI,,2.0
CCCCCCCCCCCCCCCCC(C)CC,,8.0
CCCCCCCCCCCCCCCCCC(C)C,,18.0
CC(Br)C(Br)CBr,,-19.0
BrCCC(Br)CBr,,-18.0
CC(Br)C(C)(Br)Br,,2.0
ClC(Cl)(Cl)c1ccc(C(Cl)(Cl)Cl)cc1,c1ccccc1,109.0
BrC(Br)C(Br)Br,,0.0
BrCC(Br)(Br)CBr,,11.0
CC(Br)C(C)(C)C,,25.0
CC(=O)Oc1ccc(CC#N)cc1,c1ccccc1,50.0
BrCC(CBr)CBr,,-32.0
CC(=O)OCC(=O)[C@@]1(O)CC[C@H]2[C@@H]3CCC4=CC(=O)C=C[C@]4(C)[C@H]3[C@@H](O)C[C@@]21C,O=C1C=CC2C(=C1)CCC1C3CCCC3CCC21,238.0
CCCCCCCCC=CCCCCCCCCCCCC(N)=O,,79.0
C#C[C@]1(O)CC[C@H]2[C@@H]3CCc4cc(O)ccc4[C@H]3CC[C@@]21C,c1ccc2c(c1)CCC1C2CCC2CCCC21,144.0
C[C@]12CC[C@H]3[C@@H](CCC4=CC(=O)CC[C@@]43C)[C@@H]1CC[C@@H]2O,O=C1C=C2CCC3C4CCCC4CCC3C2CC1,155.0
O=[N+]([O-])c1ccc(N/N=C/c2ccccc2)c([N+](=O)[O-])c1,C(=NNc1ccccc1)c1ccccc1,240.0
CC(O)(P(=O)(O)O)P(=O)(O)O,,199.0
Cl[C@H]1[C@H](Cl)[C@@H](Cl)[C@H](Cl)[C@H](Cl)[C@H]1Cl,C1CCCCC1,159.0
ClC1=C(Cl)[C@]2(Cl)[C@H]3[C@H]([C@@H]4C=C[C@H]3C4)[C@@]1(Cl)C2(Cl)Cl,C1=CC2CC1C1C3C=CC(C3)C21,104.0
O=S1(=O)OC[C@@H]2[C@H](CO1)[C@@]1(Cl)C(Cl)=C(Cl)[C@]2(Cl)C1(Cl)Cl,O=S1(=O)OCC2C3C=CC(C3)C2CO1,181.0
CN[C@@H](C)[C@H](O)c1ccccc1,c1ccccc1,36.0
O[C@@H]1CCC[C@@H]1O,C1CCCC1,32.5
ClC1=C(Cl)[C@]2(Cl)[C@@H]3[C@@H]4C[C@@H]([C@H]5O[C@@H]45)[C@@H]3[C@@]1(Cl)C2(Cl)Cl,C1=CC2CC1C1C3CC(C4OC34)C21,176.0
ClC1=C(Cl)[C@]2(Cl)C3C(Cl)C(Cl)CC3[C@@]1(Cl)C2(Cl)Cl,C1=CC2CC1C1CCCC21,106.5
O=C1c2c(O)cccc2[C@@H]([C@@H]2O[C@H](CO)[C@@H](O)[C@H](O)[C@H]2O)c2cc(CO)cc(O)c21,O=C1c2ccccc2C(C2CCCCO2)c2ccccc21,148.0
CC1(C)C2CC[C@]1(C)C(=O)C2,O=C1CC2CCC1C2,179.0
O[C@H]1CCC[C@@H]1O,C1CCCC1,55.0
OC[C@H]1O[C@@H]2O[C@H]3[C@H](O)[C@@H](O)[C@@H](O[C@H]4[C@H](O)[C@@H](O)[C@@H](O[C@H]5[C@H](O)[C@@H](O)[C@@H](O[C@H]6[C@H](O)[C@@H](O)[C@@H](O[C@H]7[C@H](O)[C@@H](O)[C@@H](O[C@H]8[C@H](O)[C@@H](O)[C@@H](O[C@H]1[C@H](O)[C@H]2O)O[C@@H]8CO)O[C@@H]7CO)O[C@@H]6CO)O[C@@H]5CO)O[C@@H]4CO)O[C@@H]3CO,C1CC2OCC1OC1CCC(CO1)OC1CCC(CO1)OC1CCC(CO1)OC1CCC(CO1)OC1CCC(CO1)OC1CCC(CO1)O2,290.0
CC1(C)O[C@]2(C)CC[C@H]1CC2,C1CC2CCC1CO2,2.0
CC=C(C)C(=O)O[C@H]1CCN2CC=C(COC(=O)[C@@](O)([C@H](C)OC)C(C)(C)O)[C@H]12,C1=CC2CCCN2C1,97.0
ClC1=C(Cl)[C@]2(Cl)C3C(Cl)C=CC3[C@@]1(Cl)C2(Cl)Cl,C1=CC2C3C=CC(C3)C2C1,95.5
O=C(O)Cc1c(Cl)ccc(Cl)c1Cl,c1ccccc1,156.0
NNc1ccc([N+](=O)[O-])cc1[N+](=O)[O-],c1ccccc1,201.0
CC1=CC(=C(C#N)C#N)C=C(/C=C/c2ccc(N(C)C)cc2)O1,C=C1C=COC(C=Cc2ccccc2)=C1,212.0
CC(=O)O[C@H]1C(=O)[C@@]2(C)[C@H]([C@H](OC(=O)c3ccccc3)[C@]3(O)C[C@H](OC(=O)[C@H](O)[C@@H](NC(=O)c4ccccc4)c4ccccc4)C(C)=C1C3(C)C)[C@]1(OC(C)=O)CO[C@@H]1C[C@@H]2O,O=C(CC(NC(=O)c1ccccc1)c1ccccc1)OC1C=C2CC(=O)C3CCC4OCC4C3C(OC(=O)c3ccccc3)C(C2)C1,214.5
N#CC(C#N)=Cc1ccccc1Cl,c1ccccc1,95.0
ON=C(c1ccccc1)C(O)c1ccccc1,N=C(Cc1ccccc1)c1ccccc1,154.0
O=CC=Cc1ccccc1,c1ccccc1,-7.0
Nc1ccccc1C(=O)OC/C=C/c1ccccc1,O=C(OCC=Cc1ccccc1)c1ccccc1,61.0
CC=CC=O,,-76.0
CC=CC,,-105.0
CC=CC=CC(=O)O,,134.0
Cc1c(C)c2c(c(C)c1O)CC[C@@](C)(CCC[C@H](C)CCC[C@H](C)CCCC(C)C)O2,c1ccc2c(c1)CCCO2,2.0
CC[C@@H](C(=O)[C@@H](C)[C@@H](O)[C@H](C)[C@@H]1O[C@@H]([C@@H](CC)C(=O)O)CC[C@@H]1C)[C@H]1O[C@]2(C=C[C@@H](O)[C@]3(CC[C@@](C)([C@H]4CC[C@](O)(CC)[C@H](C)O4)O3)O2)[C@H](C)C[C@@H]1C,O=C(CCCC1CCCCO1)CC1CCCC2(C=CCC3(CCC(C4CCCCO4)O3)O2)O1,113.0
OC[C@@H](O)COCc1ccccc1,c1ccccc1,27.5
O=C(O)[C@H](O)c1ccccc1,c1ccccc1,132.0
C[C@@H](O)[C@@H](C)O,,16.0
OC[C@@H](O)[C@@H](O)CO,,122.0
C[C@H](O)[C@@H](C)O,,33.0
CC[C@H]1OC(=O)[C@H](C)[C@@H](O[C@H]2C[C@@](C)(OC)[C@@H](O)[C@H](C)O2)[C@H](C)[C@@H](O[C@@H]2O[C@H](C)C[C@H](N(C)C)[C@H]2O)[C@](C)(O)C[C@@H](C)CN(C)[C@H](C)[C@@H](O)[C@]1(C)O,O=C1CC(OC2CCCCO2)CC(OC2CCCCO2)CCCCNCCCCO1,114.0
C=C(C)[C@H]1Cc2c(ccc3c2O[C@@H]2COc4cc(OC)c(OC)cc4[C@@H]2C3=O)O1,O=C1c2ccc3c(c2OC2COc4ccccc4C12)CCO3,165.5
CCCCCCCCCCCCCCCCCC(=O)O[C@H]1[C@H](O[C@@H]2[C@@H](C)[C@H](O[C@H]3C[C@@](C)(OC)[C@@H](O)[C@H](C)O3)[C@@H](C)C(=O)O[C@H](CC)[C@@](C)(O)[C@H](O)[C@@H](C)C(=O)[C@H](C)C[C@@]2(C)O)O[C@H](C)C[C@@H]1N(C)C,O=C1CCCCOC(=O)CC(OC2CCCCO2)CC(OC2CCCCO2)CCC1,102.0
NC(=O)C=CC(=O)O,,159.5
CC(=NO)C(C)=NO,,238.0
C[C@]12CC(=CO)C(=O)C[C@@H]1CC[C@@H]1[C@@H]2CC[C@@]2(C)[C@H]1CC[C@]2(C)O,C=C1CC2C(CCC3C4CCCC4CCC23)CC1=O,179.0
CC(C)[C@@H](C)/C=C/[C@@H](C)[C@H]1CC[C@H]2C3=CC=C4C[C@@H](O)CC[C@]4(C)[C@H]3CC[C@]12C,C1=C2CCCCC2C2CCC3CCCC3C2=C1,160.0
CCC=CCCO,,-61.5
NNc1ccc(Cl)cc1[N+](=O)[O-],c1ccccc1,134.0
COc1ccc([N+](=O)[O-])cc1NN=C1C(=O)C(C(=O)Nc2cccc([N+](=O)[O-])c2)=Cc2ccccc21,O=C(Nc1ccccc1)C1=Cc2ccccc2C(=NNc2ccccc2)C1=O,335.0
C=C(C)[C@@H]1CCC2=CC(=O)C[C@@H](C)[C@]2(C)C1,O=C1C=C2CCCCC2CC1,36.0
COc1ccc2c3c1O[C@H]1[C@@H](O)C=C[C@H]4[C@@H](C2)N(C)CC[C@@]341,C1=CC2C3Cc4cccc5c4C2(CCN3)C(C1)O5,155.0
C=C(C)[C@H]1CC=C(C)C(=O)C1,O=C1C=CCCC1,89.0
CC(=O)O[C@]1(C(C)=O)CC[C@H]2[C@@H]3C[C@H](C)C4=CC(=O)CC[C@]4(C)[C@H]3CC[C@@]21C,O=C1C=C2CCC3C4CCCC4CCC3C2CC1,208.0
Oc1cc2c(cc1O)[C@H]1c3ccc(O)c(O)c3OC[C@@]1(O)C2,c1ccc2c(c1)CC1COc3ccccc3C21,140.0
COc1cc2c(c3oc(=O)c4c(c13)CCC4=O)[C@@H]1C=CO[C@@H]1O2,O=C1CCc2c1c(=O)oc1c3c(ccc21)OC1OC=CC31,268.5
COc1cc(CNC(=O)CCCC/C=C/C(C)C)ccc1O,c1ccccc1,66.0
Cc1cc(C)c(C(=O)P(=O)(c2ccccc2)c2ccccc2)c(C)c1,O=C(c1ccccc1)P(=O)(c1ccccc1)c1ccccc1,90.0
c1ccc(N=Nc2ccccc2)cc1,c1ccc(N=Nc2ccccc2)cc1,68.5
S=C(/N=N/c1ccccc1)NNc1ccccc1,S=C(N=Nc1ccccc1)NNc1ccccc1,168.0
CCN(Cc1ccc(Cl)nc1)C(=C[N+](=O)[O-])NC,c1ccncc1,72.0
O=CC=P(c1ccccc1)(c1ccccc1)c1ccccc1,C=P(c1ccccc1)(c1ccccc1)c1ccccc1,186.5
O=[N+]([O-])/C=C/c1ccccc1,c1ccccc1,58.0
O=C1N[C@H]2[C@H](CS[C@H]2CCCCC(=O)ON2C(=O)CCC2=O)N1,O=C1NC2CSC(CCCCC(=O)ON3C(=O)CCC3=O)C2N1,212.0
OC(Cn1cncn1)(c1ccc(F)cc1)c1ccccc1F,c1ccc(C(Cn2cncn2)c2ccccc2)cc1,130.0
COc1ccc(C(C)=O)cc1O,c1ccccc1,89.5
CC(=O)c1c(C)c([N+](=O)[O-])c(C(C)(C)C)c([N+](=O)[O-])c1C,c1ccccc1,135.5
CCN(CC)C(C)O,,-70.0
CC(N1CCOCC1)S(=O)(=O)O,C1COCCN1,243.0
CC(=O)C=P(c1ccccc1)(c1ccccc1)c1ccccc1,C=P(c1ccccc1)(c1ccccc1)c1ccccc1,204.0
Clc1ccc(C(c2ccc(Cl)cc2)C(Cl)(Cl)Cl)cc1,c1ccc(Cc2ccccc2)cc1,108.5
COc1ccc(C(c2ccc(OC)cc2)C(Cl)(Cl)Cl)cc1,c1ccc(Cc2ccccc2)cc1,87.0
Clc1ccc(C(c2ccc(Cl)cc2)C(Cl)Cl)cc1,c1ccc(Cc2ccccc2)cc1,109.0
CC(C)(OOC(C)(C)c1ccccc1)c1ccccc1,c1ccc(COOCc2ccccc2)cc1,40.0
FC(F)(F)C(F)(F)C(F)(F)C(F)(F)C(F)(F)C(F)(F)C(F)(F)C(F)(F)CCI,,82.5
FC(F)C(F)(F)F,,-103.0
FC(C(F)(F)F)C(F)(F)F,,-131.0
FCC(F)(F)F,,-101.0
O=C(C(F)(F)F)C(F)(F)F,,-129.0
FC(F)(F)CC(F)(F)F,,-98.0
S=P(N1CC1)(N1CC1)N1CC1,S=P(N1CC1)(N1CC1)N1CC1,51.5
CC(F)(F)F,,-111.0
O=S(=O)(NS(=O)(=O)C(F)(F)F)C(F)(F)F,,51.5
FC(F)(I)C(F)(F)C(F)(F)C(F)(F)I,,-9.0
FC(F)(Cl)C(F)(Cl)Cl,,-35.0
N=C(N)N(c1ccccc1)c1ccccc1,c1ccc(Nc2ccccc2)cc1,150.0
O=C=Nc1ccc(Cc2ccc(N=C=O)cc2)cc1,c1ccc(Cc2ccccc2)cc1,37.2
ClC1=C(Cl)C(Cl)(Cl)C(Cl)=C1Cl,C1=CCC=C1,-9.0
ClC1C(Cl)C(Cl)C(Cl)C(Cl)C1Cl,C1CCCCC1,113.0
Cc1c(Br)c(Br)c(Br)c(Br)c1Br,c1ccccc1,288.0
O=[N+]([O-])c1c(Cl)c(Cl)c(Cl)c(Cl)c1Cl,c1ccccc1,141.5
Fc1cc(F)c(F)c(F)c1F,c1ccccc1,-48.0
O=C(OC[C@H]1O[C@@H](OC(=O)c2cc(O)c(O)c(OC(=O)c3cc(O)c(O)c(O)c3)c2)[C@H](OC(=O)c2cc(O)c(O)c(OC(=O)c3cc(O)c(O)c(O)c3)c2)[C@@H](OC(=O)c2cc(O)c(O)c(OC(=O)c3cc(O)c(O)c(O)c3)c2)[C@@H]1OC(=O)c1cc(O)c(O)c(OC(=O)c2cc(O)c(O)c(O)c2)c1)c1cc(O)c(O)c(OC(=O)c2cc(O)c(O)c(O)c2)c1,O=C(OCC1OC(OC(=O)c2cccc(OC(=O)c3ccccc3)c2)C(OC(=O)c2cccc(OC(=O)c3ccccc3)c2)C(OC(=O)c2cccc(OC(=O)c3ccccc3)c2)C1OC(=O)c1cccc(OC(=O)c2ccccc2)c1)c1cccc(OC(=O)c2ccccc2)c1,210.0
Clc1c(Cl)c(Cl)c2ccccc2c1Cl,c1ccc2ccccc2c1,182.0
BrCC(Br)C1CCC(Br)C(Br)C1,C1CCCCC1,70.0
OC1Cc2cccc3cccc1c23,c1cc2c3c(cccc3c1)CC2,147.5
Cc1cc2ccccc2n1C,c1ccc2[nH]ccc2c1,56.5
CNNC,,-9.0
C=CCn1c(=O)n(CC=C)c(=O)n(CC=C)c1=O,O=c1[nH]c(=O)[nH]c(=O)[nH]1,24.0
Nc1nc(N)nc(N)n1,c1ncncn1,345.0
O=c1n(Cl)c(=O)n(Cl)c(=O)n1Cl,O=c1[nH]c(=O)[nH]c(=O)[nH]1,249.0
COc1c(Cl)cc(Cl)cc1Cl,c1ccccc1,61.0
O=[N+]([O-])N1CN([N+](=O)[O-])CN([N+](=O)[O-])C1,C1NCNCN1,205.0
COc1cc(Br)cc(Br)c1,c1ccccc1,41.5
O=c1[nH]c(=O)n(Cl)c(=O)n1Cl,O=c1[nH]c(=O)[nH]c(=O)[nH]1,225.0
O=[N+]([O-])c1cc(F)cc(F)c1,c1ccccc1,17.0
O=C(CO)CO,,75.0
O=[N+]([O-])c1cc([N+](=O)[O-])c2ccccc2c1,c1ccc2ccccc2c1,147.0
C1COCOC1,C1COCOC1,-42.0
O=C(O)C1CSCN1,C1CSCN1,195.0
O=C(O)C1C(C(=O)O)C2(Cl)C(Cl)=C(Cl)C1(Cl)C2(Cl)Cl,C1=CC2CCC1C2,240.5
Nc1ccc(N)c2c1C(=O)c1c(N)ccc(N)c1C2=O,O=C1c2ccccc2C(=O)c2ccccc21,332.0
COc1cc(Cl)c(OC)cc1Cl,c1ccccc1,134.0
O=C=Nc1ccc(N=C=O)cc1,c1ccccc1,94.0
C1CSCCS1,C1CSCCS1,111.0
O=C(C=Cc1ccccc1)C=Cc1ccccc1,O=C(C=Cc1ccccc1)C=Cc1ccccc1,111.0
O=C(CCCCC(=O)c1ccccc1)c1ccccc1,O=C(CCCCC(=O)c1ccccc1)c1ccccc1,107.0
O=C1c2c(O)ccc([N+](=O)[O-])c2C(=O)c2c([N+](=O)[O-])ccc(O)c21,O=C1c2ccccc2C(=O)c2ccccc21,225.0
O=[N+]([O-])c1cccc2cccc([N+](=O)[O-])c12,c1ccc2ccccc2c1,171.5
C[C@H](CS)C(=O)N1CCC[C@H]1C(=O)O,C1CCNC1,106.0
Cc1ccc(N=Nc2c(O)ccc3ccccc23)c([N+](=O)[O-])c1,c1ccc(N=Nc2cccc3ccccc23)cc1,271.0
Cc1ccccc1/N=N/c1ccc(/N=N/c2c(O)ccc3ccccc23)c(C)c1,c1ccc(N=Nc2ccc(N=Nc3cccc4ccccc34)cc2)cc1,199.0
Oc1ccc2ccccc2c1/N=N/c1ccc(N=Nc2ccccc2)cc1,c1ccc(N=Nc2ccc(N=Nc3cccc4ccccc34)cc2)cc1,199.0
Oc1ccc2ccccc2c1/N=N/c1ccccc1,c1ccc(N=Nc2cccc3ccccc23)cc1,132.0
CCS(=O)(=O)CCn1c([N+](=O)[O-])cnc1C,c1c[nH]cn1,127.5
CCOc1ccc(C(C)(C)COCc2cccc(Oc3ccccc3)c2)cc1,c1ccc(CCOCc2cccc(Oc3ccccc3)c2)cc1,36.0
Fc1ccc(C2(Cn3cncn3)OC2c2ccccc2Cl)cc1,c1ccc(C2OC2(Cn2cncn2)c2ccccc2)cc1,125.0
O=C(O)CCCCCCCCCCCO,,86.5
Cc1ccc2c(c1N)C(=O)c1ccccc1C2=O,O=C1c2ccccc2C(=O)c2ccccc21,205.0
NCC(O)COc1ccccc1,c1ccccc1,146.0
CC(F)(F)Cl,,-131.0
C=C(F)Cl,,-169.0
O=C=NCCCl,,135.0
CC=CCCl,,-65.0
CCOc1ccc([N+](=O)[O-])cc1,c1ccccc1,58.0
On1nnc2ccccc21,c1ccc2[nH]nnc2c1,159.0
O=C1Nc2ccccc2C1=O,O=C1Nc2ccccc2C1=O,200.0
O=C1C=Cc2cccc3cccc1c23,O=C1C=Cc2cccc3cccc1c23,154.5
C=C(C)C(=O)OC(O)CC,,-58.0
CC(C)Cn1cnc2c(N)nc3ccccc3c21,c1ccc2c(c1)ncc1nc[nH]c12,293.0
CN(N=O)C(N)=O,,121.0
Cc1ccccc1N=O,c1ccccc1,73.5
CN1CC=C(c2ccccc2)CC1,C1=C(c2ccccc2)CCNC1,38.5
CC(O)c1ccccc1,c1ccccc1,20.0
NC(=S)Nc1ccccc1,c1ccccc1,149.0
C=CN1CCCCCC1=O,O=C1CCCCCN1,34.0
O=C(O)c1ccccc1C(=O)Nc1cccc2ccccc12,O=C(Nc1cccc2ccccc12)c1ccccc1,203.0
O=C(O)c1ccccc1-c1c2cc(Br)c(=O)c(Br)c-2oc2c(Br)c(O)c(Br)cc12,O=c1ccc2c(-c3ccccc3)c3ccccc3oc-2c1,300.0
O=C1CCC(N2C(=O)c3ccccc3C2=O)C(=O)N1,O=C1CCC(N2C(=O)c3ccccc3C2=O)C(=O)N1,270.0
CCc1ccccc1Cc1ccccc1N,c1ccc(Cc2ccccc2)cc1,35.0
COC(C)COC(C)CO,,-83.0
Cc1ncc([N+](=O)[O-])n1CCO,c1c[nH]cn1,160.0
O=[N+]([O-])c1ccccc1CCO,c1ccccc1,2.0
CC(C)C1(C)N=C(c2ncccc2C(=O)O)NC1=O,O=C1CN=C(c2ccccn2)N1,171.5
O=[N+]([O-])c1ccc(CCO)cc1,c1ccccc1,63.0
BrCC1CO1,C1CO1,-40.0
CNCC(O)c1ccccc1,c1ccccc1,75.0
CNC(C)C(O)c1ccccc1,c1ccccc1,36.0
Cc1cc(C2(c3cc(C)c(O)c(CN(CC(=O)O)CC(=O)O)c3)OS(=O)(=O)c3ccccc32)cc(CN(CC(=O)O)CC(=O)O)c1O,O=S1(=O)OC(c2ccccc2)(c2ccccc2)c2ccccc21,210.0
OC(c1ccc(Cl)cc1)(c1ccc(Cl)cc1)C(Cl)(Cl)Cl,c1ccc(Cc2ccccc2)cc1,78.5
CC(=O)OC(c1ccccc1)C(Cl)(Cl)Cl,c1ccccc1,87.5
OC(O)C(Cl)(Cl)Cl,,57.0
OCC(F)(F)C(F)F,,-15.0
N#CC(Br)(Br)C(N)=O,,123.5
COC(OC)(C(=O)c1ccccc1)c1ccccc1,O=C(Cc1ccccc1)c1ccccc1,66.0
C=C1C2CCC(C2)C1(C)C,C=C1CC2CCC1C2,50.0
OCC(c1ccccc1)c1ccccc1,c1ccc(Cc2ccccc2)cc1,54.5
Oc1c(Cl)cc(Cl)c(Cl)c1Cc1c(O)c(Cl)cc(Cl)c1Cl,c1ccc(Cc2ccccc2)cc1,164.0
Oc1c(Cl)cc(Cl)c(Cl)c1Cl,c1ccccc1,70.0
Oc1c(Cl)c(Cl)c(O)c(Cl)c1Cl,c1ccccc1,239.0
O=C1C(F)=C(F)C(=O)C(F)=C1F,O=C1C=CC(=O)C=C1,179.0
Cc1cc(O)c(C)c(C)c1O,c1ccccc1,173.0
Oc1c(Cl)ccc(Cl)c1Cl,c1ccccc1,56.0
COc1cc2c(cc1OC)[C@@]13CCN4CC5=CCO[C@H]6CC(=O)N2[C@H]1[C@H]6[C@H]5C[C@H]43,O=C1CC2OCC=C3CN4CCC56c7ccccc7N1C5C2C3CC46,177.0
Cc1c(O)ccc(O)c1C,c1ccccc1,224.0
O=C(O)C(S)C(S)C(=O)O,,197.0
CC1OC(C)OC(C)O1,C1OCOCO1,12.0
Cc1cc(C)c(N)c(C)c1N,c1ccccc1,90.0
O=[N+]([O-])c1cc([N+](=O)[O-])c(O)c([N+](=O)[O-])c1,c1ccccc1,122.0
O=[N+]([O-])c1ccc(Nc2ccccc2)c([N+](=O)[O-])c1,c1ccc(Nc2ccccc2)cc1,160.0
O=C1C(O)=C(Cl)C(=O)C(O)=C1Cl,O=C1C=CC(=O)C=C1,283.0
CC(=O)OC1CC(=O)OC1=O,O=C1CCC(=O)O1,55.0
Nc1ccc2c(c1)C(=O)c1ccc(N)cc1C2=O,O=C1c2ccccc2C(=O)c2ccccc21,325.0
O=C1C(Cl)=CC(=NCl)C=C1Cl,N=C1C=CC(=O)C=C1,67.0
Nc1cc(Cl)c(N)c(Cl)c1,c1ccccc1,125.0
CC1CNCC(C)O1,C1COCCN1,-85.0
CC(C)(C)C1=CC(=NO)C=C(C(C)(C)C)C1=O,N=C1C=CC(=O)C=C1,219.0
CC(C)(C)c1cccc(C(C)(C)C)n1,c1ccncc1,2.0
Clc1ccc2c(c1)Oc1ccc(Cl)cc1O2,c1ccc2c(c1)Oc1ccccc1O2,201.5
O=[N+]([O-])c1ccc(Nc2ccccc2O)c([N+](=O)[O-])c1,c1ccc(Nc2ccccc2)cc1,197.5
COC1=C(OC)C(=O)C(CC=C(C)CCC=C(C)CCC=C(C)CCC=C(C)CCC=C(C)CCC=C(C)CCC=C(C)CCC=C(C)CCC=C(C)CCC=C(C)C)=C(C)C1=O,O=C1C=CC(=O)C=C1,49.0
OCC[C@]12C[C@H]3C[C@H](C[C@H](C3)C1)C2,C1C2CC3CC1CC(C2)C3,74.0
Nc1ccc(NCCO)c([N+](=O)[O-])c1,c1ccccc1,127.5
O=S(=O)(O)CCN1CCN(CCO)CC1,C1CNCCN1,236.0
Cc1c(Nc2ncccc2C(=O)O)cccc1C(F)(F)F,c1ccc(Nc2ccccn2)cc1,227.0
CC(=O)Nc1cccc(N)c1C(=O)O,c1ccccc1,184.0
NCC(O)c1ccccc1,c1ccccc1,57.0
CC(N)(CO)CO,,111.0
Nc1cc([N+](=O)[O-])cc([N+](=O)[O-])c1O,c1ccccc1,169.0
Nc1ccc2c(c1)C(=O)c1ccccc1C2=O,O=C1c2ccccc2C(=O)c2ccccc21,295.0
NCCS(=O)(=O)O,,300.0
NCCS,,96.0
CCCCOCCOC(C)=O,,-63.0
CC(Cl)C(=O)O,,-13.0
CCCCCCCCCCCCc1ccccc1S(=O)(=O)O,c1ccccc1,10.0
CCCCC(CC)CO[N+](=O)[O-],,75.0
CCC1CO1,C1CO1,-60.0
NC(=O)CF,,108.0
O=C1C=C(O)C(=O)c2ccccc21,O=C1C=CC(=O)c2ccccc21,192.0
Cc1ccc([N+](=O)[O-])cc1I,c1ccccc1,61.0
NC(=O)CI,,94.0
Cc1c([N+](=O)[O-])cc([N+](=O)[O-])cc1[N+](=O)[O-],c1ccccc1,80.0
CCC(C)(C(N)=O)c1ccccc1,c1ccccc1,101.0
CC1CN1,C1CN1,-65.0
Cc1c(C#N)cccc1C#N,c1ccccc1,136.0
C=C(C)C,,-140.0
CC(CO)CO,,-91.0
CC(CC(=O)O)C(=O)O,,111.0
O=[N+]([O-])c1ccc2c(c1)Cc1ccccc1-2,c1ccc2c(c1)Cc1ccccc1-2,156.0
Nc1ccc(N)c([N+](=O)[O-])c1,c1ccccc1,138.5
CCC(CO)[N+](=O)[O-],,-47.0
O=[N+]([O-])c1ccco1,c1ccoc1,31.0
O=C(C[N+](=O)[O-])Nc1ccccc1,c1ccccc1,93.0
CC(=O)OC(C(=O)c1ccccc1)c1ccccc1,O=C(Cc1ccccc1)c1ccccc1,82.0
O=C(COC(=O)c1ccccc1)c1ccccc1,O=C(COC(=O)c1ccccc1)c1ccccc1,119.0
O=C(O)CC(=O)C(=O)O,,161.0
c1ccc(C2CO2)cc1,c1ccc(C2CO2)cc1,-37.0
CC(C)(OO)c1ccccc1,c1ccccc1,-9.0
CCCOCCO,,-75.0
CCC(C)c1cc([N+](=O)[O-])cc([N+](=O)[O-])c1O,c1ccccc1,55.0
CCC(C)n1ncn(-c2ccc(N3CCN(c4ccc(OC[C@H]5CO[C@](Cn6cncn6)(c6ccc(Cl)cc6Cl)O5)cc4)CC3)cc2)c1=O,O=c1[nH]ncn1-c1ccc(N2CCN(c3ccc(OCC4COC(Cn5cncn5)(c5ccccc5)O4)cc3)CC2)cc1,166.2
CC(C)(C)c1cc(O)ccc1O,c1ccccc1,128.0
O=C1CC(=O)NC(=S)N1,O=C1CC(=O)NC(=S)N1,234.0
O=CC=Cn1ccnc1,c1c[nH]cn1,118.5
O=NN1CCCC1c1cccnc1,c1cncc(C2CCCN2)c1,47.0
Cc1c(C)n2c(CBr)c(C)c(=O)n2c1=O,O=c1ccn2ccc(=O)n12,152.0
O=C(O)c1cccc(OOCl)c1,c1ccccc1,92.0
O=S(=O)(O)CCCN1CCOCC1,C1COCCN1,277.0
C1CC2OC2CC1C1CO1,C1CC2OC2CC1C1CO1,-109.0
O=C(O)c1c(Cl)c(Cl)c(Cl)c(Cl)c1C(=O)O,c1ccccc1,98.0
Oc1cc(Cl)c(Cl)c(Cl)c1,c1ccccc1,101.0
O=C(O)c1ccc(O)c(O)c1,c1ccccc1,201.0
Oc1cc(Cl)cc(Cl)c1O,c1ccccc1,82.5
CC(C)(C)c1cc(O)c(O)c(C(C)(C)C)c1,c1ccccc1,96.0
CC(C)(C)c1cc(O)cc(C(C)(C)C)c1,c1ccccc1,88.0
CCCCCCCCCCCCCCOCCOCCOCCOCCOCCOCCO,,32.5
CCCCCCCCCCCCOCCOCCOCCOCCOCCOCCO,,27.0
OCCOCCOCCOCCOCCOCCO,,6.0
O=NN1CN2CN(C1)CN(N=O)C2,C1NCN2CNCN1C2,207.0
CN(C)C(=O)Nc1ccc(Oc2ccc(Cl)cc2)cc1,c1ccc(Oc2ccccc2)cc1,151.0
O=S(=O)(O)CCCNC(CO)(CO)CO,,230.0
O=C(CCCl)c1ccccc1,c1ccccc1,48.5
Cc1ccc(O)c(/N=N/c2c(O)cc(S(=O)(=O)O)c3ccccc23)c1,c1ccc(N=Nc2cccc3ccccc23)cc1,300.0
CCCCNC(=O)OC#CCI,,66.0
Cc1ccc2cc3c(ccc4ccccc43)c3c2c1CC3,c1cc2c3c(c4ccc5ccccc5c4cc3c1)CC2,179.5
Cc1cc(OC(=O)N(C)C)n(-c2ccccc2)n1,c1ccc(-n2cccn2)cc1,50.0
O=C(O)CC[N+](=O)[O-],,64.0
CC1(C)C(C=C(Cl)Cl)C1C(=O)OCc1cccc(Oc2ccccc2)c1,O=C(OCc1cccc(Oc2ccccc2)c1)C1CC1,34.0
COc1ccc(O)cc1C(C)(C)C,c1ccccc1,48.0
CN(C)NC(=O)CCC(=O)O,,154.5
CC1(N)CCC(C(C)(C)N)CC1,C1CCCCC1,-45.0
O=C(O)c1ccc(S(=O)(=O)N(Cl)Cl)cc1,c1ccccc1,213.0
CN(C)c1ccc(C(=O)O)cc1,c1ccccc1,243.0
Nc1ccc(N=Nc2ccccc2)cc1,c1ccc(N=Nc2ccccc2)cc1,124.0
Cc1c(C2(c3cc(Br)c(O)c(Br)c3C)OS(=O)(=O)c3ccccc32)cc(Br)c(O)c1Br,O=S1(=O)OC(c2ccccc2)(c2ccccc2)c2ccccc21,225.0
O=S1(=O)OC(c2cc(Br)c(O)c(Br)c2)(c2cc(Br)c(O)c(Br)c2)c2ccccc21,O=S1(=O)OC(c2ccccc2)(c2ccccc2)c2ccccc21,204.0
Cc1cc(C2(c3cc(C)c(O)c(Br)c3)OS(=O)(=O)c3ccccc32)cc(Br)c1O,O=S1(=O)OC(c2ccccc2)(c2ccccc2)c2ccccc21,241.0
CCC(=C(CC)c1ccc(O)cc1)c1ccc(O)cc1,C(=Cc1ccccc1)c1ccccc1,170.5
O=C(O)c1ccc(C(=O)OC(=O)c2ccc(C(=O)O)cc2C(=O)O)c(C(=O)O)c1,O=C(OC(=O)c1ccccc1)c1ccccc1,165.0
CN(C)c1ccc(C(c2ccc(N(C)C)cc2)c2ccc(N(C)C)cc2)cc1,c1ccc(C(c2ccccc2)c2ccccc2)cc1,179.5
Oc1ccc(C(O)(c2ccccc2)c2ccc(O)c3ccccc23)c2ccccc12,c1ccc(C(c2cccc3ccccc23)c2cccc3ccccc23)cc1,232.5
Nc1ccc(SSc2ccc(N)cc2)cc1,c1ccc(SSc2ccccc2)cc1,77.0
Cc1c(Cc2c(C)n(C)n(-c3ccccc3)c2=O)c(=O)n(-c2ccccc2)n1C,O=c1c(Cc2c[nH]n(-c3ccccc3)c2=O)c[nH]n1-c1ccccc1,155.0
Cc1ncc(CO)c(CO)c1O,c1ccncc1,160.5
Clc1nc(Cl)nc(Nc2ccccc2Cl)n1,c1ccc(Nc2ncncn2)cc1,159.5
CCCC(C)(O)C#CC(C)(O)CCC,,68.5
O=[N+]([O-])c1ccc(N=Nc2ccc(O)c3ccccc23)cc1,c1ccc(N=Nc2cccc3ccccc23)cc1,275.0
O=[N+]([O-])c1ccc(N=Nc2ccc(O)cc2O)cc1,c1ccc(N=Nc2ccccc2)cc1,200.0
CN(CCCC(=O)c1cccnc1)N=O,c1ccncc1,72.0
C[C@@H]1C[C@@H]([C@H](O)CC2CC(=O)NC(=O)C2)C(=O)[C@@H](C)C1,O=C1CC(CCC2CCCCC2=O)CC(=O)N1,120.0
O=C(O)CCCc1ccc(N(CCCl)CCCl)cc1,c1ccccc1,64.0
C=CCc1ccc(OC)c(OC)c1,c1ccccc1,-4.0
Cc1cc(O)c(C)cc1N,c1ccccc1,242.5
Cc1noc(NS(=O)(=O)c2ccc(N)cc2)c1C,O=S(=O)(Nc1ccno1)c1ccccc1,196.5
Nc1ccc(S(=O)(=O)Nc2ccccn2)cc1,O=S(=O)(Nc1ccccn1)c1ccccc1,191.5
Brc1ccc(N(c2ccc(Br)cc2)c2ccc(Br)cc2)cc1,c1ccc(N(c2ccccc2)c2ccccc2)cc1,142.0
O=C(Cl)c1ccc(Cl)c([N+](=O)[O-])c1,c1ccccc1,53.5
CCCNC(=O)NS(=O)(=O)c1ccc(Cl)cc1,c1ccccc1,128.0
c1cc2c3c(c1)ccc1cccc(c13)C2,c1cc2c3c(c1)ccc1cccc(c13)C2,116.0
NNc1ccc(C(=O)O)cc1,c1ccccc1,205.0
CC(C)Oc1ccc(Nc2ccccc2)cc1,c1ccc(Nc2ccccc2)cc1,79.0
Cc1c(C(C)C)c(=O)n(-c2ccccc2)n1C,O=c1cc[nH]n1-c1ccccc1,103.0
COC(=O)CCC(=O)O,,57.5
CC1CC(=O)O1,O=C1CCO1,-43.5
CC(C)CC(C)O,,-90.0
O=C(Cl)OCc1ccc([N+](=O)[O-])cc1,c1ccccc1,33.0
O=NN1CCOCC1,C1COCCN1,29.0
Oc1ccc(S)cc1,c1ccccc1,34.0
C=CC1CC=CCC1,C1=CCCCC1,-101.0
COc1cc(Cc2cnc(N)nc2N)cc(OC)c1OC,c1ccc(Cc2cncnc2)cc1,201.0
CCc1nc(N)nc(N)c1-c1ccc(Cl)cc1,c1ccc(-c2cncnc2)cc1,233.0
c1ccc(-c2nnc(-c3ccccn3)nc2-c2ccccc2)cc1,c1ccc(-c2nnc(-c3ccccn3)nc2-c2ccccc2)cc1,191.0
O=C(O)CCCC[C@@H]1CCSS1,C1CSSC1,60.0
Nc1cc(-c2ccccc2)c(O)c(-c2ccccc2)c1,c1ccc(-c2cccc(-c3ccccc3)c2)cc1,149.0
N#Cc1nn(-c2c(Cl)cc(C(F)(F)F)cc2Cl)c(N)c1[S+]([O-])C(F)(F)F,c1ccc(-n2cccn2)cc1,199.0
O=c1[nH]c2ccccc2n1CCCN1CCC(n2c(=O)[nH]c3cc(Cl)ccc32)CC1,O=c1[nH]c2ccccc2n1CCCN1CCC(n2c(=O)[nH]c3ccccc32)CC1,237.5
Cn1sc(Cl)cc1=O,O=c1ccs[nH]1,52.0
O=C(Nc1ccc([N+](=O)[O-])cc1Cl)c1cc(Cl)ccc1O,O=C(Nc1ccccc1)c1ccccc1,223.0
Cc1ccc(C(C)C)cc1O,c1ccccc1,2.0
O=[N+]([O-])c1ccc2c3c(cccc13)CC2,c1cc2c3c(cccc3c1)CC2,103.5
CCCCCc1cc(O)c2c(c1)OC(C)(C)c1ccc(C)cc1-2,c1ccc2c(c1)COc1ccccc1-2,76.5
COc1cc(N)c2ncccc2c1,c1ccc2ncccc2c1,52.0
CCCc1cc(O)nc(S)n1,c1cncnc1,220.0
CN1C(=O)CN=C(c2ccccc2)c2cc(Cl)ccc21,O=C1CN=C(c2ccccc2)c2ccccc2N1,125.0
O=c1ccc2cc(O[C@@H]3O[C@H](CO)[C@@H](O)[C@H](O)[C@H]3O)c(O)cc2o1,O=c1ccc2cc(OC3CCCCO3)ccc2o1,205.0
Cc1cccc2c1ccc1cc(C(C)C)ccc12,c1ccc2c(c1)ccc1ccccc12,99.0
Cc1ccc2cccnc2c1,c1ccc2ncccc2c1,36.5
C1CCC2OC2C1,C1CCC2OC2C1,-40.0
O=C1c2ncccc2-c2cccnc21,O=C1c2ncccc2-c2cccnc21,229.0
c1ccc2c(c1)Cc1ccccc1O2,c1ccc2c(c1)Cc1ccccc1O2,101.0
Ic1cc2ccccc2c2ccccc12,c1ccc2c(c1)ccc1ccccc12,92.0
Cn1c2ccccc2c2ccccc21,c1ccc2c(c1)[nH]c1ccccc12,91.0
CC1c2ccccc2-c2ccccc21,c1ccc2c(c1)Cc1ccccc1-2,46.5
C=Cn1c2ccccc2c2ccccc21,c1ccc2c(c1)[nH]c1ccccc12,63.0
C1=Cc2cccc3cccc1c23,C1=Cc2cccc3cccc1c23,91.0
C#C,,-80.8
Nc1c2ccccc2nc2ccccc12,c1ccc2nc3ccccc3cc2c1,241.0
I[C@]12C[C@H]3C[C@H](C[C@H](C3)C1)C2,C1C2CC3CC1CC(C2)C3,75.5
CC(N)C(=O)O,,264.0
OC[C@H]1O[C@H](O)[C@H](O)[C@@H](O)[C@@H]1O,C1CCOCC1,154.5
OC[C@H]1O[C@H](O[C@H]2[C@H](O)[C@@H](O)[C@@H](O[C@H]3[C@H](O)[C@@H](O)C(O)O[C@@H]3CO)O[C@@H]2CO)[C@H](O)[C@@H](O)[C@@H]1O,C1CCC(OC2CCC(OC3CCCOC3)OC2)OC1,133.0
Oc1cccc2cc3cccc(O)c3c(O)c12,c1ccc2cc3ccccc3cc2c1,178.5
O=Cc1c2ccccc2cc2ccccc12,c1ccc2cc3ccccc3cc2c1,105.0
O=C(O)c1c2ccccc2cc2ccccc12,c1ccc2cc3ccccc3cc2c1,213.0
O=Cc1ccccc1,c1ccccc1,-56.0
N#Cc1cc(C#N)c(C#N)cc1C#N,c1ccccc1,265.0
c1ccc2c(c1)-c1cccc3c1c-2cc1ccccc13,c1ccc2c(c1)-c1cccc3c1c-2cc1ccccc13,164.0
c1cc2ccc3ccc4ccc5cccc6c(c1)c2c3c4c56,c1cc2ccc3ccc4ccc5cccc6c(c1)c2c3c4c56,278.0
c1ccc2c3c(ccc2c1)-c1cccc2cccc-3c12,c1ccc2c3c(ccc2c1)-c1cccc2cccc-3c12,166.0
c1ccc2cc3c(cc2c1)-c1cccc2cccc-3c12,c1ccc2cc3c(cc2c1)-c1cccc2cccc-3c12,216.0
c1ccc2c(c1)ccc1cc3c(ccc4ccccc43)cc12,c1ccc2c(c1)ccc1cc3c(ccc4ccccc43)cc12,266.5
CCCCOC(=O)c1ccccc1C(=O)OCc1ccccc1,O=C(OCc1ccccc1)c1ccccc1,230.0
CC(C=CC=C(C)C=CC1=C(C)CCCC1(C)C)=CC=CC=C(C)C=CC=C(C)C=CC1=C(C)CCCC1(C)C,C(=CC=CC=CC=CC=CC1=CCCCC1)C=CC=CC=CC=CC1=CCCCC1,178.0
NCCC(=O)O,,196.0
Nc1ccc(-c2ccc(N)cc2)cc1,c1ccc(-c2ccccc2)cc1,128.0
CC(C)CCCCCCCOC(=O)c1ccccc1C(=O)OCCCCCCCC(C)C,c1ccccc1,-50.0
BrBr,,-7.2
C=CBr,,-139.0
CBr,,-93.7
C=CCC,,-185.0
C=CC=C,,-113.0
CCCCOC(=O)[C@@H](C)Oc1ccc(Oc2ccc(C(F)(F)F)cn2)cc1,c1ccc(Oc2ccccn2)cc1,5.0
FC(F)Cl,,-146.0
CCCl,,-139.0
C=CCl,,-153.7
CCl,,-97.0
c1ccc2c(c1)ccc1c3ccccc3ccc21,c1ccc2c(c1)ccc1c3ccccc3ccc21,253.0
C12C3C4C1C1C2C3C41,C12C3C4C1C1C2C3C41,125.5
N#CI,,146.0
CC1(C)[C@H](C(=O)OC(C#N)c2cccc(Oc3ccccc3)c2)[C@@H]1C=C(Cl)Cl,O=C(OCc1cccc(Oc2ccccc2)c1)C1CC1,79.0
CC1(C)C(C=C(Cl)Cl)C1C(=O)OC(C#N)c1cccc(Oc2ccccc2)c1,O=C(OCc1cccc(Oc2ccccc2)c1)C1CC1,68.5
[C-]#[N+]C1CCCCC1,C1CCCCC1,6.0
O=C(O)CC1C=CCC1,C1=CCCC1,19.0
C1=CCC=C1,C1=CCC=C1,-97.2
Nc1ccn([C@@H]2O[C@H](CO)[C@@H](O)[C@H]2O)c(=O)n1,O=c1ncccn1C1CCCO1,210.0
C=CCOC(=O)OCCOCCOC(=O)OCC=C,,-4.0
FC(F)(Cl)Cl,,-158.0
C1=CC2C(C1)[C@@H]1C=C[C@H]2C1,C1=CC2C3C=CC(C3)C2C1,32.5
CCOOCC,,-70.0
CC(C)OP(=O)(F)OC(C)C,,-82.0
CC(C)SC(C)C,,-106.0
COP(=O)(OC)C(O)C(Cl)(Cl)Cl,,83.0
COC,,-138.0
COS(=O)(=O)OC,,-32.0
CC(=O)OOC(C)=O,,30.0
CCCCCCCCOCCCCCCCC,,-7.6
CCCCCCCCOC(=O)CCCCCCCCC(=O)OCCCCCCCC,,-67.0
CC(C)(C)OOC(C)(C)C,,-40.0
CCCCCCCCCCCC(=O)OOC(=O)CCCCCCCCCCC,,56.0
CCCCCCCCCCCCCCCCCCCCCCO,,70.0
CCCCCCCCCCCCN,,29.0
CCCCCCCCCCCCO[C@@H]1O[C@H](CO)[C@@H](O[C@H]2O[C@H](CO)[C@@H](O)[C@H](O)[C@H]2O)[C@H](O)[C@H]1O,C1CCC(OC2CCCOC2)OC1,150.0
C=C(C)C(=O)OCCCCCCCCCCCC,,-7.0
CCCCCCCCCCCC[N+](C)(C)[O-],,132.5
N[C@H](Cc1ccccc1)C(=O)O,c1ccccc1,274.5
CCN,,-81.0
NC(=S)C(N)=S,,170.0
CC(=O)OO,,0.1
C=C=N,,-78.0
C=C(C#N)C(=O)OCC,,-22.0
CCOC(=O)C(C)O,,-26.0
CCOC(=O)C(O)(c1ccc(Cl)cc1)c1ccc(Cl)cc1,c1ccc(Cc2ccccc2)cc1,36.0
C=C,,-169.0
c1ccc2c(c1)-c1cccc3cccc-2c13,c1ccc2c(c1)-c1cccc3cccc-2c13,107.5
FC(F)F,,-160.0
NCC(=O)NCC(=O)O,,257.5
O=C(O)C(F)(F)C(F)(F)C(F)(F)C(F)(F)C(F)(F)C(F)(F)C(F)(F)C(F)(F)F,,66.5
CCCCCCCOS(=O)(=O)O,,200.5
Brc1c(Br)c(Br)c(Br)c(Br)c1Br,c1ccccc1,327.0
Clc1c(Cl)c(Cl)c(Cl)c(Cl)c1Cl,c1ccccc1,228.0
O=C(O)CCCCCCCCCCCCCCC(=O)O,,125.0
FC(F)(F)C(F)(F)F,,-100.0
NNC(N)=S,,183.0
Br,,-87.0
OO,,-40.0
[O-][I+2]([O-])O,,110.0
II,,113.5
CC(C)C,,-159.6
CN=C=O,,-80.0
C[C@H](N)C(=O)O,,314.0
C[C@H](N)C(=O)N[C@@H](C)C(=O)O,,280.0
CCCCCCCCCCCC(N)=O,,99.0
O=C[C@@H](O)[C@H](O)[C@@H](O)[C@@H](O)CO,,150.5
CC(C)C[C@H](N)C(=O)O,,287.0
CSCC[C@H](N)C(=O)O,,284.0
O=C(O)[C@@H]1CCCN1,C1CCNC1,228.0
CC(O)[C@H](N)C(=O)O,,256.0
N[C@@H](Cc1ccc(O)cc1)C(=O)O,c1ccccc1,295.0
O=C(O)CC(=O)O,,136.0
CN,,-93.0
C,,-182.0
CS,,-121.0
CSCCC(N)C(=O)O,,281.0
CNC(=O)ON=C(C)SC,,79.0
COC(=O)c1nc(Cl)c(N)nc1N,c1cnccn1,212.5
COC(=O)[C@H](Cc1ccccc1)NC(=O)[C@@H](N)CC(=O)O,c1ccccc1,249.0
COC(=O)[C@@H](N)Cc1ccc(O)cc1,c1ccccc1,134.0
COS(C)(=O)=O,,20.0
CO[N+](=O)[O-],,-108.0
CON=O,,-16.0
CSc1ccccc1,c1ccccc1,-15.0
CNN,,-21.0
CP(=O)(Cl)Cl,,35.0
NCCNCCNCCNCCN,,-40.0
NCCCNCCCN,,-14.0
CC(C)CC(=O)N[C@H](C(=O)N[C@H](C(=O)N[C@@H](CC(C)C)[C@@H](O)CC(=O)N[C@@H](C)C(=O)N[C@@H](CC(C)C)[C@@H](O)CC(=O)O)C(C)C)C(C)C,,233.0
CC(=O)Nc1cccc(C)c1,c1ccccc1,65.0
CCCCCCCCC(=O)NCc1ccc(O)c(OC)c1,c1ccccc1,57.0
CC(=O)Nc1ccc2c(c1)Cc1ccccc1-2,c1ccc2c(c1)Cc1ccccc1-2,194.0
CC(=O)N(O)c1ccc2c(c1)Cc1ccccc1-2,c1ccc2c(c1)Cc1ccccc1-2,136.5
Cc1cc(N(C)C)ccc1/N=N/c1ccccc1,c1ccc(N=Nc2ccccc2)cc1,68.0
CN(C)P(=O)(N(C)C)N(C)C,,7.2
O=P1(N(CCCl)CCCl)NCCCO1,O=[PH]1NCCCO1,43.0
O=C(O)CN(CCN(CC(=O)O)CC(=O)O)CCN(CC(=O)O)CC(=O)O,,220.0
CCN(CC)C(=O)c1cccc(C)c1,c1ccccc1,-45.0
CCN(CC)c1ccc(N)cc1,c1ccccc1,27.0
CCN(CC)C(=O)c1cccnc1,c1ccncc1,25.0
CN(C)C(=O)C(c1ccccc1)c1ccccc1,c1ccc(Cc2ccccc2)cc1,133.5
CN(C)C,,-117.0
C=CCN(C)C,,0.0
CCC(=O)N(C)C,,-45.0
O=C(NNc1ccccc1)NNc1ccccc1,O=C(NNc1ccccc1)NNc1ccccc1,173.0
N=C(NCCCCCCNC(=N)NC(=N)Nc1ccc(Cl)cc1)NC(=N)Nc1ccc(Cl)cc1,N=C(NCCCCCCNC(=N)NC(=N)Nc1ccccc1)NC(=N)Nc1ccccc1,134.0
COc1cc2c(c(OC)c1OC)-c1ccc(OC)c(=O)cc1[C@@H](NC(C)=O)CC2,O=c1cccc2c(c1)CCCc1ccccc1-2,142.0
CN(C)CCN(C)CCN(C)C,,18.0
CC(C)(C)OC(=O)NCCCC[C@H](NC(=O)OCC1c2ccccc2-c2ccccc21)C(=O)O,c1ccc2c(c1)Cc1ccccc1-2,132.0
Nc1ccc2ccccc2c1,c1ccc2ccccc2c1,111.5
CCNS(=O)(=O)c1ccc(C)cc1,c1ccccc1,64.0
CCNc1ccc([N+](=O)[O-])cc1,c1ccccc1,96.0
ONc1ccccc1,c1ccccc1,83.5
O=[N+]([O-])O,,-51.0
N#[N+][O-],,-90.8
O=Nc1ccccc1,c1ccccc1,65.0
O=C(N[N+](=O)[O-])c1ccccc1,c1ccccc1,143.0
O=NN(c1ccccc1)c1ccccc1,c1ccc(Nc2ccccc2)cc1,66.5
CCCCCCCCCCCCCCCCCCCCCCCCCCCCC,,66.0
O=C(O)C(F)(F)C(F)(F)C(F)(F)C(F)(F)C(F)(F)C(F)(F)C(F)(F)C(F)(F)C(F)(F)F,,78.0
CCCCCCCCCCCCCCCCCCC(=O)O,,69.0
CCCCCNCCCCC,,-44.0
c1ccc(Nc2cccc3ccccc23)cc1,c1ccc(Nc2cccc3ccccc23)cc1,61.0
c1ccc(Nc2ccc3ccccc3c2)cc1,c1ccc(Nc2ccc3ccccc3c2)cc1,108.0
CCNc1nc(NC(C)(C)C)nc(SC)n1,c1ncncn1,104.0
CCOP(=S)(OCC)Oc1nc(Cl)c(Cl)cc1Cl,c1ccncc1,42.5
COP(=S)(OC)Oc1ccc([N+](=O)[O-])cc1,c1ccccc1,36.0
COP(=S)(OC)Oc1ccc(SC)c(C)c1,c1ccccc1,7.0
COP(=S)(OC)SCn1nnc2ccccc2c1=O,O=c1[nH]nnc2ccccc12,72.0
CNC(=O)CSP(=S)(OC)OC,,51.5
COP(N)(=O)SC,,45.0
FC(F)(F)C(F)(F)C(F)(F)C(F)(F)C(F)(F)C(F)(F)C(F)(F)C(F)(F)F,,-25.0
CCCCCCCCCCCCCCCCCCN,,56.0
CCCCCCCCCCCCCCCCCCOC(=O)CCc1cc(C(C)(C)C)c(O)c(C(C)(C)C)c1,c1ccccc1,52.5
O=C1CCCCCCCCCCCCCCCO1,O=C1CCCCCCCCCCCCCCCO1,33.5
O=CC=O,,15.0
c1ccc2c(c1)Oc1ccccc1O2,c1ccc2c(c1)Oc1ccccc1O2,122.5
C1CO1,C1CO1,-111.0
O=S(=O)=O,,16.8
O=S=O,,-73.0
Oc1c(Cl)c(Cl)c(Cl)c(Cl)c1Cl,c1ccccc1,174.0
O=C(O)C(F)(F)C(F)(F)C(F)(F)C(F)(F)C(F)(F)C(F)(F)C(F)(F)F,,55.5
CCCC(C)O,,-50.0
[O-][Cl+3]([O-])([O-])O,,-17.0
N#Cc1cc2ccccc2c2ccccc12,c1ccc2c(c1)ccc1ccccc12,111.0
CC(=O)[C@H]1CC[C@H]2[C@@H]3CCC4=CC(=O)CC[C@]4(C)[C@H]3CC[C@]12C,O=C1C=C2CCC3C4CCCC4CCC3C2CC1,128.0
C=CC,,-185.0
CCC,,-188.0
CC(C=CC1=C(C)CCCC1(C)C)=CC=CC(C)=CC(=O)O,C1=CCCCC1,189.5
CC(C=CC1=C(C)CCCC1(C)C)=CC=CC(C)=CCO,C1=CCCCC1,63.0
CCOP(=S)(OCC)SC1OCCOC1SP(=S)(OCC)OCC,C1COCCO1,-20.0
O=C1C[C@@H]2OCC=C3CN4CC[C@]56c7ccccc7N1[C@H]5[C@H]2[C@H]3C[C@H]46,O=C1CC2OCC=C3CN4CCC56c7ccccc7N1C5C2C3CC46,286.0
O=S(=O)(O)O,,-2.0
O=S(=O)(O)Cl,,-80.0
O=S(=O)(O)F,,-87.3
O=S(=O)(Cl)Cl,,-54.0
O=S(=O)(F)F,,-135.8
CC(C)(C)OO,,-3.0
c1ccc2cc3cc4ccccc4cc3cc2c1,c1ccc2cc3cc4ccccc4cc3cc2c1,350.0
FC(F)=C(F)F,,-142.5
FC(F)(F)F,,-184.0
O=[N+]([O-])C([N+](=O)[O-])([N+](=O)[O-])[N+](=O)[O-],,14.0
c1ccc2cc3c(ccc4ccccc43)cc2c1,c1ccc2cc3c(ccc4ccccc43)cc2c1,158.0
[O-][S+](F)F,,-110.5
O=C=S,,-139.0
FC(Cl)(Cl)Cl,,-110.5
O=[N+]([O-])C(Cl)(Cl)Cl,,-69.2
O=CC(Cl)(Cl)Cl,,-57.5
O=C(O)C(F)(F)C(F)(F)C(F)(F)C(F)(F)C(F)(F)C(F)(F)F,,30.0
CCCCCCCCCCCCC(=O)O,,41.5
CCOP(=O)(OCC)OCC,,-56.0
CCCCCCCCOP(=O)(OCCCCCCCC)OCCCCCCCC,,-74.0
O=[O+][O-],,-193.0
CCCCOCCOP(=O)(OCCOCCCC)OCCOCCCC,,-70.0
CCCCC(CC)COP(=O)(OCC(CC)CCCC)OCC(CC)CCCC,,-70.0
Cc1ccccc1OP(=O)(Oc1ccccc1C)Oc1ccccc1C,O=P(Oc1ccccc1)(Oc1ccccc1)Oc1ccccc1,-33.0
CCCCCCCCCCCCCCCCCCCCCCCCCCCCCCCCC,,72.0
O=C(O)C(CO)c1ccccc1,c1ccccc1,118.0
FC(F)(F)C1(F)C(F)(F)C(F)(F)C(F)(F)C(F)(F)C1(F)F,C1CCCCC1,-37.0
O=C(O)CCCCCCCCCC(=O)O,,109.0
C=COC(=O)C(CC)CCCC,,-90.0
C=COC(=O)CCCCCCCCCCCCCCCCC,,36.0
C[C@H](O)CN,,25.0
N[C@@H]1CC1c1ccccc1,c1ccc(C2CC2)cc1,79.5
CC(=O)OCC(CCn1cnc2cnc(N)nc21)COC(C)=O,c1ncc2nc[nH]c2n1,103.0
CC(=O)CCCCn1c(=O)c2c(ncn2C)n(C)c1=O,O=c1[nH]c(=O)c2[nH]cnc2[nH]1,105.0
CNC(C)C1CCC(N)C(OC2C(N)CC(N)C(OC3OCC(C)(O)C(NC)C3O)C2O)O1,C1CCC(OC2CCCC(OC3CCCCO3)C2)OC1,105.0
C=CCC1(C(C)CC)C(=O)N(C)C(=O)N(C)C1=O,O=C1CC(=O)NC(=O)N1,109.0
CN(C)CCOc1ccc(/C(=C(/CCCl)c2ccccc2)c2ccccc2)cc1,C(=C(c1ccccc1)c1ccccc1)c1ccccc1,109.0
COc1cc(N)c(Cl)cc1C(=O)NC1CCN(CCCOc2ccc(F)cc2)CC1OC,O=C(NC1CCN(CCCOc2ccccc2)CC1)c1ccccc1,110.0
CCNC(C)Cc1cccc(C(F)(F)F)c1,c1ccccc1,110.0
CC(C)C(=O)Nc1ccc([N+](=O)[O-])c(C(F)(F)F)c1,c1ccccc1,112.0
OCCN1C[C@H](O)[C@@H](O)[C@H](O)[C@H]1CO,C1CCNCC1,114.0
CN1CCN2c3ncccc3Cc3ccccc3C2C1,c1ccc2c(c1)Cc1cccnc1N1CCNCC21,115.0
CCCCCOC(=O)Nc1nc(=O)n([C@@H]2O[C@H](C)[C@@H](O)[C@H]2O)cc1F,O=c1ncccn1C1CCCO1,115.5
CCCCC[C@H](O)/C=C/[C@H]1[C@H](O)CC(=O)[C@@H]1CCCCCCC(=O)O,O=C1CCCC1,115.5
CCCCC(=O)OCC(=O)[C@]1(O)Cc2c(O)c3c(c(O)c2[C@@H](OC2CC(NC(=O)C(F)(F)F)C(O)C(C)O2)C1)C(=O)c1c(OC)cccc1C3=O,O=C1c2ccccc2C(=O)c2cc3c(cc21)CCCC3OC1CCCCO1,116.5
O=C(O)c1ccc(-n2nc(-c3ccccc3O)nc2-c2ccccc2O)cc1,c1ccc(-c2nc(-c3ccccc3)n(-c3ccccc3)n2)cc1,116.5
O=C(O)[C@H]1C(=CCO)O[C@@H]2CC(=O)N12,C=C1CN2C(=O)CC2O1,117.75
CCCCCCCCCC(=O)O[C@H]1CC[C@H]2[C@@H]3CCC4=CC(=O)CC[C@@H]4[C@H]3CC[C@]12C,O=C1C=C2CCC3C4CCCC4CCC3C2CC1,118.0
C[C@H]1C[C@H]2[C@@H]3CCC4=CC(=O)C=C[C@]4(C)[C@@]3(Cl)[C@@H](O)C[C@]2(C)[C@@]1(O)C(=O)CO,O=C1C=CC2C(=C1)CCC1C3CCCC3CCC21,118.5
Nc1nc2ccc(OC(F)(F)F)cc2s1,c1ccc2scnc2c1,119.0
CCOC(=O)[C@H](CCc1ccccc1)N[C@@H](C)C(=O)N1[C@H](C(=O)O)C[C@H]2CCCC[C@@H]21,O=C(CNCCCc1ccccc1)N1CCC2CCCCC21,121.0
COCCCCC(=NOCCN)c1ccc(C(F)(F)F)cc1,c1ccccc1,121.25
CN(CCOc1ccc(CC2SC(=O)NC2=O)cc1)c1ccccn1,O=C1NC(=O)C(Cc2ccc(OCCNc3ccccn3)cc2)S1,122.5
CC1(C)S[C@@H]2[C@H](NC(=O)COc3ccccc3)C(=O)N2[C@H]1C(=O)O,O=C(COc1ccccc1)NC1C(=O)N2CCSC12,124.0
COCCOC(=O)C1=C(C)NC(C)=C(C(=O)OC(C)C)C1c1cccc([N+](=O)[O-])c1,C1=CC(c2ccccc2)C=CN1,125.0
CCCC(CCC)C(=O)O,,125.0
CCOC(=O)[C@H](CCc1ccccc1)N[C@@H](C)C(=O)N1Cc2ccccc2C[C@H]1C(=O)O,O=C(CNCCCc1ccccc1)N1CCc2ccccc2C1,125.0
C=CC[C@@H]1C=C(C)C[C@H](C)C[C@H](OC)[C@H]2O[C@@](O)(C(=O)C(=O)N3CCCC[C@H]3C(=O)O[C@H](C(C)=C[C@@H]3CC[C@@H](O)[C@H](OC)C3)[C@H](C)[C@@H](O)CC1=O)[C@H](C)C[C@@H]2OC,O=C1CC=CCCCCC2CCCC(O2)C(=O)C(=O)N2CCCCC2C(=O)OC(C=CC2CCCCC2)CCC1,126.0
CC(C)N1CCN(c2ccc(OC[C@H]3CO[C@](Cn4cncn4)(c4ccc(Cl)cc4Cl)O3)cc2)CC1,c1ccc(C2(Cn3cncn3)OCC(COc3ccc(N4CCNCC4)cc3)O2)cc1,126.3
CON=C(C(=O)N[C@@H]1C(=O)N2C(C(=O)OCOC(=O)C(C)(C)C)=C(C=Cc3scnc3C)CS[C@H]12)c1csc(N)n1,N=C(C(=O)NC1C(=O)N2C=C(C=Cc3cncs3)CSC12)c1cscn1,128.0
C[C@@H](c1ncncc1F)[C@](O)(Cn1cncn1)c1ccc(F)cc1F,c1ccc(C(Cc2ccncn2)Cn2cncn2)cc1,128.5
CC(C)N=C(N)N=C(N)Nc1ccc(Cl)cc1,c1ccccc1,129.0
CCN(CC)CC#CCOC(=O)C(O)(c1ccccc1)C1CCCCC1,c1ccc(CC2CCCCC2)cc1,129.5
Fc1ccc([C@@H]2CCNC[C@H]2COc2ccc3c(c2)OCO3)cc1,c1ccc(C2CCNCC2COc2ccc3c(c2)OCO3)cc1,130.0
CC(C)(C#N)c1cc(Cn2cncn2)cc(C(C)(C)C#N)c1,c1ccc(Cn2cncn2)cc1,130.14
CCOc1cc(CC(=O)N[C@@H](CC(C)C)c2ccccc2N2CCCCC2)ccc1C(=O)O,O=C(Cc1ccccc1)NCc1ccccc1N1CCCCC1,130.5
CCN[C@H]1CN(CCCOC)S(=O)(=O)c2sc(S(N)(=O)=O)cc21,O=S1(=O)NCCc2ccsc21,131.0
NC(=O)CCCNC(=C1C=C(F)C=CC1=O)c1ccc(Cl)cc1,O=C1C=CC=CC1=Cc1ccccc1,134.0
CCOP(=O)(OCC)SCC[N+](C)(C)C,,138.0
Nc1nc(=O)n([C@@H]2CS[C@H](CO)O2)cc1F,O=c1ncccn1C1CSCO1,138.0
CC1NCCOC1c1ccccc1,c1ccc(C2CNCCO2)cc1,139.0
OC(Cn1cncn1)(Cn1cncn1)c1ccc(F)cc1F,c1ccc(C(Cn2cncn2)Cn2cncn2)cc1,139.0
CN1CCN(CCCN2c3ccccc3Sc3ccc(S(=O)(=O)N(C)C)cc32)CC1,c1ccc2c(c1)Sc1ccccc1N2CCCN1CCNCC1,140.0
O=C1Nc2ccc(Cl)cc2[C@@](C#CC2CC2)(C(F)(F)F)O1,O=C1Nc2ccccc2C(C#CC2CC2)O1,140.0
NC(=O)C1=CN([C@@H]2O[C@H](COP(=O)(O)OP(=O)(O)OC[C@H]3O[C@@H](n4cnc5c(N)ncnc54)[C@H](O)[C@@H]3O)[C@@H](O)[C@H]2O)C=CC1,O=[PH](OCC1CCC(N2C=CCC=C2)O1)O[PH](=O)OCC1CCC(n2cnc3cncnc32)O1,141.0
C#CCN(C)[C@H](C)Cc1ccccc1,c1ccccc1,141.5
CNC[C@H](O)c1cccc(O)c1,c1ccccc1,142.5
O[C@H]1[C@@H]2[C@@H](O)CCCN2C[C@H]1O,C1CCN2CCCC2C1,143.5
CCOC(=O)[C@@H](CCc1ccccc1)N[C@@H](C)C(=O)N1CCC[C@H]1C(=O)O,O=C(CNCCCc1ccccc1)N1CCCC1,143.75
O=C(c1ccc(OCCN2CCCCC2)cc1)c1c(-c2ccc(O)cc2)sc2cc(O)ccc12,O=C(c1ccc(OCCN2CCCCC2)cc1)c1c(-c2ccccc2)sc2ccccc12,145.0
CCN(CC)CCOc1cccc(OCCN(CC)CC)c1OCCN(CC)CC,c1ccccc1,147.5
CCC(=O)OC(OP(=O)(CCCCc1ccccc1)CC(=O)N1C[C@H](C2CCCCC2)C[C@H]1C(=O)O)C(C)C,O=C(C[PH](=O)CCCCc1ccccc1)N1CCC(C2CCCCC2)C1,151.0
CC(Cc1ccccc1)N(C)Cc1ccccc1,c1ccc(CCNCc2ccccc2)cc1,152.5
CN(C)C(=O)Oc1ccc[n+](C)c1,c1cc[nH+]cc1,153.0
CCCCCN=C(N)NNC=C1C=Nc2ccc(CO)cc21,C=C1C=Nc2ccccc21,155.0
C=C1C[C@@H]2[C@H](CC[C@]3(C)C(=O)CC[C@@H]23)[C@@]2(C)C=CC(=O)C=C12,C=C1CC2C(CCC3C(=O)CCC32)C2C=CC(=O)C=C12,155.13
Cc1ccccc1C(OCCN(C)C)c1ccccc1,c1ccc(Cc2ccccc2)cc1,156.5
NCC(=O)CCC(=O)O,,157.0
COC(=O)[C@H](c1ccccc1Cl)N1CCc2sccc2C1,c1ccc(CN2CCc3sccc3C2)cc1,158.0
CCOC(=O)C1=C(C)NC(C)=C(C(=O)OC)C1c1cccc([N+](=O)[O-])c1,C1=CC(c2ccccc2)C=CN1,158.0
CCN(C(C)=O)c1cccc(-c2ccnc3c(C#N)cnn23)c1,c1ccc(-c2ccnc3ccnn23)cc1,158.0
Cc1cn([C@H]2C=C[C@@H](CO)O2)c(=O)[nH]c1=O,O=c1ccn(C2C=CCO2)c(=O)[nH]1,159.5
CC(C)c1c(C(=O)Nc2ccccc2)c(-c2ccccc2)c(-c2ccc(F)cc2)n1CC[C@@H](O)C[C@@H](O)CC(=O)O,O=C(Nc1ccccc1)c1c[nH]c(-c2ccccc2)c1-c1ccccc1,159.95
CC1C=CC=CCCC=CC=CC=CC=CC(OC2O[C@H](C)[C@@H](O)[C@H](N)[C@@H]2O)CC(O)C(C(=O)O)C(O)CC(=O)CC(O)C(O)CCC(O)CC(O)CC(O)CC(=O)OC(C)C(C)C1O,O=C1CCCCCCCCCCCC(=O)OCCCCC=CC=CCCC=CC=CC=CC=CC(OC2CCCCO2)CCCCC1,160.0
CC(=O)CC(c1ccccc1)c1c(O)oc2ccccc2c1=O,O=c1c(Cc2ccccc2)coc2ccccc12,161.0
Clc1ccc(COC(Cn2ccnc2)c2ccc(Cl)cc2Cl)c(Cl)c1,c1ccc(COC(Cn2ccnc2)c2ccccc2)cc1,161.0
Nc1ccn([C@@H]2CS[C@H](CO)O2)c(=O)n1,O=c1ncccn1C1CSCO1,161.0
O=c1nc[nH]c2c1ncn2[C@H]1CC[C@@H](CO)O1,O=c1nc[nH]c2c1ncn2C1CCCO1,161.5
NS(=O)(=O)Cc1noc2ccccc12,c1ccc2oncc2c1,162.0
NCC1(CC(=O)O)CCCCC1,C1CCCCC1,164.0
Nc1nc(NC2CC2)c2ncn([C@H]3C=C[C@@H](CO)C3)c2n1,C1=CC(n2cnc3c(NC4CC4)ncnc32)CC1,165.0
Cc1oncc1C(=O)Nc1ccc(C(F)(F)F)cc1,O=C(Nc1ccccc1)c1cnoc1,165.5
C[C@]12CCC(=O)C=C1CC[C@@H]1[C@@H]2[C@@H](O)C[C@]2(C=O)[C@@H](C(=O)CO)CC[C@@H]12,O=C1C=C2CCC3C4CCCC4CCC3C2CC1,166.5
CCN(CC)CCNC(=O)c1ccc(N)cc1,c1ccccc1,167.0
CC(C)(C)NC(=O)[C@@H]1CN(Cc2cccnc2)CCN1C[C@@H](O)C[C@@H](Cc1ccccc1)C(=O)N[C@H]1c2ccccc2C[C@H]1O,O=C(NC1CCc2ccccc21)C(CCCN1CCN(Cc2cccnc2)CC1)Cc1ccccc1,167.75
Nc1ccn([C@@H]2O[C@H](CO)[C@@H](O)C2(F)F)c(=O)n1,O=c1ncccn1C1CCCO1,168.64
COC(=O)C1=C(C)NC(C)=C(C(=O)OC(C)C)C1c1cccc2nonc12,C1=CC(c2cccc3nonc23)C=CN1,169.0
C[C@@H]1[C@H](O)[C@@H](C)C=CC=CC=CC=CC=CC=CC=C[C@H](O[C@@H]2O[C@H](C)[C@@H](O)[C@H](N)[C@@H]2O)C[C@@H]2O[C@](O)(C[C@@H](O)C[C@@H](O)[C@H](O)CC[C@@H](O)C[C@@H](O)CC(=O)O[C@H]1C)C[C@H](O)[C@H]2C(=O)O,O=C1CCCCCCCCCCCC2CCCC(CC(OC3CCCCO3)C=CC=CC=CC=CC=CC=CC=CCCCCO1)O2,170.0
CCCCN1C[C@H](O)[C@@H](O)[C@H](O)[C@H]1CO,C1CCNCC1,170.5
NC(=O)c1ncn([C@@H]2O[C@H](CO)[C@@H](O)[C@H]2O)n1,c1ncn(C2CCCO2)n1,175.0
OC[C@H]1O[C@@H](O[C@@H]2[C@@H](CO)O[C@](O)(CO)[C@H]2O)[C@H](O)[C@@H](O)[C@H]1O,C1CCC(OC2CCOC2)OC1,175.5
Nc1ncnc2c1ncn2[C@@H]1O[C@H](COP(=O)(O)OP(=O)(O)OP(=O)(O)O)[C@@H](O)[C@H]1O,c1ncc2ncn(C3CCCO3)c2n1,176.0
CCOC(=O)C1=C(COCCN)NC(C)=C(C(=O)OC)C1c1ccccc1Cl,C1=CC(c2ccccc2)C=CN1,178.5
CCC(c1ccccc1)c1c(O)oc2ccccc2c1=O,O=c1c(Cc2ccccc2)coc2ccccc12,179.5
CNCCC(Oc1ccc(C(F)(F)F)cc1)c1ccccc1,c1ccc(COc2ccccc2)cc1,180.5
COc1cccc([C@@]2(O)CCCC[C@@H]2CN(C)C)c1,c1ccc(C2CCCCC2)cc1,180.5
CC[N+](CC)(CC)CCC(O)(c1ccccc1)C1CCCCC1,c1ccc(CC2CCCCC2)cc1,181.5
Cc1nc(=O)c2cc(CN(C)c3ccc(C(=O)N[C@@H](CCC(=O)O)C(=O)O)s3)ccc2[nH]1,O=c1nc[nH]c2ccc(CNc3cccs3)cc12,182.0
CN(C)CCCC1(c2ccc(F)cc2)OCc2cc(C#N)ccc21,c1ccc(C2OCc3ccccc32)cc1,182.5
CCCOc1ccc(C(=O)OCCN(CC)CC)cc1N,c1ccccc1,182.65
COc1c(N2CCNC(C)C2)c(F)cc2c(=O)c(C(=O)O)cn(C3CC3)c12,O=c1ccn(C2CC2)c2cc(N3CCNCC3)ccc12,183.5
CCc1ccc(CCOc2ccc(CC3SC(=O)NC3=O)cc2)nc1,O=C1NC(=O)C(Cc2ccc(OCCc3ccccn3)cc2)S1,183.5
Cc1c(C)c2c(c(C)c1O)CCC(C)(COc1ccc(CC3SC(=O)NC3=O)cc1)O2,O=C1NC(=O)C(Cc2ccc(OCC3CCc4ccccc4O3)cc2)S1,185.0
CN(C)CCC=C1c2ccccc2COc2ccccc21,C=C1c2ccccc2COc2ccccc21,185.0
COc1ccc(CC2c3cc(OC)c(OC)cc3CC[N+]2(C)CCC(=O)OCCCCCOC(=O)CC[N+]2(C)CCc3cc(OC)c(OC)cc3C2Cc2ccc(OC)c(OC)c2)cc1OC,O=C(CC[NH+]1CCc2ccccc2C1Cc1ccccc1)OCCCCCOC(=O)CC[NH+]1CCc2ccccc2C1Cc1ccccc1,189.5
CCCc1nn(C)c2c(=O)nc(-c3cc(S(=O)(=O)N4CCN(C)CC4)ccc3OCC)[nH]c12,O=c1nc(-c2cccc(S(=O)(=O)N3CCNCC3)c2)[nH]c2cn[nH]c12,189.5
OCCOCCN1CCN(C(c2ccccc2)c2ccc(Cl)cc2)CC1,c1ccc(C(c2ccccc2)N2CCNCC2)cc1,190.0
CC[N+](C)(CC)CCOC(=O)C(O)(c1ccccc1)C1CCCCC1,c1ccc(CC2CCCCC2)cc1,191.5
CC(C)CC(N(C)C)C1(c2ccc(Cl)cc2)CCC1,c1ccc(C2CCC2)cc1,191.5
CCCc1nc(C)c2c(=O)nc(-c3cc(S(=O)(=O)N4CCN(CC)CC4)ccc3OCC)[nH]n12,O=c1nc(-c2cccc(S(=O)(=O)N3CCNCC3)c2)[nH]n2cncc12,192.0
CC(O)(CS(=O)(=O)c1ccc(F)cc1)C(=O)Nc1ccc(C#N)c(C(F)(F)F)c1,O=C(CCS(=O)(=O)c1ccccc1)Nc1ccccc1,192.0
C[N+]1(C)CCC(OC(=O)C(O)(c2ccccc2)C2CCCC2)C1,O=C(OC1CC[NH2+]C1)C(c1ccccc1)C1CCCC1,192.5
CC#C[C@]1(O)CC[C@H]2[C@@H]3CCC4=CC(=O)CCC4=C3[C@@H](c3ccc(N(C)C)cc3)C[C@@]21C,O=C1C=C2CCC3C(=C2CC1)C(c1ccccc1)CC1CCCC13,193.5
CC1(C)S[C@@H]2[C@H](NC(=O)[C@H](N)c3ccc(O)cc3)C(=O)N2[C@H]1C(=O)O,O=C(Cc1ccccc1)NC1C(=O)N2CCSC12,194.0
Cc1cc2c(s1)=Nc1ccccc1NC=2N1CCN(C)CC1,c1ccc2c(c1)N=c1sccc1=C(N1CCNCC1)N2,195.0
CN1[C@H]2CC[C@@H]1[C@@H](C(=O)O)[C@@H](OC(=O)c1ccccc1)C2,O=C(OC1CC2CCC(C1)N2)c1ccccc1,195.0
CC(C)n1c(/C=C/[C@H](O)C[C@H](O)CC(=O)O)c(-c2ccc(F)cc2)c2ccccc21,c1ccc(-c2c[nH]c3ccccc23)cc1,195.5
CN(CC=CC#CC(C)(C)C)Cc1cccc2ccccc12,c1ccc2ccccc2c1,196.5
C[N+](C)(C)C[C@H](O)CC(=O)[O-],,196.5
CC1=C(C(=O)O)N2C(=O)C(NC(=O)C(N)c3ccc(O)cc3)C2SC1,O=C(Cc1ccccc1)NC1C(=O)N2C=CCSC12,197.0
CC(=O)CC(c1ccc([N+](=O)[O-])cc1)c1c(O)oc2ccccc2c1=O,O=c1c(Cc2ccccc2)coc2ccccc12,197.0
CC[N+](CC)(CCNC(=O)C(=O)NCC[N+](CC)(CC)Cc1ccccc1Cl)Cc1ccccc1Cl,O=C(NCC[NH2+]Cc1ccccc1)C(=O)NCC[NH2+]Cc1ccccc1,197.5
CN1C(=C(O)Nc2ccccn2)C(=O)c2ccccc2S1(=O)=O,O=C1C(=CNc2ccccn2)NS(=O)(=O)c2ccccc21,199.0
CCCCCc1cc(O)c2c(c1)OC(C)(C)[C@@H]1CCC(C)=C[C@@H]21,C1=CC2c3ccccc3OCC2CC1,200.0
C[C@H]1c2cccc(O)c2C(=O)C2=C(O)[C@]3(O)C(=O)C(C(N)=O)=C(O)[C@@H](N(C)C)[C@@H]3[C@@H](O)[C@@H]21,O=C1C2=CC3C(=O)C=CCC3CC2Cc2ccccc21,201.0
COc1ccc(OC)c(C(O)CNC(=O)CN)c1,c1ccccc1,201.5
CC(=O)Oc1ccccc1C(=O)Nc1ncc([N+](=O)[O-])s1,O=C(Nc1nccs1)c1ccccc1,202.0
O=C1CC2(CCCC2)CC(=O)N1CCCCN1CCN(c2ncccn2)CC1,O=C1CC2(CCCC2)CC(=O)N1CCCCN1CCN(c2ncccn2)CC1,202.0
C=CCN1CC[C@]23c4c5ccc(O)c4O[C@H]2C(=O)CC[C@@]3(O)[C@H]1C5,O=C1CCC2C3Cc4cccc5c4C2(CCN3)C1O5,202.5
O=C1CN2CCOC2(c2ccccc2Cl)c2cc(Cl)ccc2N1,O=C1CN2CCOC2(c2ccccc2)c2ccccc2N1,203.0
O=C(O)c1cccnc1Nc1cccc(C(F)(F)F)c1,c1ccc(Nc2ccccn2)cc1,203.0
CC(C)(N)Cc1ccccc1,c1ccccc1,205.0
CC(=O)N[C@H]1C(O)O[C@H](CO)[C@@H](O)[C@@H]1O,C1CCOCC1,205.0
CCCCCCCCCCCCOS(=O)(=O)O,,205.5
NC1=NCC2c3ccccc3Cc3ccccc3N12,C1=NCC2c3ccccc3Cc3ccccc3N12,206.5
COc1cc2c(cc1OC)C(=O)C(CC1CCN(Cc3ccccc3)CC1)C2,O=C1c2ccccc2CC1CC1CCN(Cc2ccccc2)CC1,206.72
CCC1=C(C)CN(C(=O)NCCc2ccc(S(=O)(=O)NC(=O)NC3CCC(C)CC3)cc2)C1=O,O=C(NC1CCCCC1)NS(=O)(=O)c1ccc(CCNC(=O)N2CC=CC2=O)cc1,207.0
Brc1c(NC2=NCCN2)ccc2nccnc12,c1cnc2cc(NC3=NCCN3)ccc2n1,207.5
Cc1cnc(C(=O)NCCc2ccc(S(=O)(=O)NC(=O)NC3CCCCC3)cc2)cn1,O=C(NC1CCCCC1)NS(=O)(=O)c1ccc(CCNC(=O)c2cnccn2)cc1,208.5
C[N+](C)(C)CCOC(N)=O,,210.0
CCC(C)CCCC(=O)N[C@@H](CCN)C(=O)N[C@H](C(=O)N[C@@H](CCN)C(=O)N[C@H]1CCNC(=O)[C@H]([C@@H](C)O)NC(=O)[C@H](CCN)NC(=O)[C@H](CCN)NC(=O)[C@H](CC(C)C)NC(=O)[C@@H](CC(C)C)NC(=O)[C@H](CCN)NC1=O)[C@@H](C)O,O=C1CCCNC(=O)CNC(=O)CNC(=O)CNC(=O)CNC(=O)CNC(=O)CN1,210.0
CC(C)(C)NC[C@H](O)COc1cccc2c1CCCC2=O,O=C1CCCc2ccccc21,210.0
CN1/C(=C(/O)Nc2ccccn2)C(=O)c2sccc2S1(=O)=O,O=C1C(=CNc2ccccn2)NS(=O)(=O)c2ccsc21,211.0
Cn1nnc2c(C(N)=O)ncn2c1=O,O=c1[nH]nnc2cncn12,212.0
CNCCC=C1c2ccccc2CCc2ccccc21,C=C1c2ccccc2CCc2ccccc21,214.0
CC(=O)O[C@H]1C[C@@H]2CC[C@@H]3[C@H](CC[C@@]4(C)[C@H]3C[C@H]([N+]3(C)CCCCC3)[C@@H]4OC(C)=O)[C@@]2(C)C[C@@H]1[N+]1(C)CCCCC1,C1CC[NH+](C2CCC3CCC4C5CC([NH+]6CCCCC6)CC5CCC4C3C2)CC1,215.0
CN(C)c1ccc(C(=C2C=CC(=[N+](C)C)C=C2)c2ccc(N(C)C)cc2)cc1,[N+]=C1C=CC(=C(c2ccccc2)c2ccccc2)C=C1,215.0
Nc1nc(Cl)nc2c1ncn2[C@H]1C[C@H](O)[C@@H](CO)O1,c1ncc2ncn(C3CCCO3)c2n1,215.0
CC[C@@]1(O)C(=O)OCc2c1cc1n(c2=O)Cc2cc3c(CN(C)C)c(O)ccc3nc2-1,O=C1Cc2cc3n(c(=O)c2CO1)Cc1cc2ccccc2nc1-3,215.5
CCCCOc1cc(C(=O)OCCN(CC)CC)ccc1N,c1ccccc1,216.5
Nc1nnc(-c2cccc(Cl)c2Cl)c(N)n1,c1ccc(-c2cncnn2)cc1,217.0
CC(=O)[C@@]1(O)CC[C@H]2[C@@H]3C=C(C)C4=CC(=O)CC[C@]4(C)[C@H]3CC[C@@]21C,O=C1C=C2C=CC3C4CCCC4CCC3C2CC1,219.0
C[C@@H]1C[C@H]2C3CCC4=CC(=O)C=C[C@]4(C)[C@@]3(Cl)[C@@H](O)C[C@]2(C)[C@@]1(O)C(=O)CCl,O=C1C=CC2C(=C1)CCC1C3CCCC3CCC21,219.0
CCOC(=O)C1(c2ccccc2)CCN(CCC(C#N)(c2ccccc2)c2ccccc2)CC1,c1ccc(C2CCN(CCC(c3ccccc3)c3ccccc3)CC2)cc1,221.0
C/C=C/C1=C(C(=O)O)N2C(=O)[C@@H](NC(=O)[C@H](N)c3ccc(O)cc3)[C@H]2SC1,O=C(Cc1ccccc1)NC1C(=O)N2C=CCSC12,221.5
C=CC1=C(C(=O)O)N2C(=O)[C@@H](NC(=O)C(=NOCC(=O)O)c3csc(N)n3)[C@H]2SC1,N=C(C(=O)NC1C(=O)N2C=CCSC12)c1cscn1,221.5
CON=C(C(=O)N[C@@H]1C(=O)N2C(C(=O)O)=C(COC(N)=O)CS[C@H]12)c1ccco1,N=C(C(=O)NC1C(=O)N2C=CCSC12)c1ccco1,221.5
CN(C)[C@@H]1C(=O)C(=C(N)O)C(=O)[C@@]2(O)C(=O)C3=C(O)c4c(O)ccc(Cl)c4[C@@H](O)[C@H]3C[C@@H]12,C=C1C(=O)CC2CC3Cc4ccccc4C=C3C(=O)C2C1=O,221.5
CCOC(=O)O[C@]1(C(=O)OCCl)CC[C@H]2[C@@H]3CCC4=CC(=O)C=C[C@]4(C)[C@H]3[C@@H](O)C[C@@]21C,O=C1C=CC2C(=C1)CCC1C3CCCC3CCC21,222.0
CCc1c2c(nc3ccc(OC(=O)N4CCC(N5CCCCC5)CC4)cc13)-c1cc3c(c(=O)n1C2)COC(=O)[C@]3(O)CC,O=C1Cc2cc3n(c(=O)c2CO1)Cc1cc2cc(OC(=O)N4CCC(N5CCCCC5)CC4)ccc2nc1-3,222.5
CNNCc1ccc(C(=O)NC(C)C)cc1,c1ccccc1,223.0
COC(=O)C(c1ccccc1)C1CCCCN1,c1ccc(CC2CCCCN2)cc1,225.0
CCC[C@H]1O[C@@H]2C[C@H]3[C@@H]4CCC5=CC(=O)C=C[C@]5(C)[C@H]4[C@@H](O)C[C@]3(C)[C@]2(C(=O)CO)O1,O=C1C=CC2C(=C1)CCC1C2CCC2C1CC1OCOC12,226.5
CC=C(/C(=C/C)c1ccc(O)cc1)c1ccc(O)cc1,C=C(C(=C)c1ccccc1)c1ccccc1,227.5
CN(C)C(=O)C(CCN1CCC(O)(c2ccc(Cl)cc2)CC1)(c1ccccc1)c1ccccc1,c1ccc(C2CCN(CCC(c3ccccc3)c3ccccc3)CC2)cc1,228.0
NC(N)=N/N=C/c1c(Cl)cccc1Cl,c1ccccc1,228.0
Cc1nnc2n1-c1ccc(Cl)cc1C(c1ccccc1)=NC2,c1ccc(C2=NCc3nncn3-c3ccccc32)cc1,228.25
CC(C)[N+]1(C)[C@@H]2CC[C@@H]1CC(OC(=O)C(CO)c1ccccc1)C2,O=C(Cc1ccccc1)OC1CC2CCC(C1)[NH2+]2,231.0
NS(=O)(=O)c1cc2c(cc1Cl)NC(CSCc1ccccc1)=NS2(=O)=O,O=S1(=O)N=C(CSCc2ccccc2)Nc2ccccc21,231.5
CC(NC(C)(C)C)C(=O)c1cccc(Cl)c1,c1ccccc1,233.5
Cc1nnc2n1-c1ccc(Cl)cc1C(c1ccccc1Cl)=NC2,c1ccc(C2=NCc3nncn3-c3ccccc32)cc1,234.0
CN=C1CN(O)C(c2ccccc2)=c2cc(Cl)ccc2=N1,N=C1CNC(c2ccccc2)=c2ccccc2=N1,236.2
CCCCCCCCCCCCCCCC[N+](C)(C)C,,240.0
NC(N)=NC(=O)c1nc(Cl)c(N)nc1N,c1cnccn1,240.0
Nc1c(O)cccc1C(=O)O,c1ccccc1,240.0
COc1c(N2C[C@@H]3CCCN[C@@H]3C2)c(F)cc2c(=O)c(C(=O)O)cn(C3CC3)c12,O=c1ccn(C2CC2)c2cc(N3CC4CCCNC4C3)ccc12,240.0
CC(=Cc1ccc(C(=O)O)cc1)c1ccc2c(c1)C(C)(C)CCC2(C)C,C(=Cc1ccc2c(c1)CCCC2)c1ccccc1,240.5
C[N+]12CCC(CC1)C(OC(=O)C(O)(c1ccccc1)c1ccccc1)C2,O=C(OC1C[NH+]2CCC1CC2)C(c1ccccc1)c1ccccc1,240.5
O=C(O)c1cc(=O)c2cc(OCC(O)COc3cccc4oc(C(=O)O)cc(=O)c34)ccc2o1,O=c1ccoc2ccc(OCCCOc3cccc4occc(=O)c34)cc12,241.5
N[C@@H](CO)COP(=O)(O)O,,242.0
Cc1c2oc3c(C)ccc(C(=O)NC4C(=O)NC(C(C)C)C(=O)N5CCCC5C(=O)N(C)CC(=O)N(C)C(C(C)C)C(=O)OC4C)c3nc-2c(C(=O)NC2C(=O)NC(C(C)C)C(=O)N3CCCC3C(=O)N(C)CC(=O)N(C)C(C(C)C)C(=O)OC2C)c(N)c1=O,O=C1CNC(=O)C2CCCN2C(=O)CNC(=O)C(NC(=O)c2cc(=O)cc3oc4cccc(C(=O)NC5COC(=O)CNC(=O)CNC(=O)C6CCCN6C(=O)CNC5=O)c4nc2-3)COC(=O)CN1,242.25
CN[C@H]1CC[C@@H](c2ccc(Cl)c(Cl)c2)c2ccccc21,c1ccc(C2CCCc3ccccc32)cc1,244.0
CC1(C)O[C@@H]2C[C@H]3[C@@H]4C[C@H](F)C5=CC(=O)C=C[C@]5(C)[C@H]4[C@@H](O)C[C@]3(C)[C@]2(C(=O)CO)O1,O=C1C=CC2C(=C1)CCC1C2CCC2C1CC1OCOC12,245.0
CCCN(CCC)CCc1cccc2c1CC(=O)N2,O=C1Cc2ccccc2N1,246.5
Cc1ncc(C[n+]2csc(CCO)c2C)c(N)n1,c1ncc(C[n+]2ccsc2)cn1,248.0
CN(C)CCC=C1c2ccccc2COc2ccc(CC(=O)O)cc21,C=C1c2ccccc2COc2ccccc21,248.0
CCN(CC)CCCC(C)Nc1c2ccc(Cl)cc2nc2ccc(OC)cc12,c1ccc2nc3ccccc3cc2c1,249.0
C[C@H]1O[C@@H](O[C@H]2[C@@H](O)C[C@H](O[C@H]3[C@@H](O)C[C@H](O[C@H]4CC[C@@]5(C)[C@H](CC[C@@H]6[C@@H]5C[C@@H](O)[C@]5(C)C(C7=CC(=O)OC7)CC[C@]65O)C4)O[C@@H]3C)O[C@@H]2C)C[C@H](O)[C@@H]1O,O=C1C=C(C2CCC3C2CCC2C4CCC(OC5CCC(OC6CCC(OC7CCCCO7)CO6)CO5)CC4CCC23)CO1,249.0
Nc1nc(=O)c2ncn(COC(CO)CO)c2[nH]1,O=c1nc[nH]c2[nH]cnc12,250.0
CC1(C)O[C@@H]2C[C@H]3[C@@H]4C[C@H](F)C5=CC(=O)CC[C@]5(C)[C@H]4[C@@H](O)C[C@]3(C)[C@]2(C(=O)CO)O1,O=C1C=C2CCC3C(CCC4C3CC3OCOC34)C2CC1,251.0
C[C@H]1O[C@@H](O[C@H]2[C@@H](O)C[C@H](O[C@H]3[C@@H](O)C[C@H](O[C@H]4CC[C@@]5(C)[C@H](CC[C@@H]6[C@@H]5CC[C@]5(C)[C@@H](C7=CC(=O)OC7)CC[C@]65O)C4)O[C@@H]3C)O[C@@H]2C)C[C@H](O)[C@@H]1O,O=C1C=C(C2CCC3C2CCC2C4CCC(OC5CCC(OC6CCC(OC7CCCCO7)CO6)CO5)CC4CCC23)CO1,255.5
NC1=NC(=O)C(c2ccccc2)O1,O=C1N=COC1c1ccccc1,256.0
Nc1nc(=O)c2ncn(COCCO)c2[nH]1,O=c1nc[nH]c2[nH]cnc12,256.75
Nc1nc(F)nc2c1ncn2[C@@H]1O[C@H](COP(=O)(O)O)[C@@H](O)[C@@H]1O,c1ncc2ncn(C3CCCO3)c2n1,260.0
CCCc1nc2c(C)cc(-c3nc4ccccc4n3C)cc2n1Cc1ccc(-c2ccccc2C(=O)O)cc1,c1ccc(-c2ccc(Cn3cnc4ccc(-c5nc6ccccc6[nH]5)cc43)cc2)cc1,262.0
c1ccc([C@H]2CN3CCSC3=N2)cc1,c1ccc(C2CN3CCSC3=N2)cc1,264.5
C[N+](C)(C)CCCCCCCCCC[N+](C)(C)C,,269.0
O=C1[C@H]2C[C@@H]3C[C@@H](C[C@H]1C3)C2,O=C1C2CC3CC(C2)CC1C3,270.0
CCC(=O)O[C@]1(C(=O)SCF)[C@H](C)C[C@H]2[C@@H]3C[C@H](F)C4=CC(=O)C=C[C@]4(C)[C@@]3(F)[C@@H](O)C[C@@]21C,O=C1C=CC2C(=C1)CCC1C3CCCC3CCC21,272.5
c1ccc([P+](c2ccccc2)(c2ccccc2)c2ccccc2)cc1,c1ccc([P+](c2ccccc2)(c2ccccc2)c2ccccc2)cc1,273.0
CC[C@@]1(O)C(=O)OCc2c1cc1n(c2=O)Cc2cc3ccccc3nc2-1,O=C1Cc2cc3n(c(=O)c2CO1)Cc1cc2ccccc2nc1-3,276.0
Nc1nc(=O)c2ncn(CCC(CO)CO)c2[nH]1,O=c1nc[nH]c2[nH]cnc12,276.0
C[C@H](Cn1cnc2c(N)ncnc21)OCP(=O)(O)O,c1ncc2nc[nH]c2n1,278.0
Cc1nc(Nc2ncc(C(=O)Nc3c(C)cccc3Cl)s2)cc(N2CCN(CCO)CC2)n1,O=C(Nc1ccccc1)c1cnc(Nc2cc(N3CCNCC3)ncn2)s1,283.0
CCNC1CC(C)S(=O)(=O)c2sc(S(N)(=O)=O)cc21,O=S1(=O)CCCc2ccsc21,284.0
COc1cc2nc(N3CCN(C(=O)C4COc5ccccc5O4)CC3)nc(N)c2cc1OC,O=C(C1COc2ccccc2O1)N1CCN(c2ncc3ccccc3n2)CC1,289.5
O=c1c(Cc2c(O)oc3ccccc3c2=O)c(O)oc2ccccc12,O=c1c(Cc2coc3ccccc3c2=O)coc2ccccc12,290.0
Nc1[nH]c(=O)ncc1F,O=c1nccc[nH]1,296.0
Nc1nc2nnnc-2c(O)[nH]1,c1nc2nnnc-2c[nH]1,300.0
CC[C@H](C)C(=O)O[C@H]1C[C@H](O)C=C2C=C[C@H](C)[C@H](CC[C@@H](O)C[C@@H](O)CC(=O)O)[C@H]21,C1=CC2=CCCCC2CC1,326.0
CC1=C(C(=O)O)N2C(=O)[C@@H](NC(=O)[C@H](N)c3ccccc3)[C@H]2SC1,O=C(Cc1ccccc1)NC1C(=O)N2C=CCSC12,326.8
NC(C(=O)N[C@@H]1C(=O)N2C(C(=O)O)=C(Cl)CS[C@H]12)c1ccccc1,O=C(Cc1ccccc1)NC1C(=O)N2C=CCSC12,327.0
CC1=NS(=O)(=O)c2cc(Cl)ccc2N1,O=S1(=O)N=CNc2ccccc21,330.5
Cc1c(O)cccc1C(=O)N[C@@H](CSc1ccccc1)[C@H](O)CN1C[C@H]2CCCC[C@H]2C[C@H]1C(=O)NC(C)(C)C,O=C(NC(CCN1CCC2CCCCC2C1)CSc1ccccc1)c1ccccc1,349.84
CC(C)(C)NC(=O)[C@@H]1CC2CCCCC2CN1C[C@@H](O)[C@H](Cc1ccccc1)NC(=O)[C@H](CC(N)=O)NC(=O)c1ccc2ccccc2n1,O=C(CNC(=O)c1ccc2ccccc2n1)NC(CCN1CCC2CCCCC2C1)Cc1ccccc1,349.84
NS(=O)(=O)c1cc2c(cc1Cl)NC=NS2(=O)=O,O=S1(=O)N=CNc2ccccc21,350.0
O=c1ncnc2[nH][nH]cc1-2,O=c1ncnc2[nH][nH]cc1-2,350.0
COc1cccc2c1C(=O)c1c(O)c3c(c(O)c1C2=O)C[C@@](O)(C(=O)CO)C[C@@H]3O[C@H]1C[C@H](N)[C@@H](O)[C@H](C)O1,O=C1c2ccccc2C(=O)c2cc3c(cc21)CCCC3OC1CCCCO1,344.53
C[C@@H](N)[C@@H](O)c1ccccc1,c1ccccc1,192.0
CC[C@H](C)[C@H](N)C(=O)O,,169.0
CC1(C)S[C@@H]2[C@H](NC(=O)Cc3ccccc3)C(=O)N2[C@H]1C(=O)O,O=C(Cc1ccccc1)NC1C(=O)N2CCSC12,215.5
O=c1[nH]c(=O)n([C@H]2C[C@H](O)[C@@H](CO)O2)cc1I,O=c1ccn(C2CCCO2)c(=O)[nH]1,165.0
COC(=O)[C@@H]1C2CCC(C[C@@H]1OC(=O)c1ccccc1)N2C,O=C(OC1CC2CCC(C1)N2)c1ccccc1,195.0
NS(=O)(=O)c1cc(C(=O)O)c(NCc2ccco2)cc1Cl,c1ccc(NCc2ccco2)cc1,206.0
O=C(O)C(=O)O,,189.5
COc1ccc2c3c1O[C@H]1[C@@H](O)CC[C@H]4[C@@H](C2)N(C)CC[C@@]341,c1cc2c3c(c1)OC1CCCC4C(C2)NCCC314,112.5
O=C1c2cccc(O)c2C(=O)c2c(O)cccc21,O=C1c2ccccc2C(=O)c2ccccc21,193.0
CCOC(=O)C1(c2ccccc2)CCN(C)CC1,c1ccc(C2CCNCC2)cc1,187.5
CN[C@@H](C)[C@@H](O)c1ccccc1,c1ccccc1,117.5
CC(=O)S[C@@H]1CC2=CC(=O)CC[C@]2(C)[C@H]2CC[C@@]3(C)[C@@H](CC[C@@]34CCC(=O)O4)[C@H]12,O=C1C=C2CCC3C(CCC4C3CCC43CCC(=O)O3)C2CC1,134.5
CNC(=C[N+](=O)[O-])NCCSCc1csc(CN(C)C)n1,c1cscn1,203.0
C[C@@H]1O[C@@H](O[C@H]2C[C@@H](O)[C@]3(CO)[C@H]4[C@H](O)C[C@]5(C)[C@@H](C6=CC(=O)OC6)CC[C@]5(O)[C@@H]4CC[C@]3(O)C2)[C@H](O)[C@H](O)[C@H]1O,O=C1C=C(C2CCC3C2CCC2C4CCC(OC5CCCCO5)CC4CCC23)CO1,200.0
Cc1ncc(COP(=O)(O)O)c(C=O)c1O,c1ccncc1,205.0
COc1cc([C@@H]2c3cc4c(cc3[C@H](O)[C@H]3COC(=O)[C@H]23)OCO4)cc(OC)c1OC,O=C1OCC2Cc3cc4c(cc3C(c3ccccc3)C12)OCO4,228.0
N[C@@H](CC(=O)O)C(=O)O,,230.0
C[C@@H](CN1CC(=O)NC(=O)C1)N1CC(=O)NC(=O)C1,O=C1CN(CCN2CC(=O)NC(=O)C2)CC(=O)N1,194.0
C[C@@H]1CC2=CC(=O)CC[C@]2(C)[C@H]2CC[C@@]3(C)[C@@H](CC[C@]3(C)O)[C@H]12,O=C1C=C2CCC3C4CCCC4CCC3C2CC1,164.0
C#C[C@]1(O)CC[C@H]2[C@@H]3CCC4=CC(=O)CC[C@@H]4[C@H]3CC[C@@]21CC,O=C1C=C2CCC3C4CCCC4CCC3C2CC1,240.0
N[C@@H](CSSC[C@H](N)C(=O)O)C(=O)O,,260.5
C[C@@H]1C[C@H]2[C@@H]3CCC4=CC(=O)C=C[C@]4(C)[C@@]3(F)[C@@H](O)C[C@]2(C)[C@@]1(O)C(=O)CO,O=C1C=CC2C(=C1)CCC1C3CCCC3CCC21,262.0
NC[C@H](O)c1ccc(O)c(O)c1,c1ccccc1,217.0
COc1cccc2c1C(=O)c1c(O)c3c(c(O)c1C2=O)C[C@@](O)(C(=O)CO)C[C@@H]3O[C@H]1C[C@H](N)[C@H](O)[C@H](C)O1,O=C1c2ccccc2C(=O)c2cc3c(cc21)CCCC3OC1CCCCO1,204.5
CC(C)NNC(=O)c1ccncc1,c1ccncc1,150.0
COc1ccc([C@@H]2Sc3ccccc3N(CCN(C)C)C(=O)[C@@H]2OC(C)=O)cc1,O=C1CC(c2ccccc2)Sc2ccccc2N1,231.0
C[C@]12CC[C@H]3[C@@H](CCC4=CC(=O)CC[C@@H]43)[C@@H]1CC[C@@H]2OC(=O)CCc1ccccc1,O=C1C=C2CCC3C(CCC4C(OC(=O)CCc5ccccc5)CCC43)C2CC1,118.0
N[C@@H](CCC(=O)O)C(=O)O,,224.0
O=C1O[C@H]([C@@H](O)CO)C(O)=C1O,O=C1C=CCO1,191.0
NCC(=O)O,,240.0
OCC(O)C(O)C(O)C(O)CO,,168.0
CC(C)(S)[C@@H](N)C(=O)O,,198.5
NC(=O)NCCC[C@H](N)C(=O)O,,214.0
C=C[C@H]1CN2CC[C@H]1C[C@@H]2[C@@H](O)c1ccnc2ccc(OC)cc12,c1ccc2c(CC3CC4CCN3CC4)ccnc2c1,174.0
C[C@@H]1O[C@H](O)[C@@H](O)[C@H](O)[C@H]1O,C1CCOCC1,122.0
O=C(O)[C@@H](O)c1ccccc1,c1ccccc1,119.0
CN(C)[C@@H]1C(O)=C(C(N)=O)C(=O)[C@@]2(O)C(O)=C3C(=O)c4c(O)cccc4[C@@](C)(O)[C@H]3C[C@@H]12,O=C1C2=CC3C(=O)C=CCC3CC2Cc2ccccc21,165.0
CN1[C@@H]2CC[C@H]1CC(OC(=O)C(CO)c1ccccc1)C2,O=C(Cc1ccccc1)OC1CC2CCC(C1)N2,118.5
CC1(C)S[C@@H]2[C@H](NC(=O)[C@H](N)c3ccccc3)C(=O)N2[C@H]1C(=O)O,O=C(Cc1ccccc1)NC1C(=O)N2CCSC12,208.0
C[C@]12C=CC(=O)C=C1CC[C@@H]1[C@@H]2C(=O)C[C@@]2(C)[C@H]1CC[C@]2(O)C(=O)CO,O=C1C=CC2C(=C1)CCC1C3CCCC3CC(=O)C21,234.0
Cc1cccc(C)c1NC(=O)C(C)N,c1ccccc1,256.0
Nc1ncnc2c1ncn2[C@@H]1O[C@H](COP(=O)(O)O)[C@@H](O)[C@H]1O,c1ncc2ncn(C3CCCO3)c2n1,185.5
Nc1ncn([C@@H]2O[C@H](CO)[C@@H](O)[C@H]2O)c(=O)n1,O=c1ncncn1C1CCCO1,229.0
NC1CONC1=O,O=C1CCON1,147.0
C[C@]12CC[C@@H]3c4ccc(O)cc4CC[C@H]3[C@@H]1C[C@@H](O)[C@@H]2O,c1ccc2c(c1)CCC1C2CCC2CCCC21,282.0
CC(CCc1ccccc1)NCC(O)c1ccc(O)c(C(N)=O)c1,c1ccc(CCCNCCc2ccccc2)cc1,195.5
COc1cc([C@@H]2c3cc4c(cc3[C@@H](O[C@@H]3O[C@@H]5CO[C@@H](C)O[C@H]5[C@H](O)[C@H]3O)[C@H]3COC(=O)[C@H]23)OCO4)cc(OC)c1O,O=C1OCC2C(OC3CCC4OCOCC4O3)c3cc4c(cc3C(c3ccccc3)C12)OCO4,243.5
CC(=O)[C@@]1(O)CC[C@H]2[C@@H]3C[C@H](C)C4=CC(=O)CC[C@]4(C)[C@H]3CC[C@@]21C,O=C1C=C2CCC3C4CCCC4CCC3C2CC1,221.75
Cc1ccccc1-n1c(C)nc2ccccc2c1=O,O=c1c2ccccc2ncn1-c1ccccc1,113.0
Cc1ncc(CO)c(C=O)c1O,c1ccncc1,172.0
N[C@@H](CO)C(=O)O,,222.0
C[C@]12C=CC(=O)C=C1CC[C@H]1[C@@H]3C[C@@H](O)[C@](O)(C(=O)CO)[C@@]3(C)C[C@H](O)[C@@]12F,O=C1C=CC2C(=C1)CCC1C3CCCC3CCC21,276.0
N[C@@H](Cc1ccc(O)c(O)c1)C(=O)O,c1ccccc1,277.0
CC(C)(C)NCC(O)c1ccc(O)c(CO)c1,c1ccccc1,157.5
COc1nccnc1NS(=O)(=O)c1ccc(N)cc1,O=S(=O)(Nc1cnccn1)c1ccccc1,169.5
NS(=O)(=O)c1cc2c(cc1Cl)NC(C1CC3C=CC1C3)NS2(=O)=O,O=S1(=O)NC(C2CC3C=CC2C3)Nc2ccccc21,227.5
CC(C)(C)NCC(O)COc1cccc2c1C[C@H](O)[C@H](O)C2,c1ccc2c(c1)CCCC2,130.0
O=C(O)c1cc(-c2ccc(F)cc2F)ccc1O,c1ccc(-c2ccccc2)cc1,215.5
C[C@]12CC[C@@H]3c4ccc(O)cc4CC[C@H]3[C@@H]1CCC2=O,O=C1CCC2C1CCC1c3ccccc3CCC12,255.25
C[C@H]1C[C@@H]2[C@H]([C@@H](O)C[C@@]3(C)[C@H]2CC[C@]3(O)C(=O)CO)[C@@]2(C)C=CC(=O)C=C12,O=C1C=CC2C(=C1)CCC1C3CCCC3CCC21,232.5
Cc1cn([C@H]2C[C@H](N=[N+]=[N-])[C@@H](CO)O2)c(=O)[nH]c1=O,O=c1ccn(C2CCCO2)c(=O)[nH]1,109.0
C[C@@](Cc1ccc(O)c(O)c1)(NN)C(=O)O,c1ccccc1,204.0
N=C(N)NCCC[C@H](N)C(=O)O,,221.0
NC(=O)NO,,144.0
CC(=O)N(CC(O)CO)c1c(I)c(C(=O)NCC(O)CO)c(I)c(C(=O)NCC(O)CO)c1I,c1ccccc1,177.0
C=C1C(=CC=C2CCC[C@]3(C)[C@@H]([C@H](C)CCCC(C)(C)O)CC[C@@H]23)C[C@@H](O)C[C@@H]1O,C=C1CCCCC1=CC=C1CCCC2CCCC12,113.0
CCN1CCN(C(=O)NC(C(=O)N[C@@H]2C(=O)N3C(C(=O)O)=C(CSc4nnnn4C)CS[C@H]23)c2ccc(O)cc2)C(=O)C1=O,O=C1NCCN(C(=O)NC(C(=O)NC2C(=O)N3C=C(CSc4nnn[nH]4)CSC23)c2ccccc2)C1=O,169.0
COc1ncnc(NS(=O)(=O)c2ccc(N)cc2)c1OC,O=S(=O)(Nc1ccncn1)c1ccccc1,192.0
O=c1[nH]c2ccccc2n1C1CCN(CCCC(c2ccc(F)cc2)c2ccc(F)cc2)CC1,O=c1[nH]c2ccccc2n1C1CCN(CCCC(c2ccccc2)c2ccccc2)CC1,216.0
CCn1cc(C(=O)O)c(=O)c2cc(F)c(N3CCNCC3)nc21,O=c1cc[nH]c2nc(N3CCNCC3)ccc12,222.0
NS(=O)(=O)c1cc(C2(O)NC(=O)c3ccccc32)ccc1Cl,O=C1NC(c2ccccc2)c2ccccc21,241.0
O=c1[nH]cc(F)c(=O)[nH]1,O=c1cc[nH]c(=O)[nH]1,281.0
CCC(C)(C)C(=O)O[C@H]1C[C@@H](C)C=C2C=C[C@H](C)[C@H](CCC3C[C@@H](O)CC(=O)O3)[C@H]21,O=C1CCCC(CCC2CC=CC3=CCCCC32)O1,136.5
O=C(O)CP(=O)(O)O,,144.5
O=C1CC[C@@]2(O)[C@H]3Cc4ccc(O)c5c4[C@@]2(CCN3CC2CC2)[C@H]1O5,O=C1CCC2C3Cc4cccc5c4C2(CCN3CC2CC2)C1O5,169.5
CN(C)[C@@H]1C(O)=C(C(N)=O)C(=O)[C@@]2(O)C(O)=C3C(=O)c4c(O)cccc4[C@@](C)(O)[C@H]3[C@H](O)[C@@H]12,O=C1C2=CC3C(=O)C=CCC3CC2Cc2ccccc21,183.0
O=c1[nH]c(=O)n([C@H]2C[C@H](O)[C@@H](CO)O2)cc1C(F)(F)F,O=c1ccn(C2CCCO2)c(=O)[nH]1,187.5
N[C@@H](CCC(=O)N[C@@H](CS)C(=O)NCC(=O)O)C(=O)O,,193.5
CCCC(C)(O)C1C[C@@]23C=CC1(OC)C1Oc4c(O)ccc5c4[C@@]12CCN(C)[C@@H]3C5,C1=CC23CCC1C1Oc4cccc5c4C12CCNC3C5,215.5
CN(C)C(=N)NC(=N)N,,224.5
O=P1(NCCCl)OCCCN1CCCl,O=[PH]1NCCCO1,40.0
CC(=O)Oc1c(C)cc(OCC(O)CNC(C)C)c(C)c1C,c1ccccc1,106.0
C=CCc1ccccc1OCC(O)CNC(C)C,c1ccccc1,108.0
CCc1cc2c(s1)N(C)C(=O)CN=C2c1ccccc1Cl,O=C1CN=C(c2ccccc2)c2ccsc2N1,119.0
CN1C(=O)C(O)N=C(c2ccccc2)c2cc(Cl)ccc21,O=C1CN=C(c2ccccc2)c2ccccc2N1,120.0
CCOC(=O)N1CCC(=C2c3ccc(Cl)cc3CCc3cccnc32)CC1,c1ccc2c(c1)CCc1cccnc1C2=C1CCNCC1,135.0
CC(=O)Nc1ccc(OC[C@@H](O)CNC(C)C)cc1,c1ccccc1,135.0
COC(=O)C1=C(C)NC(C)=C(C(=O)OCCN(C)Cc2ccccc2)C1c1cccc([N+](=O)[O-])c1,O=C(OCCNCc1ccccc1)C1=CNC=CC1c1ccccc1,137.0
CC(=O)N(O)CCCCCNC(=O)CCC(=O)N(O)CCCCCNC(=O)CCC(=O)N(O)CCCCCN,,139.0
CC(C)NCC1CCc2cc(CO)c([N+](=O)[O-])cc2N1,c1ccc2c(c1)CCCN2,148.0
COC(=O)C1=C(C)NC(C)=C(C(=O)OC)C1c1ccccc1[N+](=O)[O-],C1=CC(c2ccccc2)C=CN1,173.0
CN(C)c1nc(N(C)C)nc(N(C)C)n1,c1ncncn1,173.0
Nc1ccc(C(=O)NCC(=O)O)cc1,c1ccccc1,199.5
CCOc1ccc2c3c1O[C@H]1[C@@H](O)C=C[C@H]4[C@@H](C2)N(C)CC[C@@]341,C1=CC2C3Cc4cccc5c4C2(CCN3)C(C1)O5,200.0
CCOC(=O)c1ncn2c1CN(C)C(=O)c1cc(F)ccc1-2,O=C1NCc2cncn2-c2ccccc21,202.0
Cc1cccc(C)c1OCC(C)N,c1ccccc1,204.0
NCC(CC(=O)O)c1ccc(Cl)cc1,c1ccccc1,207.0
CC(C)N=c1cc2n(-c3ccc(Cl)cc3)c3ccccc3nc-2cc1Nc1ccc(Cl)cc1,N=c1cc2n(-c3ccccc3)c3ccccc3nc-2cc1Nc1ccccc1,211.0
COc1cc(NCc2ccc3nc(N)nc(N)c3c2C)cc(OC)c1OC,c1ccc(NCc2ccc3ncncc3c2)cc1,216.0
NS(=O)(=O)c1cc2c(cc1C(F)(F)F)NC(Cc1ccccc1)NS2(=O)=O,O=S1(=O)NC(Cc2ccccc2)Nc2ccccc21,222.0
NC(=O)C[C@H](N)C(=O)O,,235.0
CC(C)(C)NC(=O)[C@H]1CC[C@H]2[C@@H]3CC[C@H]4NC(=O)C=C[C@]4(C)[C@H]3CC[C@]12C,O=C1C=CC2C(CCC3C4CCCC4CCC23)N1,253.0
N=C(N)N1CCc2ccccc2C1,c1ccc2c(c1)CCNC2,279.0
CN1C(=O)CN=C(c2ccccc2F)c2cc(Cl)ccc21,O=C1CN=C(c2ccccc2)c2ccccc2N1,296.0
Fc1ccccc1C1=NCC(=S)N(CC(F)(F)F)c2ccc(Cl)cc21,S=C1CN=C(c2ccccc2)c2ccccc2N1,138.25
CCC(=O)O[C@]1(C(=O)CCl)[C@@H](C)C[C@H]2[C@@H]3CCC4=CC(=O)C=C[C@]4(C)[C@@]3(F)[C@@H](O)C[C@@]21C,O=C1C=CC2C(=C1)CCC1C3CCCC3CCC21,196.25
CCn1cc(C(=O)O)c(=O)c2cc(F)c(N3CCNC(C)C3)c(F)c21,O=c1cc[nH]c2cc(N3CCNCC3)ccc12,239.75
CCCNC(C)C(=O)Nc1ccccc1C,c1ccccc1,37.5
Cc1cc(C(=O)NNCc2ccccc2)no1,O=C(NNCc1ccccc1)c1ccon1,105.5
CN1CCN(C2=Nc3ccccc3Oc3ccc(Cl)cc32)CC1,c1ccc2c(c1)N=C(N1CCNCC1)c1ccccc1O2,109.5
C=C1CC[C@H](O)CC1=CC=C1CCC[C@]2(C)[C@@H]([C@H](C)/C=C/[C@H](C)C(C)C)CC[C@@H]12,C=C1CCCCC1=CC=C1CCCC2CCCC12,117.0
CCN(CC)CCCN(c1ccccc1)C1Cc2ccccc2C1,c1ccc(NC2Cc3ccccc3C2)cc1,120.5
CCN1CCCC1CNC(=O)c1cc(S(=O)(=O)CC)c(N)cc1OC,O=C(NCC1CCCN1)c1ccccc1,126.5
C=CCC1(C(C)CCC)C(=O)NC(=S)NC1=O,O=C1CC(=O)NC(=S)N1,132.5
O=C1C(CC[S+]([O-])c2ccccc2)C(=O)N(c2ccccc2)N1c1ccccc1,O=C1C(CC[SH+]c2ccccc2)C(=O)N(c2ccccc2)N1c1ccccc1,136.5
COc1ccc(CCNCC(O)COc2cccc(C)c2)cc1OC,c1ccc(CCNCCCOc2ccccc2)cc1,137.5
C[C@]12CC[C@H](O)CC1=CC[C@@H]1[C@@H]2CC[C@]2(C)C(=O)CC[C@@H]12,O=C1CCC2C1CCC1C3CCCCC3=CCC21,140.5
O=C1CN=C(c2ccccc2)c2cc(Cl)ccc2N1CC1CC1,O=C1CN=C(c2ccccc2)c2ccccc2N1CC1CC1,145.5
CC(C)(C)c1ccc(C(O)CCCN2CCC(C(O)(c3ccccc3)c3ccccc3)CC2)cc1,c1ccc(CCCCN2CCC(C(c3ccccc3)c3ccccc3)CC2)cc1,147.5
O=C1c2ccccc2C(=O)C1c1ccccc1,O=C1c2ccccc2C(=O)C1c1ccccc1,149.5
Cc1ccc(-c2cc(C(F)(F)F)nn2-c2ccc(S(N)(=O)=O)cc2)cc1,c1ccc(-c2ccnn2-c2ccccc2)cc1,157.5
CN1C(=O)CN=C(c2ccccc2F)c2cc([N+](=O)[O-])ccc21,O=C1CN=C(c2ccccc2)c2ccccc2N1,166.5
NNc1nncc2ccccc12,c1ccc2cnncc2c1,172.5
CN1CCN(C2=Nc3cc(Cl)ccc3Nc3ccccc32)CC1,c1ccc2c(c1)N=C(N1CCNCC1)c1ccccc1N2,183.5
NC(=O)CC[C@H](N)C(=O)O,,185.0
CN1CC[C@]23CCCC[C@H]2[C@H]1Cc1ccc(O)cc13,c1ccc2c(c1)CC1NCCC23CCCCC13,198.5
NCC[C@H](O)C(=O)N[C@@H]1C[C@H](N)[C@@H](O[C@H]2O[C@H](CN)[C@@H](O)[C@H](O)[C@H]2O)[C@H](O)[C@H]1O[C@H]1O[C@H](CO)[C@@H](O)[C@H](N)[C@H]1O,C1CCC(OC2CCCC(OC3CCCCO3)C2)OC1,203.5
COc1cccc2c1C(=O)c1c(O)c3c(c(O)c1C2=O)C[C@@](O)(C(C)=O)C[C@@H]3O[C@H]1C[C@H](N)[C@H](O)[C@H](C)O1,O=C1c2ccccc2C(=O)c2cc3c(cc21)CCCC3OC1CCCCO1,208.5
CCn1cc(C(=O)O)c(=O)c2cc(F)c(N3CCNCC3)cc21,O=c1cc[nH]c2cc(N3CCNCC3)ccc12,227.5
Cc1cccc(Nc2ccccc2C(=O)O)c1C,c1ccc(Nc2ccccc2)cc1,230.5
C[C@H]1C[C@H]2[C@@H]3CCC4=CC(=O)C=C[C@]4(C)[C@@]3(F)[C@@H](O)C[C@]2(C)[C@@]1(O)C(=O)CO,O=C1C=CC2C(=C1)CCC1C3CCCC3CCC21,232.5
CN1CC[C@]23c4c5ccc(O)c4O[C@H]2C(=O)CC[C@@]3(O)[C@H]1C5,O=C1CCC2C3Cc4cccc5c4C2(CCN3)C1O5,248.5
CC1COc2c(N3CCN(C)CC3)c(F)cc3c(=O)c(C(=O)O)cn1c23,O=c1ccn2c3c(c(N4CCNCC4)ccc13)OCC2,253.5
CC1(C)O[C@@H]2C[C@H]3[C@@H]4C[C@H](F)C5=CC(=O)C=C[C@]5(C)[C@@]4(F)[C@@H](O)C[C@]3(C)[C@]2(C(=O)CO)O1,O=C1C=CC2C(=C1)CCC1C2CCC2C1CC1OCOC12,265.5
O=C1CN(/N=C/c2ccc(-c3ccc([N+](=O)[O-])cc3)o2)C(=O)N1,O=C1CN(N=Cc2ccc(-c3ccccc3)o2)C(=O)N1,279.5
CC(=O)OCC1=C(C(=O)O)N2C(=O)[C@@H](NC(=O)Cc3cccs3)[C@H]2SC1,O=C(Cc1cccs1)NC1C(=O)N2C=CCSC12,160.25
CC(C)NCC(O)c1ccc(NS(C)(=O)=O)cc1,c1ccccc1,206.75
FC(F)(F)C(F)(F)C(F)(F)F,,-147.6
FC(F)(F)C(Cl)Br,,-118.0
CC[C@@H](C)O,,-114.7
C[C@@H](Cl)CCl,,-100.0
C=O,,-92.0
CN1CCCC1c1cccnc1,c1cncc(C2CCCN2)c1,-79.0
C[C@@H](O)CO,,-60.0
CC(=CCC1=C(C)C(=O)c2ccccc2C1=O)CCC[C@H](C)CCC[C@H](C)CCCC(C)C,O=C1C=CC(=O)c2ccccc21,-20.0
CC(C)(O)C#N,,-19.0
CCC=CCC=CCC=CCCCCCCCC(=O)O,,-16.5
CCOC(=O)CC(SP(=S)(OC)OC)C(=O)OCC,,2.8
O=[N+]([O-])OCC(CO[N+](=O)[O-])O[N+](=O)[O-],,13.5
CC(=O)[C@H](C)O,,15.0
O=NN(CCCl)C(=O)NCCCl,,31.0
CC[C@@H]1C(=O)OC[C@@H]1Cc1cncn1C,O=C1CC(Cc2cnc[nH]2)CO1,34.0
CC(Cc1ccccc1)NCCC(c1ccccc1)c1ccccc1,c1ccc(CCNCCC(c2ccccc2)c2ccccc2)cc1,36.5
CC(=O)CC(=O)O,,36.5
CC(COc1ccccc1)N(CCCl)Cc1ccccc1,c1ccc(CNCCOc2ccccc2)cc1,39.0
c1ccc(C2(N3CCCCC3)CCCCC2)cc1,c1ccc(C2(N3CCCCC3)CCCCC2)cc1,46.5
CCN(CC)C(=O)N1CCN(C)CC1,C1CNCCN1,48.0
N=C(N)N,,50.0
CC(C)(C(=O)c1cccnc1)c1cccnc1,O=C(Cc1cccnc1)c1cccnc1,50.5
CCN(CC)CC(=O)Nc1c(C)cccc1C,c1ccccc1,68.5
CC(C)NCC(O)COc1ccc(COCCOC(C)C)cc1,c1ccccc1,100.0
C=CCC1([C@H](C)CCC)C(=O)NC(=O)NC1=O,O=C1CC(=O)NC(=O)N1,100.0
CC12CCC3c4ccc(OC(=O)N(CCCl)CCCl)cc4CCC3C1CCC2O,c1ccc2c(c1)CCC1C2CCC2CCCC21,104.5
CNC(=O)Oc1ccc2c(c1)[C@]1(C)CCN(C)[C@@H]1N2C,c1ccc2c(c1)NC1NCCC21,105.5
C#C[C@]1(O)CC[C@H]2[C@@H]3CCc4cc(OC5CCCC5)ccc4[C@H]3CC[C@@]21C,c1cc2c(cc1OC1CCCC1)CCC1C2CCC2CCCC21,107.5
C[C@H](N)[C@H](O)c1cccc(O)c1,c1ccccc1,107.5
CCOC(=O)[C@H](CCc1ccccc1)N[C@@H](C)C(=O)N1[C@H](C(=O)O)C[C@@H]2CCC[C@@H]21,O=C(CNCCCc1ccccc1)N1CCC2CCCC21,109.0
C#C[C@]1(O)CC[C@H]2[C@@H]3CCC4=CCCC[C@@H]4[C@H]3C(=C)C[C@@]21CC,C=C1CC2CCCC2C2CCC3=CCCCC3C12,109.5
Cc1cccc(N(C)C(=S)Oc2ccc3ccccc3c2)c1,S=C(Nc1ccccc1)Oc1ccc2ccccc2c1,111.0
CC1=C(C)C(=O)C(C)=C(C)C1=O,O=C1C=CC(=O)C=C1,111.5
O=C(O)COCCN1CCN(C(c2ccccc2)c2ccc(Cl)cc2)CC1,c1ccc(C(c2ccccc2)N2CCNCC2)cc1,112.5
Clc1cc(Cl)c(OCC#CI)cc1Cl,c1ccccc1,113.5
OC(CCN1CCCCC1)(c1ccccc1)C1CC2C=CC1C2,C1=CC2CC1CC2C(CCN1CCCCC1)c1ccccc1,114.0
CC[C@H]1OC(=O)[C@H](C)[C@@H](O[C@H]2C[C@@](C)(OC)[C@@H](O)[C@H](C)O2)C(C)[C@@H](O[C@@H]2O[C@H](C)C[C@H](N(C)C)[C@H]2O)[C@](C)(O)C[C@@H](C)CN(C)[C@H](C)[C@@H](O)[C@]1(C)O,O=C1CC(OC2CCCCO2)CC(OC2CCCCO2)CCCCNCCCCO1,114.0
COc1ccc(C(Cl)=C(c2ccc(OC)cc2)c2ccc(OC)cc2)cc1,C(=C(c1ccccc1)c1ccccc1)c1ccccc1,115.0
CN(N=O)C(=O)N[C@@H]1[C@@H](O)[C@H](O)[C@@H](CO)O[C@@H]1O,C1CCOCC1,115.0
CN1C(=O)CCS(=O)(=O)C1c1ccc(Cl)cc1,O=C1CCS(=O)(=O)C(c2ccccc2)N1,116.2
CC(C)(C)C(=O)OCOC(=O)C1N2C(=O)[C@@H](N=CN3CCCCCC3)[C@H]2SC1(C)C,O=C1C(N=CN2CCCCCC2)C2SCCN12,119.0
CC(C)S[C@@H]1O[C@H](CO)[C@@H](O)[C@H](O)[C@H]1O,C1CCOCC1,121.0
Cc1cc(-c2ccccc2)nnc1NCCN1CCOCC1,c1ccc(-c2ccc(NCCN3CCOCC3)nn2)cc1,122.0
Cc1cc(C)cc(OCC2CNC(=O)O2)c1,O=C1NCC(COc2ccccc2)O1,122.0
C=C(CC)C(=O)c1ccc(OCC(=O)O)c(Cl)c1Cl,c1ccccc1,122.5
CC(C(=O)O)c1ccc(C(=O)c2cccs2)cc1,O=C(c1ccccc1)c1cccs1,124.3
CC(C)(Sc1cc(C(C)(C)C)c(O)c(C(C)(C)C)c1)Sc1cc(C(C)(C)C)c(O)c(C(C)(C)C)c1,c1ccc(SCSc2ccccc2)cc1,125.0
CC1CCC(O)CC1=CC=C1CCCC2(C)C1CCC2C(C)/C=C/C(C)C(C)C,C(C=C1CCCC2CCCC12)=C1CCCCC1,126.0
CCC(=O)O[C@H]1CC[C@H]2[C@@H]3CC[C@H]4CC(=O)[C@H](C)C[C@]4(C)[C@H]3CC[C@]12C,O=C1CCC2C(CCC3C4CCCC4CCC23)C1,128.0
COc1cc2c(cc1OC)C1CC(=O)C(CC(C)C)CN1CC2,O=C1CCN2CCc3ccccc3C2C1,128.0
O=C(NO)c1ccccc1,c1ccccc1,128.0
CCCCC1(CC)C(=O)NC(=O)NC1=O,O=C1CC(=O)NC(=O)N1,128.5
CCCC(C)C1(CC)C(=O)NC(=O)NC1=O,O=C1CC(=O)NC(=O)N1,129.5
c1ccc2c(c1)Sc1ccccc1N2CC1CN2CCC1CC2,c1ccc2c(c1)Sc1ccccc1N2CC1CN2CCC1CC2,130.5
CCN(CC)C(=O)C1CN2CCc3cc(OC)c(OC)cc3C2CC1OC(C)=O,c1ccc2c(c1)CCN1CCCCC21,131.0
C=C1C(=CC=C2CCC[C@]3(C)[C@@H]([C@H](C)CCCC(C)C)CC[C@@H]23)C[C@@H](O)C[C@@H]1O,C=C1CCCCC1=CC=C1CCCC2CCCC12,136.0
Nc1ccc(/N=N/c2ccccc2)c(N)n1,c1ccc(N=Nc2cccnc2)cc1,139.0
CC1=C(C(=O)O)N2C(=O)[C@@H](NC(=O)[C@H](N)C3=CCC=CC3)[C@H]2SC1,O=C(CC1=CCC=CC1)NC1C(=O)N2C=CCSC12,140.0
CCC(=O)N(c1ccccc1)C1(COC)CCN(CCn2nnn(CC)c2=O)CC1,O=c1[nH]nnn1CCN1CCC(Nc2ccccc2)CC1,140.8
COc1c(C)c2c(c(O)c1CC=C(C)CCC(=O)O)C(=O)OC2,O=C1OCc2ccccc21,141.0
C=CCC1(C(C)C)C(=O)NC(=O)NC1=O,O=C1CC(=O)NC(=O)N1,141.0
Cc1cc(C2CCCCC2)n(O)c(=O)c1,O=c1cccc(C2CCCCC2)[nH]1,144.0
O=C[C@H](O)CO,,145.0
O=C(CCCN1CC=C(n2c(=O)[nH]c3ccccc32)CC1)c1ccc(F)cc1,O=C(CCCN1CC=C(n2c(=O)[nH]c3ccccc32)CC1)c1ccccc1,145.75
CC(=O)N1CCN(c2ccc(OC[C@@H]3CO[C@@](Cn4ccnc4)(c4ccc(Cl)cc4Cl)O3)cc2)CC1,c1ccc(C2(Cn3ccnc3)OCC(COc3ccc(N4CCNCC4)cc3)O2)cc1,146.0
Cn1cc[nH]c1=S,S=c1[nH]cc[nH]1,146.0
CC(C)=CCN1CC[C@@]2(C)c3cc(O)ccc3C[C@@H]1[C@@H]2C,c1ccc2c(c1)CC1CC2CCN1,146.3
CCOC(=O)[C@H](CCc1ccccc1)N[C@H]1CCc2ccccc2N(CC(=O)O)C1=O,O=C1Nc2ccccc2CCC1NCCCc1ccccc1,148.5
O=C(O)COc1ccc(C(=O)c2cccs2)c(Cl)c1Cl,O=C(c1ccccc1)c1cccs1,149.0
CCC1(c2ccc(N)cc2)CCC(=O)NC1=O,O=C1CCC(c2ccccc2)C(=O)N1,149.5
C#C[C@]1(O)CC[C@H]2[C@@H]3CCc4cc(OC)ccc4[C@H]3CC[C@@]21C,c1ccc2c(c1)CCC1C2CCC2CCCC21,150.5
O=C(NC(CO)C(O)c1ccc([N+](=O)[O-])cc1)C(Cl)Cl,c1ccccc1,150.5
Cc1cccc(C)c1NC(=O)C1CCCCN1C,O=C(Nc1ccccc1)C1CCCCN1,150.5
Nc1ccc(C(=O)O)c(O)c1,c1ccccc1,150.5
CCC1(CC)C(=O)NC(=O)N(C)C1=O,O=C1CC(=O)NC(=O)N1,150.5
O=C(CCNNC(=O)c1ccncc1)NCc1ccccc1,O=C(CCNNC(=O)c1ccncc1)NCc1ccccc1,151.6
Cc1ccc(C(=O)c2ccc(CC(=O)O)n2C)cc1,O=C(c1ccccc1)c1ccc[nH]1,156.0
CC1(C)S[C@@H]2[C@H](/N=C/N3CCCCCC3)C(=O)N2[C@H]1C(=O)O,O=C1C(N=CN2CCCCCC2)C2SCCN12,156.0
COc1ccc(C2C(=O)c3ccccc3C2=O)cc1,O=C1c2ccccc2C(=O)C1c1ccccc1,156.5
CC(=O)[C@H]1CC[C@H]2[C@@H]3C[C@H](C)C4=CC(=O)CC[C@]4(C)[C@H]3[C@@H](O)C[C@]12C,O=C1C=C2CCC3C4CCCC4CCC3C2CC1,156.5
CN1CC[C@]23c4c5ccc(O)c4O[C@H]2[C@@H](O)CC[C@H]3[C@H]1C5,c1cc2c3c(c1)OC1CCCC4C(C2)NCCC314,157.0
CC1(C)[C@H]2CC[C@]1(C)CC2,C1CC2CCC1C2,158.5
Cc1ncc2n1-c1ccc(Cl)cc1C(c1ccccc1F)=NC2,c1ccc(C2=NCc3cncn3-c3ccccc32)cc1,159.0
O=C1CCc2cc(OCCCCc3nnnn3C3CCCCC3)ccc2N1,O=C1CCc2cc(OCCCCc3nnnn3C3CCCCC3)ccc2N1,160.0
CC1Cc2ccccc2N1NC(=O)c1ccc(Cl)c(S(N)(=O)=O)c1,O=C(NN1CCc2ccccc21)c1ccccc1,161.0
Cn1c(=O)c2c(ncn2CC(O)CO)n(C)c1=O,O=c1[nH]c(=O)c2[nH]cnc2[nH]1,161.5
OCCN(CCO)c1nc(N2CCCCC2)c2nc(N(CCO)CCO)nc(N3CCCCC3)c2n1,c1nc(N2CCCCC2)c2ncnc(N3CCCCC3)c2n1,163.0
CCc1cc(C(N)=S)ccn1,c1ccncc1,163.0
O=c1ccn([C@@H]2C[C@H](O)[C@@H](CO)O2)c(=O)[nH]1,O=c1ccn(C2CCCO2)c(=O)[nH]1,163.0
C[C@]12CC[C@H]3[C@@H](CCC4=CC(=O)C=C[C@@]43C)[C@@H]1CC[C@@H]2O,O=C1C=CC2C(=C1)CCC1C3CCCC3CCC21,165.0
O=c1ccn([C@@H]2O[C@@H](CO)[C@H](O)[C@H]2O)c(=O)[nH]1,O=c1ccn(C2CCCO2)c(=O)[nH]1,165.0
CCn1ccc(NS(=O)(=O)c2ccc(N)cc2)nc1=O,O=c1nc(NS(=O)(=O)c2ccccc2)cc[nH]1,166.5
CCC(C)C1(CC)C(=O)NC(=O)NC1=O,O=C1CC(=O)NC(=O)N1,166.5
Cc1cc(NS(=O)(=O)c2ccc(N)cc2)no1,O=S(=O)(Nc1ccon1)c1ccccc1,167.0
CN(C)CCOC(c1ccccc1)c1ccccc1,c1ccc(Cc2ccccc2)cc1,168.0
CC(=O)[C@H]1CC[C@H]2[C@@H]3C=CC4=CC(=O)CC[C@@]4(C)[C@@H]3CC[C@]12C,O=C1C=C2C=CC3C4CCCC4CCC3C2CC1,169.5
Cc1nc2n(c(=O)c1CCN1CCC(c3noc4cc(F)ccc34)CC1)CCCC2,O=c1c(CCN2CCC(c3noc4ccccc34)CC2)cnc2n1CCCC2,170.0
CC(C)NCC(O)c1ccc(O)c(O)c1,c1ccccc1,170.5
CC(=O)Oc1ccc2c3c1O[C@H]1[C@@H](OC(C)=O)C=C[C@H]4[C@@H](C2)N(C)CC[C@@]341,C1=CC2C3Cc4cccc5c4C2(CCN3)C(C1)O5,173.0
CCC1(c2ccccc2)C(=O)NC(=O)NC1=O,O=C1NC(=O)C(c2ccccc2)C(=O)N1,174.0
c1ccc(CC2=NCCN2)cc1,c1ccc(CC2=NCCN2)cc1,174.0
CN(C)CCCN1c2ccccc2CCc2ccccc21,c1ccc2c(c1)CCc1ccccc1N2,174.5
Cc1ccc(N(CC2=NCCN2)c2cccc(O)c2)cc1,c1ccc(N(CC2=NCCN2)c2ccccc2)cc1,174.5
Clc1ccc2c(c1)C(N1CCNCC1)=Nc1ccccc1O2,c1ccc2c(c1)N=C(N1CCNCC1)c1ccccc1O2,175.5
N=C(N)NC(=N)NCCc1ccccc1,c1ccccc1,176.5
CN1CCN(C(=O)OC2c3nccnc3C(=O)N2c2ccc(Cl)cn2)CC1,O=C(OC1c2nccnc2C(=O)N1c1ccccn1)N1CCNCC1,178.0
Oc1c(I)cc(Cl)c2cccnc12,c1ccc2ncccc2c1,178.5
NC12CC3CC(CC(C3)C1)C2,C1C2CC3CC1CC(C2)C3,180.0
COc1ccc2c(c1)C(=O)N(CCc1ccc(S(=O)(=O)NC(=O)NC3CCCCC3)cc1)C(=O)C2(C)C,O=C(NC1CCCCC1)NS(=O)(=O)c1ccc(CCN2C(=O)Cc3ccccc3C2=O)cc1,181.0
CC(C=CC=C(C)/C=C/C1=C(C)CCCC1(C)C)=CC(=O)O,C1=CCCCC1,181.0
C=CCN1CC[C@]23CCCC[C@H]2[C@H]1Cc1ccc(O)cc13,c1ccc2c(c1)CC1NCCC23CCCCC13,181.0
Cc1ccc(S(=O)(=O)NC(=O)NN2CC3CCCC3C2)cc1,O=C(NN1CC2CCCC2C1)NS(=O)(=O)c1ccccc1,181.0
Cc1cc(C(C)(C)C)c(O)c(C)c1CC1=NCCN1,c1ccc(CC2=NCCN2)cc1,182.0
NC(Cc1ccc(N(CCCl)CCCl)cc1)C(=O)O,c1ccccc1,182.5
CC1=C(CC(=O)O)c2cc(F)ccc2C1=Cc1ccc([S+](C)[O-])cc1,C1=Cc2ccccc2C1=Cc1ccccc1,183.0
Nc1c2c(nc3ccccc13)CCCC2,c1ccc2nc3c(cc2c1)CCCC3,183.5
Oc1c(Cl)cc(Cl)cc1Sc1cc(Cl)cc(Cl)c1O,c1ccc(Sc2ccccc2)cc1,188.0
COc1cc(C(=O)NCc2ccc(OCCN(C)C)cc2)cc(OC)c1OC,O=C(NCc1ccccc1)c1ccccc1,188.7
C[C@]12CC[C@H]3[C@@H](CCC4=C(Cl)C(=O)CC[C@@]43C)[C@@H]1CC[C@@H]2O,O=C1C=C2CCC3C4CCCC4CCC3C2CC1,189.0
CCOc1ccc2nc(S(N)(=O)=O)sc2c1,c1ccc2scnc2c1,189.0
CN(C)CCCN1c2ccccc2CCc2ccc(Cl)cc21,c1ccc2c(c1)CCc1ccccc1N2,189.5
CC1(C)S[C@@H]2[C@H](N3C(=O)[C@@H](c4ccccc4)NC3(C)C)C(=O)N2[C@H]1C(=O)O,O=C1C(N2CNC(c3ccccc3)C2=O)C2SCCN12,190.0
CCC1(CC)C(=O)NC(=O)NC1=O,O=C1CC(=O)NC(=O)N1,190.0
CC[C@H]1OC(=O)[C@H](C)[C@@H](O[C@H]2C[C@@](C)(OC)[C@@H](O)[C@H](C)O2)[C@H](C)[C@@H](O[C@@H]2O[C@H](C)C[C@H](N(C)C)[C@H]2O)[C@](C)(O)C[C@@H](C)C(=O)[C@H](C)[C@@H](O)[C@]1(C)O,O=C1CCCCOC(=O)CC(OC2CCCCO2)CC(OC2CCCCO2)CCC1,191.0
O=c1[nH]c2cc(Cl)ccc2o1,O=c1[nH]c2ccccc2o1,191.5
CC(=O)O[C@H]1C[C@@]2(C)[C@@H](C[C@@H](O)[C@H]3[C@@]4(C)CC[C@@H](O)[C@@H](C)[C@@H]4CC[C@@]32C)C1=C(CCC=C(C)C)C(=O)O,C=C1CCC2C1CCC1C3CCCCC3CCC21,192.5
CCOC(=O)C1N=C(c2ccccc2F)c2cc(Cl)ccc2NC1=O,O=C1CN=C(c2ccccc2)c2ccccc2N1,193.5
CN(Cc1cnc2nc(N)nc(N)c2n1)c1ccc(C(=O)N[C@@H](CCC(=O)O)C(=O)O)cc1,c1ccc(NCc2cnc3ncncc3n2)cc1,195.0
CC[C@@H](CO)NC(=O)[C@@H]1C=C2c3cccc4c3c(cn4C)C[C@H]2N(C)C1,C1=C2c3cccc4[nH]cc(c34)CC2NCC1,195.0
Cc1ccc(-c2nc3ccc(C)cn3c2CC(=O)N(C)C)cc1,c1ccc(-c2cn3ccccc3n2)cc1,196.0
CN(C)CCC=C1c2ccccc2CCc2ccccc21,C=C1c2ccccc2CCc2ccccc21,196.5
COc1ccc2c3c1O[C@H]1C(=O)CC[C@H]4[C@@H](C2)N(C)CC[C@]314,O=C1CCC2C3Cc4cccc5c4C2(CCN3)C1O5,198.0
Cc1ncc(CO)c(N)n1,c1cncnc1,198.0
CC(C)(C)NC[C@H](O)COc1nsnc1N1CCOCC1,c1nsnc1N1CCOCC1,202.0
C#C[C@]1(O)CC[C@H]2[C@@H]3CCC4=CC(=O)CC[C@@H]4[C@H]3CC[C@@]21C,O=C1C=C2CCC3C4CCCC4CCC3C2CC1,203.5
N[C@@H](Cc1ccc(O)c(I)c1)C(=O)O,c1ccccc1,205.0
CN1[C@H]2CC[C@@H]1[C@@H](C(=O)O)[C@@H](O)C2,C1CC2CCC(C1)N2,205.0
O=c1[nH]cc(N(CCCl)CCCl)c(=O)[nH]1,O=c1cc[nH]c(=O)[nH]1,206.0
CC(=O)NCC(=O)O,,206.0
CCN(CC)Cc1cc(Nc2ccnc3cc(Cl)ccc23)ccc1O,c1ccc(Nc2ccnc3ccccc23)cc1,208.0
Cc1nnc(NS(=O)(=O)c2ccc(N)cc2)s1,O=S(=O)(Nc1nncs1)c1ccccc1,208.0
Nc1ccn([C@@H]2O[C@H](CO)[C@@H](O)[C@@H]2O)c(=O)n1,O=c1ncccn1C1CCCO1,212.5
CC(=O)N=c1sc(S(N)(=O)=O)nn1C,N=c1[nH]ncs1,213.5
CN1C(CSCC(F)(F)F)Nc2cc(Cl)c(S(N)(=O)=O)cc2S1(=O)=O,O=S1(=O)NCNc2ccccc21,214.0
NC(=O)NC(=O)Cc1ccccc1,c1ccccc1,215.0
NC(=O)N1c2ccccc2CC(=O)c2ccccc21,O=C1Cc2ccccc2Nc2ccccc21,215.5
C#C[C@]1(OC(C)=O)CC[C@H]2[C@@H]3CCC4=CC(=NO)CC[C@@H]4[C@H]3CC[C@@]21CC,N=C1C=C2CCC3C4CCCC4CCC3C2CC1,216.0
C[C@@H]1C[C@H]2[C@@H]3CCC4=CC(=O)C=C[C@]4(C)[C@@]3(F)[C@@H](O)C[C@]2(C)[C@H]1C(=O)CO,O=C1C=CC2C(=C1)CCC1C3CCCC3CCC21,217.0
O=C(O)/C=C/c1ccccc1O,c1ccccc1,217.0
C[C@]12C=CC(=O)C=C1CC[C@@H]1[C@@H]2CC[C@]2(C)OC(=O)CC[C@@H]12,O=C1C=CC2C(=C1)CCC1C3CCC(=O)OC3CCC21,218.5
CCCc1cc(=O)[nH]c(=S)[nH]1,O=c1cc[nH]c(=S)[nH]1,219.0
COc1ccc2c3c1O[C@H]1C(=O)CC[C@@]4(O)[C@@H](C2)N(C)CC[C@]314,O=C1CCC2C3Cc4cccc5c4C2(CCN3)C1O5,219.0
O=C(O)c1cc(/N=N/c2ccc(S(=O)(=O)Nc3ccccn3)cc2)ccc1O,O=S(=O)(Nc1ccccn1)c1ccc(N=Nc2ccccc2)cc1,220.0
OC[C@H]1O[C@@H](n2cnc3c2N=CNC[C@H]3O)C[C@@H]1O,C1=Nc2c(ncn2C2CCCO2)CCN1,220.0
CC(=O)OCC(=O)[C@@]1(O)CC[C@H]2[C@@H]3CCC4=CC(=O)CC[C@]4(C)[C@H]3C(=O)C[C@@]21C,O=C1C=C2CCC3C4CCCC4CC(=O)C3C2CC1,222.0
CC(=O)Nc1c(I)c(C(=O)N[C@H]2C(O)O[C@H](CO)[C@@H](O)[C@@H]2O)c(I)c(N(C)C(C)=O)c1I,O=C(NC1CCCOC1)c1ccccc1,223.0
NCCCC[C@H](N)C(=O)O,,224.0
O=C1CN=C(c2ccccc2)c2cc([N+](=O)[O-])ccc2N1,O=C1CN=C(c2ccccc2)c2ccccc2N1,225.0
CN1C(CCl)Nc2cc(Cl)c(S(N)(=O)=O)cc2S1(=O)=O,O=S1(=O)NCNc2ccccc21,225.0
O=C(O)/C=C/c1ccc(O)c(O)c1,c1ccccc1,225.0
N=C(N)NC(=O)Cc1c(Cl)cccc1Cl,c1ccccc1,226.0
CN1CCN(CCCN2c3ccccc3Sc3ccc(Cl)cc32)CC1,c1ccc2c(c1)Sc1ccccc1N2CCCN1CCNCC1,228.0
N[C@@H](Cn1ccc(=O)c(O)c1)C(=O)O,O=c1cc[nH]cc1,228.0
Clc1ccc2c(c1)C(c1ccccc1)=NCc1nncn1-2,c1ccc(C2=NCc3nncn3-c3ccccc32)cc1,228.5
O=C(O)c1cccnc1C(=O)O,c1ccncc1,228.5
NS(=O)(=O)c1cc(Cl)c(Cl)c(S(N)(=O)=O)c1,c1ccccc1,228.7
CP(=O)(O)CC[C@@H](N)C(=O)O,,230.0
CCCCNc1cc(C(=O)O)cc(S(N)(=O)=O)c1Oc1ccccc1,c1ccc(Oc2ccccc2)cc1,230.5
CC(=O)O[C@@]12CO[C@@H]1C[C@H](O)[C@@]1(C)C(=O)[C@H](O)C3=C(C)[C@@H](OC(=O)[C@H](O)[C@@H](NC(=O)OC(C)(C)C)c4ccccc4)C[C@@](O)([C@@H](OC(=O)c4ccccc4)[C@H]21)C3(C)C,O=C(CCc1ccccc1)OC1C=C2CC(=O)C3CCC4OCC4C3C(OC(=O)c3ccccc3)C(C2)C1,232.0
NCCCC(O)(P(=O)(O)O)P(=O)(O)O,,234.0
C[C@]12C=CC(=O)C=C1CC[C@@H]1[C@@H]2[C@@H](O)C[C@@]2(C)[C@H]1CC[C@]2(O)C(=O)CO,O=C1C=CC2C(=C1)CCC1C3CCCC3CCC21,235.0
COc1cc(NS(C)(=O)=O)ccc1Nc1c2ccccc2nc2ccccc12,c1ccc(Nc2c3ccccc3nc3ccccc23)cc1,235.0
N[C@@H](Cc1cc(I)c(Oc2cc(I)c(O)c(I)c2)c(I)c1)C(=O)O,c1ccc(Oc2ccccc2)cc1,235.5
NC(Cc1cc(I)c(Oc2cc(I)c(O)c(I)c2)c(I)c1)C(=O)O,c1ccc(Oc2ccccc2)cc1,235.5
N[C@@H](Cc1cc(I)c(Oc2ccc(O)c(I)c2)c(I)c1)C(=O)O,c1ccc(Oc2ccccc2)cc1,236.5
C[C@]12COC(=O)C[C@@H]1CC[C@@H]1[C@@H]2CC[C@@]2(C)[C@H]1CC[C@]2(C)O,O=C1CC2CCC3C4CCCC4CCC3C2CO1,236.5
CC(=O)OCC1=C(C(=O)O)N2C(=O)[C@@H](NC(=O)[C@H](N)c3ccccc3)[C@H]2SC1,O=C(Cc1ccccc1)NC1C(=O)N2C=CCSC12,237.0
O=C1CN=C(c2ccccc2Cl)c2cc([N+](=O)[O-])ccc2N1,O=C1CN=C(c2ccccc2)c2ccccc2N1,237.5
NC(=O)N/N=C/c1ccc([N+](=O)[O-])o1,c1ccoc1,238.0
C[C@]12CC[C@H]3C(=CCc4cc(O)ccc43)[C@@H]1CCC2=O,O=C1CCC2C3=CCc4ccccc4C3CCC12,239.0
Nc1nc2c(ncn2[C@@H]2O[C@@H](CO)[C@H](O)[C@H]2O)c(=O)[nH]1,O=c1[nH]cnc2c1ncn2C1CCCO1,239.0
N[C@@H](CS)C(=O)O,,240.0
O=C(O)c1ccc(NC(=O)C(Cc2ccc(O)cc2)NC(=O)c2ccccc2)cc1,O=C(NC(Cc1ccccc1)C(=O)Nc1ccccc1)c1ccccc1,241.0
COC(=O)C(Cc1ccccc1)NC(=O)C(N)CC(=O)O,c1ccccc1,246.5
Nc1cc(N2CCCCC2)nc(N)[n+]1[O-],c1cc(N2CCCCC2)nc[nH+]1,248.0
Nc1nc(=O)c2nc(CNc3ccc(C(=O)N[C@@H](CCC(=O)O)C(=O)O)cc3)cnc2[nH]1,O=c1nc[nH]c2ncc(CNc3ccccc3)nc12,250.0
O=P(O)(O)C(Cl)(Cl)P(=O)(O)O,,250.0
CCC1NC(=O)c2cc(S(N)(=O)=O)c(Cl)cc2N1,O=C1NCNc2ccccc21,251.0
Oc1ccc(/C=C/c2cc(O)cc(O)c2)cc1,C(=Cc1ccccc1)c1ccccc1,254.0
Cc1cnc(NC(=O)C2=C(O)c3ccccc3S(=O)(=O)N2C)s1,O=C(Nc1nccs1)C1=Cc2ccccc2S(=O)(=O)N1,254.0
O=C1OCCN1/N=C/c1ccc([N+](=O)[O-])o1,O=C1OCCN1N=Cc1ccco1,255.0
CN(CC(=O)O)C(=N)N,,255.0
CSc1ccc(C(=O)c2[nH]c(=O)[nH]c2C)cc1,O=C(c1ccccc1)c1c[nH]c(=O)[nH]1,256.0
Cc1ccc(Cl)c(Nc2ccccc2C(=O)O)c1Cl,c1ccc(Nc2ccccc2)cc1,257.0
CC(=O)Nc1nnc(S(N)(=O)=O)s1,c1nncs1,260.5
CCn1nc(C(=O)O)c(=O)c2cc3c(cc21)OCO3,O=c1cn[nH]c2cc3c(cc12)OCO3,261.0
O=C1CN(N=Cc2ccc([N+](=O)[O-])o2)C(=O)N1,O=C1CN(N=Cc2ccco2)C(=O)N1,263.0
C[C@]12CC[C@H]3[C@@H](CC[C@@]45O[C@@H]4C(O)=C(C#N)C[C@]35C)[C@@H]1CC[C@@H]2O,C1=CC2OC23CCC2C4CCCC4CCC2C3C1,264.0
CN1CC[C@]23c4c5ccc(O)c4O[C@H]2C(=O)CC[C@H]3[C@H]1C5,O=C1CCC2C3Cc4cccc5c4C2(CCN3)C1O5,266.5
C[C@]1(O)CC[C@H]2[C@@H]3CCC4=CC(=O)CC[C@]4(C)[C@@]3(F)[C@@H](O)C[C@@]21C,O=C1C=C2CCC3C4CCCC4CCC3C2CC1,270.0
CCn1cc(C(=O)O)c(=O)c2cc(F)c(N3CCN(C)CC3)cc21,O=c1cc[nH]c2cc(N3CCNCC3)ccc12,271.0
COc1cc2nc(N3CCN(C(=O)C4CCCO4)CC3)nc(N)c2cc1OC,O=C(C1CCCO1)N1CCN(c2ncc3ccccc3n2)CC1,273.0
CC1(C)O[C@@H]2C[C@H]3[C@@H]4CCC5=CC(=O)C=C[C@]5(C)[C@H]4[C@@H](O)C[C@]3(C)[C@]2(C(=O)CO)O1,O=C1C=CC2C(=C1)CCC1C2CCC2C1CC1OCOC12,274.0
O=c1c(O)c(-c2ccc(O)cc2)oc2cc(O)cc(O)c12,O=c1cc(-c2ccccc2)oc2ccccc12,277.0
Cc1cc2nc3c(=O)[nH]c(=O)nc-3n(C[C@H](O)[C@H](O)[C@H](O)CO)c2cc1C,O=c1nc2[nH]c3ccccc3nc-2c(=O)[nH]1,280.0
Nc1ccc(O)c(C(=O)O)c1,c1ccccc1,283.0
Nc1ccc2cc3ccc(N)cc3nc2c1,c1ccc2nc3ccccc3cc2c1,285.0
O=C(O)c1c(C(=O)O)c(C(=O)O)c(C(=O)O)c(C(=O)O)c1C(=O)O,c1ccccc1,287.0
O=C(O)/C=C/C(=O)O,,287.0
CCn1cc(C(=O)O)c(=O)c2ccc(-c3ccncc3)cc21,O=c1cc[nH]c2cc(-c3ccncc3)ccc12,290.0
Nc1cc(-c2ccncc2)c[nH]c1=O,O=c1ccc(-c2ccncc2)c[nH]1,295.0
CC(=O)[C@@]1(O)CC[C@H]2[C@@H]3C[C@H](C)C4=CC(=O)C=C[C@]4(C)[C@@]3(F)[C@@H](O)C[C@@]21C,O=C1C=CC2C(=C1)CCC1C3CCCC3CCC21,297.0
CCCc1c2oc(C(=O)O)cc(=O)c2cc2c(=O)cc(C(=O)O)n(CC)c12,O=c1cc[nH]c2cc3occc(=O)c3cc12,299.0
C[C@](N)(Cc1ccc(O)c(O)c1)C(=O)O,c1ccccc1,300.0
O=C(CCCCC(=O)Nc1c(I)cc(I)c(C(=O)O)c1I)Nc1c(I)cc(I)c(C(=O)O)c1I,O=C(CCCCC(=O)Nc1ccccc1)Nc1ccccc1,307.0
CC(=O)OCC(=O)[C@@]12OC(C)(C)O[C@@H]1C[C@H]1[C@@H]3C[C@H](F)C4=CC(=O)C=C[C@]4(C)[C@@]3(F)[C@@H](O)C[C@@]12C,O=C1C=CC2C(=C1)CCC1C2CCC2C1CC1OCOC12,309.0
C[C@](N)(Cc1ccc(O)cc1)C(=O)O,c1ccccc1,312.5
Nc1nc(N)c2nc(-c3ccccc3)c(N)nc2n1,c1ccc(-c2cnc3ncncc3n2)cc1,316.0
NC1(C(=O)O)CCCC1,C1CCCC1,330.0
C[C@@H]1O[C@H](OC[C@@H]2O[C@H](Oc3c(-c4ccc(O)c(O)c4)oc4cc(O)cc(O)c4c3=O)[C@@H](O)[C@H](O)[C@H]2O)[C@@H](O)[C@H](O)[C@H]1O,O=c1c(OC2CCCC(COC3CCCCO3)O2)c(-c2ccccc2)oc2ccccc12,125.0
CC[C@@H]1OC(=O)[C@H](C)C(=O)[C@H](C)[C@@H](O[C@@H]2O[C@H](C)C[C@H](N(C)C)[C@H]2O)[C@](C)(OC)C[C@@H](C)C(=O)[C@H](C)[C@H]2N(CCCCn3cnc(-c4cccnc4)c3)C(=O)O[C@@]12C,O=C1CC(=O)OCC2OC(=O)N(CCCCn3cnc(-c4cccnc4)c3)C2CC(=O)CCCC(OC2CCCCO2)C1,182.0
CO[C@H]1C=CO[C@@]2(C)Oc3c(C)c(O)c4c(O)c(c(/C=N/N5CCN(C)CC5)c(O)c4c3C2=O)NC(=O)C(C)=CC=C[C@H](C)[C@H](O)[C@@H](C)[C@H](O)[C@H](C)[C@H](OC(C)=O)[C@@H]1C,O=C1C=CC=CCCCCCCCCC=COC2Oc3ccc4cc(c(C=NN5CCNCC5)cc4c3C2=O)N1,183.0
CO[C@H]1C([C@@]2(C)O[C@@H]2CC=C(C)C)[C@@](C)(O)CC[C@@H]1OC(=O)C=CC=CC=CC=CC(=O)O,C1CCC(C2CO2)CC1,194.5
CC[C@H]1OC(=O)[C@H](C)[C@@H](O[C@@H]2C[C@](C)(OC)[C@H](O)[C@@H](C)O2)[C@H](C)[C@@H](O[C@@H]2O[C@H](C)C[C@H](N(C)C)[C@H]2O)[C@](C)(OC)C[C@@H](C)C(=O)[C@H](C)[C@@H](O)[C@]1(C)O,O=C1CCCCOC(=O)CC(OC2CCCCO2)CC(OC2CCCCO2)CCC1,218.5
CO[C@@H]1[C@@H](O[C@@H]2O[C@H](C)[C@@H](O[C@H]3C[C@@](C)(O)[C@@H](OC(=O)CC(C)C)[C@H](C)O3)[C@H](N(C)C)[C@H]2O)[C@@H](CC=O)C[C@@H](C)[C@@H](O)C=CC=CC[C@@H](C)OC(=O)C[C@H]1OC(C)=O,O=C1CCCC(OC2CCC(OC3CCCCO3)CO2)CCCCC=CC=CCCO1,131.5
CSc1ncnc2c1ncn2[C@@H]1O[C@@H](CO)[C@H](O)[C@H]1O,c1ncc2ncn(C3CCCO3)c2n1,164.0
C[C@H](CCC(=O)NCC(=O)O)[C@@H]1CC[C@H]2[C@@H]3[C@H](O)C[C@H]4C[C@@H](O)CC[C@]4(C)[C@H]3C[C@@H](O)[C@@]21C,C1CCC2C(C1)CCC1C3CCCC3CCC21,166.5
OC[C@@H]1O[C@H](O[C@@]2(CO)O[C@@H](CO)[C@H](O)[C@H]2O)[C@@H](O)[C@H](O)[C@H]1O,C1CCC(OC2CCCO2)OC1,185.5
NC[C@@H]1O[C@H](O[C@@H]2[C@@H](O[C@@H]3O[C@@H](CO)[C@H](O)[C@H]3O)[C@H](O)[C@@H](N)C[C@H]2N)[C@@H](N)[C@H](O)[C@H]1O,C1CCC(OC2CCCCC2OC2CCCO2)OC1,193.5
C[C@@H]1CC=CC=CC=CC=C[C@H](OC2O[C@H](C)[C@@H](O)[C@H](N)[C@@H]2O)C[C@@H]2O[C@](O)(C[C@@H](O)C[C@H]3O[C@@H]3C=CC(=O)O1)C[C@H](O)[C@H]2C(=O)O,O=C1C=CC2OC2CCCC2CCCC(CC(OC3CCCCO3)C=CC=CC=CC=CCCO1)O2,290.0
CC1(C)[C@H]2CC[C@]3(C)[C@@H](C(=O)C=C4[C@@H]5C[C@](C)(C(=O)O)CC[C@@]5(C)CC[C@]43C)[C@]2(C)CC[C@H]1OC(=O)CCC(=O)O,O=C1C=C2C3CCCCC3CCC2C2CCC3CCCCC3C12,292.5
CC(=O)[C@H]1CC[C@H]2[C@@H]3CCC4=CC(=O)CC[C@]4(C)[C@H]3[C@H](O)C[C@]12C,O=C1C=C2CCC3C4CCCC4CCC3C2CC1,222.0
CCC1(CC)C(=O)NC(=S)NC1=O,O=C1CC(=O)NC(=S)N1,180.0
Cc1cnc2cncnc2n1,c1cnc2ncncc2n1,197.0
CCCCC(=O)O[C@]1(C(=O)CO)[C@@H](C)C[C@H]2[C@@H]3CCC4=CC(=O)C=C[C@]4(C)[C@@]3(F)[C@@H](O)C[C@@]21C,O=C1C=CC2C(=C1)CCC1C3CCCC3CCC21,184.0
C=C(Br)CC1(C(C)CC)C(=O)NC(=O)NC1=O,O=C1CC(=O)NC(=O)N1,131.5
CCCCOC(=O)c1ccc(N)cc1,c1ccccc1,58.0
CNC(=O)Oc1cccc2c1OC(C)(C)C2,c1ccc2c(c1)CCO2,151.5
Cc1nnc(SCC2=C(C(=O)O)N3C(=O)[C@@H](NC(=O)Cn4cnnn4)[C@H]3SC2)s1,O=C(Cn1cnnn1)NC1C(=O)N2C=C(CSc3nncs3)CSC12,190.0
CNC1=Nc2ccc(Cl)cc2C(c2ccccc2)=[N+]([O-])C1,C1=Nc2ccccc2C(c2ccccc2)=[NH+]C1,236.0
COC(=O)[C@H]1[C@@H](OC(=O)c2ccccc2)C[C@@H]2CC[C@H]1N2C,O=C(OC1CC2CCC(C1)N2)c1ccccc1,98.0
CN1CCC(=C2c3ccccc3C=Cc3ccccc32)CC1,C1=Cc2ccccc2C(=C2CCNCC2)c2ccccc21,112.8
CC(=O)OCC(=O)[C@H]1CC[C@H]2[C@@H]3CCC4=CC(=O)CC[C@]4(C)[C@H]3CC[C@]12C,O=C1C=C2CCC3C4CCCC4CCC3C2CC1,157.0
CNCCCN1c2ccccc2CCc2ccccc21,c1ccc2c(c1)CCc1ccccc1N2,25.0
O=c1[nH]cnc2c1ncn2[C@H]1CC[C@@H](CO)O1,O=c1[nH]cnc2c1ncn2C1CCCO1,161.5
CC(C)N(CCC(C(N)=O)(c1ccccc1)c1ccccn1)C(C)C,c1ccc(Cc2ccccn2)cc1,94.8
N#CC(CCc1ccc(Cl)cc1)(Cn1cncn1)c1ccccc1,c1ccc(CCC(Cn2cncn2)c2ccccc2)cc1,125.0
O=C(O)Cc1ccccc1Oc1ccc(Cl)cc1Cl,c1ccc(Oc2ccccc2)cc1,135.0
CCC1(c2ccccc2)CCC(=O)NC1=O,O=C1CCC(c2ccccc2)C(=O)N1,87.5
CC1(c2ccccc2)C(=O)NC(=O)NC1=O,O=C1NC(=O)C(c2ccccc2)C(=O)N1,228.5
CN1[C@@H]2CC[C@H]1C[C@@H](OC(=O)[C@H](CO)c1ccccc1)C2,O=C(Cc1ccccc1)OC1CC2CCC(C1)N2,108.5
CC(C(=O)O)c1ccc(N2Cc3ccccc3C2=O)cc1,O=C1c2ccccc2CN1c1ccccc1,212.5
CC(C)c1ccc(NC(=O)N(C)C)cc1,c1ccccc1,158.0
CC(=O)N1CCN(c2ccc(OC[C@H]3CO[C@](Cn4ccnc4)(c4ccc(Cl)cc4Cl)O3)cc2)CC1,c1ccc(C2(Cn3ccnc3)OCC(COc3ccc(N4CCNCC4)cc3)O2)cc1,146.0
CCC1(CC)C(=O)NCC(C)C1=O,O=C1CCNC(=O)C1,75.5
CO[C@@]12[C@H](COC(N)=O)C3=C(C(=O)C(C)=C(N)C3=O)N1C[C@@H]1N[C@@H]12,O=C1C=CC(=O)C2=C1CC1C3NC3CN21,360.0
CCC1(C(C)C)C(=O)NC(=O)NC1=O,O=C1CC(=O)NC(=O)N1,198.0
CCN(CC)CCOC(=O)c1ccc(N)cc1,c1ccccc1,61.0
CN(C)CCCN1c2ccccc2Sc2ccccc21,c1ccc2c(c1)Nc1ccccc1S2,33.0
CNC(=O)Oc1ccccc1OC(C)C,c1ccccc1,91.5
C=CCC1(C(C)CCC)C(=O)NC(=O)NC1=O,O=C1CC(=O)NC(=O)N1,95.0
C=CCC1(C(C)CC)C(=O)NC(=O)NC1=O,O=C1CC(=O)NC(=O)N1,109.0
CN1C(C(=O)Nc2ccccn2)=C(O)c2sccc2S1(=O)=O,O=C(Nc1ccccn1)C1=Cc2sccc2S(=O)(=O)N1,211.0
COCCOc1c(OC)cc(Cc2cnc(N)nc2N)cc1OC,c1ccc(Cc2cncnc2)cc1,154.5
CS(=O)(=O)c1ccc([C@@H](O)[C@@H](CO)NC(=O)C(Cl)Cl)cc1,c1ccccc1,165.3
CSc1ccc2c(c1)N(CCC1CCCCN1C)c1ccccc1S2,c1ccc2c(c1)Sc1ccccc1N2CCC1CCCCN1,73.0
CC(=O)OCC(=O)[C@@]1(O)[C@H](OC(C)=O)C[C@H]2[C@@H]3CCC4=CC(=O)C=C[C@]4(C)[C@@]3(F)[C@@H](O)C[C@@]21C,O=C1C=CC2C(=C1)CCC1C3CCCC3CCC21,235.0
CN1CCN(CCCN2c3ccccc3Sc3ccc(C(F)(F)F)cc32)CC1,c1ccc2c(c1)Sc1ccccc1N2CCCN1CCNCC1,25.0
C=CCC1(CC=C)C(=O)NC(=O)NC1=O,O=C1CC(=O)NC(=O)N1,172.0
CN(C)CCCN1c2ccccc2Sc2ccc(Cl)cc21,c1ccc2c(c1)Nc1ccccc1S2,57.0
C[C@]12CC[C@H]3[C@@H](CCC4=CC(=O)CC[C@@]43C)[C@@H]1CC[C@@H]2C(=O)CO,O=C1C=C2CCC3C4CCCC4CCC3C2CC1,141.5
CC(=O)Nc1c(I)c(NC(C)=O)c(I)c(C(=O)O)c1I,c1ccccc1,300.0
CCOC(=O)c1cncn1C(C)c1ccccc1,c1ccc(Cn2ccnc2)cc1,67.0
O=C(O)CCC(=O)c1ccc(-c2ccccc2)cc1,c1ccc(-c2ccccc2)cc1,186.1
COP(=S)(OC)Oc1cc(Cl)c(Cl)cc1Cl,c1ccccc1,41.0
CC(C)NC(=O)N1CC(=O)N(c2cc(Cl)cc(Cl)c2)C1=O,O=C1CNC(=O)N1c1ccccc1,136.0
COc1ccccc1OCC(O)COC(N)=O,c1ccccc1,93.0
C[C@]12CCC(=O)C=C1CC[C@@H]1[C@@H]2CC[C@@]2(C)[C@H]1CC[C@]2(C)O,O=C1C=C2CCC3C4CCCC4CCC3C2CC1,163.5
O=C1CN(/N=C/c2ccc([N+](=O)[O-])o2)C(=O)N1,O=C1CN(N=Cc2ccco2)C(=O)N1,263.0
CN1CCN(CCCN2c3ccccc3Sc3ccccc32)CC1,c1ccc2c(c1)Sc1ccccc1N2CCCN1CCNCC1,53.0
CCC1(C2=C[C@H]3CC[C@@H](C2)C3)C(=O)NC(=O)NC1=O,O=C1NC(=O)C(C2=CC3CCC(C2)C3)C(=O)N1,213.0
C[C@]12CCC(=O)C[C@@H]1CC[C@@H]1[C@@H]2CC[C@]2(C)[C@@H](O)CC[C@@H]12,O=C1CCC2C(CCC3C4CCCC4CCC23)C1,181.0
CCNc1nc(Cl)nc(NC(C)C)n1,c1ncncn1,172.5
c1ccc(-c2ccc(C(c3ccccc3)n3ccnc3)cc2)cc1,c1ccc(-c2ccc(C(c3ccccc3)n3ccnc3)cc2)cc1,142.0
CS(=O)(=O)OCCCCOS(C)(=O)=O,,116.0
CN(C)[C@@H]1C(O)=C(C(N)=O)C(=O)[C@@]2(O)C(O)=C3C(=O)c4c(O)ccc(Cl)c4[C@@](C)(O)[C@H]3C[C@@H]12,O=C1C2=CC3C(=O)C=CCC3CC2Cc2ccccc21,168.5
C[C@]12C[C@H](O)[C@H]3[C@@H](CCC4=CC(=O)CC[C@@]43C)[C@@H]1CC[C@@H]2C(=O)CO,O=C1C=C2CCC3C4CCCC4CCC3C2CC1,145.0
C[C@]12CCC(=O)C=C1CC[C@@H]1[C@@H]2C(=O)C[C@@]2(C)[C@H]1CC[C@]2(O)C(=O)CO,O=C1C=C2CCC3C4CCCC4CC(=O)C3C2CC1,222.0
CCC1(C2=CCCCC2)C(=O)NC(=O)NC1=O,O=C1NC(=O)C(C2=CCCCC2)C(=O)N1,172.5
CC(=O)OCC(=O)[C@@]1(O)[C@H](C)C[C@H]2[C@@H]3CCC4=CC(=O)C=C[C@]4(C)[C@@]3(F)C(O)C[C@@]21C,O=C1C=CC2C(=C1)CCC1C3CCCC3CCC21,263.0
CC1=Nc2ccc(Cl)cc2S(=O)(=O)N1,O=S1(=O)NC=Nc2ccccc21,327.2
O=C(O)Cc1ccccc1Nc1c(Cl)cccc1Cl,c1ccc(Nc2ccccc2)cc1,157.0
CCOC(=O)NCCOc1ccc(Oc2ccccc2)cc1,c1ccc(Oc2ccccc2)cc1,53.5
C[C@]12CCC(=O)C=C1CC[C@H]1[C@@H]3CC[C@](O)(C(=O)CO)[C@@]3(C)C[C@H](O)[C@@]12F,O=C1C=C2CCC3C4CCCC4CCC3C2CC1,261.0
CN(C)C(=O)Nc1cccc(C(F)(F)F)c1,c1ccccc1,163.5
Cl[C@H]1[C@H](Cl)[C@@H](Cl)[C@@H](Cl)[C@H](Cl)[C@H]1Cl,C1CCCCC1,112.5
CON(C)C(=O)Nc1ccc(Cl)c(Cl)c1,c1ccccc1,93.5
Cc1ccnc2c1NC(=O)c1cccnc1N2C1CC1,O=C1Nc2cccnc2N(C2CC2)c2ncccc21,248.0
CCCCC[C@H](O)/C=C/[C@H]1[C@H](O)CC(=O)[C@@H]1CC=CCCCC(=O)O,O=C1CCCC1,67.0
CC(O)Cn1cnc2c1c(=O)n(C)c(=O)n2C,O=c1[nH]c(=O)c2[nH]cnc2[nH]1,135.5
c1cnc2ncncc2n1,c1cnc2ncncc2n1,139.5
C=C[C@H]1C[N@@]2CC[C@H]1C[C@H]2[C@H](O)c1ccnc2ccc(OC)cc12,c1ccc2c(CC3CC4CCN3CC4)ccnc2c1,177.0
CCC(C)(C)C(=O)O[C@H]1C[C@@H](C)C=C2C=C[C@H](C)[C@H](CC[C@@H]3C[C@@H](O)CC(=O)O3)[C@H]21,O=C1CCCC(CCC2CC=CC3=CCCCC32)O1,136.5
CC1(C)O[C@@H]2C[C@H]3[C@@H]4CCC5=CC(=O)C=C[C@]5(C)[C@@]4(F)[C@@H](O)C[C@]3(C)[C@]2(C(=O)CO)O1,O=C1C=CC2C(=C1)CCC1C2CCC2C1CC1OCOC12,293.0
CN(C)CCCN1c2ccccc2Sc2ccc(C(F)(F)F)cc21,c1ccc2c(c1)Nc1ccccc1S2,25.0
Clc1c(Cl)c(Cl)c2c(c1Cl)Oc1ccccc1O2,c1ccc2c(c1)Oc1ccccc1O2,188.0
COc1ccc(N(CCCC(=O)O)C(=O)c2ccc(Cl)cc2)cc1,O=C(Nc1ccccc1)c1ccccc1,115.5
CC1CCC(C)C1C,C1CCCC1,-112.0
CC1CC(C)CC(C)C1,C1CCCCC1,-107.4
CC1CCCCC1(C)C,C1CCCCC1,-29.0
Clc1c(Cl)c(Cl)c2c(oc3ccccc32)c1Cl,c1ccc2c(c1)oc1ccccc12,169.0
CCSCc1ccccc1OC(=O)NC,c1ccccc1,33.4
OC1CCC(Cl)CC1,C1CCCCC1,82.5
Clc1cc2c(cc1Cl)Oc1ccccc1O2,c1ccc2c(c1)Oc1ccccc1O2,163.0
CCCCCCCCCCCCC(O)CCC,,49.5
CCN(CC)c1nc(C)cc(OP(=S)(OC)OC)n1,c1cncnc1,15.0
ClC1CC2CCC1C2,C1CC2CCC1C2,-5.0
Cc1cccc(N2CC(CO)OC2=O)c1,O=C1OCCN1c1ccccc1,76.0
COC(=O)N(C)C(=O)CSP(C)(=S)OC,,36.0
CCCN(CCC)c1c([N+](=O)[O-])cc(C(F)(F)F)c(N)c1[N+](=O)[O-],c1ccccc1,124.0
CCN(CC)c1c([N+](=O)[O-])cc(C(F)(F)F)c(N)c1[N+](=O)[O-],c1ccccc1,98.0
O=[N+]([O-])c1cc([N+](=O)[O-])c2c([N+](=O)[O-])cc([N+](=O)[O-])cc2c1,c1ccc2ccccc2c1,207.0
Cc1ccsc1C,c1ccsc1,-49.0
CCN(CC)C(=O)SCc1ccc(Cl)cc1,c1ccccc1,3.3
C=Cc1c(Cl)cccc1Cl,c1ccccc1,89.0
O=C(OCC1(COC(=O)c2cccnc2)CCCC(COC(=O)c2cccnc2)(COC(=O)c2cccnc2)C1O)c1cccnc1,O=C(OCC1(COC(=O)c2cccnc2)CCCC(COC(=O)c2cccnc2)(COC(=O)c2cccnc2)C1)c1cccnc1,178.5
FC(F)(F)C(F)(F)C(F)(F)I,,-95.0
CC(C)CCCCCOC(=O)c1ccccc1C(=O)OCCCCCC(C)C,c1ccccc1,-4.0
CCC1(c2ccccc2)C(=O)N(COC)C(=O)N(COC)C1=O,O=C1NC(=O)C(c2ccccc2)C(=O)N1,117.0
CCCc1cccc2ccccc12,c1ccc2ccccc2c1,-8.6
CNc1cnn(-c2cccc(C(F)(F)F)c2)c(=O)c1Cl,O=c1cccnn1-c1ccccc1,184.0
CCCCCCCCCCC(O)CCC,,38.0
ClC1=C(Cl)C2(Cl)C3C4OC4(Cl)C(Cl)C3C1(Cl)C2(Cl)Cl,C1=CC2CC1C1CC3OC3C21,144.0
CC(C)CCCCCCCOC(=O)CCCCC(=O)OCCCCCCCC(C)C,,27.4
OC1(c2ccc(Cl)c(C(F)(F)F)c2)CCN(CCCC(c2ccc(F)cc2)c2ccc(F)cc2)CC1,c1ccc(C2CCN(CCCC(c3ccccc3)c3ccccc3)CC2)cc1,106.0
CC(=O)OCC(O)CO,,-78.0
CCCCCCC(C)CCCCCC,,-37.2
CCCN(CC1CC1)c1c([N+](=O)[O-])cc(C(F)(F)F)cc1[N+](=O)[O-],c1ccc(NCC2CC2)cc1,32.3
CCNc1nc(NC(C)CC)nc(OC)n1,c1ncncn1,87.0
CCOC1Oc2ccc(OS(C)(=O)=O)cc2C1(C)C,c1ccc2c(c1)CCO2,71.0
FC(Cl)C(F)Cl,,-101.2
CCCCCCCCCCOC(=O)c1ccccc1C(=O)OCCCCCC,c1ccccc1,-4.0
CNC(=O)N(C)c1nnc(C(F)(F)F)s1,c1nncs1,136.5
COCC(C)OCC(C)OC(C)CO,,-77.8
CC(C)CCCCCCCO,,5.0
Cc1ccc(Cl)cc1C,c1ccccc1,-6.0
CCSC(=O)COc1ccc(Cl)cc1C,c1ccccc1,41.5
CCOP(=S)(NC(C)C)Oc1ccccc1C(=O)OC(C)C,c1ccccc1,-12.0
Cc1cc(Cl)cc(Cl)c1,c1ccccc1,26.0
C=C(C)C(=O)CC,,-69.5
CC1=C(C(=O)Nc2ccccc2)CCCO1,O=C(Nc1ccccc1)C1=COCCC1,110.5
CCOP(=S)(OCC)Oc1ncn(-c2ccccc2)n1,c1ccc(-n2cncn2)cc1,3.5
C#CC(C)(C)NC(=O)c1cc(Cl)cc(Cl)c1,c1ccccc1,155.0
CCCCc1c(C)nc(NCC)nc1O,c1cncnc1,160.0
CCCCCC(O)CCCCC,,25.0
CCOP(=S)(OCC)Oc1cc(C)nc(N(CC)CC)n1,c1cncnc1,15.0
CCCCOCN(C(=O)CCl)c1c(CC)cccc1CC,c1ccccc1,-2.8
Cc1nc(N(C)C)nc(OC(=O)N(C)C)c1C,c1cncnc1,90.5
CCNc1nc(NC(C)C(C)C)nc(SC)n1,c1ncncn1,65.0
O=C(Cn1ccnc1[N+](=O)[O-])NCc1ccccc1,O=C(Cn1ccnc1)NCc1ccccc1,189.0
Cc1ccc2c(-c3ccccc3)nc(=O)n(C(C)C)c2c1,O=c1nc(-c2ccccc2)c2ccccc2[nH]1,137.5
CCc1cccc(C(C)=O)c1,c1ccccc1,-20.0
O=C(Nc1ccc(Oc2ccc(Cl)cc2)c(Cl)c1)c1cc(I)cc(I)c1O,O=C(Nc1ccc(Oc2ccccc2)cc1)c1ccccc1,169.0
O=C(O)c1ccc(C(=O)O)c2c(C(=O)O)ccc(C(=O)O)c12,c1ccc2ccccc2c1,320.0
Cc1ccc(Nc2ccc(Nc3ccc(C)cc3)c3c2C(=O)c2ccccc2C3=O)cc1,O=C1c2ccccc2C(=O)c2c(Nc3ccccc3)ccc(Nc3ccccc3)c21,218.0
O=C1c2ccccc2-c2ccc3c4c(ccc1c24)-c1ccccc1C3=O,O=C1c2ccccc2-c2ccc3c4c(ccc1c24)-c1ccccc1C3=O,385.0
Nc1ccc(S(=O)(=O)Nc2ccccc2)cc1,O=S(=O)(Nc1ccccc1)c1ccccc1,200.0
C=CC(=C)Cl,,-130.0
CCCC1OC1(CC)C(N)=O,C1CO1,90.0
O=P(OCC(Br)CBr)(OCC(Br)CBr)OCC(Br)CBr,,5.5
O=[N+]([O-])C(CO)(CO)CO,,214.0
O=CC12CC=CCC1C1CC=CCC1O2,C1=CCC2C(C1)OC1CC=CCC12,-80.0
CC1(C)C(=O)N(Br)C(=O)N1Cl,O=C1CNC(=O)N1,163.5
C=CC1(C)CC(OC(=O)CO)C2(C)C(C)CCC3(CCC(=O)C32)C(C)C1O,O=C1CCC23CCCCCC(CCC2)C13,170.5
FC(Br)C(F)(F)F,,-80.0
FC(F)(Br)C(F)(F)Br,,-110.4
CCCCCCCCCCCCCCCCCC(N)=O,,109.0
O=C(O)CSCC(=O)O,,129.0
CCCCCCCCCCCCCCCCCC(=O)OCCCC,,27.0
CCCCCCCCOC(=O)CCCCC(=O)OCCCCCCCC,,-70.0
O=C(O)CS(=O)(=O)O,,85.0
O=C(O)CCC(=O)OOC(=O)CCC(=O)O,,127.0
CCCCCCCCCCCCOC(=O)CCSCCC(=O)OCCCCCCCCCCCC,,41.0
C=COC(=O)CCC,,116.7
CC(=O)Oc1ccccc1,c1ccccc1,-30.0
CCCCC(CC)COC(=O)CCCCCCCCC(=O)OCC(CC)CCCC,,-48.0
CN(C)C(=O)OC1=CC(=O)CC(C)(C)C1,O=C1C=CCCC1,45.5
COP(=S)(OC)Oc1ccc([N+](=O)[O-])c(C)c1,c1ccccc1,3.4
CCc1ccc2c(c1)CCCC2,c1ccc2c(c1)CCCC2,-70.0
O=[N+]([O-])c1ccc2c(c1)-c1ccc([N+](=O)[O-])c3cccc-2c13,c1ccc2c(c1)-c1cccc3cccc-2c13,223.0
CCCCCCC(O)C1C2=C(CC(C(O)C3CC=CC(=O)O3)CC3=C(C(=O)OC3=O)C1O)C(O)OC2=O,O=C1C=CCC(CC2CC3=C(CCC4=C(C2)C(=O)OC4=O)C(=O)OC3)O1,214.0
CCOP(=O)(NC(C)C)Oc1ccc(SC)c(C)c1,c1ccccc1,49.0
CCC(O)CNCC(O)CC,,69.0
CCCCCCC(O)C1C2=C(CC(C(O)C3CC=CC(=O)O3)CC3=C(C(=O)OC3=O)C1O)C(=O)OC2=O,O=C1C=CCC(CC2CC3=C(CCC4=C(C2)C(=O)OC4=O)C(=O)OC3=O)O1,170.5
CC(C)C(c1ccccc1)C(C)C,c1ccccc1,-24.5
CCNc1nc(Cl)nc(NC(C)(C)C#N)n1,c1ncncn1,168.0
COP(=S)(Oc1cc(Cl)c(Br)cc1Cl)c1ccccc1,S=[PH](Oc1ccccc1)c1ccccc1,70.4
CC1Cc2ccccc2CC1C,c1ccc2c(c1)CCCC2,-5.0
CC(CN1CC(=O)NC(=O)C1)N1CC(=O)NC(=O)C1,O=C1CN(CCN2CC(=O)NC(=O)C2)CC(=O)N1,238.0
C#CC(C)N(C(=O)CCl)c1ccccc1,c1ccccc1,43.5
CSc1nnc(C(C)(C)C)c(=O)n1N,O=c1cnnc[nH]1,126.0
O=CNC(Nc1ccc(Cl)c(Cl)c1)C(Cl)(Cl)Cl,c1ccccc1,135.0
CCCCCCCCSC#N,,105.0
COc1ccc(NC(=O)N(C)C)cc1Cl,c1ccccc1,126.5
CCCCCCCCCCCCCCCCCC1CCCCC1,C1CCCCC1,38.0
CC(C)Oc1cc(-n2nc(C(C)(C)C)oc2=O)c(Cl)cc1Cl,O=c1ocnn1-c1ccccc1,90.0
CCSC(=O)NCCCN(C)C,,120.5
Clc1cc2c(c(Cl)c1Cl)Oc1c(cc(Cl)c(Cl)c1Cl)O2,c1ccc2c(c1)Oc1ccccc1O2,243.0
Cc1c([N+](=O)[O-])cc(N)cc1[N+](=O)[O-],c1ccccc1,171.0
Cc1ccc(C)c(OP(=O)(Oc2cc(C)ccc2C)Oc2cc(C)ccc2C)c1,O=P(Oc1ccccc1)(Oc1ccccc1)Oc1ccccc1,79.8
CCCN(CCC)c1c([N+](=O)[O-])cc(S(N)(=O)=O)cc1[N+](=O)[O-],c1ccccc1,141.0
CCCOc1ccc(O)cc1,c1ccccc1,56.5
CC(C)COC(=O)c1ccc(C(=O)OCC(C)C)cc1,c1ccccc1,55.0
CNC(=O)N(C)c1nc2ccccc2s1,c1ccc2scnc2c1,120.0
CCCCCCCCCCCCCCCCCCCC(=O)OCC,,50.0
CC1=CC(=O)C2CC1C2(C)C,O=C1C=CC2CC1C2,9.8
CC(C)OC(=O)C(O)(c1ccc(Br)cc1)c1ccc(Br)cc1,c1ccc(Cc2ccccc2)cc1,77.0
COP(=S)(OC)Oc1cc(Cl)c(I)cc1Cl,c1ccccc1,72.5
O=C(O)Cc1sc(-c2ccccc2)nc1-c1ccc(Cl)cc1,c1ccc(-c2csc(-c3ccccc3)n2)cc1,161.5
Cc1c(Cl)cccc1Nc1ncccc1C(=O)O,c1ccc(Nc2ccccn2)cc1,234.0
O=C1c2ccccc2C(=O)N1SC1CCCCC1,O=C1c2ccccc2C(=O)N1SC1CCCCC1,92.6
Nc1c(Oc2ccccc2)cc(O)c2c1C(=O)c1ccccc1C2=O,O=C1c2ccccc2C(=O)c2cc(Oc3ccccc3)ccc21,185.0
CC(C)(C)C(=O)CC(=O)C(F)(F)C(F)(F)C(F)(F)F,,38.0
CC(C)OC(C)(C)C,,-88.0
COc1c2ccoc2cc2oc(COC3OC(CO)C(O)C(O)C3O)cc(=O)c12,O=c1cc(COC2CCCCO2)oc2cc3occc3cc12,179.0
CCC(O)C(CC(C)N(C)C)(c1ccccc1)c1ccccc1,c1ccc(Cc2ccccc2)cc1,127.0
CCN(CC)CCn1cnc2c1c(=O)n(C)c(=O)n2C,O=c1[nH]c(=O)c2[nH]cnc2[nH]1,75.0
CC(C)(C)c1cccc2ccccc12,c1ccc2ccccc2c1,-11.3
O=C(CCl)C(Cl)(Cl)Cl,,65.0
Cc1ncc([N+](=O)[O-])n1CC(O)CCl,c1c[nH]cn1,77.5
COc1cc(Cl)c(Cl)c(Cl)c1OC,c1ccccc1,66.0
CN(C)O,,108.0
CC(CCC(=O)O)c1ccccc1,c1ccccc1,13.0
CN(C)C(=S)Cl,,42.5
Cc1ccc(CO)c(C)c1,c1ccccc1,22.0
CCNC(=O)C(C)OC(=O)Nc1ccccc1,c1ccccc1,119.0
Clc1cnc(Cl)c(Cl)c1,c1ccncc1,49.0
CC(=O)N(CC(C)C(=O)O)c1c(I)cc(I)c(N)c1I,c1ccccc1,224.0
Oc1ccc(Cl)c(Cl)c1Cl,c1ccccc1,83.5
Clc1cc(Cl)c(-c2ccccc2)cc1Cl,c1ccc(-c2ccccc2)cc1,76.3
Cc1ccc(NC(=O)N(C)C)cc1Cl,c1ccccc1,148.1
CCP(CC)CC,,-88.0
CC(=O)NC(C(=O)O)C(C)(C)S,,183.0
O=[N+]([O-])c1ccc(Oc2ccc(C(F)(F)F)cc2[N+](=O)[O-])cc1,c1ccc(Oc2ccccc2)cc1,94.0
O=C(Nc1ccccc1)c1ccccc1I,O=C(Nc1ccccc1)c1ccccc1,137.0
CCN(CC)C(=O)C(C)Oc1cccc2ccccc12,c1ccc2ccccc2c1,75.0
CC(C)CC(C)(C)CC(C)(C)CC(C)(C)C,,-98.0
CCCCC(=O)OC1(C(=O)CO)CCC2C3CCC4=CC(=O)C=CC4(C)C3C(O)CC21C,O=C1C=CC2C(=C1)CCC1C3CCCC3CCC21,211.5
ClC(Cl)C(Cl)C(Cl)Cl,,-10.0
O=C1OC2(c3ccccc31)c1cc(Br)c(O)c(Br)c1Oc1c2cc(Br)c(O)c1Br,O=C1OC2(c3ccccc3Oc3ccccc32)c2ccccc21,295.0
CCCCCCCCCCOc1c(OC)cc(C(N)=O)cc1OC,c1ccccc1,121.5
CC(C)c1ncc([N+](=O)[O-])n1C,c1c[nH]cn1,60.0
Cc1ccccc1Oc1cccnn1,c1ccc(Oc2cccnn2)cc1,78.0
CC(=O)Oc1c(I)cc(I)cc1C(=O)Nc1ccc(Cl)cc1,O=C(Nc1ccccc1)c1ccccc1,215.5
CC(=O)OCC(=O)C12N=C(C)OC1CC1C3CCC4=CC(=O)C=CC4(C)C3C(O)CC12C,O=C1C=CC2C(=C1)CCC1C2CCC2C1CC1OC=NC12,256.0
Oc1c(Br)cc(Br)c(Br)c1Br,c1ccccc1,113.5
CC(C)C(C)C(=O)O,,-1.5
CCOC(=O)NC(C)(C)Cc1ccc(Cl)cc1,c1ccccc1,52.75
O=C(Oc1ccccc1)n1c(C(F)(F)F)nc2cc(Cl)c(Cl)cc21,O=C(Oc1ccccc1)n1cnc2ccccc21,103.0
CCCCCCCCCCCCCCCCCCCCCCCCCCCCCCCCCC,,72.6
CCCCCCCCCCCCCCCCC(=O)OCC,,28.0
CC(=O)Oc1ccc(C2(c3ccc(OC(C)=O)cc3)Oc3ccccc3NC2=O)cc1,O=C1Nc2ccccc2OC1(c1ccccc1)c1ccccc1,190.0
CCCCc1cc2c(O)c(C(=O)OC)cnc2cc1OCc1ccccc1,c1ccc(COc2ccc3cccnc3c2)cc1,287.5
CCCCC(C)C(C)C,,-116.0
CC(=O)Oc1cccc2c1C(=O)c1c(OC(C)=O)cc(C(=O)O)cc1C2=O,O=C1c2ccccc2C(=O)c2ccccc21,217.5
O=P(OC(CCl)CCl)(OC(CCl)CCl)OC(CCl)CCl,,27.0
CC(=O)OC1(C(C)=O)CCC2C3C=C(Cl)C4=CC(=O)C=CC4(C)C3CCC21C,O=C1C=CC2C(=C1)C=CC1C3CCCC3CCC21,168.0
CC(CCl)OP(=O)(OC(C)CCl)OC(C)CCl,,-40.0
OCCN(CCO)c1nc(N2CCCCC2)c2nc(N(CCO)CCO)ncc2n1,c1nc(N2CCCCC2)c2ncncc2n1,157.5
Brc1c(Br)c(Br)c(-c2c(Br)c(Br)c(Br)c(Br)c2Br)c(Br)c1Br,c1ccc(-c2ccccc2)cc1,375.0
CCOP(=S)(OCC)Oc1cnc2ccccc2n1,c1ccc2nccnc2c1,31.5
CCC(O)CN,,3.0
CC(C)(C)C1CCCCC1O,C1CCCCC1,45.0
CC(CC(C)(C)C)CC(C)(C)C,,-67.0
CCOC(=O)c1cn2nc(OP(=S)(OCC)OCC)cc2nc1C,c1cnc2ccnn2c1,51.0
CCCCNCC,,-78.0
CON(C)C(=O)Nc1ccc(Br)c(Cl)c1,c1ccccc1,96.0
CN(CC(=O)O)N=O,,66.5
[O-][S+]1CCC1,C1C[SH+]C1,31.5
CCOP(=S)(OCC)SCSC(C)(C)C,,-29.2
CCOP(=S)(Oc1ccc(C#N)cc1)c1ccccc1,S=[PH](Oc1ccccc1)c1ccccc1,83.0
Clc1ccccc1-c1ccccc1Cl,c1ccc(-c2ccccc2)cc1,61.5
CCCCCCCOc1ccc(O)cc1,c1ccccc1,61.5
Clc1ccc(C(Cl)(Cl)Cl)cc1Cl,c1ccccc1,25.8
COc1ccc(C(O)(c2cncnc2)C2CC2)cc1,c1ccc(C(c2cncnc2)C2CC2)cc1,110.5
CCOc1cc(/N=N/c2cc([N+](=O)[O-])cc([N+](=O)[O-])c2Br)c(NC(C)=O)cc1N(CCOC(C)=O)CCOC(C)=O,c1ccc(N=Nc2ccccc2)cc1,157.0
O=[N+]([O-])[N+](=O)[O-],,-9.3
CCOC(=O)CCCOc1ccc(Cl)cc1C,c1ccccc1,-1.0
CN1C(=O)CN=C(C2=CCCCC2)c2cc(Cl)ccc21,O=C1CN=C(C2=CCCCC2)c2ccccc2N1,144.0
CCOP(=S)(OCC)SC(CCl)N1C(=O)c2ccccc2C1=O,O=C1NC(=O)c2ccccc21,68.0
CC12CCC(C(=O)C1)C2(C)C,O=C1CC2CCC1C2,186.5
C1CCN(SSN2CCCCC2)CC1,C1CCN(SSN2CCCCC2)CC1,64.2
O=P(Cl)(Cl)Cl,,1.25
Cc1cc(O)no1,c1cnoc1,86.5
CCC(CC)COC(=O)CCCCC(=O)OCC(CC)CC,,-15.0
CCCCCCCCCCCCCCCCCC(=O)OCCO,,60.5
COC(=O)Nc1cccc(OC(=O)Nc2cccc(C)c2)c1,O=C(Nc1ccccc1)Oc1ccccc1,143.0
CCOC(=O)Nc1cccc(OC(=O)Nc2ccccc2)c1,O=C(Nc1ccccc1)Oc1ccccc1,120.0
CC(C)Nc1nc(Cl)nc(NC2CC2)n1,c1ncnc(NC2CC2)n1,167.0
CC(O)CN(CC(C)O)CC(C)O,,45.0
ClC=CCCl,,-50.0
CCCCCCCCCCCCCCCCCC(=O)OCC(O)CO,,74.0
ClOCl,,-120.6
CCOCCC(OCC)OCC,,53.0
BrP(Br)Br,,-41.5
C=C(C)C1CCC(C)CC1O,C1CCCCC1,78.0
[N-]=[N+]=N,,-80.0
ClCl,,-101.0
CCN1CN(CC)CN(CC)C1,C1NCNCN1,70.0
C=C(C)C1CCC(C)C(=O)C1,O=C1CCCCC1,-11.0
ClP(Cl)Cl,,-93.6
CCC(=O)c1ccc2c(c1)N(CCCN(C)C)c1ccccc1S2,c1ccc2c(c1)Nc1ccccc1S2,69.5
Cc1cccc2ncccc12,c1ccc2ncccc2c1,19.0
CC(C)(C)OCC1CO1,C1CO1,-70.0
N#Cc1nc(C#N)nc(C#N)n1,c1ncncn1,119.0
ClC#CCl,,-66.0
C=Cc1ccccc1CC,c1ccccc1,-75.5
C=Cc1cccc(CC)c1,c1ccccc1,-101.0
C[C@H]1CCCC[C@H]1O,C1CCCCC1,7.0
C[C@@H]1CCCC[C@H]1O,C1CCCCC1,-21.0
CCc1ccccc1-n1c(C)nc2ccccc2c1=O,O=c1c2ccccc2ncn1-c1ccccc1,81.0
Cc1ccc(-c2cccc(C)c2)cc1,c1ccc(-c2ccccc2)cc1,14.5
CCCCCCCC(=O)NO,,78.75
Cc1ccc(Cl)c(Cl)c1Cl,c1ccccc1,43.5
CC(C)(C#N)C#N,,31.5
O=[N+]([O-])OCC(O[N+](=O)[O-])C(CO[N+](=O)[O-])O[N+](=O)[O-],,61.0
Cc1cnc2ccccc2n1,c1ccc2nccnc2c1,180.5
CCCC(C)(C)C(=O)Nc1ccc(Cl)cc1,c1ccccc1,87.5
COc1cc2c(c3oc(=O)c4c(c13)CCOC4=O)C1CCOC1O2,O=C1OCCc2c1c(=O)oc1c3c(ccc21)OC1OCCC31,238.5
COc1cc2c(c3oc(=O)c4c(c13)CCC4=O)C1CCOC1O2,O=C1CCc2c1c(=O)oc1c3c(ccc21)OC1OCCC31,287.5
NC(=O)C1c2ccccc2CCc2ccccc21,c1ccc2c(c1)CCc1ccccc1C2,193.5
O=C1COc2ccccc21,O=C1COc2ccccc21,102.5
Cc1cc(O)c([N+](=O)[O-])cc1Cl,c1ccccc1,133.0
CCCCCCCCCCCCCCC(=O)OC,,18.5
O=[N+]([O-])N1CCCCC1,C1CCNCC1,-5.5
CCCCCCCCCCCCOP(=O)(O)OCCCCCCCCCCCC,,59.0
CN(C)C(C)(C)CO,,19.0
CCOP(C)(=S)OCC,,-84.4
CNC(=O)Oc1ccccc1C1OCCO1,c1ccc(C2OCCO2)cc1,114.5
OCCSCCCCCCCCCCSCCO,,69.5
CC(C)OC(=O)CCCCC(=O)OC(C)C,,-1.1
C[C@@H]1CCCC[C@H]1C,C1CCCCC1,-90.0
CCC(C)OC(C)CC,,-100.0
CCCCCCC(O)CCCCC,,30.0
CCCCCCCCCCCCCCCCC1CCCCC1,C1CCCCC1,33.6
CCC(C)OC,,-100.0
N#CCCN(CCO)c1ccc(/N=N/c2ccc([N+](=O)[O-])cc2Cl)cc1,c1ccc(N=Nc2ccccc2)cc1,157.0
CCCCCCCCCCCCCCCCCCCCCC1CCCC1,C1CCCC1,42.0
Cc1cc(Cl)c(Cl)cc1Cl,c1ccccc1,82.4
O=[N+]([O-])c1cncn1CCN1CCOCC1,c1cn(CCN2CCOCC2)cn1,110.5
C1CCC(N2CCOCC2)CC1,C1CCC(N2CCOCC2)CC1,52.5
CCCCC(CC)COC(=O)c1ccc(C(=O)OCC(CC)CCCC)cc1,c1ccccc1,-48.0
Cc1cc([N+](=O)[O-])c(N)c([N+](=O)[O-])c1,c1ccccc1,171.5
C=CCN(CC=C)c1c(C)cc(OC(=O)NC)cc1C,c1ccccc1,67.0
O=C(O)COc1ccc(Cl)cc1CO,c1ccccc1,141.0
CCCCCCOC(=O)CCCCC,,-55.0
Nc1cccc2c1Cc1ccccc1-2,c1ccc2c(c1)Cc1ccccc1-2,125.5
COc1ccccc1/N=N/c1ccccc1,c1ccc(N=Nc2ccccc2)cc1,41.0
COS(=O)(=O)c1ccc([N+](=O)[O-])cc1,c1ccccc1,94.0
CN(CCO)c1ccc(/N=N/c2c(Cl)cc([N+](=O)[O-])cc2Cl)cc1,c1ccc(N=Nc2ccccc2)cc1,127.0
CC(CC(C(N)=O)(c1ccccc1)c1ccccc1)N(C)C,c1ccc(Cc2ccccc2)cc1,137.0
CC(C)Nc1nc(N)nc(Cl)n1,c1ncncn1,133.0
C1CCC(CCCCC2CCCCC2)CC1,C1CCC(CCCCC2CCCCC2)CC1,12.0
Cc1cc(Cl)ccc1/N=C/N(C)C,c1ccccc1,35.0
CC(C)c1cccc2ccccc12,c1ccc2ccccc2c1,-16.0
COc1cc(Cl)c(Cl)cc1Cl,c1ccccc1,77.5
CN1CCc2c(c3ccccc3n2Cc2ccccc2)C1,c1ccc(Cn2c3c(c4ccccc42)CNCC3)cc1,95.0
Cc1cccc2cc3ccc4ccccc4c3cc12,c1ccc2cc3c(ccc4ccccc43)cc2c1,118.0
c1ccc(Cn2cncn2)cc1,c1ccc(Cn2cncn2)cc1,49.0
Cc1cc(N(CCO)CCC#N)ccc1/N=N/c1ccc([N+](=O)[O-])cc1,c1ccc(N=Nc2ccccc2)cc1,156.0
O=c1cccc2n1CC1CNCC2C1,O=c1cccc2n1CC1CNCC2C1,152.5
CCCCNCC(=O)Nc1c(C)cccc1Cl,c1ccccc1,45.5
CCCCCCCCCCCCCCCC1CCCCC1,C1CCCCC1,29.0
CCCCCCCCCCCCCC1CCCCC1,C1CCCCC1,18.5
C=C(C)C1CC=C(C)CC1,C1=CCCCC1,-74.3
CN1CCc2cc3c(cc2C1)OCO3,c1c2c(cc3c1OCO3)CNCC2,66.0
Nc1cc2ccccc2cc1C(=O)O,c1ccc2ccccc2c1,216.5
CCNc1nc(Cl)nc(NC(C)(C)C)n1,c1ncncn1,178.0
CCCCCCCCCCCCCCCCCCCCCC(=O)OCC,,50.0
Cc1[nH]c(=O)n(C(C)(C)C)c(=O)c1Cl,O=c1cc[nH]c(=O)[nH]1,176.0
CCC(N)C(O)c1ccccc1,c1ccccc1,79.5
CN(C)c1ccc(O)cc1,c1ccccc1,77.0
CC(C)OC(=O)C(O)(c1ccc(Cl)cc1)c1ccc(Cl)cc1,c1ccc(Cc2ccccc2)cc1,73.0
CCn1c(C)nc2ccccc21,c1ccc2[nH]cnc2c1,51.0
CCCCCCCCCCCCCCCCCCCCCCCCCC(=O)OC,,63.8
N#CC(Br)c1ccccc1,c1ccccc1,29.0
O=c1ccc(=O)[nH][nH]1,O=c1ccc(=O)[nH][nH]1,306.0
N#CCN(CC#N)CCN(CC#N)CC#N,,128.0
CC(=O)CC(=O)C(=O)O,,99.5
CN(C)c1ccccn1,c1ccncc1,182.0
CCOc1ccc(Cc2nc(C)cc3cc(OC)c(OC)cc23)cc1OC,c1ccc(Cc2nccc3ccccc23)cc1,124.5
CCCCCC#CC(=O)O,,4.0
CCN(CC)CC(=O)OCC(=O)C1(O)CCC2C3CCC4=CC(=O)C=CC4(C)C3C(O)CC21C,O=C1C=CC2C(=C1)CCC1C3CCCC3CCC21,176.0
Nc1cc(F)c(F)c(F)c1F,c1ccccc1,28.0
COP(=S)(OC)Oc1nc(Cl)c(Cl)cc1Cl,c1ccncc1,43.0
O=c1c(I)cn(CC(O)CO)cc1I,O=c1cc[nH]cc1,161.0
CCOCCN(Cc1ccc(CN(CCOCC)C(=O)C(Cl)Cl)cc1)C(=O)C(Cl)Cl,c1ccccc1,140.0
O=[N+]([O-])c1ccc2ccc3cccc4ccc1c2c34,c1cc2ccc3cccc4ccc(c1)c2c34,155.0
CCOC(=O)c1cnc2cc(OCC(C)C)c(OCC(C)C)cc2c1O,c1ccc2ncccc2c1,289.5
CCC(C)c1cccc(C(C)CC)c1O,c1ccccc1,-42.0
CCCCCCC(=O)OCCCC,,-67.5
C[C@H]1CCC[C@@H](O)C1,C1CCCCC1,-5.5
CC1CC(C)CC(O)C1,C1CCCCC1,11.6
O=[N+]([O-])c1ccc2c(c1)Cc1cc([N+](=O)[O-])ccc1-2,c1ccc2c(c1)Cc1ccccc1-2,334.0
CC(Br)C(C)Br,,-24.0
O=C(CCc1ccccc1)CCc1ccccc1,O=C(CCc1ccccc1)CCc1ccccc1,13.5
NC(=O)OCCO,,43.0
CC1(C(=O)O)CCC(C(=O)O)C1(C)C,C1CCCC1,187.0
Nc1c([N+](=O)[O-])cc(Cl)cc1[N+](=O)[O-],c1ccccc1,147.0
c1ccc2c(c1)-c1cc3ccccc3c3cc4ccccc4c-2c13,c1ccc2c(c1)-c1cc3ccccc3c3cc4ccccc4c-2c13,232.0
CC1CCCC(C)C1O,C1CCCCC1,32.5
CCOc1cccc2ccccc12,c1ccc2ccccc2c1,5.5
Oc1ccc2ccc3cccc4ccc1c2c34,c1cc2ccc3cccc4ccc(c1)c2c34,180.0
O=C(O)CC1CCCCC1,C1CCCCC1,33.0
N#CSc1ccccc1,c1ccccc1,-21.0
CC1=C(C(=O)Nc2ccccc2)S(=O)(=O)CCO1,O=C(Nc1ccccc1)C1=COCCS1(=O)=O,120.0
CC1=C(C(=O)Nc2ccccc2)SCCO1,O=C(Nc1ccccc1)C1=COCCS1,91.5
O=C(O)CONC(=O)c1ccccc1,c1ccccc1,140.0
CCCCc1c(C)nc(N(C)C)nc1O,c1cncnc1,102.0
CCSC(C)C,,-122.2
O=[N+]([O-])c1cc(S(=O)(=O)Nc2ccccc2)ccc1Nc1ccccc1,O=S(=O)(Nc1ccccc1)c1ccc(Nc2ccccc2)cc1,156.0
CC(=O)Nc1ccc(OC(=O)c2ccccc2OC(C)=O)cc1,O=C(Oc1ccccc1)c1ccccc1,175.0
c1ccc2sc(SN(C3CCCCC3)C3CCCCC3)nc2c1,c1ccc2sc(SN(C3CCCCC3)C3CCCCC3)nc2c1,99.75
Cc1cccc(O)c1[N+](=O)[O-],c1ccccc1,37.0
CCC1=C(C[C@H]2NCCc3cc(OC)c(OC)cc32)C[C@H]2c3cc(OC)c(OC)cc3CCN2C1,C1=C(CC2NCCc3ccccc32)CC2c3ccccc3CCN2C1,95.0
Oc1cc(Cl)c(Cl)c(Cl)c1Cl,c1ccccc1,116.5
CCCCCCCCOC(=O)CCCCC,,-28.0
O=C1CCCC1C1CCCC1,O=C1CCCC1C1CCCC1,-13.0
C1CSCS1,C1CSCS1,-50.0
CCCN(CCC)c1c([N+](=O)[O-])cc(S(C)(=O)=O)cc1[N+](=O)[O-],c1ccccc1,150.0
Cc1ccc(C(C)C)c(C)c1,c1ccccc1,-82.0
C1CCC(OC2CCCCC2)CC1,C1CCC(OC2CCCCC2)CC1,-36.0
O=C1c2cc3ccccc3cc2-c2ccc3ccccc3c21,O=C1c2cc3ccccc3cc2-c2ccc3ccccc3c21,214.0
O=[N+]([O-])c1ccc(/N=N/c2ccc(N(CCO)CCO)cc2Cl)cc1,c1ccc(N=Nc2ccccc2)cc1,190.0
CC(C#N)CCC#N,,-45.0
CN(C)CCCNc1c2ccccc2nc2cccc([N+](=O)[O-])c12,c1ccc2nc3ccccc3cc2c1,134.5
Oc1c(Cl)cc(Cl)cc1Br,c1ccccc1,68.0
O=C1c2ccccc2C(=O)c2c(NCCO)ccc(NCCO)c21,O=C1c2ccccc2C(=O)c2ccccc21,248.0
CCCC(CC)c1ccccc1,c1ccccc1,-55.4
O=C1c2ccccc2C(=O)c2c(NCCO)cccc21,O=C1c2ccccc2C(=O)c2ccccc21,168.0
CCCCCCCCCCCCCCCCCCC1CCCCC1,C1CCCCC1,41.6
CCCCCCCCCCCCCCCCCCCCC1CCCCC1,C1CCCCC1,48.5
c1coc(CSSCc2ccco2)c1,c1coc(CSSCc2ccco2)c1,10.0
Cc1ccc(-c2ccccc2)cc1C,c1ccc(-c2ccccc2)cc1,29.5
CC1CCOS(=O)O1,O=S1OCCCO1,5.0
O=C1OC(OC2OC(=O)C(Cl)=C2Cl)C(Cl)=C1Cl,O=C1C=CC(OC2C=CC(=O)O2)O1,142.0
Nc1ccc(Nc2ccccc2)c2c1C(=O)c1ccccc1C2=O,O=C1c2ccccc2C(=O)c2c(Nc3ccccc3)cccc21,192.0
Clc1ccc(/N=N/c2ccccc2)cc1,c1ccc(N=Nc2ccccc2)cc1,88.0
O=[N+]([O-])c1c(Cl)ncnc1Cl,c1cncnc1,101.5
Cc1cc(/N=N/c2cccc([N+](=O)[O-])c2)ccc1N(C)C,c1ccc(N=Nc2ccccc2)cc1,74.0
Cc1cc(/N=N/c2ccc([N+](=O)[O-])cc2)ccc1N(C)C,c1ccc(N=Nc2ccccc2)cc1,126.0
CCC[S+]([O-])CCC,,22.5
CCCCNC(=O)OCC(C)(CCC)COC(N)=O,,50.0
CCCCCCCCCCCCCCCCCCCCBr,,37.5
CCOC(=O)CCC(=O)CC1(O)C2(Cl)C3(Cl)C4(Cl)C(Cl)(Cl)C5(Cl)C3(Cl)C1(Cl)C5(Cl)C42Cl,C1C2C3C4CC5C3C1C5C24,91.0
CCCCCCCCCCCCCCCC(=O)OCCO,,51.0
CN(C)[N+](=O)[O-],,58.0
CCSc1nc(NC(C)C)nc(NC(C)C)n1,c1ncncn1,105.0
CC(C)(c1cc(Br)c(OCCO)c(Br)c1)c1cc(Br)c(OCCO)c(Br)c1,c1ccc(Cc2ccccc2)cc1,107.0
CC1CC(=O)OC1=O,O=C1CCC(=O)O1,34.0
CCCCCCCCC(Br)CBr,,28.0
CC(C)(C)c1cc([N+](=O)[O-])c(O)c([N+](=O)[O-])c1,c1ccccc1,95.0
c1ccc(N2CCCCC2)cc1,c1ccc(N2CCCCC2)cc1,4.7
COc1cc(O)c(C(=O)c2ccccc2)cc1S(=O)(=O)O,O=C(c1ccccc1)c1ccccc1,145.0
C1=CCCCC=C1,C1=CCCCC=C1,-110.4
C=CCCC(=C)C,,-128.8
Oc1cccc(Cl)c1O,c1ccccc1,48.5
S=P(Cl)(Cl)Cl,,-35.0
CC(C)(C)c1ccncc1,c1ccncc1,-41.0
C=CC(=O)OCC(CC)CC,,-70.0
CC1CCc2ccccc2C1,c1ccc2c(c1)CCCC2,-43.1
CCCCCCCC(=O)Oc1c(I)cc(C#N)cc1I,c1ccccc1,59.5
CNc1ccc(O)c2c1C(=O)c1c(O)ccc(NC)c1C2=O,O=C1c2ccccc2C(=O)c2ccccc21,217.0
O=C(O)Cn1c(=O)sc2cccc(Cl)c21,O=c1[nH]c2ccccc2s1,193.0
O=C(Nc1ncc([N+](=O)[O-])s1)c1cccs1,O=C(Nc1nccs1)c1cccs1,255.5
CCCCCCCCCCCCCCCCCCOP1OCC2(CO1)COP(OCCCCCCCCCCCCCCCCCC)OC2,C1OPOCC12COPOC2,41.5
COc1cc(NS(=O)(=O)c2ccc(N)cc2)nc(C)n1,O=S(=O)(Nc1ccncn1)c1ccccc1,146.0
Cc1cc(N(CCO)CCO)ccc1/N=N/c1ccc([N+](=O)[O-])cc1Cl,c1ccc(N=Nc2ccccc2)cc1,192.0
CCC(C)c1ccccc1OC(=O)NC,c1ccccc1,31.5
C=C(NC(C)=O)C(=O)CCC(N)=O,,130.5
CCC1CCC(C)CC1,C1CCCCC1,-80.8
CCC1CCC(C)C1,C1CCCC1,-108.0
O=C(O)C1CCC1,C1CCC1,-2.0
Cc1c(C)c2c3ccccc3ccc2c2ccccc12,c1ccc2c(c1)ccc1c3ccccc3ccc21,129.3
Cc1cc2ccccc2c2ccc3ccccc3c12,c1ccc2c(c1)ccc1c3ccccc3ccc21,118.0
CC(CN(C)C)CN1c2ccccc2S(=O)(=O)c2ccccc21,O=S1(=O)c2ccccc2Nc2ccccc21,115.0
O=C1c2ccccc2C(=O)C1C(=O)C(c1ccccc1)c1ccc(Cl)cc1,O=C1c2ccccc2C(=O)C1C(=O)C(c1ccccc1)c1ccccc1,140.0
CCc1cc2ccccc2c2ccccc12,c1ccc2c(c1)ccc1ccccc12,62.5
CC1=C(O)C(=O)C(C)O1,O=C1C=COC1,80.5
CCCCCCCCCCCOC(=O)c1ccccc1C(=O)OCCCCCCCCCCC,c1ccccc1,35.5
Oc1cccc2sccc12,c1ccc2sccc2c1,79.8
ClC(Cl)(Cl)CC(Cl)(Cl)Cl,,-27.0
COc1nccnc1N(C(C)=O)S(=O)(=O)c1ccc(N)cc1,O=S(=O)(Nc1cnccn1)c1ccccc1,199.0
CC1C2Cc3ccc(O)cc3C1(C)CCN2CC1CC1,c1ccc2c(c1)CC1CC2CCN1CC1CC1,202.5
CCCCC(C(=O)O)C(=O)N(Nc1ccccc1)c1ccccc1,c1ccc(NNc2ccccc2)cc1,116.0
Cc1c(N)cc([N+](=O)[O-])cc1C(N)=O,c1ccccc1,199.0
C#CC(OC(N)=O)c1ccccc1,c1ccccc1,86.5
CC(CC(C)(C)O)OC(O)C(Cl)(Cl)Cl,,103.0
CNC(=O)Oc1ccc(SC)c(C)c1,c1ccccc1,117.5
CC(c1ccc(Cl)cc1)c1ccc(Cl)cc1,c1ccc(Cc2ccccc2)cc1,56.0
CCCCCCCCSCCO,,0.0
CC(C)CCCC(C)C1CCC2C3CC=C4CC(OC(=O)Cc5ccc(N(CCCl)CCCl)cc5)CCC4(C)C3CCC12C,O=C(Cc1ccccc1)OC1CCC2C(=CCC3C4CCCC4CCC23)C1,90.0
CC(C)NNC(=O)COc1ccc(Cl)cc1,c1ccccc1,93.5
O=C1CCSc2ccccc21,O=C1CCSc2ccccc21,29.0
CCCCCCCCCCCCCCCCCBr,,32.0
Clc1c(Cl)c(Cl)c2nccnc2c1Cl,c1ccc2nccnc2c1,190.0
Nc1c(Cl)c(Cl)cc(Cl)c1Cl,c1ccccc1,107.0
CS(=O)(=O)OCCCNCCCOS(C)(=O)=O,,115.5
C=Cc1ccc(CC)cc1,c1ccccc1,-49.7
c1ccc(-c2ccncn2)cc1,c1ccc(-c2ccncn2)cc1,56.0
CC(=O)c1occc1O,c1ccoc1,100.0
COc1ccc2c(c1)N(CCCN(C)C)c1ccccc1S2,c1ccc2c(c1)Nc1ccccc1S2,46.0
Cc1cccc2c1ccc1c3ccccc3ccc21,c1ccc2c(c1)ccc1c3ccccc3ccc21,256.5
CCCCCCCCCCCCCCCCCCCl,,28.6
N#Cc1sc2c(=O)c3ccccc3c(=O)c=2sc1C#N,O=c1c2sccsc=2c(=O)c2ccccc12,225.0
COC(=O)NS(=O)(=O)c1ccc(N)cc1,c1ccccc1,144.0
CC(C)(C#N)C(C)(C)C#N,,170.5
OCC(CO)(CBr)CBr,,113.0
C=C(Br)CC1(C(C)C)C(=O)NC(=O)N(C)C1=O,O=C1CC(=O)NC(=O)N1,115.0
CC(c1ccccc1)C(C)(C)O,c1ccccc1,46.0
O=C(O)C(Cl)(Cl)CCl,,65.5
CC1OC1C,C1CO1,-80.0
Clc1c(Cl)c(Cl)c2c(c1Cl)Oc1c(Cl)c(Cl)c(Cl)c(Cl)c1O2,c1ccc2c(c1)Oc1ccccc1O2,330.0
O=C1NCNC1(c1ccccc1)c1ccccc1,O=C1NCNC1(c1ccccc1)c1ccccc1,183.0
Cc1cccc(C(C)C)c1O,c1ccccc1,-14.5
CCN(CCO)c1ccc(/N=N/c2ccc([N+](=O)[O-])cc2Cl)cc1,c1ccc(N=Nc2ccccc2)cc1,133.0
Cc1ccc(N(CCO)CCO)cc1/N=N/c1ccc([N+](=O)[O-])cc1,c1ccc(N=Nc2ccccc2)cc1,160.0
CCCCn1c(=O)c2c(N)c3c(=O)c4ccccc4c(=O)c3c(N)c2c1=O,O=c1[nH]c(=O)c2cc3c(=O)c4ccccc4c(=O)c3cc12,210.0
O=C=Nc1cccc2c(N=C=O)cccc12,c1ccc2ccccc2c1,130.5
Nc1ccc(C(=O)O)cn1,c1ccncc1,312.0
CCCCNC(=O)NS(=O)(=O)c1ccccc1,c1ccccc1,131.0
C1CC2CC1C1OC21,C1CC2CC1C1OC21,123.0
CN(C)C(=O)N(C(=O)c1ccccc1)c1ccc(Cl)c(Cl)c1,O=C(Nc1ccccc1)c1ccccc1,119.0
Nc1c(I)cc(I)c(C(=O)N(CCC(=O)O)c2ccccc2)c1I,O=C(Nc1ccccc1)c1ccccc1,134.0
O=C1c2ccccc2-c2ccc(Cl)cc21,O=C1c2ccccc2-c2ccccc21,125.5
N#CCCN1CCCCC1,C1CCNCC1,-6.8
CC1CCCC(C)(C)C1,C1CCCCC1,-65.7
CON(C)C(=O)Nc1ccc(Br)cc1,c1ccccc1,95.0
Nc1c([N+](=O)[O-])c(N)c([N+](=O)[O-])c(N)c1[N+](=O)[O-],c1ccccc1,350.0
C=CC1CC2C=CC1C2,C1=CC2CCC1C2,-80.0
CN(C)CCOCCN(C)C,,-80.0
CCN(CC)c1ccc(/N=N/c2ccc([N+](=O)[O-])cc2)cc1,c1ccc(N=Nc2ccccc2)cc1,152.0
CN(C)c1ccc(/N=N/c2ccccc2[N+](=O)[O-])cc1,c1ccc(N=Nc2ccccc2)cc1,164.0
CC(O)CCC(C)O,,43.0
CCCCCCCCCCCCCCCC(C)=O,,48.0
Cc1cccc(OCC(O)CNC(C)C)c1,c1ccccc1,76.0
CC(C)(C)c1ccc2ccccc2c1,c1ccc2ccccc2c1,-4.0
CCN(CCO)c1ccc(/N=N/c2ccc([N+](=O)[O-])cc2)cc1,c1ccc(N=Nc2ccccc2)cc1,161.0
COc1cc(N)c2c(c1N)C(=O)c1ccccc1C2=O,O=C1c2ccccc2C(=O)c2ccccc21,242.0
CC1(C)CC(N)CC(C)(CN)C1,C1CCCCC1,10.0
c1ccc2oc(-c3ccc(-c4nc5ccccc5o4)s3)nc2c1,c1ccc2oc(-c3ccc(-c4nc5ccccc5o4)s3)nc2c1,219.0
CCCCCCC(C)CCC,,-77.5
FC(Cl)C(F)(F)F,,-199.0
Cc1ccc(O)cc1N,c1ccccc1,157.8
O=C(O)CCCCCCCCCCBr,,57.0
CC(=O)OCC(=O)[C@@]12OC(C)(C)O[C@@H]1CC1C3CC(C=O)=C4C=C(OCCCl)CCC4(C)[C@@]3(F)C(O)CC12C,C1=CC2=CCC3C(CCC4C3CC3OCOC34)C2CC1,181.0
CC1CC(C)C(C)C1,C1CCCC1,-130.8
Cc1c(C)c(C)c(O)c(C)c1C,c1ccccc1,128.0
Cc1cc(O)nc(C(C)C)n1,c1cncnc1,172.95
CCC(C)c1cc([N+](=O)[O-])cc([N+](=O)[O-])c1OC(C)=O,c1ccccc1,26.0
CC#CCCCCC,,-61.6
Cc1c(C)c(Br)c(Br)c(Br)c1Br,c1ccccc1,262.0
Cc1cccc2c1CCCC2,c1ccc2c(c1)CCCC2,-23.0
CN(C)C(=S)N(C)C,,79.3
NC1=C(Cl)C(=O)c2ccccc2C1=O,O=C1C=CC(=O)c2ccccc21,199.0
CC(C)(N=C=O)c1cccc(C(C)(C)N=C=O)c1,c1ccccc1,-10.0
COc1cc(Cl)c(Cl)cc1OC,c1ccccc1,83.0
CCCCCCCCCCCCCCC=O,,24.5
CC1SC(C)SC(C)S1,C1SCSCS1,101.0
CCCC(C)c1ccccc1,c1ccccc1,-70.0
O=NCl,,-61.5
Nc1ccc2c3c(cccc13)-c1ccccc1-2,c1ccc2c(c1)-c1cccc3cccc-2c13,116.0
CNC(=O)Oc1cc(C)c(C)c(C)c1,c1ccccc1,99.45
CNC(=O)Oc1cc(C)cc(C)c1,c1ccccc1,99.0
CNC(=O)Oc1cc(C(C)(C)C)cc(C(C)(C)C)c1,c1ccccc1,103.0
Nc1cc2c3ccccc3ccc2c2ccccc12,c1ccc2c(c1)ccc1c3ccccc3ccc21,210.5
CCCCCCOC(=O)CCC,,-78.0
CCOP(=S)(OCC)SCn1nnc2ccccc2c1=O,O=c1[nH]nnc2ccccc12,53.0
COP(=S)(OC)Oc1ccc(C#N)cc1,c1ccccc1,14.5
CNC(=O)Oc1ccccc1C(C)C,c1ccccc1,94.0
CNC(=O)Oc1cc(C)cc(C(C)C)c1,c1ccccc1,87.0
Cc1ccc(C)c2ncccc12,c1ccc2ncccc2c1,4.5
CCOC(=O)C(SP(=S)(OC)OC)c1ccccc1,c1ccccc1,17.5
CCOc1nc(C(Cl)(Cl)Cl)ns1,c1ncsn1,19.9
CCCCOCOCCCC,,-58.1
CCCCCCCCCCCCCCCN,,37.3
O=C(Nc1ccccc1)C(Cl)(Cl)Cl,c1ccccc1,96.0
FS(F)(F)(F)(F)F,,-50.8
ClCC1C(CCl)C2(Cl)C(Cl)=C(Cl)C1(Cl)C2(Cl)Cl,C1=CC2CCC1C2,105.0
CC(=O)CCc1ccccc1,c1ccccc1,-13.0
Cc1c2ccccc2cc2c1ccc1ccccc12,c1ccc2cc3c(ccc4ccccc43)cc2c1,141.0
COP(=S)(OC)SCC(=O)N(C)C=O,,25.5
C=CCC1(CC(C)O)C(=O)NC(=O)NC1=O,O=C1CC(=O)NC(=O)N1,157.5
COC(=O)C1(O)c2ccccc2-c2ccc(Cl)cc21,c1ccc2c(c1)Cc1ccccc1-2,139.0
CCCCCC(=O)Nc1ccc(Cl)c(Cl)c1,c1ccccc1,106.5
Cc1ccc2c(ccc3ccccc32)c1,c1ccc2c(c1)ccc1ccccc12,58.0
O=C(OCCOC(=O)C(Cl)(Cl)Cl)C(Cl)(Cl)Cl,,40.0
Cc1ccc2c(ccc3cc4ccccc4cc32)c1,c1ccc2cc3c(ccc4ccccc43)cc2c1,156.5
CN(C)c1ccc(/N=N/c2ccc([N+](=O)[O-])cc2)cc1,c1ccc(N=Nc2ccccc2)cc1,236.0
O=[N+]([O-])c1ccc(/N=N/c2ccccc2)cc1,c1ccc(N=Nc2ccccc2)cc1,133.0
CCN(CC)c1ccc(/N=N/c2ccccc2)cc1,c1ccc(N=Nc2ccccc2)cc1,97.5
CNc1ccc(NCCO)c2c1C(=O)c1ccccc1C2=O,O=C1c2ccccc2C(=O)c2ccccc21,187.0
CNc1ccc(NC)c2c1C(=O)c1ccccc1C2=O,O=C1c2ccccc2C(=O)c2ccccc21,220.0
O=C(O)C1(O)c2ccccc2-c2ccc(Cl)cc21,c1ccc2c(c1)Cc1ccccc1-2,152.0
COP(=S)(OC)Oc1ccc([N+](=O)[O-])cc1Cl,c1ccccc1,52.5
CC1CCCC1C,C1CCCC1,-117.6
OCCN(CCO)c1ccc(/N=N/c2ccccc2)cc1,c1ccc(N=Nc2ccccc2)cc1,134.0
Cc1ccc2ccc(=O)oc2c1,O=c1ccc2ccccc2o1,128.0
Cc1cc2ccccc2oc1=O,O=c1ccc2ccccc2o1,91.0
Clc1ccc(Oc2ccc(Cl)cc2)cc1,c1ccc(Oc2ccccc2)cc1,30.0
Cc1ccc(O)c(-n2nc3ccccc3n2)c1,c1ccc(-n2nc3ccccc3n2)cc1,132.0
Cc1ccc2nc3sc(=O)sc3nc2c1,O=c1sc2nc3ccccc3nc2s1,170.0
COc1c(Cl)c(Cl)c([N+](=O)[O-])c(Cl)c1Cl,c1ccccc1,103.0
CC(C)c1ccccc1C(=O)O,c1ccccc1,64.0
CCCN(C(C)=O)c1ccccc1,c1ccccc1,49.0
NCCCCCCCCCCC(=O)O,,191.0
Cc1cnc2ccccc2c1C,c1ccc2ncccc2c1,73.5
N#CCCCCCN,,-31.4
Cc1cc(Cl)c(O)c(Cl)c1,c1ccccc1,39.0
CCN(CC)C(=O)C(Cl)(Cl)Cl,,27.0
CC(C)CCCCCCO,,64.5
C=CC(=O)OCCN(CC)CC,,-60.0
CCCCCCCCCCCCCCCl,,4.9
O=C1C2CC=CCC2C(=O)N1SC(Cl)(Cl)C(Cl)Cl,O=C1NC(=O)C2CC=CCC12,160.5
CNC(=O)Oc1ccc(C)c(C)c1,c1ccccc1,79.5
Cc1c2ccccc2cc2ccc3ccccc3c12,c1ccc2cc3c(ccc4ccccc43)cc2c1,138.0
CCC(O)CN(CC(O)CC)CC(O)CC,,41.0
Cc1ccc(C)c(O)c1C,c1ccccc1,58.0
CC1CCCC(C)(C)C1=O,O=C1CCCCC1,-31.8
CCCCCCCCCCCCCCCC(CCCC)c1ccccc1,c1ccccc1,30.2
CCCCCCCCCCCCCCCCC(CCC)c1ccccc1,c1ccccc1,31.4
CCCCCCCCCCCCCCCCCC(CC)c1ccccc1,c1ccccc1,29.3
CCCCCCCCCCCCCCCCCCCCc1ccccc1,c1ccccc1,44.0
CCCCCCCCCCCCCCCCCCC(C)c1ccccc1,c1ccccc1,29.0
CCCCCCCCCCCC(CCCCCCCC)c1ccccc1,c1ccccc1,17.9
O=C(OCC1CCC2OC2C1)C1CCC2OC2C1,O=C(OCC1CCC2OC2C1)C1CCC2OC2C1,-37.0
C=C(C)c1ccc(C(C)C)cc1,c1ccccc1,-30.6
Cc1c2ccccc2c2ccc3cccc4ccc1c2c43,c1ccc2c(c1)cc1ccc3cccc4ccc2c1c34,216.0
Cc1cccc2cc3c(ccc4ccccc43)cc12,c1ccc2cc3c(ccc4ccccc43)cc2c1,156.5
Cc1ccc2cc3c(ccc4ccccc43)cc2c1,c1ccc2cc3c(ccc4ccccc43)cc2c1,152.0
Cc1ccc2cc3ccc4ccccc4c3cc2c1,c1ccc2cc3c(ccc4ccccc43)cc2c1,183.3
COc1cc(CCO)ccc1O,c1ccccc1,41.0
CCCCF,,-134.0
CCCCOc1ccc(C(=O)OCCN(CC)CC)cc1,c1ccccc1,146.0
O=C(O)c1cc(I)c(I)c(I)c1,c1ccccc1,292.5
CCCOC(=O)c1ccccc1,c1ccccc1,-51.6
CCN1C(=O)CCC1=O,O=C1CCC(=O)N1,26.0
CCCC(C)C(=O)Nc1ccc(C)c(Cl)c1,c1ccccc1,85.0
COCCCNCC1COc2ccccc2O1,c1ccc2c(c1)OCCO2,183.5
COc1cc(CCCO)ccc1O,c1ccccc1,65.0
O=C(Nc1cc(Cl)cc(Cl)c1O)c1c(O)c(Cl)cc(Cl)c1Cl,O=C(Nc1ccccc1)c1ccccc1,210.0
CCOP(=S)(OCC)SCC(=O)NC(C)C,,28.5
Cc1ccc2ccccc2c1N,c1ccc2ccccc2c1,32.0
Nc1ccc(N)c2ccccc12,c1ccc2ccccc2c1,120.0
Clc1c(Cl)c(Cl)c2c(Cl)c(Cl)c(Cl)c(Cl)c2c1Cl,c1ccc2ccccc2c1,197.5
C=CC(Cl)(Cl)Cl,,-30.0
ClC1=C(Cl)C(Cl)(C2(Cl)C(Cl)=C(Cl)C(Cl)=C2Cl)C(Cl)=C1Cl,C1=CC(C2C=CC=C2)C=C1,122.0
O=c1c2ccccc2ccc2ccccc12,O=c1c2ccccc2ccc2ccccc12,88.5
Cc1cccc(C(C)(C)C)c1O,c1ccccc1,31.0
Nc1cccc2c1CCCC2,c1ccc2c(c1)CCCC2,38.0
CCCCCCCOC(=O)CC,,-50.9
CNc1cccc2ccccc12,c1ccc2ccccc2c1,174.0
CCCCC1C(=O)NN(c2ccccc2)C1=O,O=C1CC(=O)N(c2ccccc2)N1,102.5
C=CC(=O)NC(C)C,,64.0
C[C@@H]1CCC[C@@H](C)C1,C1CCCCC1,-90.1
Clc1cc(Cl)c2ccccc2c1,c1ccc2ccccc2c1,62.3
CC1=C(C)C(=O)c2ccccc2C1=O,O=C1C=CC(=O)c2ccccc21,127.0
CC1=Cc2ccccc2C1,C1=Cc2ccccc2C1,80.0
CC(C)COc1ccc2ccccc2c1,c1ccc2ccccc2c1,31.0
Brc1c(Br)c(Br)c2c(c1Br)Oc1c(Br)c(Br)c(Br)c(Br)c1O2,c1ccc2c(c1)Oc1ccccc1O2,376.0
Clc1c(Br)c(Br)c2c(c1Br)Oc1c(Br)c(Br)c(Cl)c(Br)c1O2,c1ccc2c(c1)Oc1ccccc1O2,385.0
C=C(C)C(=O)Nc1ccc(Cl)c(Cl)c1,c1ccccc1,128.0
O=c1[nH]c2c(c(=O)n1C1CCCCC1)CCC2,O=c1[nH]c2c(c(=O)n1C1CCCCC1)CCC2,316.0
CN(C)C(=O)NC1CC2CC1C1CCCC21,C1CC2C3CCC(C3)C2C1,177.0
CN(C)C(=O)NC1CCCCCCC1,C1CCCCCCC1,138.0
OCC1(CO)CC=CCC1,C1=CCCCC1,88.5
COc1cc2c(cc1OC)C(CCc1ccc(Cl)cc1)N(C)CC2,c1ccc(CCC2NCCc3ccccc32)cc1,110.5
CC(C)c1cccc(O)c1O,c1ccccc1,47.0
CC(C)c1ccc(O)c(O)c1,c1ccccc1,78.0
Oc1ccc(Cl)cc1O,c1ccccc1,90.5
COc1ccc(-c2ccc(OC)cc2)cc1,c1ccc(-c2ccccc2)cc1,175.0
Cc1cc(C)c2cc(C)ccc2c1,c1ccc2ccccc2c1,12.0
CCCCCCCCCCCCCCCc1ccccc1,c1ccccc1,22.0
NS(=O)(=O)c1cc2c(cc1Cl)CN(C1CCCCC1)C2=O,O=C1c2ccccc2CN1C1CCCCC1,267.0
NC(=O)OCCCl,,75.5
CC(=O)Nc1ccccc1-c1ccccc1,c1ccc(-c2ccccc2)cc1,121.0
ClC1(Cl)CCCCC1,C1CCCCC1,-47.0
COP(=S)(OC)Oc1cc(Cl)c(Br)cc1Cl,c1ccccc1,53.5
CCOP(=S)(Oc1ccc([N+](=O)[O-])cc1)c1ccccc1,S=[PH](Oc1ccccc1)c1ccccc1,36.0
C=C(C)C(=O)OCCCCOC(=O)C(=C)C,,226.28
COC(=O)COc1ccccc1,c1ccccc1,245.0
Clc1ccc2cc(Cl)ccc2c1,c1ccc2ccccc2c1,140.5
CN1CCN(C2=Nc3ccccc3Sc3ccc(Cl)cc32)CC1,c1ccc2c(c1)N=C(N1CCNCC1)c1ccccc1S2,119.0
CCCCOC(=O)c1ccccc1O,c1ccccc1,-5.9
C=CCOC(=O)CCC,,-80.0
O=c1ccc2cc(Cl)ccc2o1,O=c1ccc2ccccc2o1,165.0
Clc1c(Cl)c(Cl)c(-c2c(Cl)c(Cl)c(Cl)c(Cl)c2Cl)c(Cl)c1Cl,c1ccc(-c2ccccc2)cc1,305.8
Oc1c(Cl)cc(Cl)c2ccccc12,c1ccc2ccccc2c1,107.5
Clc1ccc2cccc(Cl)c2c1,c1ccc2ccccc2c1,63.5
Clc1cccc2cccc(Cl)c12,c1ccc2ccccc2c1,89.0
Clc1ccc2ccccc2c1Cl,c1ccc2ccccc2c1,36.0
Clc1ccc(-c2ccc(Cl)cc2)cc1,c1ccc(-c2ccccc2)cc1,149.3
CCCCOC(=O)C(=O)OCCCC,,-30.5
Clc1cccc(-c2cccc(Cl)c2)c1,c1ccc(-c2ccccc2)cc1,29.0
CC(=O)Nc1ccc(C)cc1C,c1ccccc1,129.3
CCOC(=O)CCCCCC(=O)OCC,,-24.0
CCOC(=O)CCCCCCC(=O)OCC,,5.9
Cn1ccccc1=S,S=c1cccc[nH]1,89.5
CC(C)CC1Nc2cc(Cl)c(S(N)(=O)=O)cc2S(=O)(=O)N1,O=S1(=O)NCNc2ccccc21,221.5
CNC(=O)Oc1cc(C)c(SC)c(C)c1,c1ccccc1,120.0
CNC(=O)Oc1ccc(N(C)C)c(C)c1,c1ccccc1,93.5
C#CC(C)O,,-3.0
N=C(N)NC(=O)c1nc(Cl)c(N)nc1N,c1cnccn1,241.0
CCN(CCO)CCn1c(Cc2ccccc2)nc2c1c(=O)n(C)c(=O)n2C,O=c1[nH]c(=O)c2[nH]c(Cc3ccccc3)nc2[nH]1,80.0
CCCCCCCCCCCCCCN,,83.1
O=C1c2ccccc2-c2c(O)cccc21,O=C1c2ccccc2-c2ccccc21,250.0
CCc1nc(CC)nc(NS(=O)(=O)c2ccc(N)cc2)n1,O=S(=O)(Nc1ncncn1)c1ccccc1,187.0
Clc1cc(Cl)c2nsnc2c1Cl,c1ccc2nsnc2c1,122.0
CC1CCCCC1NC(=O)Nc1ccccc1,O=C(Nc1ccccc1)NC1CCCCC1,135.0
CN1CCN(C2=Nc3ccccc3Cc3ccccc32)CC1,c1ccc2c(c1)Cc1ccccc1C(N1CCNCC1)=N2,137.0
CCCCCC(C)Br,,47.0
NC(=O)Nc1ccc(Br)cc1,c1ccccc1,226.0
C(COCCOCC1CO1)OCCOCC1CO1,C(COCCOCC1CO1)OCCOCC1CO1,-13.0
C#CC(C)OC(=O)Nc1cccc(Cl)c1,c1ccccc1,45.5
NC(CC(=O)O)c1ccc(N(CCCl)CCCl)cc1,c1ccccc1,182.5
CCCCC#CCCCC,,-73.0
CC(C)C1=CC2=C(CC1)C1(C)CCCC(C)(C(=O)O)C1CC2,C1=CC2=C(CC1)C1CCCCC1CC2,164.5
CCC1(O)CCCCC1,C1CCCCC1,34.5
Clc1cccc(C(Cl)(Cl)Cl)n1,c1ccncc1,63.0
CCOC(=O)COc1cc(Cl)c(Cl)cc1Cl,c1ccccc1,64.0
c1ccc(Oc2nc(Oc3ccccc3)nc(Oc3ccccc3)n2)cc1,c1ccc(Oc2nc(Oc3ccccc3)nc(Oc3ccccc3)n2)cc1,233.5
CCCN(CCC)c1c([N+](=O)[O-])cc(C)cc1[N+](=O)[O-],c1ccccc1,80.0
Nc1c(Cl)c(Cl)nc(C(=O)O)c1Cl,c1ccncc1,218.5
CCNc1nc(Cl)nc(N(CC)CC)n1,c1ncncn1,101.0
Cc1cc(C)c(O)c(C(C)(C)C)c1,c1ccccc1,22.3
C=C(CCl)CCl,,-14.0
O=[N+]([O-])c1ccc(Oc2c(Cl)cc(Cl)cc2Cl)cc1,c1ccc(Oc2ccccc2)cc1,105.5
CCCCCCCCCCCCCCCCCN,,49.0
N#Cc1c(F)c(F)c(C#N)c(F)c1F,c1ccccc1,198.0
Clc1ccc(Cl)c2ccccc12,c1ccc2ccccc2c1,67.5
COc1c(Cl)c(Cl)c(Cl)c(Cl)c1Cl,c1ccccc1,108.0
Clc1cccc2c(Cl)cccc12,c1ccc2ccccc2c1,107.0
CCC1Nc2cc(Cl)c(S(N)(=O)=O)cc2S(=O)(=O)N1,O=S1(=O)NCNc2ccccc21,269.5
CCCCCCCCCCCCCCC1CCCCC1,C1CCCCC1,24.0
CCCCCCCCCCCCC1CCCCC1,C1CCCCC1,12.5
Cc1csc(C)c1C,c1ccsc1,-26.2
CC1CCCS1,C1CCSC1,-100.7
ON=C1c2ccccc2CCc2ccccc21,N=C1c2ccccc2CCc2ccccc21,169.5
O=c1n(-c2ccccc2)c(=O)n(-c2ccccc2)c(=O)n1-c1ccccc1,O=c1n(-c2ccccc2)c(=O)n(-c2ccccc2)c(=O)n1-c1ccccc1,285.0
Clc1nc(Cl)c(Cl)c(Cl)n1,c1cncnc1,69.0
N=C1NCCS1,N=C1NCCS1,85.3
Cc1ccc([S+]([O-])c2ccc(C)cc2)cc1,c1ccc([SH+]c2ccccc2)cc1,95.0
Cc1nc(=O)c2ccccc2[nH]1,O=c1nc[nH]c2ccccc12,232.0
O=C(C(Cl)Cl)C(Cl)(Cl)Cl,,2.1
NS(=O)(=O)c1cc2c(cc1Cl)NC(CSCC(F)(F)F)NS2(=O)=O,O=S1(=O)NCNc2ccccc21,206.5
C[C@@H]1CC[C@@H](C)C1,C1CCCC1,-134.0
O=C(O)C1CC1,C1CC1,18.5
Nc1ccc2c(c1N)C(=O)c1ccccc1C2=O,O=C1c2ccccc2C(=O)c2ccccc21,290.0
CNP(=O)(NC)Oc1ccccc1,c1ccccc1,102.0
CON(C)C(=O)Nc1ccc(Cl)cc1,c1ccccc1,81.5
CC(C)OC(N)=O,,93.0
Clc1cc2c(cc1Cl)Oc1cc(Cl)c(Cl)cc1O2,c1ccc2c(c1)Oc1ccccc1O2,305.0
COc1cc2c(cc1OC)CNCC2,c1ccc2c(c1)CCNC2,264.0
COC(=O)CCCCCCC(=O)OC,,-3.1
CCCCCCCCCCCCCCCCC(=O)OC,,30.0
CCCCCCCCCCCCC(=O)OC,,6.5
Cc1cc2ccccc2nc1C,c1ccc2ncccc2c1,68.5
CC(F)(Cl)Cl,,-103.5
ClC1=C(Cl)C2(Cl)C(CBr)CC1(Cl)C2(Cl)Cl,C1=CC2CCC1C2,77.0
O=C(O)c1nc(Cl)ccc1Cl,c1ccncc1,151.0
COc1ccc(CC2c3cc(OC)c(OC)cc3CCN2C)cc1OC,c1ccc(CC2NCCc3ccccc32)cc1,89.0
Nc1cnn(-c2ccccc2)c(=O)c1Cl,O=c1cccnn1-c1ccccc1,205.0
CCCCCCCC(=O)Oc1c(Br)cc(C#N)cc1Br,c1ccccc1,45.5
N#Cc1cc(Br)c(O)c(Br)c1,c1ccccc1,190.0
N#Cc1cc(I)c(O)c([N+](=O)[O-])c1,c1ccccc1,137.5
Cc1ccc2c(c1)CCCC2,c1ccc2c(c1)CCCC2,-40.0
CC(C)CC1CCCCC1,C1CCCCC1,-95.0
CC1CCCC(C)C1C,C1CCCCC1,-66.9
COc1nc(C)nc(N)n1,c1ncncn1,259.5
N#CCCOCCC#N,,-26.3
O=C(CCCN1CCN(c2ccccn2)CC1)c1ccc(F)cc1,O=C(CCCN1CCN(c2ccccn2)CC1)c1ccccc1,74.0
FC(F)(Cl)CCl,,-101.2
BrCCC1CCCCC1,C1CCCCC1,-57.0
CCCCc1cccc2ccccc12,c1ccc2ccccc2c1,-19.8
O=S1(=O)CCCCO1,O=S1(=O)CCCCO1,13.5
CC12CCC(C1)C(C)(C)C2O,C1CC2CCC1C2,43.5
CCOC(=O)C(C)(C)C(=O)OCC,,-30.4
CN(C)C1CSSC1,C1CSSC1,177.2
C1CCSCC1,C1CCSCC1,19.0
CCCCCCCCCCCCCCCCCCN(C)C,,22.89
FC(F)(F)C(Cl)(Cl)C(F)(F)Cl,,-4.3
C=CCCCC(=O)O,,-37.0
Cc1ccc2ccc3ccc(C)cc3c2c1,c1ccc2c(c1)ccc1ccccc12,145.0
CCOC(=O)c1ccncc1,c1ccncc1,23.0
CCCOCC(C)O,,-80.0
OC1CCCCC1Cl,C1CCCCC1,29.0
Cc1cc(C)ncn1,c1cncnc1,25.0
CC(C)Cc1ccc(CC(=O)O)cc1,c1ccccc1,86.0
CC1CCC(C)S1,C1CCSC1,-89.0
O=C(O)C(F)(F)C(F)(F)C(F)(F)C(F)(F)C(F)(F)C(F)F,,34.0
Oc1ccc(C2CCCC2)cc1,c1ccc(C2CCCC2)cc1,65.0
OC1CCCCCCCCC1,C1CCCCCCCCC1,40.5
O=CF,,-142.2
CCOP(=O)(OCC)ON1C(=O)c2cccc3cccc(c23)C1=O,O=C1NC(=O)c2cccc3cccc1c23,177.0
OCCC1CCCCN1,C1CCNCC1,69.0
Cc1cccc2sc(=N)[nH]c12,N=c1[nH]c2ccccc2s1,138.0
COC(=O)CCCCCCCCCCCC(=O)OC,,36.0
CC(=O)Oc1ccccc1C(=O)OC(=O)c1ccccc1OC(C)=O,O=C(OC(=O)c1ccccc1)c1ccccc1,83.0
Cc1ccc(C)c(C)n1,c1ccncc1,37.0
Cc1ccc2cccc(C)c2n1,c1ccc2ncccc2c1,27.0
CCCCCCCCCCCCCCCCc1ccccc1,c1ccccc1,27.0
Nc1ccccc1-c1ccccc1N,c1ccc(-c2ccccc2)cc1,81.0
ON=C(C1CC1)C1CC1,N=C(C1CC1)C1CC1,76.5
Fc1ccc(Br)cc1Br,c1ccccc1,69.0
CCCCC1CO1,C1CO1,94.0
CCCC(=O)c1cc(O)c(O)cc1O,c1ccccc1,154.5
CC(=O)NCCSC(C)=O,,32.5
CC(C)(C)c1cc([N+](=O)[O-])cc([N+](=O)[O-])c1O,c1ccccc1,126.0
c1ccc(C(c2ccccc2)(c2ccccc2)N2CCOCC2)cc1,c1ccc(C(c2ccccc2)(c2ccccc2)N2CCOCC2)cc1,175.0
Cc1c(O)cc2c(c1C)OC(C)(CCCC(C)CCCC(C)CCCC(C)C)CC2,c1ccc2c(c1)CCCO2,-3.0
COc1cc2c3c(c4ccc(OC)c(OC)c4c2cc1OC)CN1CCCC1C3,c1ccc2c(c1)c1c(c3ccccc32)CN2CCCC2C1,220.0
F,,-83.55
CCCCCCCCOC(=O)c1ccccc1C(=O)OCCCCCCCC(C)C,c1ccccc1,98.0
C=CC(=O)OCCCCCCCC(C)C,,-100.0
O=[N+]([O-])c1cccc(S(=O)(=O)NCCNS(=O)(=O)c2cccc([N+](=O)[O-])c2)c1,O=S(=O)(NCCNS(=O)(=O)c1ccccc1)c1ccccc1,190.0
O=C(Nc1ccccc1)c1cc(Cl)ccc1O,O=C(Nc1ccccc1)c1ccccc1,211.0
O=C(Nc1ccc(Br)cc1)c1cc(Br)cc(Br)c1O,O=C(Nc1ccccc1)c1ccccc1,227.0
Cc1c(O)cccc1Cl,c1ccccc1,86.0
O=C(Nc1ccc(Br)cc1)c1cc(Br)ccc1O,O=C(Nc1ccccc1)c1ccccc1,241.5
CCC1CN2CCC1CC2C(O)c1ccnc2ccc(OCCC(C)C)cc12,c1ccc2c(CC3CC4CCN3CC4)ccnc2c1,152.0
CCCCCc1ccc(C)cc1O,c1ccccc1,24.0
CCCCC(CC)COP(=O)(Oc1ccccc1)Oc1ccccc1,O=[PH](Oc1ccccc1)Oc1ccccc1,-54.0
CC1C2Cc3ccc(O)cc3C1(C)CCN2CCc1ccccc1,c1ccc(CCN2CCC3CC2Cc2ccccc23)cc1,181.0
O=[N+]([O-])c1ccc(Sc2ccc([N+](=O)[O-])cc2)cc1,c1ccc(Sc2ccccc2)cc1,160.5
CNc1ccc(N)c2c1C(=O)c1ccccc1C2=O,O=C1c2ccccc2C(=O)c2ccccc21,193.0
CCN(CC)S(=O)(=O)c1ccc(C(=O)O)cc1,c1ccccc1,193.0
OC1c2ccccc2CCc2ccccc21,c1ccc2c(c1)CCc1ccccc1C2,92.0
Cc1cccc(Nc2ccccc2)c1,c1ccc(Nc2ccccc2)cc1,30.0
c1ccc(Nc2ccccn2)nc1,c1ccc(Nc2ccccn2)nc1,90.5
Nc1cc(-c2ccccc2)ccc1O,c1ccc(-c2ccccc2)cc1,200.0
CCOc1ccc(N)c(N)c1,c1ccccc1,71.5
CC(=O)c1ccc(O)c(O)c1,c1ccccc1,115.5
CC12CCC(C1)C(C)(C)C2=O,O=C1CC2CCC1C2,6.1
Nc1ccc(S)cc1,c1ccccc1,46.0
CC1=CC(=O)CCC1,O=C1C=CCCC1,-21.0
C=C1CCCCC1,C=C1CCCCC1,-106.7
CCC(=O)NC,,-30.9
CC(=O)NCCS,,6.5
COc1cc2c(c3oc(=O)c4c(c13)CCOC4=O)C1C=COC1O2,O=C1OCCc2c1c(=O)oc1c3c(ccc21)OC1OC=CC31,245.0
COc1cc2c(c3oc(=O)c4c(c13)CCC4=O)C1C=COC1O2,O=C1CCc2c1c(=O)oc1c3c(ccc21)OC1OC=CC31,268.5
CN(C)CCN1C(=O)c2ccccc2Nc2cc(Cl)ccc21,O=C1Nc2ccccc2Nc2ccccc21,165.5
O=C(Nc1ccc(Cl)c(Cl)c1)c1cc(Cl)cc(Cl)c1O,O=C(Nc1ccccc1)c1ccccc1,161.0
O=C1c2ccccc2C(=O)C1c1ccc(Br)cc1,O=C1c2ccccc2C(=O)C1c1ccccc1,138.0
C=C1CCC2OC2(C)CCC2C1CC2(C)C,C=C1CCC2OC2CCC2CCC12,62.5
CCCCc1ccc2ccccc2c1,c1ccc2ccccc2c1,-5.0
CCSC(=O)N(CC)C1CCCCC1,C1CCCCC1,11.5
Oc1ccc(C2CCCCC2)cc1,c1ccc(C2CCCCC2)cc1,133.0
CCCC(=O)Nc1ccccc1,c1ccccc1,97.0
CCc1cccc2ccccc12,c1ccc2ccccc2c1,-13.9
CNC(=O)Oc1cccc(C)c1,c1ccccc1,76.5
Cc1cccc2c1NC(=O)C2=O,O=C1Nc2ccccc2C1=O,267.0
CCCCNc1ccccc1,c1ccccc1,-14.4
O=C(O)C1CCC1C(=O)O,C1CCC1,131.0
CC1(C)CC(=O)NC(=O)C1,O=C1CCCC(=O)N1,145.0
CC(CO)c1ccccc1,c1ccccc1,-13.0
O=[N+]([O-])C1CCCCC1,C1CCCCC1,-34.0
CC1CCOCO1,C1COCOC1,-44.5
C1CCCNCCC1,C1CCCNCCC1,29.0
Brc1ccncc1,c1ccncc1,0.5
CC1CCCC1=O,O=C1CCCC1,-75.0
C=C1CCC1,C=C1CCC1,-134.7
O=C(O)CCCCCl,,18.0
CCCCCCCC(=O)OCCCCCC,,-30.6
CCOC(=O)CCC(N)C(=O)O,,191.0
CCCCN(CC)C(=O)SCCC,,-22.0
CC(C)CN(CC(C)C)CC(C)C,,-21.8
CC(=O)N(C)C(C)=O,,-25.0
CNC(=O)CSP(=O)(OC)OC,,-28.0
CC(C)(C)C(=O)OCC(=O)C1(O)CCC2C3CCC4=CC(=O)C=CC4(C)C3C(O)CC21C,O=C1C=CC2C(=C1)CCC1C3CCCC3CCC21,233.0
Cc1ncc(CSSCc2cnc(C)c(O)c2CO)c(CO)c1O,c1cncc(CSSCc2cccnc2)c1,219.0
O=C1C(Cl)=C(Nc2ccccc2)C(=O)c2ccccc21,O=C1C=C(Nc2ccccc2)C(=O)c2ccccc21,215.0
CN(C)S(=O)(=O)N(SC(F)(Cl)Cl)c1ccccc1,c1ccccc1,106.0
Cc1cc2c(cc1C)CCCC2,c1ccc2c(c1)CCCC2,10.0
O=C(O)C1CCC(C(=O)O)CC1,C1CCCCC1,312.5
N#CCCNc1ccccc1,c1ccccc1,52.5
CCCc1cccc(C)c1,c1ccccc1,-82.5
CC1CS1,C1CS1,-91.0
O=S1(=O)OCCO1,O=S1(=O)OCCO1,99.0
N#CC#CC#N,,20.5
C=CC(O)C(O)C=C,,15.0
O=S1(=O)OCC2C(CO1)C1(Cl)C(Cl)=C(Cl)C2(Cl)C1(Cl)Cl,O=S1(=O)OCC2C3C=CC(C3)C2CO1,181.0
CN(C)P(=O)(N(C)C)n1nc(-c2ccccc2)nc1N,c1ccc(-c2nc[nH]n2)cc1,167.5
ClC1=C(Cl)C2(Cl)C3C4OC4C(Cl)C3C1(Cl)C2(Cl)Cl,C1=CC2CC1C1CC3OC3C21,160.0
O=C(Nc1ccccc1Cl)c1ccccc1,O=C(Nc1ccccc1)c1ccccc1,99.0
CNc1nc(NC(C)C)nc(SC)n1,c1ncncn1,85.0
O=C(O)c1c(Cl)c(Cl)c(Cl)c(Cl)c1Cl,c1ccccc1,209.3
CC(C)(CC(=O)O)c1ccccc1,c1ccccc1,60.0
c1ccc(-c2cccnc2)cc1,c1ccc(-c2cccnc2)cc1,164.0
O=C1CCC(c2ccccc2)O1,O=C1CCC(c2ccccc2)O1,36.5
Cc1nc2cc(Cl)ccc2s1,c1ccc2scnc2c1,69.0
Cc1c(Cl)c(Cl)cc(Cl)c1Cl,c1ccccc1,93.5
CC(=O)OC1(C(C)=O)CCC2C3CC(C(F)(F)F)C4=CC(=O)CCC4(C)C3CCC21C,O=C1C=C2CCC3C4CCCC4CCC3C2CC1,206.5
CC(=O)OCOC(=O)C1N2C(=O)C(NC(=O)Cc3ccccc3)C2SC1(C)C,O=C(Cc1ccccc1)NC1C(=O)N2CCSC12,107.0
CCC(C)c1cc([N+](=O)[O-])cc([N+](=O)[O-])c1OC(=O)OC(C)C,c1ccccc1,61.0
Cc1ccc2nc3c(ccc4ccccc43)c(C)c2c1,c1ccc2nc3c(ccc4ccccc43)cc2c1,159.0
CCOc1ccc(NS(=O)(=O)c2ccc(N)cc2)nn1,O=S(=O)(Nc1cccnn1)c1ccccc1,183.0
CCC(C(=O)O)c1ccc(-c2ccccc2)cc1,c1ccc(-c2ccccc2)cc1,124.0
COc1nn(CSP(=S)(OC)OC)c(=O)s1,O=c1[nH]ncs1,39.0
O=C1CCCCCCCCCCCN1,O=C1CCCCCCCCCCCN1,151.5
Nc1cc2ccccc2c2ccccc12,c1ccc2c(c1)ccc1ccccc12,138.3
CCOP(=O)(N=C1SCCS1)OCC,N=C1SCCS1,41.0
COc1c(Cl)c(Cl)c(Cl)c(Cl)c1OC,c1ccccc1,90.0
c1ccc(-c2ccncc2)cc1,c1ccc(-c2ccncc2)cc1,77.5
CCc1ccc2ccccc2c1,c1ccc2ccccc2c1,-7.4
O=c1oc2ccccc2cc1O,O=c1ccc2ccccc2o1,154.0
COc1cc(Cl)c(Cl)c(Cl)c1Cl,c1ccccc1,84.0
Nc1ccc2ccccc2c1N,c1ccc2ccccc2c1,98.5
CCc1ccc(C(C)=O)cc1,c1ccccc1,-20.6
c1ccc(C2=NCCN2)cc1,c1ccc(C2=NCCN2)cc1,96.5
O=C1CCCCCCCN1,O=C1CCCCCCCN1,78.0
Oc1c(Cl)c(Cl)cc(Cl)c1Cl,c1ccccc1,115.0
Oc1cc(Cl)cc(Cl)c1Cl,c1ccccc1,62.0
CC(=O)C1=CCCCC1,C1=CCCCC1,73.0
N#CC1(O)CCCCC1,C1CCCCC1,35.0
COC1CCCCC1,C1CCCCC1,-74.4
OC1CCCCC1O,C1CCCCC1,102.5
C=COCCCCCCCCCCCCCCCCCC,,30.0
CCCCCCCCCCCCCCCCCCCCCC(=O)OC,,54.0
C=COC(C)C,,-140.0
CCCOC(=O)CCC(=O)OCCC,,-5.9
C=CC(=O)NCO,,74.5
Cc1ccc2ccccc2c1[N+](=O)[O-],c1ccc2ccccc2c1,81.5
Cc1c(Cl)c(Cl)c(Cl)c(Cl)c1Cl,c1ccccc1,224.8
CCCSc1ccccc1,c1ccccc1,-45.0
CCN(CC)CCCl,,210.5
N#CCC(N)=C(C#N)C#N,,171.5
Cc1cc(NS(=O)(=O)c2ccc(N)cc2)n(-c2ccccc2)n1,O=S(=O)(Nc1ccnn1-c1ccccc1)c1ccccc1,195.0
C=CCC1(O)CCC2C3CCC4=CC(=O)CCC4=C3C=CC21C,O=C1C=C2CCC3C(=C2CC1)C=CC1CCCC13,120.0
COCCCNc1nc(NCCCOC)nc(SC)n1,c1ncncn1,55.0
CN1C(=O)C(O)N=C(c2ccccc2Cl)c2cc(Cl)ccc21,O=C1CN=C(c2ccccc2)c2ccccc2N1,206.0
O=[N+]([O-])c1ccc(Nc2ccccc2)cc1,c1ccc(Nc2ccccc2)cc1,135.3
CCNc1nc(NC(C)C)nc(SC)n1,c1ncncn1,88.0
Cc1ccc2ccc3ccccc3c2c1,c1ccc2c(c1)ccc1ccccc12,65.0
Cc1cccc2c1ccc1ccccc12,c1ccc2c(c1)ccc1ccccc12,123.0
Cc1cccc2ccc3ccccc3c12,c1ccc2c(c1)ccc1ccccc12,53.5
Clc1ccc(Cc2ccccc2)cc1,c1ccc(Cc2ccccc2)cc1,7.5
CC1(C)CC(=O)CC(C)(C)N1,O=C1CCNCC1,36.0
CCC12COP(OC1)OC2,C1OP2OCC1CO2,53.7
ClC1CCCCC1Cl,C1CCCCC1,-1.5
S=C1SCCS1,S=C1SCCS1,35.0
O=C(O)CCCCCCCCCCCCC(=O)O,,127.0
CCOC(=O)CCCC(=O)OCC,,-24.1
CCCCCCCC(=O)CCCCCCC,,43.0
CC(C)(C)C(=O)C(C)(C)C,,-25.2
CC(C)(C)C(=O)C(=O)O,,90.5
C=C(C)C(C)=O,,-54.0
CC(=O)NCC1(c2ccccc2)CCN(CCCC(=O)c2ccc(F)cc2)CC1,O=C(CCCN1CCC(c2ccccc2)CC1)c1ccccc1,98.5
c1ccc(C2c3ccccc3-c3ccccc32)cc1,c1ccc(C2c3ccccc3-c3ccccc32)cc1,147.0
CCOC(=O)C(O)c1ccccc1,c1ccccc1,35.0
C=Cc1c(C)cc(C)cc1C,c1ccccc1,-37.0
C=CCCc1ccccc1,c1ccccc1,-70.0
O=CNC1CCCCC1,C1CCCCC1,39.5
CSCc1ccccc1,c1ccccc1,-30.0
CC1=C(C)C(=O)OC1=O,O=C1C=CC(=O)O1,96.0
CC(=O)C1CC1,C1CC1,-68.3
CCCCCCCCCCCCCBr,,6.2
C=COCCCCCCCCCC,,-41.0
FCCCl,,-50.0
CCCC(=O)N(C)C,,-40.0
CCCCCCCCC(C(=O)O)C(=O)O,,116.0
CCOP(=O)(OCC)OP(=O)(OCC)OP(=O)(OCC)OP(=O)(OCC)OCC,,-40.0
CC(C)OP(=S)(OC(C)C)SCCNS(=O)(=O)c1ccccc1,c1ccccc1,34.4
CC(C)(C)c1cc(C(C)(C)C)c(O)c(C(C)(C)C)c1,c1ccccc1,131.0
Cc1ccc(N(SC(F)(Cl)Cl)S(=O)(=O)N(C)C)cc1,c1ccccc1,96.0
COP(=S)(OC)SCN1C(=O)c2ccccc2C1=O,O=C1NC(=O)c2ccccc21,72.0
Cc1nc(NS(=O)(=O)c2ccc(N)cc2)oc1C,O=S(=O)(Nc1ncco1)c1ccccc1,193.0
Nc1ccc(/N=N/c2ccc([N+](=O)[O-])cc2)cc1,c1ccc(N=Nc2ccccc2)cc1,215.0
CCCCCCCC1CCCC(=O)O1,O=C1CCCCO1,-12.0
FC1(F)C(Cl)=C(Cl)C(F)(F)C1(F)F,C1=CCCC1,-105.8
ClC1=C(Cl)C(Cl)(Cl)C(Cl)(Cl)C1(Cl)Cl,C1=CCCC1,40.0
CCC1(CC)COC(=O)NC1=O,O=C1CCOC(=O)N1,97.5
CCc1cc(C)cc(O)c1,c1ccccc1,51.6
FC1=C(F)C(F)(F)C1(F)F,C1=CCC1,-60.0
CC(C)C1CCCCC1,C1CCCCC1,-89.4
C1=CCNCC1,C1=CCNCC1,-48.0
CCCCCCCCCCCCCCCCCCOC(=O)CCSCCC(=O)OCCCCCCCCCCCCCCCCCC,,66.0
C=CCCCCCCCCC(=O)OCC,,-38.0
O=CN(O)CC(=O)O,,119.5
FC(F)(F)C(F)(F)C(F)(F)C(F)(F)C(F)(F)F,,-100.0
C=C1CC(=O)O1,C=C1CC(=O)O1,-6.5
Cc1cc(C)oc(=O)c1,O=c1cccco1,51.5
O=C1CCCCCCN1,O=C1CCCCCCN1,36.5
COc1cc(C)oc(=O)c1,O=c1cccco1,86.0
Cc1ccc(S(=O)(=O)NC(=O)NC2CCCCC2)cc1,O=C(NC1CCCCC1)NS(=O)(=O)c1ccccc1,175.0
CCCCCCCF,,-73.0
Nc1ccc2nc3ccccc3nc2c1N,c1ccc2nc3ccccc3nc2c1,264.0
CC12CCC3C(=CCc4cc(O)ccc43)C1CCC2O,C1=C2C(CCC3CCCC23)c2ccccc2C1,174.5
N#CCCCCCC#N,,-31.4
CCCc1ccccc1O,c1ccccc1,7.0
Cc1cc(OC(=O)N(C)C)nn1C(=O)N(C)C,c1cn[nH]c1,69.5
CC(=O)OOC(=O)c1ccccc1,c1ccccc1,37.0
O=C(SSC(=O)c1ccccc1)c1ccccc1,O=C(SSC(=O)c1ccccc1)c1ccccc1,134.5
O=C(OC([N+](=O)[O-])[N+](=O)[O-])c1ccccc1,c1ccccc1,172.0
C=CCn1c(N)cc(=O)n(CC)c1=O,O=c1cc[nH]c(=O)[nH]1,143.0
c1ccc(-c2ccccc2-c2ccccc2-c2ccccc2)cc1,c1ccc(-c2ccccc2-c2ccccc2-c2ccccc2)cc1,118.5
CCC1CCC2C3CCC4CCCCC4(C)C3CCC12C,C1CCC2C(C1)CCC1C3CCCC3CCC21,84.5
CNS(=O)(=O)c1ccc(C)cc1,c1ccccc1,78.5
CCCCCCCCCCCCCCCCCC#N,,41.0
CCCCCOC=O,,-73.5
CC1NC(C)SC(C)S1,C1NCSCS1,46.0
CCCC(C)I,,-50.0
CCOC(=O)c1cccc(C(=O)OCC)c1,c1ccccc1,11.5
O=C(O)c1ccc(O)c(C(=O)O)c1,c1ccccc1,310.0
Ic1cc(I)c(I)cc1I,c1ccccc1,254.0
COc1cc(C(=O)N2CCOCC2)cc(OC)c1OC,O=C(c1ccccc1)N1CCOCC1,121.0
O=C1OC(=O)C2=C1CCCC2,O=C1OC(=O)C2=C1CCCC2,74.0
CCN(CC)C(N)=O,,75.0
Ic1cc(I)c(I)c(I)c1,c1ccccc1,148.0
Ic1ccc(I)c(I)c1I,c1ccccc1,136.0
Nc1ccc(Cl)c(Cl)c1Cl,c1ccccc1,73.0
O=C1c2ccccc2C(=O)c2c(Br)cccc21,O=C1c2ccccc2C(=O)c2ccccc21,186.5
O=C1OC(=O)c2c(Br)c(Br)c(Br)c(Br)c21,O=C1OC(=O)c2ccccc21,275.0
O=C(O)c1ccccc1S(=O)(=O)O,c1ccccc1,141.0
O=C(O)C(Br)Br,,49.0
CNC(=O)N(C)C,,75.5
CCCCCCCCCCCCCCCCCCCCCCCCCCCCCCCCCCC,,75.0
CCCCCCCCCCCCCCCCCCCCCCCCCCCCCCC,,67.9
CCCCCCCCCCCCCCCCCCI,,34.0
CCCCCCCCCCCCCCCCOC(C)=O,,-18.5
CCCCCCCCCCCCC#N,,9.7
ICCCCCCI,,9.5
C1=CCCCCC1,C1=CCCCCC1,-56.0
ICCCCCI,,9.0
O=CNNC=O,,156.0
COC(=O)CCCCC(=O)O,,9.0
C=CSC=C,,20.0
CCCO[N+](=O)[O-],,-100.0
CCCC[N+](=O)[O-],,-81.33
CCCOC(N)=O,,60.0
O=C(O)CCCCl,,16.0
CCCCCC(=O)OCCCC,,-64.3
Clc1ccncc1,c1ccncc1,-43.5
CC(=O)CC(=O)CC(C)=O,,49.0
Ic1cc(I)cc(I)c1,c1ccccc1,184.2
Oc1cc(Br)cc(Br)c1,c1ccccc1,81.0
CCCC(C)OC(C)=O,,-100.0
Oc1ccnc(O)c1,c1ccncc1,278.0
CC(=O)NC(C)=O,,79.0
CCO[N+](=O)[O-],,-94.6
CCNC(N)=O,,92.5
CC(C)CC#N,,-101.0
NC=NO,,114.5
O=[N+]([O-])OCC(O)CO,,61.0
CCCCCOC(=O)CC,,-73.1
CCCCCCC(=O)CCC,,-9.0
O=[N+]([O-])OCC(O)CO[N+](=O)[O-],,26.0
CCOC(=O)C=[N+]=[N-],,-22.0
NNc1ccc(Br)cc1,c1ccccc1,108.0
CC(=O)OC1CCCCC1,C1CCCCC1,-65.0
Nc1ccc(CCc2ccc(N)cc2)cc1,c1ccc(CCc2ccccc2)cc1,137.0
CCCCCC(=O)OCC(COC(=O)CCCCC)OC(=O)CCCCC,,-60.0
CCCCCC(=O)Nc1ccccc1,c1ccccc1,95.0
c1ccc(Cc2cccnc2)cc1,c1ccc(Cc2cccnc2)cc1,34.0
O=C(CCl)Oc1ccccc1,c1ccccc1,44.5
CCC(=O)Nc1ccccc1,c1ccccc1,105.5
ICc1ccccc1,c1ccccc1,24.5
Cc1cc([N+](=O)[O-])ccc1[N+](=O)[O-],c1ccccc1,52.5
Cc1cc([N+](=O)[O-])cc([N+](=O)[O-])c1,c1ccccc1,93.0
O=[N+]([O-])c1cc(Cl)c(O)c(Cl)c1,c1ccccc1,127.0
O=C(O)c1cc(I)c(O)c(I)c1,c1ccccc1,237.0
CC(C)c1cccc(O)c1,c1ccccc1,26.0
CC(=O)N1CCCCC1,C1CCNCC1,-13.4
O=S(O)c1ccccc1,c1ccccc1,84.0
O=C(Br)c1ccccc1,c1ccccc1,-24.0
CCN(C#N)CC,,-80.6
O=C(O)C(Cc1ccccc1)C(=O)O,c1ccccc1,121.0
CCN(CC)CC(=O)Nc1c(C)cc(C)cc1C,c1ccccc1,44.0
CCN(C)CC,,-196.0
Cn1ccc(=O)[nH]c1=O,O=c1cc[nH]c(=O)[nH]1,237.0
CCOC(=S)C(=S)OCC,,27.0
Ic1ccccc1I,c1ccccc1,27.0
CSc1nc2ccccc2s1,c1ccc2scnc2c1,44.0
Clc1nc2ccccc2o1,c1ccc2ocnc2c1,7.0
COc1ccc(N)cc1N,c1ccccc1,67.5
CN(N=O)c1ccccc1,c1ccccc1,14.7
N#CC(=O)c1ccccc1,c1ccccc1,32.5
O=[N+]([O-])c1ccc2cccnc2c1,c1ccc2ncccc2c1,132.5
c1ccc(Cc2ccc3ccccc3c2)cc1,c1ccc(Cc2ccc3ccccc3c2)cc1,58.0
O=[N+]([O-])c1ccc2ncccc2c1,c1ccc2ncccc2c1,153.5
Cc1ccc2cc3ccccc3cc2c1,c1ccc2cc3ccccc3cc2c1,209.0
c1ccc(-c2ccc3ccccc3c2)cc1,c1ccc(-c2ccc3ccccc3c2)cc1,103.5
O=C(O)c1ccccc1Cc1ccccc1,c1ccc(Cc2ccccc2)cc1,118.0
CN(C(=O)N(C)c1ccccc1)c1ccccc1,O=C(Nc1ccccc1)Nc1ccccc1,122.0
Cc1c2ccccc2nc2ccccc12,c1ccc2nc3ccccc3cc2c1,118.0
O=[N+]([O-])c1ccc(Cl)cc1O,c1ccccc1,41.0
O=C(O)c1ccc(Br)cc1Br,c1ccccc1,174.0
CCOc1ccccc1[N+](=O)[O-],c1ccccc1,2.2
Nc1cccc2cc3ccccc3cc12,c1ccc2cc3ccccc3cc2c1,116.0
Cc1cccc2cc3ccccc3cc12,c1ccc2cc3ccccc3cc2c1,85.5
Cc1cc([N+](=O)[O-])c([N+](=O)[O-])cc1[N+](=O)[O-],c1ccccc1,104.0
CN(C)c1ccccc1[N+](=O)[O-],c1ccccc1,-20.0
O=C(O)c1ccc(O)c(O)c1O,c1ccccc1,221.0
O=[N+]([O-])c1cc(Cl)cc(Cl)c1O,c1ccccc1,122.0
Cc1cc([N+](=O)[O-])c(O)c([N+](=O)[O-])c1,c1ccccc1,78.0
Cc1ccccc1N(C)C,c1ccccc1,-60.0
Ic1cc(I)c(I)c(I)c1I,c1ccccc1,172.0
Cc1cc(Br)cc(Br)c1O,c1ccccc1,58.0
Brc1cc(Br)c(Br)c(Br)c1Br,c1ccccc1,160.5
Cc1cc(C)c([N+](=O)[O-])c(C)c1[N+](=O)[O-],c1ccccc1,85.3
CC(C(=O)O)C(C)C(=O)O,,140.5
Ic1cccc(I)c1I,c1ccccc1,116.0
Brc1cccc(Br)c1Br,c1ccccc1,87.5
O=[N+]([O-])c1cccc2ncccc12,c1ccc2ncccc2c1,74.0
O=[N+]([O-])c1ccc(-c2ccccc2[N+](=O)[O-])cc1,c1ccc(-c2ccccc2)cc1,93.5
COc1c([N+](=O)[O-])cc([N+](=O)[O-])cc1[N+](=O)[O-],c1ccccc1,69.0
O=C(O)c1cccc(C(=O)O)c1O,c1ccccc1,244.5
c1ccc(-c2cccc3ccccc23)cc1,c1ccc(-c2cccc3ccccc23)cc1,45.0
O=C1c2ccccc2C(=O)c2cc(O)ccc21,O=C1c2ccccc2C(=O)c2ccccc21,306.0
CCc1c(CC)c(CC)c(CC)c(CC)c1CC,c1ccccc1,129.0
Cc1c([N+](=O)[O-])cc([N+](=O)[O-])c(O)c1[N+](=O)[O-],c1ccccc1,109.5
O=C1c2ccccc2C(=O)c2c1cc(O)c(O)c2O,O=C1c2ccccc2C(=O)c2ccccc21,313.0
c1ccc(-c2c3ccccc3cc3ccccc23)cc1,c1ccc(-c2c3ccccc3cc3ccccc23)cc1,156.0
Cc1ccc([N+](=O)[O-])c([N+](=O)[O-])c1[N+](=O)[O-],c1ccccc1,112.0
O=[N+]([O-])c1c(Cl)cccc1Cl,c1ccccc1,72.5
CC(C)N(N=O)C(C)C,,48.0
O=C(O)C(Br)CBr,,66.5
Nc1cccc(S(=O)(=O)c2cccc(N)c2)c1,O=S(=O)(c1ccccc1)c1ccccc1,171.5
C=C1CC2C3CCC4=CC(=O)C=CC4(C)C3C(O)CC2(C)C1(O)C(=O)CO,C=C1CC2CCC3C4C=CC(=O)C=C4CCC3C2C1,234.0
CC(C)C(C)N,,-50.0
CC1CCC1,C1CCC1,-161.5
CNC(N)=O,,103.0
CC(=O)CBr,,-36.5
CCCS(=O)(=O)CCC,,29.5
CCC(CO)(CO)[N+](=O)[O-],,57.5
CC([N+](=O)[O-])([N+](=O)[O-])[N+](=O)[O-],,57.0
ClC(Cl)C(Cl)(Cl)C(Cl)(Cl)Cl,,29.4
CC(C)(C)[N+](=O)[O-],,26.23
CC(C)C(Br)Br,,10.5
ClC(Cl)(Br)Br,,38.0
CC1CC1,C1CC1,-177.3
CNO,,87.5
[C-]#[N+]C,,-45.0
FCCl,,-133.0
CF,,-141.8
CC(C)CSCC(C)C,,-105.5
CCCCCF,,-120.0
CCCCOC(N)=O,,53.0
C=C=CCC,,-137.3
CCCCOC(=O)CC(C)=O,,-35.6
CC1CCCC(C)C1,C1CCCCC1,-75.6
CC(=O)CC(C)(C)C,,-64.0
C=C=CC,,-136.2
CCCCOC(=O)CC,,-89.0
Cc1ccc(C)nc1,c1ccncc1,-16.0
CC1CCC(C)CC1,C1CCCCC1,-36.9
CCCCCCCC(=O)OCCCC,,-42.9
CCCC(C)CC,,-119.0
CC(=O)NCc1ccccc1,c1ccccc1,61.0
O=[N+]([O-])OCCN(CCO[N+](=O)[O-])CCO[N+](=O)[O-],,108.0
O=C(O)COc1ccc(Cl)c(Cl)c1,c1ccccc1,139.0
O=C(CCl)Nc1ccccc1,c1ccccc1,87.0
O=[N+]([O-])c1cc(O)cc([N+](=O)[O-])c1,c1ccccc1,125.1
Cc1ccccc1/N=N/c1ccccc1C,c1ccc(N=Nc2ccccc2)cc1,55.5
C=CCC1=C(C)C(OC(=O)C2C(C=C(C)C)C2(C)C)CC1=O,O=C1C=CC(OC(=O)C2CC2)C1,4.0
CCC(O)CC,,-69.0
CC1CCCCC1O,C1CCCCC1,-50.0
CC1CCCCC1C,C1CCCCC1,-49.9
c1ccc2cc(/N=N/c3ccc4ccccc4c3)ccc2c1,c1ccc2cc(N=Nc3ccc4ccccc4c3)ccc2c1,208.0
O=[N+]([O-])c1ccc2ccccc2c1,c1ccc2ccccc2c1,79.0
Cc1ccc2cc(C)ccc2c1,c1ccc2ccccc2c1,112.0
CCOc1ccccc1NC(C)=O,c1ccccc1,79.0
CCN(CC)c1nc(Cl)nc(N(CC)CC)n1,c1ncncn1,27.0
Nc1ccc2ccccc2n1,c1ccc2ncccc2c1,131.5
Oc1ccc2ncccc2c1,c1ccc2ncccc2c1,195.0
CN(C(=O)C(Cl)Cl)c1ccc(O)cc1,c1ccccc1,175.0
CC(=O)N(C)c1ccccc1,c1ccccc1,103.0
Cn1cnc2[nH]c(N)nc(=O)c21,O=c1nc[nH]c2nc[nH]c12,370.0
O=C(O)C(Cc1cc(I)c(O)c(I)c1)c1ccccc1,c1ccc(CCc2ccccc2)cc1,164.0
O=[N+]([O-])c1ccc(O)cc1[N+](=O)[O-],c1ccccc1,134.0
CC(C)c1ccccc1C(C)C,c1ccccc1,-57.0
Oc1ccc2c(O)c3ccccc3cc2c1O,c1ccc2cc3ccccc3cc2c1,208.0
Cc1c(O)c(Br)c(Br)c(Br)c1Br,c1ccccc1,208.0
Cc1cc(C)c2ccccc2c1,c1ccc2ccccc2c1,-6.0
Cc1ccc2c(C)cccc2c1,c1ccc2ccccc2c1,-16.9
Cc1ccc2cccc(C)c2c1,c1ccc2ccccc2c1,-13.9
Cc1ccc2ccccc2c1C,c1ccc2ccccc2c1,1.6
O=[N+]([O-])c1cccc([N+](=O)[O-])c1O,c1ccccc1,63.5
CC(=O)Oc1cc(C)c(OC(C)=O)c2ccccc12,c1ccc2ccccc2c1,113.0
CCOP(=S)(OCC)Oc1ccc2c3c(c(=O)oc2c1)CCCC3,O=c1oc2ccccc2c2c1CCCC2,88.25
Cc1ccc(C)c2ccccc12,c1ccc2ccccc2c1,7.6
O=C(O)c1cccc(C(=O)O)c1C(=O)O,c1ccccc1,200.0
COc1nc2c(c(=O)n(C)c(=O)n2C)n1C,O=c1[nH]c(=O)c2[nH]cnc2[nH]1,176.0
Cc1cccc2cccc(C)c12,c1ccc2ccccc2c1,65.0
Cc1cccc(O)c1C(=O)O,c1ccccc1,173.0
CC(=O)OCC(=O)C1CCC2C3CC=C4CC(O)CCC4(C)C3CCC12C,C1=C2CCCCC2C2CCC3CCCC3C2C1,184.5
NCC(O)C(=O)O,,235.0
CCC(O)C(=O)O,,44.2
O=C(O)C(Cl)CCl,,50.0
Cc1cccc(OP(=O)(Oc2cccc(C)c2)Oc2cccc(C)c2)c1,O=P(Oc1ccccc1)(Oc1ccccc1)Oc1ccccc1,25.5
O=[N+]([O-])C(Br)([N+](=O)[O-])[N+](=O)[O-],,17.5
BrC(Br)(Br)Br,,90.1
CC(=O)F,,-84.0
CCCCCCCCCCCCCCCCCCCCCCCC(=O)O,,84.2
C=CCNC(N)=O,,85.0
Nc1ccc(C=O)cc1,c1ccccc1,71.5
OC1CCC(O)CC1,C1CCCCC1,143.0
NNCc1ccccc1,c1ccccc1,26.0
Clc1ccc(OCOc2ccc(Cl)cc2)cc1,c1ccc(OCOc2ccccc2)cc1,70.5
CCCCCCCCCCCCCC(=O)OCC(COC(=O)CCCCCCCCCCCCC)OC(=O)CCCCCCCCCCCCC,,56.5
CCCCCCCCCCCCCCCCCC(=O)OCC(COC(=O)CCCCCCCCCCCCCCCCC)OC(=O)CCCCCCCCCCCCCCCCC,,55.0
CCCCN(C)C(=O)Nc1ccc(Cl)c(Cl)c1,c1ccccc1,102.0
CN(C)CC(O)c1ccc(O)c(O)c1,c1ccccc1,149.0
CCC(Oc1c(I)cc(I)cc1I)C(=O)O,c1ccccc1,124.5
CCCOc1ccc([N+](=O)[O-])cc1N,c1ccccc1,49.0
ClCCN(CCCl)c1ccccc1,c1ccccc1,45.0
CN(c1ccccc1)c1ccccc1,c1ccc(Nc2ccccc2)cc1,-7.5
O=[N+]([O-])c1c(O)ccc2ccccc12,c1ccc2ccccc2c1,104.0
Cc1ccc(C(C)C)c(O)c1C(=O)O,c1ccccc1,127.0
O=P(N1CC1)(N1CC1)N1CC1,O=P(N1CC1)(N1CC1)N1CC1,41.0
NC(=O)C#CC#CC#CCO,,140.0
CC(C)CCSCCC(C)C,,-74.6
CC(C)=CCNC(=N)N,,62.5
CC(C)COC(N)=O,,67.0
CCSC#N,,-85.5
O=CCC=O,,72.0
CC(C)CCC#N,,-51.0
CC(C)COC=O,,-95.8
CC(N)CC(=O)O,,193.0
NOC=O,,116.0
N#CCN,,101.0
CCOC,,-113.0
CCC(=O)OCC(C)C,,-71.4
CCCCCCCCCCCCCCCCOC(=O)CCCCCCCCCCCCCCC,,54.0
CCCCCOC(=O)CCCCC,,-47.0
O=c1cccccc1,O=c1cccccc1,-7.0
C(=Nc1ccccc1)c1ccccc1,C(=Nc1ccccc1)c1ccccc1,54.0
Nc1ccc(/N=N/c2ccc(N)cc2)cc1,c1ccc(N=Nc2ccccc2)cc1,250.5
CCN(CCCl)CCCl,,-34.0
CCCCCCCC(=O)OCC(COC(=O)CCCCCCC)OC(=O)CCCCCCC,,10.0
O=[N+]([O-])c1cccc(SSc2cccc([N+](=O)[O-])c2)c1,c1ccc(SSc2ccccc2)cc1,84.0
Nc1ccc(Nc2ccc(N)cc2)cc1,c1ccc(Nc2ccccc2)cc1,158.0
CN1C2CCC1CC(OC(=O)c1ccccc1)C2,O=C(OC1CC2CCC(C1)N2)c1ccccc1,49.0
NC(Cc1cc(Br)c(O)c(Br)c1)C(=O)O,c1ccccc1,245.0
Nc1ncnc(Nc2ccccc2)n1,c1ccc(Nc2ncncn2)cc1,235.5
O=C(O)c1ccc(NS(=O)(=O)Cc2ccccc2)cc1,O=S(=O)(Cc1ccccc1)Nc1ccccc1,229.5
Cc1ccc(S(=O)O)cc1,c1ccccc1,86.5
COC(=O)c1ccc(O)c(N)c1,c1ccccc1,143.0
Cc1cc(N(C)C)nc(Cl)n1,c1cncnc1,87.0
CC(C)(C)c1nnc(NS(=O)(=O)c2ccc(N)cc2)s1,O=S(=O)(Nc1nncs1)c1ccccc1,222.0
CCCCC(C(=O)O)C(=O)O,,104.5
Cc1cc([N+](=O)[O-])cc([N+](=O)[O-])c1O,c1ccccc1,86.6
O=C(O)CCCCCCCC(O)C(O)CCCCCCO,,100.5
Oc1ccc(O)c(O)c1,c1ccccc1,140.5
CN1CSC(=S)N(C)C1,S=C1NCNCS1,106.0
O=CCC(O)C(O)CO,,91.0
O=C(NNc1ccccc1)c1ccccc1,O=C(NNc1ccccc1)c1ccccc1,168.0
CC(=O)Oc1ccccc1C(=O)Oc1ccccc1C(=O)O,O=C(Oc1ccccc1)c1ccccc1,159.0
OC1CCc2ccccc2C1,c1ccc2c(c1)CCCC2,15.5
NN(c1ccccc1)c1ccccc1,c1ccc(Nc2ccccc2)cc1,50.5
CCCCCCCCCCCCCCCC(=O)OCC(NC(=O)C(Cl)Cl)C(O)c1ccc([N+](=O)[O-])cc1,c1ccccc1,90.0
Oc1c2ccccc2cc2ccccc12,c1ccc2cc3ccccc3cc2c1,152.0
CCN(C(C)=O)c1ccccc1,c1ccccc1,55.0
C=CCC(C(=O)NC(N)=O)C(C)C,,194.0
Cc1cc(C)c(C(=O)O)cc1C,c1ccccc1,152.5
Cc1cc(O)cc(O)c1C,c1ccccc1,136.0
Cc1cc(C)c(C)c(O)c1C,c1ccccc1,118.5
CC1=C(C)C(=O)C=CC1=O,O=C1C=CC(=O)C=C1,55.0
COc1ccn(C)c(=O)c1C#N,O=c1cccc[nH]1,201.5
Nc1ccc2c(c1)Cc1cc(N)ccc1-2,c1ccc2c(c1)Cc1ccccc1-2,166.0
O=C(C(=O)c1cc(Br)ccc1O)c1cc(Br)ccc1O,O=C(C(=O)c1ccccc1)c1ccccc1,212.5
CCC1CN2CCC1CC2[C@H](O)c1ccnc2ccc(OC)cc12,c1ccc2c(CC3CC4CCN3CC4)ccnc2c1,172.5
Nc1cccc2c(O)nnc(O)c12,c1ccc2cnncc2c1,330.5
OCC1=CCN2CCC(O)C12,C1=CC2CCCN2C1,119.5
CCN1C(=O)OC(C)(C)C1=O,O=C1COC(=O)N1,76.5
O=C(O)CCC(=O)c1ccc2c(c1)-c1cccc3cccc-2c13,c1ccc2c(c1)-c1cccc3cccc-2c13,208.0
CC(=O)N(c1ccccc1)c1ccccc1,c1ccc(Nc2ccccc2)cc1,103.0
CCCCN(CCCC)C(C(N)=O)c1ccc(OC)cc1,c1ccccc1,134.0
O=[N+]([O-])c1ccc(O)c([N+](=O)[O-])c1O,c1ccccc1,147.5
CN(C)CCn1cnc2c1c(=O)n(C)c(=O)n2C,O=c1[nH]c(=O)c2[nH]cnc2[nH]1,95.0
Oc1cc2c(cc1O)C1c3ccc(O)c(O)c3OCC1(O)C2,c1ccc2c(c1)CC1COc3ccccc3C21,140.0
COC1(C)CC(c2ccccc2)c2c(c3ccccc3oc2=O)O1,O=c1oc2ccccc2c2c1C(c1ccccc1)CCO2,166.0
O=[N+]([O-])C([N+](=O)[O-])[N+](=O)[O-],,15.0
CCC(c1ccc2cc(OC)ccc2c1)C(C)(C)C(=O)O,c1ccc2ccccc2c1,139.5
CC12CCc3c(ccc4cc(O)ccc34)C1CCC2=O,O=C1CCC2c3ccc4ccccc4c3CCC12,258.5
IC(I)=C(I)I,,187.0
CC(C)C12C=CC(C)(CC1)OO2,C1=CC2CCC1OO2,3.3
CCC(Br)(CC)C(N)=O,,67.0
CN(C)c1ccc(C(O)(c2ccccc2)c2ccc(N(C)C)cc2)cc1,c1ccc(C(c2ccccc2)c2ccccc2)cc1,113.0
COc1ccc2c(c1)C13CCN4CC5=CCOC6CC(=O)N2C1C6C5CC43,O=C1CC2OCC=C3CN4CCC56c7ccccc7N1C5C2C3CC46,222.0
CC(C)(C)CC(=O)OCC(=O)C1(O)CCC2C3CCC4=CC(=O)CCC4(C)C3C(O)CC21C,O=C1C=C2CCC3C4CCCC4CCC3C2CC1,168.0
O=C1C=CC2(CCC23C=CC(=O)O3)O1,O=C1C=CC2(CCC23C=CC(=O)O3)O1,158.0
FC(F)(F)C(F)(F)C(F)(F)C(F)(F)C(F)(F)C(F)(F)C(F)(F)C(F)(F)I,,20.8
IC(I)(I)I,,171.0
CCCCCCCCCCCCCCCCCCCCCCCCO,,77.0
CCCCCCCCCCCCCCCCCCCCCCCCCCCCCC(=O)O,,93.6
CCCCCCCCCCCCCCCCCCCCCCCCCCCC(=O)O,,90.9
CCCCCCCCCCCCCCCCCCCCCCCCCC(=O)O,,88.5
O=C(O)CCCCCCCCCCCC(=O)O,,111.0
CS(=O)(=O)CCCN=C=S,,47.5
CCCCCCCCCC(=O)CCCCCCCCC,,65.5
CC(C)=CC(=O)C=C(C)C,,28.0
O=S(=O)(O)CS(=O)(=O)O,,98.0
CN=NC,,-78.0
CCOC(=S)SSC(=S)OCC,,30.0
CC(C)=CCCC(C)CC(=O)O,,257.0
OC1CCCCCC1,C1CCCCCC1,2.0
O=C(CCCl)NCc1ccccc1,c1ccccc1,94.0
O=C1C=CC(=Nc2ccc(O)cc2)C=C1,O=C1C=CC(=Nc2ccccc2)C=C1,160.0
O=C(O)C(=O)Nc1ccccc1,c1ccccc1,150.0
COP(=S)(OC)Oc1ccc([N+](=O)[O-])c(Cl)c1,c1ccccc1,21.0
CC1CC(OC(=O)c2ccccc2)CC(C)(C)N1,O=C(OC1CCNCC1)c1ccccc1,70.5
O=C(O)c1cncc(C(=O)O)c1,c1ccncc1,324.0
O=C(O)c1ccnc(C(=O)O)c1,c1ccncc1,249.0
Cc1ccc(O)cc1O,c1ccccc1,106.0
C1CCC2CCCC2C1,C1CCC2CCCC2C1,-53.0
ClCCN(CCCl)c1ccc2ccccc2c1,c1ccc2ccccc2c1,55.0
CN(C)c1ccc(C(=N)c2ccc(N(C)C)cc2)cc1,N=C(c1ccccc1)c1ccccc1,136.0
Cc1cc(O)c2c(O)c3c(O)cccc3cc2c1,c1ccc2cc3ccccc3cc2c1,203.7
O=c1ccoc2ccccc12,O=c1ccoc2ccccc12,59.0
CC1=CC(=O)C(C(C)C)=CC1=O,O=C1C=CC(=O)C=C1,45.5
COC(=O)c1ccccc1OC1OC(COC2OCC(O)C(O)C2O)C(O)C(O)C1O,c1ccc(OC2CCCC(COC3CCCCO3)O2)cc1,180.0
O=C(O)c1ccncc1C(=O)O,c1ccncc1,256.0
CCC(C)c1cnc(CC(C)C)c(=O)n1O,O=c1cncc[nH]1,98.0
Nc1c([N+](=O)[O-])cc([N+](=O)[O-])cc1[N+](=O)[O-],c1ccccc1,193.5
NCC(O)C(O)C(O)C(O)CO,,127.0
O=C(O)CNC(=O)c1ccccc1O,c1ccccc1,168.0
c1ccc2c(/N=N/c3cccc4ccccc34)cccc2c1,c1ccc2c(N=Nc3cccc4ccccc34)cccc2c1,190.0
CCC(C)c1cc([N+](=O)[O-])cc([N+](=O)[O-])c1OC(=O)C=C(C)C,c1ccccc1,70.0
COc1ccc2ccc(=O)oc2c1CC=C(C)C,O=c1ccc2ccccc2o1,83.5
C=CCc1cc2c(c(OC)c1OC)OCO2,c1ccc2c(c1)OCO2,29.5
Cc1cc(O)c2ccccc2c1O,c1ccc2ccccc2c1,169.0
Cc1cc(O)c2c(c1)C(=O)c1cccc(O)c1C2=O,O=C1c2ccccc2C(=O)c2ccccc21,196.0
O=C1c2cccc(O)c2C(=O)c2c(O)cc(CO)cc21,O=C1c2ccccc2C(=O)c2ccccc21,223.5
CC1=CC(=O)c2c(O)cccc2C1=O,O=C1C=CC(=O)c2ccccc21,78.5
CC1=C2[C@H]3OC(=O)C(C)[C@@H]3CC[C@@]2(C)C=CC1=O,O=C1C=CC2CCC3CC(=O)OC3C2=C1,175.0
O=C1NCc2ccccc21,O=C1NCc2ccccc21,151.0
O=C1NC(=O)C([N+](=O)[O-])C(=O)N1,O=C1CC(=O)NC(=O)N1,180.5
CCN(CC)CCNc1ccc(C)c2sc3ccccc3c(=O)c12,O=c1c2ccccc2sc2ccccc12,64.5
c1cc2c3c(c4ccc5ccccc5c4cc3c1)CC2,c1cc2c3c(c4ccc5ccccc5c4cc3c1)CC2,174.0
CN(c1c([N+](=O)[O-])cc([N+](=O)[O-])cc1[N+](=O)[O-])[N+](=O)[O-],c1ccccc1,131.5
COc1cc(O)c(C(=O)c2ccccc2)c(O)c1,O=C(c1ccccc1)c1ccccc1,130.5
CN1Cc2c(ccc3c2OCO3)C2C(O)Cc3cc4c(cc3C21)OCO4,c1c2c(cc3c1OCO3)C1NCc3c(ccc4c3OCO4)C1CC2,135.5
COc1cc2c(c(OC)c1OC)-c1ccc(O)c(=O)cc1C(NC(C)=O)CC2,O=c1cccc2c(c1)CCCc1ccccc1-2,178.5
O=C1C=CC(=O)c2c(O)ccc(O)c21,O=C1C=CC(=O)c2ccccc21,232.0
Fc1ccc(C(c2ccc(F)cc2)C(Cl)(Cl)Cl)cc1,c1ccc(Cc2ccccc2)cc1,44.5
C=CC1(C)C=C2CCC3C(C)(C(=O)O)CCCC3(C)C2CC1,C1=C2CCC3CCCCC3C2CCC1,218.5
CC(C)C12CCC(C)(CC1)O2,C1CC2CCC1O2,1.0
CC1(C)C2CCC1(C)C(Cl)C2,C1CC2CCC1C2,132.0
CC12C=CC(CC1)C2(C)C,C1=CC2CCC1C2,113.0
O=[N+]([O-])C(Br)(Br)Br,,10.0
C=C=O,,-151.0
CCCCCCCCCF,,1.0
C=C=C,,-136.2
CCCCCCC(=O)CCCCCC,,33.0
N#CN=C(N)N,,211.0
FC(F)(F)CCCl,,-106.5
N#CC#N,,-27.9
CCCF,,-159.0
C#CC#C,,-36.4
CCCC1CCCCN1,C1CCNCC1,-2.0
COC(=O)CF,,-35.0
O=C(CF)c1ccccc1,c1ccccc1,29.0
CN(CCO)CC(O)Cn1cnc2c1c(=O)n(C)c(=O)n2C,O=c1[nH]c(=O)c2[nH]cnc2[nH]1,180.0
FC(F)(F)C(Cl)C(F)(F)F,,-119.6
FCC(F)F,,-84.0
COS(=O)(=O)F,,-95.0
CC(C)F,,133.4
FC(F)(F)c1cccc(Br)c1,c1ccccc1,1.0
O=[N+]([O-])c1ccccc1C(F)(F)F,c1ccccc1,32.5
CC12CC(=O)C3C(CCC4=CC(=O)CCC43C)C1CCC2=O,O=C1C=C2CCC3C4CCC(=O)C4CC(=O)C3C2CC1,222.0
OCC(F)(F)C(F)(F)C(F)(F)C(F)(F)C(F)(F)C(F)(F)C(F)(F)C(F)F,,56.0
FC(F)(F)C(F)(Cl)Cl,,-56.6
CCCCCCF,,-103.0
CC(C)NP(=O)(F)NC(C)C,,65.0
O=C(Nc1ccc(Cl)cc1)Nc1ccc(Cl)c(C(F)(F)F)c1,O=C(Nc1ccccc1)Nc1ccccc1,214.5
FC(F)(F)c1nc(C(F)(F)F)nc(C(F)(F)F)n1,c1ncncn1,-24.8
CNC(C)C(O)c1ccc(O)cc1,c1ccccc1,153.0
O=C1C=CC(=O)C(c2ccccc2)=C1,O=C1C=CC(=O)C(c2ccccc2)=C1,114.0
FC(F)C(F)F,,-89.0
FC=C(F)F,,-78.0
FC(F)=CCl,,-138.5
C#CCC1(OC(N)=O)CCCCC1,C1CCCCC1,99.0
FC1(F)C(F)(F)C(F)(Cl)C1(F)Cl,C1CCC1,-24.2
FC(F)(F)C(Cl)(Cl)Cl,,14.2
FC(F)(Br)C(F)(Cl)Br,,50.0
FC(F)C(F)(F)Cl,,-117.0
FC(Cl)C(F)(F)Cl,,-78.0
FC(F)(Cl)Br,,-159.5
FC(Cl)(Cl)Br,,-106.0
CCF,,-143.2
O=C(F)F,,-111.2
O=C(O)CCCCCCCF,,35.0
FCc1ccccc1,c1ccccc1,-35.0
FC(F)(F)C(F)(F)C(F)(F)C(F)(F)C(F)(F)C(F)(F)C(F)(F)F,,-78.0
C=[N+]=[N-],,-145.0
OCCCCCCCCCCF,,22.0
O=C(O)CCCCCCCCCF,,49.0
CCCCCCCCCCF,,-35.0
O=[N+]([O-])c1ccc([N+](=O)[O-])c(O)c1,c1ccccc1,108.0
CCCCC(N)C(=O)O,,298.5
OC(CNc1ccccn1)c1ccccc1,c1ccc(CCNc2ccccn2)cc1,83.5
CC(=O)Oc1cc(C(F)(F)F)ccc1C(=O)O,c1ccccc1,121.0
Cc1c(Cl)c(=O)oc2cc(OP(=O)(OCCCl)OCCCl)ccc12,O=c1ccc2ccccc2o1,91.0
CCC1CN2CCc3cc(OC)c(OC)cc3C2CC1CC1NCCc2cc(OC)c(OC)cc21,c1ccc2c(c1)CCNC2CC1CCN2CCc3ccccc3C2C1,74.0
OCCN1CCN(CCCN2c3ccccc3C=Cc3ccccc32)CC1,C1=Cc2ccccc2N(CCCN2CCNCC2)c2ccccc21,100.5
CNC(=O)Oc1cc(C)c(N(C)C)c(C)c1,c1ccccc1,85.0
Cc1[nH]c(=O)n(C(C)C)c(=O)c1Br,O=c1cc[nH]c(=O)[nH]1,158.5
CCC(C)n1c(=O)[nH]c(C)c(Br)c1=O,O=c1cc[nH]c(=O)[nH]1,158.0
CCOP(=O)(OCC)Oc1ccc([N+](=O)[O-])cc1,c1ccccc1,300.0
FC(F)(F)C(F)(F)C(F)(F)C(F)(F)OC(F)(F)C(F)(F)C(F)(F)C(F)(F)F,,-100.0
FC(F)(F)C(Cl)Cl,,-107.0
CC(C)(C)C(=O)NNCc1ccccc1,c1ccccc1,68.5
CCN(CC)C(=O)c1ccc(O)c(OC)c1,c1ccccc1,95.0
O=C(O)c1cccc(-c2ccccc2)c1O,c1ccc(-c2ccccc2)cc1,186.5
C#CC(C)(CC)OC(N)=O,,55.8
Cc1c([N+](=O)[O-])cc(C(C)C)c(O)c1[N+](=O)[O-],c1ccccc1,55.5
CCOC(=O)NP(=O)(N1CC1)N1CC1,O=[PH](N1CC1)N1CC1,89.0
N#CC(CCN1CCC(C(N)=O)(N2CCCCC2)CC1)(c1ccccc1)c1ccccc1,c1ccc(C(CCN2CCC(N3CCCCC3)CC2)c2ccccc2)cc1,149.5
NN,,2.0
CNP(=O)(OC)Oc1ccc(C(C)(C)C)cc1Cl,c1ccccc1,60.0
COP(=S)(NC(C)C)Oc1ccc(Cl)cc1Cl,c1ccccc1,51.4
COc1ccc2c(c1O)-c1c3c(cc4c1C(C2)N(C)CC4)OCO3,c1ccc2c(c1)CC1NCCc3cc4c(c-2c31)OCO4,199.5
CCOP(=S)(S)OCC,,-10.0
ClC1=C(Cl)C2(Cl)C3C(Cl)OC(Cl)C3C1(Cl)C2(Cl)Cl,C1=CC2CC1C1COCC21,121.0
CCOP(=S)(OCC)Oc1cnccn1,c1cnccn1,-1.7
C1COCCOCCOCCO1,C1COCCOCCOCCO1,16.0
C1SCSCS1,C1SCSCS1,220.0
c1ncncn1,c1ncncn1,86.0
C1CSC1,C1CSC1,-73.2
C1CC2CCC1C2,C1CC2CCC1C2,87.5
c1ccn2cccc2c1,c1ccn2cccc2c1,75.0
c1ccc2sncc2c1,c1ccc2sncc2c1,38.0
c1ccc2nnccc2c1,c1ccc2nnccc2c1,38.0
c1ccc2c(c1)ccc1c3ccccc3sc21,c1ccc2c(c1)ccc1c3ccccc3sc21,189.0
c1ccc2c(c1)Cc1cc3ccccc3cc1-2,c1ccc2c(c1)Cc1cc3ccccc3cc1-2,212.0
c1ccc2c(c1)Cc1c-2ccc2ccccc12,c1ccc2c(c1)Cc1c-2ccc2ccccc12,189.5
c1ccc2c(c1)cnc1ccccc12,c1ccc2c(c1)cnc1ccccc12,107.4
c1ccc2c(c1)ccc1nc3c(ccc4ccccc43)cc12,c1ccc2c(c1)ccc1nc3c(ccc4ccccc43)cc12,226.0
c1ccc2nc3ccc4ccccc4c3cc2c1,c1ccc2nc3ccc4ccccc4c3cc2c1,132.0
c1ccc2c(c1)ccc1nc3ccc4ccccc4c3cc12,c1ccc2c(c1)ccc1nc3ccc4ccccc4c3cc12,216.0
c1ccc2cc3c4ccccc4c4ccccc4c3cc2c1,c1ccc2cc3c4ccccc4c4ccccc4c3cc2c1,206.0
c1ccc2c(c1)ccc1c2ccc2c3ccccc3ccc21,c1ccc2c(c1)ccc1c2ccc2c3ccccc3ccc21,368.0
c1ccc2c(c1)ccc1ccc3ccccc3c12,c1ccc2c(c1)ccc1ccc3ccccc3c12,68.0
c1ccc2c(c1)-c1ccc3ccc4cccc5cc-2c1c3c45,c1ccc2c(c1)-c1ccc3ccc4cccc5cc-2c1c3c45,163.6
c1ccc2c(c1)c1cccc3ccc4cccc2c4c31,c1ccc2c(c1)c1cccc3ccc4cccc2c4c31,177.5
c1ccc2c(c1)cc1c3ccccc3c3cccc4ccc2c1c43,c1ccc2c(c1)cc1c3ccccc3c3cccc4ccc2c1c43,233.5
c1ccc2c(c1)cc1ccc3cccc4c5ccccc5c2c1c34,c1ccc2c(c1)cc1ccc3cccc4c5ccccc5c2c1c34,162.4
c1cc2ccc3ccc4ccc5ccc6ccc1c1c2c3c4c5c61,c1cc2ccc3ccc4ccc5ccc6ccc1c1c2c3c4c5c61,437.3
c1ccc2c(c1)cc1ccc3c4ccccc4cc4ccc2c1c43,c1ccc2c(c1)cc1ccc3c4ccccc4cc4ccc2c1c43,317.0
c1ccc2c(c1)cc1ccc3cc4ccccc4c4ccc2c1c34,c1ccc2c(c1)cc1ccc3cc4ccccc4c4ccc2c1c34,281.5
C1CC12CC2,C1CC12CC2,-134.6
C=C1CC1CC(N)C(=O)O,C=C1CC1,282.0
O=Nc1ccc(Nc2ccccc2)cc1,c1ccc(Nc2ccccc2)cc1,143.0
CC1(C)N=C(N)N=C(N)N1c1ccc(Cl)cc1,C1=NC=NCN1c1ccccc1,146.0
CN(C)P(=O)(OP(=O)(N(C)C)N(C)C)N(C)C,,17.0
C1CN1,C1CN1,-77.9
CCC(C)CCC(C)(O)CC,,-67.5
CCOc1ccc(NC(N)=O)cc1,c1ccccc1,173.5
CCCCSP(SCCCC)SCCCC,,100.0
CC1=CC(C)(C)Nc2ccccc21,C1=Cc2ccccc2NC1,26.5
Oc1ccc(Cl)c2c1CCC2,c1ccc2c(c1)CCC2,92.0
CCCCCCCCCCCCCCCCN,,46.8
NCCCCCCNCCCCCCN,,33.0
CCCCOCCOCCOCCO,,-30.0
CCCCCCCCCOC(C)=O,,-26.0
O=C(O)CNCC(=O)O,,247.5
CC(C)(O)C#CC(C)(C)O,,95.0
CC(=O)NCCO,,16.0
N=C(N)NC(N)=O,,105.0
CC(C)(C)CC(C)(C)S,,-74.0
CCCCOCCOCCOC(=O)CCCCC(=O)OCCOCCOCCCC,,-47.0
CC(C)COC(=O)CCCCC(=O)OCC(C)C,,-20.0
CC(C)(C)CC(C)(C)c1ccc(O)cc1,c1ccccc1,84.5
CC(COc1ccc(C(C)(C)C)cc1)OS(=O)OCCCl,c1ccccc1,-31.7
CC(=O)Nc1ncc([N+](=O)[O-])s1,c1cscn1,264.5
CCCCCCCCCCCC(=O)OCc1ccccc1,c1ccccc1,8.5
CCNC(=O)Nc1ncc([N+](=O)[O-])s1,c1cscn1,228.0
CCN(CCO)CCO,,-50.0
Nc1ccc(Sc2ccc(N)cc2)cc1,c1ccc(Sc2ccccc2)cc1,108.5
C=C(C)C1CCC(C)(O)CC1,C1CCCCC1,32.5
CCCCOC(=O)C(C)O,,-28.0
CCCCCCCCCc1ccc(O)c(CCCCCCCCC)c1,c1ccccc1,-13.0
CCOc1ccc([N+](=O)[O-])cc1N,c1ccccc1,96.5
O=S(=O)(O)OCCOc1ccc(Cl)cc1Cl,c1ccccc1,170.0
c1ccc(N=NNc2ccccc2)cc1,c1ccc(N=NNc2ccccc2)cc1,98.0
CC(Cl)(Cl)C(=O)OCCOc1cc(Cl)c(Cl)cc1Cl,c1ccccc1,49.5
Nc1ccc(-c2ccc(Cl)cc2)cc1,c1ccc(-c2ccccc2)cc1,134.0
c1ccc2cc3cc4cc5ccccc5cc4cc3cc2c1,c1ccc2cc3cc4cc5ccccc5cc4cc3cc2c1,257.0
c1ccc2c(c1)c(Cc1cn(CN3CCCCC3)c3ccccc13)cn2CN1CCCCC1,c1ccc2c(c1)c(Cc1cn(CN3CCCCC3)c3ccccc13)cn2CN1CCCCC1,138.0
Nc1cc(Cl)cc(C(=O)O)c1Cl,c1ccccc1,200.0
Sc1c(Cl)c(Cl)c(Cl)c(Cl)c1Cl,c1ccccc1,231.5
COc1c(C(C)C)oc2cc3oc(=O)ccc3cc12,O=c1ccc2cc3ccoc3cc2o1,85.0
Nc1ccc(C(=O)Oc2ccccc2)c(O)c1,O=C(Oc1ccccc1)c1ccccc1,153.0
O=C1C2CC=CCC2C(=O)N1SC(Cl)(Cl)Cl,O=C1NC(=O)C2CC=CCC12,178.0
O=Nc1c(O)ccc2ccccc12,c1ccc2ccccc2c1,109.5
Cc1ccccc1/N=N/c1c(N)ccc2ccccc12,c1ccc(N=Nc2cccc3ccccc23)cc1,125.5
CCCCOC(=O)c1ccccc1C(=O)O,c1ccccc1,73.5
CC(=O)NS(=O)(=O)c1ccc(NC(=O)c2ccccc2C(=O)O)cc1,O=C(Nc1ccccc1)c1ccccc1,196.0
C#CC(C)(CC)OC(=O)c1ccccc1C(=O)O,c1ccccc1,97.0
COc1ccc(C(=O)c2ccccc2O)c(O)c1,O=C(c1ccccc1)c1ccccc1,68.0
COc1ccc(C(=O)Cc2c(CCN(C)C)cc3c(c2OC)OCO3)c(C(=O)O)c1OC,O=C(Cc1ccc2c(c1)OCO2)c1ccccc1,138.0
CCCCCOC(=O)c1ccccc1C(=O)OCCCCC,c1ccccc1,-55.0
O=C1c2ccccc2C(=O)c2cc(S(=O)(=O)O)ccc21,O=C1c2ccccc2C(=O)c2ccccc21,300.0
O=C(O)c1cc2ccccc2c(Cc2c(O)c(C(=O)O)cc3ccccc23)c1O,c1ccc2c(Cc3cccc4ccccc34)cccc2c1,315.0
O=[N+]([O-])c1cc(C2CCCCC2)c(O)c([N+](=O)[O-])c1,c1ccc(C2CCCCC2)cc1,107.0
O=C1c2cc([N+](=O)[O-])ccc2-c2c1cc([N+](=O)[O-])cc2[N+](=O)[O-],O=C1c2ccccc2-c2ccccc21,176.0
Nc1cccc2c1C(=O)c1cccc(N)c1C2=O,O=C1c2ccccc2C(=O)c2ccccc21,319.0
O=C1c2ccccc2C(=O)c2c(O)cccc21,O=C1c2ccccc2C(=O)c2ccccc21,193.8
Cc1ccc2c(c1Cl)C(=O)c1ccccc1C2=O,O=C1c2ccccc2C(=O)c2ccccc21,170.5
CC(=O)Nc1ccc(S(N)(=O)=O)cc1,c1ccccc1,219.5
CC(=O)Nc1ccc(S(=O)(=O)Cl)cc1,c1ccccc1,149.0
Cc1cccc(C)c1OP(=O)(Oc1c(C)cccc1C)Oc1c(C)cccc1C,O=P(Oc1ccccc1)(Oc1ccccc1)Oc1ccccc1,137.8
CCC(C)(C)c1ccc(O)c(C(C)(C)CC)c1,c1ccccc1,25.0
O=C1NCCN1,O=C1NCCN1,131.0
c1ccc2sc(SSc3nc4ccccc4s3)nc2c1,c1ccc2sc(SSc3nc4ccccc4s3)nc2c1,180.0
O=C(OCCOCCOC(=O)c1ccccc1)c1ccccc1,O=C(OCCOCCOC(=O)c1ccccc1)c1ccccc1,33.5
O=S(=O)(O)c1ccc2ccccc2c1,c1ccc2ccccc2c1,91.0
COc1cc2ccc(=O)oc2cc1OC,O=c1ccc2ccccc2o1,145.5
O=C(O)c1ccccc1SSc1ccccc1C(=O)O,c1ccc(SSc2ccccc2)cc1,288.5
O=[N+]([O-])c1ccccc1Nc1ccccc1,c1ccc(Nc2ccccc2)cc1,75.0
Nc1ccc([S+]([O-])c2ccc(N)cc2)cc1,c1ccc([SH+]c2ccccc2)cc1,175.0
Cc1cc(Cc2cc(C)cc(C(C)(C)C)c2O)c(O)c(C(C)(C)C)c1,c1ccc(Cc2ccccc2)cc1,123.0
CCOC(=O)COc1ccc2c(=O)cc(-c3ccccc3)oc2c1,O=c1cc(-c2ccccc2)oc2ccccc12,123.7
O=c1[nH]ncc2ccccc12,O=c1[nH]ncc2ccccc12,188.0
CCOP(=S)(OCC)Oc1ccc(=O)n(-c2ccccc2)n1,O=c1cccnn1-c1ccccc1,55.0
CCCCCCCCCCOC(=O)c1ccccc1C(=O)OCCCCCCCC,c1ccccc1,-40.0
O=C1C(Cl)=C(Cl)C(=O)C(Cl)=C1Cl,O=C1C=CC(=O)C=C1,290.0
CCCCOCCOC(=O)c1ccccc1C(=O)OCCOCCCC,c1ccccc1,-55.0
COCCOC(=O)c1ccccc1C(=O)OCCOC,c1ccccc1,-45.0
O=C1C(Cl)=C(Cl)C(=O)c2ccccc21,O=C1C=CC(=O)c2ccccc21,195.0
O=C1c2cccc(O)c2C(=O)c2cccc(O)c21,O=C1c2ccccc2C(=O)c2ccccc21,280.0
O=C1c2ccccc2-c2ccc3c4ccc5c6c(ccc(c7ccc1c2c73)c64)C(=O)c1ccccc1-5,O=C1c2ccccc2-c2ccc3c4ccc5c6c(ccc(c7ccc1c2c73)c64)C(=O)c1ccccc1-5,492.5
Nc1ccc(S(=O)(=O)Nc2cnccn2)cc1,O=S(=O)(Nc1cnccn1)c1ccccc1,251.0
FC(F)=C(F)C(F)(F)F,,-156.5
O=S(=O)(c1ccc(Cl)cc1)c1cc(Cl)c(Cl)cc1Cl,O=S(=O)(c1ccccc1)c1ccccc1,147.0
CC1CC(O)CC(C)(C)C1,C1CCCCC1,55.8
O=P(OCCCl)(OCCCl)OCCCl,,-55.0
CCC(CC)(CO)CO,,61.5
CCC(N)(CO)CO,,37.5
CC(C)=CC(=O)NS(=O)(=O)c1ccc(N)cc1,c1ccccc1,184.5
CC(=O)Oc1ccc(C2(c3ccc(OC(C)=O)cc3)C(=O)Nc3ccccc32)cc1,O=C1Nc2ccccc2C1(c1ccccc1)c1ccccc1,242.0
CCS(=O)(=O)C(C)(C)S(=O)(=O)CC,,125.8
CCCCC(CC)CN1C(=O)C2C3C=CC(C3)C2C1=O,O=C1NC(=O)C2C3C=CC(C3)C12,-20.0
CCCCCCCCCCCCCCCCCC(=O)Cl,,23.0
CCCCCCCCCCCCOC(C)=O,,1.3
CCCCCCCCCCCCNC(=N)N,,136.0
CCOCCOCCOCCO,,-18.7
CCCCOCCOCCCC,,-69.1
COCCOCCOCCO,,-44.0
CCCCCCCCOC=O,,-39.1
CCCCCCCCCCOC(C)=O,,-15.0
CCCCCCCCOC(C)=O,,-38.5
CCCCCCCCCCCCCCCCCC(=O)OC(C)C,,28.0
CCCCCCCOC(C)=O,,-50.2
ClCCOCOCCCl,,-32.0
C=CCCCCCCCCC(=O)OC,,-27.5
CCCCNCCO,,-2.0
CCCCN=C=O,,-75.0
CCOCCCO,,160.5
CCCCCCCCCCCCCCCC(=O)OCCCC,,16.9
C=COCCCl,,-70.0
CCCCNC,,-75.0
CCCCCCCCCCOC(=O)CCCCC(=O)OCCCCCCCC,,-50.0
CCCCCCCCCCCCCC(=O)OC(C)C,,3.0
O=S(=O)(O)CCS(=O)(=O)O,,173.0
C=COC=C,,-101.0
C=NCC#N,,129.0
CC(C)NCCO,,128.5
C=COCC(C)C,,-112.0
CCCCCCOC(=O)CCCCCCCC(=O)OCCCCCC,,-8.0
O=c1ccocc1,O=c1ccocc1,32.5
CC(=O)OC(C)CC(C)C,,-64.0
Oc1nc(O)nc(O)n1,c1ncncn1,360.0
CN1CN(C)CN(C)C1,C1NCNCN1,-27.0
CC(CCl)OC(C)CCl,,-97.0
C=Cc1cccc(C=C)c1,c1ccccc1,-52.3
NC(=O)OCC(Cl)(Cl)Cl,,64.0
CNCCS(=O)(=O)O,,241.5
CC(C)(C)SC(C)(C)C,,-9.0
CC(C)OP(C)(=O)F,,-57.0
C=COC,,-122.0
C#CCC,,-125.7
CCCCCCC(=O)OC,,-56.0
CC1CNC(C)CN1,C1CNCCN1,116.0
CCCCC(CC)CNCC(CC)CCCC,,-60.0
CCCOC(=O)CCCCC(=O)OCCC,,-15.7
CCCCOC(=O)CCCCC(=O)OCCCC,,-32.4
CCCOC(=O)CCC,,-95.2
CC(C)OC(=O)OOC(=O)OC(C)C,,10.0
C#CC(O)CCC,,-80.0
OCC1CCC(CO)CC1,C1CCCCC1,51.0
CCCCCCCCCCCCc1ccc(N)cc1,c1ccccc1,40.5
COc1ccc(COC(C)=O)cc1,c1ccccc1,84.0
CCCCCCCCCCCCCCCCCC(=O)Nc1ccc(O)cc1,c1ccccc1,133.8
NC(=O)Cc1ccccc1,c1ccccc1,157.0
C1CN(SSN2CCOCC2)CCO1,C1CN(SSN2CCOCC2)CCO1,124.5
CCCCC(CC)COC(=O)CCCCCCCC(=O)OCC(CC)CCCC,,-78.0
Clc1ccc(CSc2ccc(Cl)cc2)cc1,c1ccc(CSc2ccccc2)cc1,75.0
CCCCN(CCO)CCCC,,-75.0
c1ccc2sc(SN3CCOCC3)nc2c1,c1ccc2sc(SN3CCOCC3)nc2c1,85.0
CCc1cc(CC)cc(CC)c1,c1ccccc1,-66.5
O=C(Cc1ccccc1)OCCc1ccccc1,O=C(Cc1ccccc1)OCCc1ccccc1,26.5
O=C(O)CCC(=O)Nc1ccccc1,c1ccccc1,148.5
CCOC(=O)Nc1ccccc1,c1ccccc1,53.0
CCC(C)Nc1ccc(NC(C)CC)cc1,c1ccccc1,18.0
CC(=O)CC(=O)Nc1ccc(Cl)cc1,c1ccccc1,132.5
Clc1ccc(Cc2ccc(Cl)cc2)cc1,c1ccc(Cc2ccccc2)cc1,55.5
c1ccc(/N=N/c2ccc(Nc3ccccc3)cc2)cc1,c1ccc(N=Nc2ccc(Nc3ccccc3)cc2)cc1,90.0
NC(=O)Oc1ccc(Cc2ccccc2)cc1,c1ccc(Cc2ccccc2)cc1,148.5
Nc1ccc(Sc2ccc([N+](=O)[O-])cc2)cc1,c1ccc(Sc2ccccc2)cc1,144.0
CN(C)C(=O)Nc1ccccc1,c1ccccc1,133.5
CCCC(CC(OCC)OCC)OCC,,-100.0
O=C(Nc1cccc(Cl)c1)OCC#CCCl,c1ccccc1,75.0
O=C(Nc1ccc(Cl)cc1)Nc1ccc(Cl)c(Cl)c1,O=C(Nc1ccccc1)Nc1ccccc1,255.6
Clc1cccc(Nc2ccccc2)c1,c1ccc(Nc2ccccc2)cc1,74.0
COc1cccc(Nc2ccccc2)c1,c1ccc(Nc2ccccc2)cc1,73.0
Nc1ccc(Cc2ccc(N)c(Cl)c2)cc1Cl,c1ccc(Cc2ccccc2)cc1,110.0
CC1CC(OC(=O)C(O)c2ccccc2)CC(C)(C)N1C,O=C(Cc1ccccc1)OC1CCNCC1,113.0
O=S(=O)(O)NC1CCCCC1,C1CCCCC1,169.5
C1CN2CCC1CC2,C1CN2CCC1CC2,158.0
OCC1CCCCC1,C1CCCCC1,-43.0
O=C(O)c1ccc(C(=O)O)nc1,c1ccncc1,254.0
CC1=CCC(C(C)C)=CC1,C1=CCC=CC1,-10.0
CC1CCC(C(C)C)CC1,C1CCCCC1,-86.3
CCC(C)c1ccc(O)cc1,c1ccccc1,61.5
Cc1cc([N+](=O)[O-])ccc1O,c1ccccc1,96.0
O=C(O)c1cc(=O)cc(C(=O)O)o1,O=c1ccocc1,262.0
CC(N)c1ccccc1,c1ccccc1,32.0
O=S(=O)(O)c1ccc(Cl)cc1,c1ccccc1,67.0
CC(C)(C)C1CCC(O)CC1,C1CCCCC1,66.0
Cc1cc(C(C)(C)C)ccc1O,c1ccccc1,27.5
CN(C)C(=S)SC(=S)N(C)C,,109.5
Oc1ccc(Cl)cc1Sc1cc(Cl)ccc1O,c1ccc(Sc2ccccc2)cc1,174.0
O=S(=O)(Oc1ccc(Cl)cc1Cl)c1ccccc1,O=S(=O)(Oc1ccccc1)c1ccccc1,45.5
O=C(O)c1cc(S(=O)(=O)O)ccc1O,c1ccccc1,120.0
CCC(Cc1c(I)cc(I)c(O)c1I)C(=O)O,c1ccccc1,147.0
CC(C)N(CCO)C(C)C,,-39.0
Cc1cc(O)c(C(C)(C)C)cc1Sc1cc(C(C)(C)C)c(O)cc1C,c1ccc(Sc2ccccc2)cc1,162.0
Cc1cc(Sc2cc(C)c(O)c(C(C)(C)C)c2)cc(C(C)(C)C)c1O,c1ccc(Sc2ccccc2)cc1,125.5
CC(OP(C)(=O)F)C(C)(C)C,,-42.0
O=C1OCCO1,O=C1OCCO1,39.5
O=C1CCCO1,O=C1CCCO1,-43.3
CCC(C)C=O,,91.0
ClCC(Br)CBr,,6.0
Oc1cc(Cl)c(Cl)cc1Cl,c1ccccc1,69.0
Cc1cc(N)ccc1N,c1ccccc1,64.0
Cc1cc(Cl)ccc1N,c1ccccc1,30.3
ClC1OCCOC1Cl,C1COCCO1,30.0
c1ccc2sc(SNC3CCCCC3)nc2c1,c1ccc2sc(SNC3CCCCC3)nc2c1,98.0
c1ccc2sc(SSN3CCOCC3)nc2c1,c1ccc2sc(SSN3CCOCC3)nc2c1,135.0
N=c1[nH]c2ccc(Cl)cc2s1,N=c1[nH]c2ccccc2s1,200.0
N#CC1CC2C=CC1C2,C1=CC2CCC1C2,13.0
CCN(CC)C(=S)SC(=S)N(CC)CC,,31.0
O=C(OCCOc1ccc(Cl)cc1Cl)c1ccccc1,O=C(OCCOc1ccccc1)c1ccccc1,66.0
Cc1cc(Cl)ccc1OCCCC(=O)O,c1ccccc1,100.0
Cc1cc(Cl)ccc1OCC(=O)O,c1ccccc1,120.0
S=C(SSC(=S)N1CCCCC1)N1CCCCC1,S=C(SSC(=S)N1CCCCC1)N1CCCCC1,137.5
O=C(OOC(=O)c1ccccc1)c1ccccc1,O=C(OOC(=O)c1ccccc1)c1ccccc1,105.0
NC(=O)OCC(O)c1ccccc1,c1ccccc1,111.5
CCOc1ccc(C(=O)OCCN(CC)CC)cc1,c1ccccc1,173.0
CC(C)COC(=O)c1ccc(N)cc1,c1ccccc1,64.5
CC(C)OC(=O)COc1ccc(Cl)cc1Cl,c1ccccc1,5.0
CNCC(O)c1ccc(O)cc1,c1ccccc1,184.5
CCCCOC(=O)COc1cc(Cl)c(Cl)cc1Cl,c1ccccc1,28.5
CC(C)OC(=O)COc1cc(Cl)c(Cl)cc1Cl,c1ccccc1,45.0
S=c1sc2nc3ccccc3nc2s1,S=c1sc2nc3ccccc3nc2s1,180.0
Cc1ccccc1NC(=N)NC(=N)N,c1ccccc1,144.0
Cc1cc(Cl)ccc1OC(C)C(=O)O,c1ccccc1,95.0
O=C(O)CN(CCO)CC(=O)O,,178.0
c1ccc2cc(Nc3ccc(Nc4ccc5ccccc5c4)cc3)ccc2c1,c1ccc2cc(Nc3ccc(Nc4ccc5ccccc5c4)cc3)ccc2c1,235.0
Oc1ccc(Nc2ccc3ccccc3c2)cc1,c1ccc(Nc2ccc3ccccc3c2)cc1,140.0
Cc1ccc2ccc(C)nc2c1,c1ccc2ncccc2c1,61.0
C=CCc1ccc(OC(C)=O)c(OC)c1,c1ccccc1,30.5
O=S(=O)(O)c1ccc2cc(O)ccc2c1,c1ccc2ccccc2c1,125.0
c1ccc2c(c1)Sc1ccccc1S2,c1ccc2c(c1)Sc1ccccc1S2,159.3
CCN(Cc1ccccc1)c1ccccc1,c1ccc(CNc2ccccc2)cc1,35.0
Cc1ccc2nc(-c3ccc(N)cc3)sc2c1,c1ccc(-c2nc3ccccc3s2)cc1,194.8
COc1ccccc1NC(=O)CC(C)=O,c1ccccc1,86.0
Oc1ccc(-c2ccccc2)cc1Cl,c1ccc(-c2ccccc2)cc1,77.0
Cc1cc(-c2ccc(N=C=O)c(C)c2)ccc1N=C=O,c1ccc(-c2ccccc2)cc1,71.0
Nc1ccc(-c2ccc(N)c(N)c2)cc1N,c1ccc(-c2ccccc2)cc1,176.0
Nc1ccc(-c2ccc(N)c(Cl)c2)cc1Cl,c1ccc(-c2ccccc2)cc1,132.5
COc1cc(-c2ccc(N=C=O)c(OC)c2)ccc1N=C=O,c1ccc(-c2ccccc2)cc1,114.0
CCN(CC)c1cccc(O)c1,c1ccccc1,78.0
Clc1ccc2ccccc2c1,c1ccc2ccccc2c1,61.0
CCCCN(C(C)=O)c1ccccc1,c1ccccc1,24.5
C1CCC2CCCCC2C1,C1CCC2CCCCC2C1,-30.3
O=C1CCCCC1C1CCCCC1,O=C1CCCCC1C1CCCCC1,-32.0
CCC(C(=O)O)c1ccccc1,c1ccccc1,47.5
CCC(C(N)=O)c1ccccc1,c1ccccc1,86.0
Cc1ccccc1CN,c1ccccc1,-30.0
CC1CCC(C(C)C)C(=O)C1,O=C1CCCCC1,-6.0
Cc1ccc(C)c([N+](=O)[O-])c1,c1ccccc1,-25.0
CN(C)C(=S)Sc1ccc([N+](=O)[O-])cc1[N+](=O)[O-],c1ccccc1,152.5
O=[N+]([O-])c1ccc(S(=O)(=O)O)c([N+](=O)[O-])c1,c1ccccc1,108.0
O=[N+]([O-])c1cc([N+](=O)[O-])c(Cl)c([N+](=O)[O-])c1,c1ccccc1,83.0
O=[N+]([O-])c1cc(Cl)cc([N+](=O)[O-])c1O,c1ccccc1,81.0
Cc1ccc(S(=O)(=O)O)c(C)c1,c1ccccc1,57.0
Cc1ccc(C(C)(C)C)c(O)c1,c1ccccc1,46.5
CCc1cc2c(cc1C(C)=O)C(C)(C)CCC2(C)C,c1ccc2c(c1)CCCC2,46.5
CCc1cc(Cc2cc(CC)cc(C(C)(C)C)c2O)c(O)c(C(C)(C)C)c1,c1ccc(Cc2ccccc2)cc1,120.5
Nc1ccccc1S(=O)(=O)O,c1ccccc1,67.5
C=CN1CCCC1=O,O=C1CCCN1,13.5
O=C1Nc2ccc(Br)cc2C1=O,O=C1Nc2ccccc2C1=O,249.5
O=[N+]([O-])c1cc([N+](=O)[O-])c2onnc2c1,c1ccc2onnc2c1,158.0
O=C(OCCO)c1ccccc1O,c1ccccc1,37.0
CC(C)COC(=O)c1ccccc1O,c1ccccc1,5.9
Nc1cccc2cc(O)ccc12,c1ccc2ccccc2c1,190.6
CCCCc1cc2ccccc2c(OCCN(C)C)n1,c1ccc2cnccc2c1,146.0
Brc1ccc2oc3ccccc3c2c1,c1ccc2c(c1)oc1ccccc12,110.0
O=C(Oc1cccc2cccnc12)c1ccccc1,O=C(Oc1cccc2cccnc12)c1ccccc1,119.0
Nc1ccc2cc(S(=O)(=O)O)cc(S(=O)(=O)O)c2c1,c1ccc2ccccc2c1,274.0
O=C(O)c1ccc2ccccc2c1O,c1ccc2ccccc2c1,195.0
CN1C(=O)CC(c2ccccc2)C1=O,O=C1CC(c2ccccc2)C(=O)N1,72.0
CCN(C(=O)N(CC)c1ccccc1)c1ccccc1,O=C(Nc1ccccc1)Nc1ccccc1,79.0
Nc1ccc2ccccc2c1/N=N/c1ccccc1,c1ccc(N=Nc2cccc3ccccc23)cc1,103.0
COc1cc([N+](=O)[O-])c2ncccc2c1,c1ccc2ncccc2c1,159.0
Cc1cccc(NC(=O)c2ccccc2C(=O)O)c1,O=C(Nc1ccccc1)c1ccccc1,150.0
CCCCOC(=O)COC(=O)c1ccccc1C(=O)OCCCC,c1ccccc1,-35.0
O=S(=O)(O)c1cccc2ccccc12,c1ccc2ccccc2c1,140.0
O=C1OC(=O)C2CC=CCC12,O=C1OC(=O)C2CC=CCC12,101.9
O=C(O)c1cccc([N+](=O)[O-])c1O,c1ccccc1,148.0
CCc1c(Br)c(Br)c(Br)c(Br)c1Br,c1ccccc1,138.0
c1ccc2c(c1)ccc1ncccc12,c1ccc2c(c1)ccc1ncccc12,94.0
O=S(=O)(O)c1ccc(O)c2ncccc12,c1ccc2ncccc2c1,322.5
CCCCCCCCCCOC(=O)c1ccccc1C(=O)OCCCCCCCCCC,c1ccccc1,2.5
CCCCCCOC(=O)c1ccccc1C(=O)OCCCCCC,c1ccccc1,-58.0
O=C(OC1CCCCC1)c1ccccc1C(=O)OC1CCCCC1,O=C(OC1CCCCC1)c1ccccc1C(=O)OC1CCCCC1,66.0
C=CC1CN2CCC1CC2C(=O)c1ccnc2ccc(OC)cc12,O=C(c1ccnc2ccccc12)C1CC2CCN1CC2,108.0
NC(=O)C1CCN(CCCN2c3ccccc3Sc3ccc(Cl)cc32)CC1,c1ccc2c(c1)Sc1ccccc1N2CCCN1CCCCC1,139.0
COc1ccc2c(OC)c3ccoc3nc2c1OC,c1ccc2nc3occc3cc2c1,177.0
COc1c(C(C)(C)C)cc([N+](=O)[O-])c(C)c1[N+](=O)[O-],c1ccccc1,85.0
CC(=O)N(C(C)=O)c1ccc(/N=N/c2ccccc2C)cc1C,c1ccc(N=Nc2ccccc2)cc1,75.0
Cn1ccc(=O)c2ccccc21,O=c1cc[nH]c2ccccc12,152.0
CCC(CCC(C)C1CCC2C3CCC4CC(O)CCC4(C)C3CCC12C)C(C)C,C1CCC2C(C1)CCC1C3CCCC3CCC21,144.0
CC(C)CC(=O)C1C(=O)c2ccccc2C1=O,O=C1CC(=O)c2ccccc21,68.5
CC(C)(C)C(=O)C1C(=O)c2ccccc2C1=O,O=C1CC(=O)c2ccccc21,109.0
O=C1c2ccccc2C(=O)C1c1ccc2ccccc2n1,O=C1c2ccccc2C(=O)C1c1ccc2ccccc2n1,241.0
O=C(O)C(c1ccc(Cl)cc1)c1ccc(Cl)cc1,c1ccc(Cc2ccccc2)cc1,168.0
CN1CCN(C(c2ccccc2)c2ccccc2)CC1,c1ccc(C(c2ccccc2)N2CCNCC2)cc1,105.5
Cc1ncc(CO)c(C(=O)O)c1O,c1ccncc1,247.5
O=[N+]([O-])c1cc([N+](=O)[O-])c(O)c([N+](=O)[O-])c1O,c1ccccc1,175.5
O=C1c2ccccc2C(=O)C1C(=O)C(c1ccccc1)c1ccccc1,O=C1c2ccccc2C(=O)C1C(=O)C(c1ccccc1)c1ccccc1,146.5
O=[N+]([O-])c1c(O)c(Cl)cc(Cl)c1Cl,c1ccccc1,92.5
COc1c2ccoc2cc2oc(C)cc(=O)c12,O=c1ccoc2cc3occc3cc12,144.5
O=C1c2cccc([N+](=O)[O-])c2C(=O)c2cccc([N+](=O)[O-])c21,O=C1c2ccccc2C(=O)c2ccccc21,385.0
O=C1c2ccccc2C(=O)c2c1cccc2[N+](=O)[O-],O=C1c2ccccc2C(=O)c2ccccc21,231.5
Nc1c(C(=O)O)ccc2c1C(=O)c1ccccc1C2=O,O=C1c2ccccc2C(=O)c2ccccc21,295.5
O=C1c2ccccc2C(=O)c2c(O)c(O)cc(O)c21,O=C1c2ccccc2C(=O)c2ccccc21,259.0
O=C1OC(=O)c2ccc3c4c(ccc1c24)C(=O)OC3=O,O=C1OC(=O)c2ccc3c4c(ccc1c24)C(=O)OC3=O,450.0
Nc1ccc2ccccc2c1S(=O)(=O)O,c1ccc2ccccc2c1,180.0
CC(=O)N(c1onc(C)c1C)S(=O)(=O)c1ccc(N)cc1,O=S(=O)(Nc1ccno1)c1ccccc1,193.5
CC1=C(O)C(=O)CC1,O=C1C=CCC1,106.5
CCC(N)C(=O)O,,304.0
CC1(O)CCC(C(C)(C)O)CC1,C1CCCCC1,158.5
O=S(=O)(Oc1ccc(Cl)cc1)c1ccc(Cl)cc1,O=S(=O)(Oc1ccccc1)c1ccccc1,86.5
Nc1ccc(S(=O)(=O)Nc2ccc(Cl)nn2)cc1,O=S(=O)(Nc1cccnn1)c1ccccc1,187.0
Cc1ccc(S(=O)(=O)N(C)N=O)cc1,c1ccccc1,60.0
CC(O)(c1ccc(Cl)cc1)c1ccc(Cl)cc1,c1ccc(Cc2ccccc2)cc1,70.0
Nc1ccc(S(=O)(=O)c2ccc(NCCO)cc2)cc1,O=S(=O)(c1ccccc1)c1ccccc1,131.0
Cc1cc(C(C)(C)c2ccc(O)c(C)c2)ccc1O,c1ccc(Cc2ccccc2)cc1,139.0
CC(C)(c1cc(Cl)c(O)c(Cl)c1)c1cc(Cl)c(O)c(Cl)c1,c1ccc(Cc2ccccc2)cc1,135.0
CC(C)(c1cc(Br)c(O)c(Br)c1)c1cc(Br)c(O)c(Br)c1,c1ccc(Cc2ccccc2)cc1,181.0
CCC(C)(C)c1cc(O)c(C(C)(C)CC)cc1O,c1ccccc1,180.0
O=C(C(F)(F)F)C(F)(F)Cl,,-133.0
FC(F)=C(F)Cl,,-158.0
COC(=O)Cl,,-61.0
ClCC1(CCl)COC1,C1COC1,18.7
CCC(C)(O)CCCC(C)C,,31.5
CC(C)(C#N)/N=N/C(C)(C)C#N,,101.5
CC(C)(C)OOC(C)(C)CCC(C)(C)OOC(C)(C)C,,8.0
COP(=S)(OC)SCc1nc(N)nc(N)n1,c1ncncn1,165.0
CCN(CC)CCOc1ccc(C(O)(Cc2ccc(Cl)cc2)c2ccc(C)cc2)cc1,c1ccc(CC(c2ccccc2)c2ccccc2)cc1,103.0
Cc1ccc(OP(=O)(Oc2ccc(C)cc2)Oc2ccc(C)cc2)cc1,O=P(Oc1ccccc1)(Oc1ccccc1)Oc1ccccc1,77.5
CCC(C)(CC)OC(N)=O,,56.0
OC(OCC(COC(O)C(Cl)(Cl)Cl)(COC(O)C(Cl)(Cl)Cl)COC(O)C(Cl)(Cl)Cl)C(Cl)(Cl)Cl,,53.0
O=[N+]([O-])OCC(CO[N+](=O)[O-])(CO[N+](=O)[O-])CO[N+](=O)[O-],,140.5
CCCCOC(=O)CC(CC(=O)OCCCC)(OC(C)=O)C(=O)OCCCC,,-80.0
CCOP(=O)(C#N)N(C)C,,-50.0
C1=CC2C3C=CC(C3)C2C1,C1=CC2C3C=CC(C3)C2C1,32.0
CCC(Br)(CC)C(=O)NC(N)=O,,118.0
CN1C(=O)CC(C)(c2ccccc2)C1=O,O=C1CC(c2ccccc2)C(=O)N1,52.5
C=C1C[C@]23C[C@@]1(O)CC[C@H]2[C@@]12C=C[C@H](O)[C@@](C)(C(=O)O1)[C@H]2[C@@H]3C(=O)O,C=C1CC23CC1CCC2C12C=CCC(C(=O)O1)C2C3,234.0
C=CCC1(C2C=CCC2)C(=O)NC(=O)NC1=O,O=C1NC(=O)C(C2C=CCC2)C(=O)N1,139.5
CCN(CC)CCC1(c2ccccc2)C(=O)Oc2ccccc21,O=C1Oc2ccccc2C1c1ccccc1,43.4
CC(=O)OC1CC2CCC1(C)C2(C)C,C1CC2CCC1C2,29.0
CC(C)(CO)[N+](=O)[O-],,89.5
O=C(O)C(O)(O)C(O)(O)C(=O)O,,114.5
CC12CCC(C(Br)C1=O)C2(C)C,O=C1CC2CCC1C2,77.0
CCC(C)(S(=O)(=O)CC)S(=O)(=O)CC,,76.0
FC(F)(F)C(F)(F)Cl,,-99.4
FC(Cl)(Cl)C(F)(Cl)Cl,,26.0
FC(F)(Cl)C(Cl)(Cl)Cl,,40.6
CC(C)(O)C(Br)(Br)Br,,169.0
CC(Cl)(Cl)C(=O)O,,-5.0
FC(F)(F)CCl,,-105.5
ClC(Cl)(Br)CBr,,-26.0
FC(F)(F)Cl,,-181.0
FC(F)(F)Br,,-172.0
FC(F)(Br)Br,,-110.1
O=C(Cl)Cl,,-118.0
FC(Cl)Cl,,-135.0
CC(F)F,,-117.0
C1CC1,C1CC1,-127.4
FCF,,-136.0
C=CF,,-160.5
C#CC,,-102.7
CC,,-182.79
CC(C)NCC(O)c1ccc([N+](=O)[O-])cc1,c1ccccc1,98.0
Cc1ccc2c(Cl)cc(Cl)c(O)c2n1,c1ccc2ncccc2c1,114.5
CCc1ccc(C(c2ccc(CC)cc2)C(Cl)Cl)cc1,c1ccc(Cc2ccccc2)cc1,56.0
CC12CCC(=O)C=C1CCC1C2C(=O)CC2(C)C(C(=O)CO)CCC12,O=C1C=C2CCC3C4CCCC4CC(=O)C3C2CC1,183.5
CCC(=O)c1ccc(N)cc1,c1ccccc1,140.0
CC[S+]([O-])CC,,14.0
CCc1oc2ccccc2c1C(=O)c1cc(I)c(O)c(I)c1,O=C(c1ccccc1)c1coc2ccccc12,167.0
O=C1C=C(N2CC2)C(=O)C(N2CC2)=C1N1CC1,O=C1C=C(N2CC2)C(=O)C(N2CC2)=C1N1CC1,162.75
ClC(Cl)(Cl)C(Cl)(Cl)Cl,,187.0
O=C1CC(=O)NC(=O)N1,O=C1CC(=O)NC(=O)N1,248.0
CCSCCC(N)C(=O)O,,195.0
O=c1ccc2cc3ccoc3cc2o1,O=c1ccc2cc3ccoc3cc2o1,163.5
O=[N+]([O-])c1cccc(O)c1[N+](=O)[O-],c1ccccc1,144.5
NC(Cc1cc(I)c(O)c(I)c1)C(=O)O,c1ccccc1,213.0
CSCCC(NC(C)=O)C(=O)O,,105.5
NC(=O)Nc1ccccc1,c1ccccc1,147.0
CNC(=O)Oc1cccc(C(C)C)c1,c1ccccc1,73.0
CC(C)(N)C(=O)O,,335.0
Cc1ccc(S(=O)(=O)O)cc1,c1ccccc1,104.5
O=C1NCCN1c1ncc([N+](=O)[O-])s1,O=C1NCCN1c1nccs1,261.0
CN(C)c1ccc(/N=N/c2ccccc2)cc1,c1ccc(N=Nc2ccccc2)cc1,117.0
Nc1ccc(/N=N/c2ccccc2)cc1,c1ccc(N=Nc2ccccc2)cc1,127.0
CCOc1cc(NC(C)=O)ccc1C(=O)OC,c1ccccc1,148.5
C(=C(c1ccccc1)c1ccccc1)c1ccccc1,C(=C(c1ccccc1)c1ccccc1)c1ccccc1,72.5
CC12CCC(=O)C=C1CCC1C2CCC2(C)C(OC(=O)CCC3CCCC3)CCC12,O=C1C=C2CCC3C(CCC4C(OC(=O)CCC5CCCC5)CCC43)C2CC1,155.0
Cc1c2ccccc2c(C)c2c1ccc1ccccc12,c1ccc2cc3c(ccc4ccccc43)cc2c1,122.5
ClC1=C(Cl)C2(Cl)C3C(Cl)C(Cl)CC3C1(Cl)C2(Cl)Cl,C1=CC2CC1C1CCCC21,106.0
CN(C)N,,-58.0
N=C(N)NC(=N)N,,136.0
Cc1cccc(/N=N/c2ccc(N(C)C)cc2)c1,c1ccc(N=Nc2ccccc2)cc1,138.5
CNc1ccc(O)cc1,c1ccccc1,135.0
O=C(O)c1ccncc1,c1ccncc1,315.0
COP(=S)(OC)Oc1ccc(S(=O)(=O)N(C)C)cc1,c1ccccc1,53.0
C1CN1P1(N2CC2)=NP(N2CC2)(N2CC2)=NP(N2CC2)(N2CC2)=N1,C1CN1P1(N2CC2)=NP(N2CC2)(N2CC2)=NP(N2CC2)(N2CC2)=N1,147.5
O=C(O)CCc1cc(I)c(Oc2ccc(O)c(I)c2)c(I)c1,c1ccc(Oc2ccccc2)cc1,200.0
O=C(O)Cc1cc(I)c(Oc2ccc(O)c(I)c2)c(I)c1,c1ccc(Oc2ccccc2)cc1,181.5
O=c1[nH]cc(Br)c(=O)[nH]1,O=c1cc[nH]c(=O)[nH]1,310.0
O=C(O)c1cc(Cl)c(Cl)cc1Cl,c1ccccc1,166.5
O=C(O)c1cc(Cl)c(Cl)c(Cl)c1Cl,c1ccccc1,194.5
COc1cc(C(=O)OCCCN(C)CCN(C)CCCOC(=O)c2cc(OC)c(OC)c(OC)c2)cc(OC)c1OC,O=C(OCCCNCCNCCCOC(=O)c1ccccc1)c1ccccc1,76.0
O=C(O)c1c(Cl)ccc(Cl)c1Cl,c1ccccc1,124.5
CCC(O)(COC(N)=O)c1ccccc1,c1ccccc1,55.0
Nc1ccn(C2CCC(CO)O2)c(=O)n1,O=c1ncccn1C1CCCO1,217.5
Cc1cccc(C)c1NC1=NCCCS1,c1ccc(NC2=NCCCS2)cc1,140.0
O=C(O)c1cc(O)c2cccc(O)c2n1,c1ccc2ncccc2c1,289.0
CCC12CCCN3CCc4c(n(c5ccccc45)C(O)(C(=O)OC)C1)C32,c1ccc2c(c1)c1c3n2CCC2CCCN(CC1)C32,231.5
CC1OC(=O)C(C(C)C)NC(=O)C(C(C)C)OC(=O)C(C(C)C)NC(=O)C(C)OC(=O)C(C(C)C)NC(=O)C(C(C)C)OC(=O)C(C(C)C)NC(=O)C(C)OC(=O)C(C(C)C)NC(=O)C(C(C)C)OC(=O)C(C(C)C)NC1=O,O=C1COC(=O)CNC(=O)COC(=O)CNC(=O)COC(=O)CNC(=O)COC(=O)CNC(=O)COC(=O)CNC(=O)COC(=O)CN1,190.0
CC(=O)c1c(O)c(C)c(O)c2c1OC1=CC(=O)C(C(C)=O)C(=O)C12C,O=C1C=C2Oc3ccccc3C2C(=O)C1,204.0
CC(C)(C)CC(C)(C)c1ccc(OCCO)cc1,c1ccccc1,-4.0
CC(CN(C)C)CN1c2ccccc2Sc2ccccc21,c1ccc2c(c1)Nc1ccccc1S2,68.0
CCC(COC(=O)c1cc(OC)c(OC)c(OC)c1)(c1ccccc1)N(C)C,O=C(OCCc1ccccc1)c1ccccc1,79.0
OC(CCN1CCCCC1)(c1ccccc1)C1CCCCC1,c1ccc(C(CCN2CCCCC2)C2CCCCC2)cc1,114.0
CCCN(CCC)c1c([N+](=O)[O-])cc(C(F)(F)F)cc1[N+](=O)[O-],c1ccccc1,49.0
ClCCN(CCCl)CCCl,,-4.0
CC(C)N(C(=O)SCC(Cl)=C(Cl)Cl)C(C)C,,29.0
CCOc1cc(OCC)c(C(=O)CCC(=O)O)cc1OCC,c1ccccc1,150.5
O=c1n(CCCN2CCN(c3cccc(Cl)c3)CC2)nc2ccccn12,O=c1n(CCCN2CCN(c3ccccc3)CC2)nc2ccccn12,87.0
c1cc2c(c(NC3=NCCN3)c1)CCCC2,c1cc2c(c(NC3=NCCN3)c1)CCCC2,142.5
Cc1ccc(C(=O)C(C)CN2CCCCC2)cc1,O=C(CCN1CCCCC1)c1ccccc1,176.5
Cc1cccc(N(C)C(=S)Oc2ccc3c(c2)C2CCC3C2)c1,S=C(Nc1ccccc1)Oc1ccc2c(c1)C1CCC2C1,93.0
CCC1C(C)=NN=C(c2ccc(OC)c(OC)c2)c2cc(OC)c(OC)cc21,C1=NN=C(c2ccccc2)c2ccccc2C1,156.5
CC(S)C(=O)NCC(=O)O,,96.0
CCOC(=O)c1c(N)sc2c1CCN(Cc1ccccc1)C2,c1ccc(CN2CCc3ccsc3C2)cc1,112.5
CC(C)(C)NCC(O)COc1nsnc1N1CCOCC1,c1nsnc1N1CCOCC1,202.0
C#CC1(O)CCC2C3C(C)CC4=C(CCC(=O)C4)C3CCC21C,O=C1CCC2=C(CCC3C2CCC2CCCC23)C1,167.0
O=C(Cn1c(=O)sc2ccc(Cl)cc21)N1CCN(CCO)CC1,O=C(Cn1c(=O)sc2ccccc21)N1CCNCC1,160.0
CC(C(=O)O)c1ccc(C(=O)c2ccccc2)s1,O=C(c1ccccc1)c1cccs1,96.0
CCN(CC)CCNC(=O)c1cc(S(C)(=O)=O)ccc1OC,c1ccccc1,124.0
CCSc1ccc2c(c1)N(CCCN1CCN(C)CC1)c1ccccc1S2,c1ccc2c(c1)Sc1ccccc1N2CCCN1CCNCC1,63.0
CS(=O)(=O)c1ccc(C(O)C(CO)NC(=O)C(Cl)Cl)cc1,c1ccccc1,165.0
COc1ccc2cc1Oc1ccc(cc1)CC1c3cc(c(OC)cc3CCN1C)Oc1c(OC)c(OC)cc3c1C(C2)N(C)CC3,c1cc2cc(c1)Oc1ccc(cc1)CC1NCCc3ccc(cc31)Oc1cccc3c1C(C2)NCC3,217.5
CCC(=O)OC1CCC2C3CCC4=CC(=O)CCC4(C)C3CCC12C,O=C1C=C2CCC3C4CCCC4CCC3C2CC1,120.0
CCCCCCC(=O)OC1CCC2C3CCC4=CC(=O)CCC4(C)C3CCC12C,O=C1C=C2CCC3C4CCCC4CCC3C2CC1,37.0
CC12CCC3C(CCC4=CC(=O)C=CC43C)C1CCC(=O)O2,O=C1C=CC2C(=C1)CCC1C3CCC(=O)OC3CCC21,218.5
COc1cc(C2c3cc4c(cc3C(OC3OC5COC(c6cccs6)OC5C(O)C3O)C3COC(=O)C23)OCO4)cc(OC)c1O,O=C1OCC2C(OC3CCC4OC(c5cccs5)OCC4O3)c3cc4c(cc3C(c3ccccc3)C12)OCO4,244.0
CC1(C)CC(O)CC(C)(C)N1O,C1CCNCC1,70.0
COP(=S)(OC)Oc1ccc(Sc2ccc(OP(=S)(OC)OC)cc2)cc1,c1ccc(Sc2ccccc2)cc1,30.25
O=c1[nH]c(=O)n(C2CCCO2)cc1F,O=c1ccn(C2CCCO2)c(=O)[nH]1,172.0
CNC(=O)N(C)c1nnc(C(C)(C)C)s1,c1nncs1,162.85
CCN1CCCC1CNC(=O)c1cc(S(=O)(=O)CC)ccc1OC,O=C(NCC1CCCN1)c1ccccc1,181.5
CCCCCCCCNC(C)C(O)c1ccc(SC(C)C)cc1,c1ccccc1,62.5
Cc1cc(NS(=O)(=O)c2ccc(N)cc2)nc(C)n1,O=S(=O)(Nc1ccncn1)c1ccccc1,243.0
Nc1ccc(S(=O)(=O)Nc2cnc3ccccc3n2)cc1,O=S(=O)(Nc1cnc2ccccc2n1)c1ccccc1,247.5
Nc1ccc(S(=O)(=O)Nc2ccnn2-c2ccccc2)cc1,O=S(=O)(Nc1ccnn1-c1ccccc1)c1ccccc1,181.0
CC(=O)Nc1ccc(S(=O)(=O)Nc2ccc([N+](=O)[O-])cc2)cc1,O=S(=O)(Nc1ccccc1)c1ccccc1,240.0
COc1ccc(NS(=O)(=O)c2ccc(N)cc2)nn1,O=S(=O)(Nc1cccnn1)c1ccccc1,182.5
COc1cnc(NS(=O)(=O)c2ccc(N)cc2)nc1,O=S(=O)(Nc1ncccn1)c1ccccc1,215.0
N=C(N)NS(=O)(=O)c1ccc(N)cc1,c1ccccc1,191.5
COc1cc(NS(=O)(=O)c2ccc(N)cc2)nc(OC)n1,O=S(=O)(Nc1ccncn1)c1ccccc1,203.5
Nc1ccc(S(=O)(=O)NC(=O)c2ccccc2)cc1,O=C(NS(=O)(=O)c1ccccc1)c1ccccc1,181.5
O=C(O)CCC(=O)Nc1ccc(S(=O)(=O)Nc2nccs2)cc1,O=S(=O)(Nc1nccs1)c1ccccc1,193.5
CN(N=O)C(=O)NC(C=O)C(O)C(O)C(O)CO,,115.0
Cc1cn(C2CCC(CO)O2)c(=O)[nH]c1=O,O=c1ccn(C2CCCO2)c(=O)[nH]1,155.5
CC1CCC2(NC1)OC1CC3C4CC=C5CC(O)CCC5(C)C4CCC3(C)C1C2C,C1=C2CCCCC2C2CCC3C4CC5(CCCCN5)OC4CC3C2C1,202.0
CN(C)/C=N/c1c(I)cc(I)c(CCC(=O)O)c1I,c1ccccc1,168.5
CC(C)(Oc1ccc(Cl)cc1)C(=O)OCCCOC(=O)C(C)(C)Oc1ccc(Cl)cc1,O=C(COc1ccccc1)OCCCOC(=O)COc1ccccc1,52.0
c1cc2c(cc1C1OCC3C(c4ccc5c(c4)OCO5)OCC13)OCO2,c1cc2c(cc1C1OCC3C(c4ccc5c(c4)OCO5)OCC13)OCO2,124.0
NNC(N)=O,,96.0
CN1C2CC(OC(=O)C(CO)c3ccccc3)CC1C1OC12,O=C(Cc1ccccc1)OC1CC2NC(C1)C1OC21,59.0
OCc1cc(C(O)CNCCCCCCOCCCCc2ccccc2)ccc1O,c1ccc(CCCCOCCCCCCNCCc2ccccc2)cc1,75.75
NCC1OC(OC2C(N)CC(N)C(O)C2OC2OC(CO)C(O)C2O)C(N)C(O)C1O,C1CCC(OC2CCCCC2OC2CCCO2)OC1,193.5
CC(C)=CC1C(C(=O)OCc2coc(Cc3ccccc3)c2)C1(C)C,O=C(OCc1coc(Cc2ccccc2)c1)C1CC1,56.5
CCOC(=O)C(CCc1ccccc1)NC(C)C(=O)N1C(C(=O)O)CC2CCCC21,O=C(CNCCCc1ccccc1)N1CCC2CCCC21,109.0
Cc1c(NC(C)C)c(=O)n(-c2ccccc2)n1C,O=c1cc[nH]n1-c1ccccc1,80.0
COc1ccc2c(c1O)-c1cccc3c1C(C2)N(C)CC3,c1ccc2c(c1)CC1NCCc3cccc-2c31,123.5
COC1=CC(C)C2CC3OC(=O)CC4C(C)=C(OC)C(=O)C(C2(C)C1=O)C34C,O=C1CC2C=CC(=O)C3C4C(=O)C=CCC4CC(O1)C23,222.0
CCC1(CC)C(=O)C=CNC1=O,O=C1C=CNC(=O)C1,90.7
CNC(=O)OCc1cccc(COC(=O)NC)n1,c1ccncc1,136.5
COc1ccc(CC(N)C(=O)NC2C(CO)OC(n3cnc4c(N(C)C)ncnc43)C2O)cc1,O=C(CCc1ccccc1)NC1COC(n2cnc3cncnc32)C1,176.25
CN1CCc2cc3c(cc2C(=O)Cc2ccc4c(c2C1)OCO4)OCO3,O=C1Cc2ccc3c(c2CNCCc2cc4c(cc21)OCO4)OCO3,208.0
CC1OC(OC2C=C3CCC4C(CCC5(C)C(c6ccc(=O)oc6)CCC45O)C3(C)CC2)C(O)C(O)C1O,O=c1ccc(C2CCC3C2CCC2C4CCC(OC5CCCCO5)C=C4CCC23)co1,221.0
CCCOC(=O)Cn1cc(I)c(=O)c(I)c1,O=c1cc[nH]cc1,186.0
CCCn1cnc2c1c(=O)n(CCCCC(C)=O)c(=O)n2C,O=c1[nH]c(=O)c2[nH]cnc2[nH]1,69.0
CC(C)Nc1nc(Cl)nc(NC(C)C)n1,c1ncncn1,213.0
CCC(=O)Nc1ccc(Cl)c(Cl)c1,c1ccccc1,92.0
CC(C)N(C(=O)CCl)c1ccccc1,c1ccccc1,77.0
CC(C)NCC(O)c1ccc2ccccc2c1,c1ccc2ccccc2c1,108.0
CSc1nc(NC(C)C)nc(NC(C)C)n1,c1ncncn1,119.0
COc1nc(NC(C)C)nc(NC(C)C)n1,c1ncncn1,91.5
CC(C)NC(=N)NC(=N)Nc1ccc(Cl)cc1,c1ccccc1,129.0
OC(CCN1CCCC1)(c1ccccc1)C1CCCCC1,c1ccc(C(CCN2CCCC2)C2CCCCC2)cc1,86.0
CC(O)C1CCC2C3CCC4CC(O)CCC4(C)C3CCC12C,C1CCC2C(C1)CCC1C3CCCC3CCC21,245.0
CC(=O)Nc1ccc(OCC(O)CNC(C)C)cc1,c1ccccc1,135.0
COc1cc(C2c3cc4c(cc3C(O)C3COC(=O)C23)OCO4)cc(OC)c1OC,O=C1OCC2Cc3cc4c(cc3C(c3ccccc3)C12)OCO4,228.0
CC(C)(C)C(=O)OCOC(=O)C1N2C(=O)C(/N=C/N3CCCCCC3)C2SC1(C)C,O=C1C(N=CN2CCCCCC2)C2SCCN12,119.0
CCn1cc(C(=O)O)c(=O)c2cnc(N3CCCC3)nc21,O=c1cc[nH]c2nc(N3CCCC3)ncc12,315.0
c1cnc(N2CCN(Cc3ccc4c(c3)OCO4)CC2)nc1,c1cnc(N2CCN(Cc3ccc4c(c3)OCO4)CC2)nc1,98.0
NC(=O)CN1CCCC1=O,O=C1CCCN1,152.0
CCn1cc(C(=O)O)c(=O)c2cnc(N3CCNCC3)nc21,O=c1cc[nH]c2nc(N3CCNCC3)ncc12,254.0
COc1c(OC)c2occc2c2oc(=O)ccc12,O=c1ccc2ccc3occc3c2o1,119.0
CCC1C(=O)OCC1Cc1cncn1C,O=C1CC(Cc2cnc[nH]2)CO1,34.0
COc1ccc(C(=O)NCc2cccnc2)cc1C(=O)NCc1cccnc1,O=C(NCc1cccnc1)c1cccc(C(=O)NCc2cccnc2)c1,124.0
O=C(O)c1ccccc1C(=O)Nc1ccc(S(=O)(=O)N=c2[nH]ccs2)cc1,O=C(Nc1ccc(S(=O)(=O)N=c2[nH]ccs2)cc1)c1ccccc1,273.0
CCOP(=S)(OCC)SCn1c(=O)oc2cc(Cl)ccc21,O=c1[nH]c2ccccc2o1,47.75
O=C(CCc1ccc(O)cc1)c1c(O)cc(O)cc1OC1OC(CO)C(O)C(O)C1O,O=C(CCc1ccccc1)c1ccccc1OC1CCCCO1,110.0
CC(N)C(O)c1ccccc1,c1ccccc1,77.75
CNCC(O)c1cccc(O)c1,c1ccccc1,170.5
N=C(N)NC(=N)Nc1ccccc1,c1ccccc1,143.0
NC(=O)OCCCc1ccccc1,c1ccccc1,102.0
COC1C(O)C(C)OC(OC2CCC3(C=O)C(CCC4C3CCC3(C)C(C5=CC(=O)OC5)CCC43O)C2)C1O,O=C1C=C(C2CCC3C2CCC2C4CCC(OC5CCCCO5)CC4CCC23)CO1,162.5
OCC1OC(n2cnc3c2N=CNCC3O)CC1O,C1=Nc2c(ncn2C2CCCO2)CCN1,220.0
CC(C)=CCN1CCC2(C)c3cc(O)ccc3CC1C2C,c1ccc2c(c1)CC1CC2CCN1,146.3
CC(C)(S)C(N)C(=O)O,,198.5
O=C1C=C2C(=CCOC2O)O1,O=C1C=C2COCC=C2O1,111.0
Cn1c(=O)on(-c2ccc(Cl)c(Cl)c2)c1=O,O=c1[nH]c(=O)n(-c2ccccc2)o1,123.0
CCCCCCCCCCCCCCCC(=O)NCCO,,98.5
CC(=O)OC1C(=O)C2(C)C(O)CC3OCC3(OC(C)=O)C2C(OC(=O)c2ccccc2)C2(O)CC(OC(=O)C(O)C(NC(=O)c3ccccc3)c3ccccc3)C(C)=C1C2(C)C,O=C(CC(NC(=O)c1ccccc1)c1ccccc1)OC1C=C2CC(=O)C3CCC4OCC4C3C(OC(=O)c3ccccc3)C(C2)C1,216.5
CNC(C)Cc1ccc(O)cc1,c1ccccc1,161.0
CCCCC1C(=O)N(c2ccccc2)N(c2ccc(O)cc2)C1=O,O=C1CC(=O)N(c2ccccc2)N1c1ccccc1,96.0
CN1CCC23c4c5ccc(O)c4OC2C(=O)CCC3(O)C1C5,O=C1CCC2C3Cc4cccc5c4C2(CCN3)C1O5,248.5
COc1ccc2c3c1OC1C(=O)CCC4(O)C(C2)N(C)CCC314,O=C1CCC2C3Cc4cccc5c4C2(CCN3)C1O5,219.0
CN(C(=O)CN(CCO)CC(=O)N(C)C(C)(C)Cc1ccccc1)C(C)(C)Cc1ccccc1,O=C(CNCC(=O)NCCc1ccccc1)NCCc1ccccc1,104.0
O=c1[nH]c2ccccc2n1CCCN1CCN(C(c2ccccc2)c2ccccc2)CC1,O=c1[nH]c2ccccc2n1CCCN1CCN(C(c2ccccc2)c2ccccc2)CC1,153.6
CC1OC(OC2CC(O)C3(CO)C4C(O)CC5(C)C(C6=CC(=O)OC6)CCC5(O)C4CCC3(O)C2)C(O)C(O)C1O,O=C1C=C(C2CCC3C2CCC2C4CCC(OC5CCCCO5)CC4CCC23)CO1,200.0
O=C(Nc1ccc(O)cc1)c1ccccc1O,O=C(Nc1ccccc1)c1ccccc1,179.0
CC1Cc2c(Cl)cc(C(=O)NC(Cc3ccccc3)C(=O)O)c(O)c2C(=O)O1,O=C(NCCc1ccccc1)c1ccc2c(c1)C(=O)OCC2,169.0
CC(CCc1ccccc1)NC(C)C(O)c1ccc(O)cc1,c1ccc(CCCNCCc2ccccc2)cc1,111.5
COc1ccc2c(c1OC)C(=O)OC2C1c2c(cc3c(c2OC)OCO3)CCN1C,O=C1OC(C2NCCc3cc4c(cc32)OCO4)c2ccccc21,176.0
C#CC1(O)CCC2C3CCC4=CC(=O)CCC4C3CCC21CC,O=C1C=C2CCC3C4CCCC4CCC3C2CC1,240.0
C#CC1(O)CCC2C3CCC4=C(CCC(=O)C4)C3CCC21C,O=C1CCC2=C(CCC3C2CCC2CCCC23)C1,169.5
CC(Cc1ccc(O)c(O)c1)C(C)Cc1ccc(O)c(O)c1,c1ccc(CCCCc2ccccc2)cc1,185.5
CN1C(=O)CN=C(c2ccccc2)c2cc([N+](=O)[O-])ccc21,O=C1CN=C(c2ccccc2)c2ccccc2N1,157.0
CS(=O)(=O)Nc1ccc([N+](=O)[O-])cc1Oc1ccccc1,c1ccc(Oc2ccccc2)cc1,143.75
Cc1c(NC(=O)c2cccnc2)c(=O)n(-c2ccccc2)n1C,O=C(Nc1c[nH]n(-c2ccccc2)c1=O)c1cccnc1,253.0
O=C(OCC(COC(=O)c1cccnc1)(COC(=O)c1cccnc1)COC(=O)c1cccnc1)c1cccnc1,O=C(OCC(COC(=O)c1cccnc1)(COC(=O)c1cccnc1)COC(=O)c1cccnc1)c1cccnc1,162.0
COC1C(O)C(C)OC(OC2CCC3(C)C(CCC4C3CCC3(C)C(C5=CC(=O)OC5)CCC43O)C2)C1O,O=C1C=C(C2CCC3C2CCC2C4CCC(OC5CCCCO5)CC4CCC23)CO1,221.0
CCc1nn(CCCN2CCN(c3cccc(Cl)c3)CC2)c(=O)n1CCOc1ccccc1,O=c1n(CCOc2ccccc2)cnn1CCCN1CCN(c2ccccc2)CC1,83.5
CC12CCC3C4CCC(=O)C=C4CCC3C1CCC2OC(=O)CCc1ccccc1,O=C1C=C2CCC3C(CCC4C(OC(=O)CCc5ccccc5)CCC43)C2CC1,95.5
C=CCN1CCC23c4c5ccc(O)c4OC2C(O)C=CC3C1C5,C1=CC2C3Cc4cccc5c4C2(CCN3)C(C1)O5,208.5
COP(=O)(OC)OC(Br)C(Cl)(Cl)Br,,27.0
CNCCc1ccc(O)c(O)c1,c1ccccc1,188.5
CC(C(O)c1ccccc1)N(C)C,c1ccccc1,87.5
CC(=O)Oc1cc(C(C)C)c(OCCN(C)C)cc1C,c1ccccc1,144.5
CN1CCC23c4c5ccc(O)c4OC2C(O)C=CC3C1C5,C1=CC2C3Cc4cccc5c4C2(CCN3)C(C1)O5,254.0
Clc1ccc(C(c2ccccc2Cl)C(Cl)Cl)cc1,c1ccc(Cc2ccccc2)cc1,77.0
CCc1cccc(C)c1N(C(=O)CCl)C(C)COC,c1ccccc1,-40.0
Cc1cc2c(cc1S(N)(=O)=O)S(=O)(=O)CCC2,O=S1(=O)CCCc2ccccc21,236.5
CN1c2ccccc2Sc2ccc(CC(=O)O)cc21,c1ccc2c(c1)Nc1ccccc1S2,144.0
CCC(CO)NC(=O)C1C=C2c3cccc4c3c(cn4C)CC2N(C)C1,C1=C2c3cccc4[nH]cc(c34)CC2NCC1,195.0
CC12CCC(=O)C=C1CCC1C2CCC2(C)C1CCC2(C)O,O=C1C=C2CCC3C4CCCC4CCC3C2CC1,163.0
CC1CC2C(C(O)CC3(C)C2CCC3(O)C(=O)CO)C2(C)C=CC(=O)C=C12,O=C1C=CC2C(=C1)CCC1C3CCCC3CCC21,232.5
CCC(=O)C(C[C@H](C)N(C)C)(c1ccccc1)c1ccccc1,c1ccc(Cc2ccccc2)cc1,99.5
CC(N)C(O)c1cccc(O)c1,c1ccccc1,107.5
C#CC1(O)CCC2C3CCc4cc(OC)ccc4C3CCC21C,c1ccc2c(c1)CCC1C2CCC2CCCC21,150.5
CC12CCC(=O)CC1CCC1C2CCC2(C)C1CCC2(C)O,O=C1CCC2C(CCC3C4CCCC4CCC23)C1,192.5
COc1cc(CCN)cc(OC)c1OC,c1ccccc1,35.5
CC1CC2C3CCC4=CC(=O)C=CC4(C)C3C(=O)CC2(C)C1(O)C(=O)CO,O=C1C=CC2C(=C1)CCC1C3CCCC3CC(=O)C21,202.5
CC12CC3CC(C)(C1)CC(N)(C3)C2,C1C2CC3CC1CC(C2)C3,258.0
CNCC(O)C(O)C(O)C(O)CO,,128.5
CC(=O)OC1(C(C)=O)CCC2C3C=C(C)C4=CC(=O)CCC4(C)C3CCC21C,O=C1C=C2C=CC3C4CCCC4CCC3C2CC1,214.0
CC(=O)C1CCC2C3CC(C)C4=CC(=O)CCC4(C)C3C(O)CC12C,O=C1C=C2CCC3C4CCCC4CCC3C2CC1,156.5
CC(=O)OC1(C(C)=O)CCC2C3CC(C)C4=CC(=O)CCC4(C)C3CCC21C,O=C1C=C2CCC3C4CCCC4CCC3C2CC1,206.5
CN(CCCl)CCCl,,-60.0
OC1(c2ccc(Cl)cc2)c2ccccc2C2=NCCN21,c1ccc(C2c3ccccc3C3=NCCN32)cc1,198.5
OC1C=C2CCN3Cc4cc5c(cc4C(C1O)C23)OCO5,C1=C2CCN3Cc4cc5c(cc4C(CC1)C23)OCO5,280.0
O=NN(CCCl)C(=O)NC1CCCCC1,C1CCCCC1,90.0
CN(CCCN1c2ccccc2CCc2ccccc21)CC(=O)c1ccc(Cl)cc1,O=C(CNCCCN1c2ccccc2CCc2ccccc21)c1ccccc1,105.0
CN1C(CC(=O)c2ccccc2)CCCC1CC(O)c1ccccc1,O=C(CC1CCCC(CCc2ccccc2)N1)c1ccccc1,191.0
CC(=O)NCC1CN(c2ccc(N3CCOCC3)c(F)c2)C(=O)O1,O=C1OCCN1c1ccc(N2CCOCC2)cc1,182.0
C=CCN1CCC23CCCCC2C1Cc1ccc(O)cc13,c1ccc2c(c1)CC1NCCC23CCCCC13,177.0
NC(C(=O)O)c1ccccc1,c1ccccc1,290.0
O=C(O)C(O)Cc1ccccc1,c1ccccc1,98.0
O=C(O)c1cc(O)c2ccccc2n1,c1ccc2ncccc2c1,282.5
CN1CCC(=C2c3ccccc3CC(=O)c3sccc32)CC1,O=C1Cc2ccccc2C(=C2CCNCC2)c2ccsc21,152.5
O=C(c1ccccc1)c1ccc2n1CCC2C(=O)O,O=C(c1ccccc1)c1ccc2n1CCC2,160.5
O=C(c1ccc(F)cc1)C1CCN(CCn2c(=O)[nH]c3ccccc3c2=O)CC1,O=C(c1ccccc1)C1CCN(CCn2c(=O)[nH]c3ccccc3c2=O)CC1,231.0
CNC1(c2ccccc2Cl)CCCCC1=O,O=C1CCCCC1c1ccccc1,92.5
O=[N+]([O-])OC1COC2C(O[N+](=O)[O-])COC12,C1CC2OCCC2O1,70.0
O=C(O)C1CCNCC1,C1CCNCC1,336.0
FC(F)OC(Cl)C(F)(F)F,,48.5
Nc1nc(N)nc(-c2cc(Cl)ccc2Cl)n1,c1ccc(-c2ncncn2)cc1,268.5
CCc1c2c(nc3ccc(OC(=O)N4CCC(N5CCCCC5)CC4)cc13)-c1cc3c(c(=O)n1C2)COC(=O)C3(O)CC,O=C1Cc2cc3n(c(=O)c2CO1)Cc1cc2cc(OC(=O)N4CCC(N5CCCCC5)CC4)ccc2nc1-3,222.5
CCC(Cc1c(I)cc(I)c(N)c1I)C(=O)O,c1ccccc1,155.2
Oc1c(I)cc(I)c2cccnc12,c1ccc2ncccc2c1,210.0
CC(=O)NCc1c(I)c(NC(C)=O)c(I)c(C(=O)O)c1I,c1ccccc1,255.0
O=C(OC1C(OC(=O)c2cccnc2)C(OC(=O)c2cccnc2)C(OC(=O)c2cccnc2)C(OC(=O)c2cccnc2)C1OC(=O)c1cccnc1)c1cccnc1,O=C(OC1C(OC(=O)c2cccnc2)C(OC(=O)c2cccnc2)C(OC(=O)c2cccnc2)C(OC(=O)c2cccnc2)C1OC(=O)c1cccnc1)c1cccnc1,254.6
O=c1[nH]c(=O)n(C2CC(O)C(CO)O2)cc1I,O=c1ccn(C2CCCO2)c(=O)[nH]1,263.0
CCCCCCCCCCCCCCCCCCOCC(O)CO,,70.5
CC(=O)OCC(=O)C1(O)C(C)CC2C3CCC4=CC(=O)C=CC4(C)C3(F)C(O)CC21C,O=C1C=CC2C(=C1)CCC1C3CCCC3CCC21,263.0
CCN(CCO)CCCC(C)Nc1ccnc2cc(Cl)ccc12,c1ccc2ncccc2c1,90.0
CC(N)Cc1ccc(O)cc1,c1ccccc1,125.5
CCC1CN2CCC1CC2C(O)c1ccnc2ccc(OC)cc12,c1ccc2c(CC3CC4CCN3CC4)ccnc2c1,168.5
CN1CCC23c4c5ccc(O)c4OC2C(=O)CCC3C1C5,O=C1CCC2C3Cc4cccc5c4C2(CCN3)C1O5,266.5
COc1c2c(cc3c1OCO3)CCN(C)C2,c1c2c(cc3c1OCO3)CNCC2,56.0
CN1C2CCC1CC(OC(=O)C(O)c1ccccc1)C2,O=C(Cc1ccccc1)OC1CC2CCC(C1)N2,99.5
CN1C(=O)NC(=O)C(C)(C2=CCCCC2)C1=O,O=C1NC(=O)C(C2=CCCCC2)C(=O)N1,146.5
CCC(c1ccc(O)cc1)C(CC)c1ccc(O)cc1,c1ccc(CCc2ccccc2)cc1,186.5
CC1(C)SC2C(N3C(=O)C(c4ccccc4)NC3(C)C)C(=O)N2C1C(=O)O,O=C1C(N2CNC(c3ccccc3)C2=O)C2SCCN12,190.0
COc1ccc(C2CC(=O)c3c(O)cc(OC4OC(COC5OC(C)C(O)C(O)C5O)C(O)C(O)C4O)cc3O2)cc1O,O=C1CC(c2ccccc2)Oc2cc(OC3CCCC(COC4CCCCO4)O3)ccc21,262.0
COc1ccc(C2CC(=O)c3c(O)cc(O)cc3O2)cc1O,O=C1CC(c2ccccc2)Oc2ccccc21,227.5
ClC1=C(Cl)C2(Cl)C3C(Cl)C=CC3C1(Cl)C2(Cl)Cl,C1=CC2C3C=CC(C3)C2C1,95.5
CC1CCC2(OC1)OC1CC3C4CCC5CC(O)CCC5(C)C4CC(=O)C3(C)C1C2C,O=C1CC2C3CCCCC3CCC2C2CC3OC4(CCCCO4)CC3C12,266.5
O=C(O)CNCP(=O)(O)O,,189.5
CC1(C(=O)O)CCC2(C)CCC3(C)C(=CC(=O)C4C5(C)CCC(OC6OC(C(=O)O)C(O)C(O)C6OC6OC(C(=O)O)C(O)C(O)C6O)C(C)(C)C5CCC43C)C2C1,O=C1C=C2C3CCCCC3CCC2C2CCC3CC(OC4OCCCC4OC4CCCCO4)CCC3C12,209.0
CC(C)(C)c1nnc(NS(=O)(=O)c2ccccc2)s1,O=S(=O)(Nc1nncs1)c1ccccc1,163.0
O=C(OCC(O)CO)c1ccccc1Nc1ccnc2cc(Cl)ccc12,c1ccc(Nc2ccnc3ccccc23)cc1,169.5
CCCCCC(=O)OC1(C(C)=O)CCC2C3CCC4=CC(=O)CCC4C3CCC21C,O=C1C=C2CCC3C4CCCC4CCC3C2CC1,123.5
COc1ccc2c3c1OC1CC(O)C=CC31CCN(C)C2,C1=CC23CCNCc4cccc(c42)OC3CC1,126.5
Clc1ccc(C2(Cn3cncn3)CC(Br)CO2)c(Cl)c1,c1ccc(C2(Cn3cncn3)CCCO2)cc1,84.0
CCCCc1ccc(C(=O)O)nc1,c1ccncc1,97.0
OCC1(O)OCC(O)C(O)C1O,C1CCOCC1,134.5
CC1OC1P(=O)(O)O,C1CO1,94.0
CN(CC(=O)N1CCOCC1)Cc1c(Cl)cccc1NC(=O)c1ccccc1,O=C(Nc1ccccc1CNCC(=O)N1CCOCC1)c1ccccc1,122.75
CCN(CC)CCN1C(=O)CN=C(c2ccccc2F)c2cc(Cl)ccc21,O=C1CN=C(c2ccccc2)c2ccccc2N1,79.5
CC12C=CC(=O)C=C1C(F)CC1C2C(O)CC2(C)C1CCC2(O)C(=O)CO,O=C1C=CC2C(=C1)CCC1C3CCCC3CCC21,210.5
CC(=O)C1(O)CCC2C3CC(C)C4=CC(=O)C=CC4(C)C3(F)C(O)CC21C,O=C1C=CC2C(=C1)CCC1C3CCCC3CCC21,297.0
CC(=O)OCC(=O)C12OC(C)(C)OC1CC1C3CC(F)C4=CC(=O)C=CC4(C)C3(F)C(O)CC12C,O=C1C=CC2C(=C1)CCC1C2CCC2C1CC1OCOC12,309.0
CC1(C)OC2CC3C4CC(F)C5=CC(=O)C=CC5(C)C4(F)C(O)CC3(C)C2(C(=O)CO)O1,O=C1C=CC2C(=C1)CCC1C2CCC2C1CC1OCOC12,265.5
Nc1nc(F)nc2c1ncn2C1OC(CO)C(O)C1O,c1ncc2ncn(C3CCCO3)c2n1,260.0
Nc1nc(=O)[nH]cc1F,O=c1nccc[nH]1,296.0
O=c1[nH]c(=O)n(C2CC(O)C(CO)O2)cc1F,O=c1ccn(C2CCCO2)c(=O)[nH]1,150.5
CCC(=O)c1c(O)cc(O)cc1O,c1ccccc1,175.5
O=C(OCC(O)CO)c1ccccc1Nc1ccnc2c(C(F)(F)F)cccc12,c1ccc(Nc2ccnc3ccccc23)cc1,179.5
O=C(NCC1CCCCN1)c1cc(OCC(F)(F)F)ccc1OCC(F)(F)F,O=C(NCC1CCCCN1)c1ccccc1,146.0
CC(C)(C)NC(=O)C1CCC2C3CCC4NC(=O)C=CC4(C)C3CCC12C,O=C1C=CC2C(CCC3C4CCCC4CCC23)N1,253.0
CC(C)C(C(=O)OC(C#N)c1cccc(Oc2ccccc2)c1)c1ccc(Cl)cc1,O=C(Cc1ccccc1)OCc1cccc(Oc2ccccc2)c1,46.6
CC(C)OC(=O)C(C)(C)Oc1ccc(C(=O)c2ccc(Cl)cc2)cc1,O=C(c1ccccc1)c1ccccc1,80.5
CCCCCCOc1ccccc1C(N)=O,c1ccccc1,71.0
COc1cc(C2c3cc4c(cc3C(OC3OC5COC(C)OC5C(O)C3O)C3COC(=O)C23)OCO4)cc(OC)c1O,O=C1OCC2C(OC3CCC4OCOCC4O3)c3cc4c(cc3C(c3ccccc3)C12)OCO4,243.5
CCN1C(=O)c2ccccc2C1Nc1ccc(OCCN2CCCCC2)cc1,O=C1NC(Nc2ccc(OCCN3CCCCC3)cc2)c2ccccc21,106.5
CCNCC(O)c1cccc(O)c1,c1ccccc1,147.5
CCC1(O)CCC2C3CCC4=CCCCC4C3CCC21C,C1=C2CCC3C4CCCC4CCC3C2CCC1,77.0
CCN1C(=O)NC(c2ccccc2)C1=O,O=C1NC(=O)C(c2ccccc2)N1,94.0
CCC1(C)CC(=O)NC1=O,O=C1CCC(=O)N1,65.0
CCCSP(=O)(OCC)SCCC,,-13.0
C#CC1(O)CCC2C3CCC4=CC(=O)CCC4(C)C3CCC21C,O=C1C=C2CCC3C4CCCC4CCC3C2CC1,272.0
CCOP(=S)(OCC)SCSP(=S)(OCC)OCC,,-13.0
C#CC1(OC(N)=O)CCCCC1,C1CCCCC1,96.0
CCOc1ccc(Cc2nccc3cc(OCC)c(OCC)cc23)cc1OCC,c1ccc(Cc2nccc3ccccc23)cc1,100.0
CCC(CO)NCCNC(CC)CO,,89.0
CC12CCC3c4ccc(OC(=O)c5ccccc5)cc4CCC3C1CCC2O,O=C(Oc1ccc2c(c1)CCC1C2CCC2CCCC21)c1ccccc1,196.0
CCOC(=O)CCC(=O)OC1C(OC2C(C)C(OC3CC(C)(OC)C(O)C(C)O3)C(C)C(=O)OC(CC)C(C)(O)C(O)C(C)C(=O)C(C)CC2(C)O)OC(C)CC1N(C)C,O=C1CCCCOC(=O)CC(OC2CCCCO2)CC(OC2CCCCO2)CCC1,222.0
CC12CCC3C(=CCc4cc(O)ccc43)C1CCC2=O,O=C1CCC2C3=CCc4ccccc4C3CCC12,239.0
CC12CCC3C(CCC4CC5SC5CC43C)C1CCC2O,C1CC2CCC3C4CC5SC5CC4CCC3C2C1,127.0
COc1cc(C)nc(-n2nc(C)cc2OC)n1,c1cnc(-n2cccn2)nc1,91.0
CC(C)CCCC(C)C1CCC2C3CCC4CC(O)CCC4(C)C3CCC12C,C1CCC2C(C1)CCC1C3CCCC3CCC21,185.5
CC1(C(=O)O)CCC2(C)CCC3(C)C(=CC(=O)C4C5(C)CCC(O)C(C)(C)C5CCC43C)C2C1,O=C1C=C2C3CCCCC3CCC2C2CCC3CCCCC3C12,296.0
O=C(O)C1C2CCC(O2)C1C(=O)O,C1CC2CCC1O2,144.0
O=S1OCC2C(CO1)C1(Cl)C(Cl)=C(Cl)C2(Cl)C1(Cl)Cl,O=S1OCC2C3C=CC(C3)C2CO1,106.0
CCOc1c(N2CCOCC2)cnn(C)c1=O,O=c1cc(N2CCOCC2)cn[nH]1,90.0
Cc1cc(O)c2c(c1)C(=O)c1cc(O)cc(O)c1C2=O,O=C1c2ccccc2C(=O)c2ccccc21,257.0
CCCCCCCCCCCC1=C(O)C(=O)C=C(O)C1=O,O=C1C=CC(=O)C=C1,142.5
CC(=O)C1CCC2C3C=CC4=CC(=O)CCC4(C)C3CCC12C,O=C1C=C2C=CC3C4CCCC4CCC3C2CC1,170.0
CCC(=O)OC1CCC2C3CCC4CC(=O)C(C)CC4(C)C3CCC12C,O=C1CCC2C(CCC3C4CCCC4CCC23)C1,128.0
OCC(O)CN1CCN(c2ccccc2)CC1,c1ccc(N2CCNCC2)cc1,105.0
CC1CC2(C)C(CCC3C4CCC(O)C4(C)CCC32)CC1=O,O=C1CCC2C(CCC3C4CCCC4CCC23)C1,151.0
CC1OC(n2cc(F)c(=O)[nH]c2=O)C(O)C1O,O=c1ccn(C2CCCO2)c(=O)[nH]1,190.0
CC(N)(Cc1ccc(O)cc1)C(=O)O,c1ccccc1,312.5
CCOP(=S)(OCC)SCCSCC,,-25.0
Cc1c(C(N)=O)cc([N+](=O)[O-])cc1[N+](=O)[O-],c1ccccc1,177.0
CCCCN(CCN(CCCC)C(=O)N1CCOCC1)C(=O)N1CCOCC1,O=C(NCCNC(=O)N1CCOCC1)N1CCOCC1,41.5
COc1ccc2c(=O)c(C)c(-c3ccccc3)oc2c1CN(C)C,O=c1cc(-c2ccccc2)oc2ccccc12,109.5
COc1ccc(C2Sc3ccccc3N(CCN(C)C)C(=O)C2OC(C)=O)cc1,O=C1CC(c2ccccc2)Sc2ccccc2N1,209.75
COc1ccc2c3c1OC1C(O)CCC4C(C2)N(C)CCC341,c1cc2c3c(c1)OC1CCCC4C(C2)NCCC314,112.5
CC1OC(OC2C(O)CC(OC3C(O)CC(OC4CCC5(C)C(CCC6C5CCC5(C)C(C7=CC(=O)OC7)CCC65O)C4)OC3C)OC2C)CC(O)C1O,O=C1C=C(C2CCC3C2CCC2C4CCC(OC5CCC(OC6CCC(OC7CCCCO7)CO6)CO5)CC4CCC23)CO1,255.5
CCCCC(=O)OCC(=O)C1C(C)CC2C3CC(F)C4=CC(=O)C=CC4(C)C3(F)C(O)CC21C,O=C1C=CC2C(=C1)CCC1C3CCCC3CCC21,195.0
OC(CCCN1CCCCC1)(c1ccccc1)c1ccccc1,c1ccc(C(CCCN2CCCCC2)c2ccccc2)cc1,104.5
ClC1=C(Cl)C2(Cl)C3C4CC(C5OC45)C3C1(Cl)C2(Cl)Cl,C1=CC2CC1C1C3CC(C4OC34)C21,228.0
OCC1CCC(n2cnc3c(O)ncnc32)O1,c1ncc2ncn(C3CCCO3)c2n1,161.5
COP(=O)(OC)OC=C(Cl)Cl,,-60.0
ClC(Cl)=C(c1ccc(Cl)cc1)c1ccc(Cl)cc1,C=C(c1ccccc1)c1ccccc1,89.0
COc1c(Cl)ccc(Cl)c1C(=O)O,c1ccccc1,115.0
CC1CC2C3CCC4=CC(=O)C=CC4(C)C3(F)C(O)CC2(C)C1C(=O)CO,O=C1C=CC2C(=C1)CCC1C3CCCC3CCC21,217.0
C#CC1(O)C=CC2C3CCC4=CC(=O)CCC4C3CCC21CC,O=C1C=C2CCC3C4C=CCC4CCC3C2CC1,197.9
O=C1CN=C(c2ccccc2)c2cc(Cl)ccc2N1,O=C1CN=C(c2ccccc2)c2ccccc2N1,216.5
CC1(C)C(C=C(Br)Br)C1C(=O)OC(C#N)c1cccc(Oc2ccccc2)c1,O=C(OCc1cccc(Oc2ccccc2)c1)C1CC1,100.0
COc1cccc2c1C(=O)c1c(O)c3c(c(O)c1C2=O)CC(O)(C(C)=O)CC3OC1CC(N)C(O)C(C)O1,O=C1c2ccccc2C(=O)c2cc3c(cc21)CCCC3OC1CCCCO1,208.5
C#CC1(O)CCC2C3CCC4=Cc5oncc5CC4(C)C3CCC21C,C1=C2CCC3C4CCCC4CCC3C2Cc2cnoc21,225.6
NS(=O)(=O)c1cc2c(cc1Cl)NC(CC1CCCC1)NS2(=O)=O,O=S1(=O)NC(CC2CCCC2)Nc2ccccc21,238.0
CC(=O)Oc1ccc(C(=C2CCCCC2)c2ccc(OC(C)=O)cc2)cc1,c1ccc(C(=C2CCCCC2)c2ccccc2)cc1,135.5
CC1CC(OC(=O)C(O)c2ccccc2)CC(C)(C)C1,O=C(Cc1ccccc1)OC1CCCCC1,56.0
CCOP(=S)(OCC)Oc1ccc2c(C)c(Cl)c(=O)oc2c1,O=c1ccc2ccccc2o1,93.0
CC1OC(OC2CCC3(C=O)C4CCC5(C)C(C6=CC(=O)OC6)CCC5(O)C4CCC3(O)C2)C(O)C(O)C1O,O=C1C=C(C2CCC3C2CCC2C4CCC(OC5CCCCO5)CC4CCC23)CO1,238.0
CC1C2CCC3C4CC=C5CC(N(C)C)CCC5(C)C4CCC32CN1C,C1=C2CCCCC2C2CCC34CNCC3CCC4C2C1,125.5
CCC(C)C(=O)OC1CCC=C2C=CC(C)C(CCC3CC(O)CC(=O)O3)C21,O=C1CCCC(CCC2CC=CC3=CCCCC32)O1,152.0
Clc1cccc(Cl)c1NC1=NCCN1,c1ccc(NC2=NCCN2)cc1,130.0
CC(C)(C)CC(C)(C)c1ccc(O)c(Cc2ccc(Cl)cc2Cl)c1,c1ccc(Cc2ccccc2)cc1,78.0
CCCC(=O)OC1(C(=O)CCl)C(C)CC2C3CCC4=CC(=O)C=CC4(C)C3(F)C(=O)CC21C,O=C1C=CC2C(=C1)CCC1C3CCCC3CC(=O)C21,95.0
CCC(=O)OC1(C(=O)CCl)C(C)CC2C3CCC4=CC(=O)C=CC4(C)C3(F)C(O)CC21C,O=C1C=CC2C(=C1)CCC1C3CCCC3CCC21,196.25
Clc1ccc(Cn2c(CN3CCCC3)nc3ccccc32)cc1,c1ccc(Cn2c(CN3CCCC3)nc3ccccc32)cc1,167.0
CC(C)(Oc1ccc(C2CC2(Cl)Cl)cc1)C(=O)O,c1ccc(C2CC2)cc1,115.0
CC1(C)SC2C(NC(=O)C3(N)CCCCC3)C(=O)N2C1C(=O)O,O=C(NC1C(=O)N2CCSC12)C1CCCCC1,182.5
c1ccc(C2(c3ccccc3)CC2C2=NCCN2)cc1,c1ccc(C2(c3ccccc3)CC2C2=NCCN2)cc1,103.5
CC(C)=CC1C(C(=O)O)C1(C)C,C1CC1,41.0
CC(C)OC(=O)Nc1cccc(Cl)c1,c1ccccc1,41.0
NC(=O)OCC(O)COc1ccc(Cl)cc1,c1ccccc1,90.0
CC(=O)OC1(C(C)=O)CCC2C3C=C(Cl)C4=CC(=O)CCC4(C)C3CCC21C,O=C1C=C2C=CC3C4CCCC4CCC3C2CC1,213.0
CC1=C(C(=O)O)N2C(=O)C(NC(=O)C(N)C3=CCC=CC3)C2SC1,O=C(CC1=CCC=CC1)NC1C(=O)N2C=CCSC12,140.0
CCC1CN2CCc3cc(OC)c(OC)cc3C2CC1CC1NCCc2cc(O)c(OC)cc21,c1ccc2c(c1)CCNC2CC1CCN2CCc3ccccc3C2C1,115.5
CC(=O)OCC1=C(C(=O)O)N2C(=O)C(NC(=O)Cc3cccs3)C2SC1,O=C(Cc1cccs1)NC1C(=O)N2C=CCSC12,160.25
CCCCCCNC(=O)n1cc(F)c(=O)[nH]c1=O,O=c1cc[nH]c(=O)[nH]1,110.5
CC(Cc1ccc(O)c(O)c1)(NN)C(=O)O,c1ccccc1,208.0
CC1(C(=O)O)CCC2(C)CCC3(C)C(=CC(=O)C4C5(C)CCC(OC(=O)CCC(=O)O)C(C)(C)C5CCC43C)C2C1,O=C1C=C2C3CCCCC3CCC2C2CCC3CCCCC3C12,292.5
CC(CS)C(=O)N1CCCC1C(=O)O,C1CCNC1,106.0
CC12C(=O)OC(=O)C1(C)C1CCC2O1,O=C1OC(=O)C2C3CCC(O3)C12,218.0
Cc1ccc(Cl)c(OCC(O)CNC(C)(C)C)c1,c1ccccc1,221.0
CC(C)(C)NCC(O)COc1ccccc1C#N,c1ccccc1,164.0
CC12CCC(O)CC1CCC1C2CCC2(C)C(c3ccc(=O)oc3)CCC12O,O=c1ccc(C2CCC3C2CCC2C4CCCCC4CCC23)co1,242.5
CCCCC1C(=O)NC(=O)N(C2CCCCC2)C1=O,O=C1CC(=O)N(C2CCCCC2)C(=O)N1,84.0
Cc1nnc2n1-c1sc(Br)cc1C(c1ccccc1Cl)=NC2,c1ccc(C2=NCc3nncn3-c3sccc32)cc1,213.0
O=C(CCCN1CCC(O)(c2ccc(Br)cc2)CC1)c1ccc(F)cc1,O=C(CCCN1CCC(c2ccccc2)CC1)c1ccccc1,155.0
CC(C)C(Br)C(=O)NC(N)=O,,154.0
CN(Cc1cc(Br)cc(Br)c1N)C1CCCCC1,c1ccc(CNC2CCCCC2)cc1,238.0
CC(=O)Oc1ccc(C(c2ccc(OC(C)=O)cc2)c2ccccn2)cc1,c1ccc(C(c2ccccc2)c2ccccn2)cc1,133.5
CN1CCc2cc3c(cc2C1C1OC(=O)c2c1ccc1c2OCO1)OCO3,O=C1OC(C2NCCc3cc4c(cc32)OCO4)c2ccc3c(c21)OCO3,194.0
CC(C)NCC(O)COc1ccc(CCOCC2CC2)cc1,c1ccc(CCOCC2CC2)cc1,71.0
CN=C(NC)NCc1ccccc1,c1ccccc1,196.0
COc1cc(C2c3cc4c(c(O)c3CC3COC(=O)C32)OCO4)cc(OC)c1OC,O=C1OCC2Cc3cc4c(cc3C(c3ccccc3)C12)OCO4,234.0
COc1c2ccoc2cc2oc(=O)ccc12,O=c1ccc2cc3ccoc3cc2o1,188.0
NS(=O)(=O)c1cc2c(cc1Cl)N=C(CSCc1ccccc1)NS2(=O)=O,O=S1(=O)NC(CSCc2ccccc2)=Nc2ccccc21,231.5
CCc1oc2ccccc2c1C(=O)c1cc(Br)c(O)c(Br)c1,O=C(c1ccccc1)c1coc2ccccc12,151.0
CC(C)N1C(=O)c2ccccc2NS1(=O)=O,O=C1NS(=O)(=O)Nc2ccccc21,138.0
CCCCN(CC)c1c([N+](=O)[O-])cc(C(F)(F)F)cc1[N+](=O)[O-],c1ccccc1,66.0
CNC(=O)Oc1cccc2c1OC(C)(C)O2,c1ccc2c(c1)OCO2,129.5
O=C(O)COc1nn(Cc2ccccc2)c2ccccc12,c1ccc(Cn2ncc3ccccc32)cc1,160.0
CCOC(=O)C(CCc1ccccc1)NC1CCc2ccccc2N(CC(=O)O)C1=O,O=C1Nc2ccccc2CCC1NCCCc1ccccc1,148.5
CCC1(C)CC(=O)NC(=O)C1,O=C1CCCC(=O)N1,126.5
CC(=O)c1cc2cccc(OCC(O)CNC(C)C)c2o1,c1ccc2occc2c1,115.0
CC(C)(c1ccc(OCC2CO2)cc1)c1ccc(OCC2CO2)cc1,c1cc(OCC2CO2)ccc1Cc1ccc(OCC2CO2)cc1,10.0
CCC1OC(=O)C(C)C(OC2CC(C)(OC)C(O)C(C)O2)C(C)C(OC2OC(C)CC(N(C)C)C2O)C(C)(O)CC(C)CN(C)C(C)C(O)C1(C)O,O=C1CC(OC2CCCCO2)CC(OC2CCCCO2)CCCCNCCCCO1,114.0
O=C(O)C1=CC(=C(c2ccc(O)c(C(=O)O)c2)c2ccc(O)c(C(=O)O)c2)C=CC1=O,O=C1C=CC(=C(c2ccccc2)c2ccccc2)C=C1,300.0
COc1ccc(CC2NCC(O)C2OC(C)=O)cc1,c1ccc(CC2CCCN2)cc1,140.5
CC12CCC3C(CCC4=CC(=O)CCC43C)C1CCC2=O,O=C1C=C2CCC3C4CCC(=O)C4CCC3C2CC1,158.0
N#CC(OC1OC(COC2OC(CO)C(O)C(O)C2O)C(O)C(O)C1O)c1ccccc1,c1ccc(COC2CCCC(COC3CCCCO3)O2)cc1,224.5
CC1(C)SC2C(NC(=O)C(N)c3ccccc3)C(=O)N2C1C(=O)O,O=C(Cc1ccccc1)NC1C(=O)N2CCSC12,198.0
NCCC(O)C(=O)NC1CC(N)C(OC2OC(CN)C(O)C(O)C2O)C(O)C1OC1OC(CO)C(O)C(N)C1O,C1CCC(OC2CCCC(OC3CCCCO3)C2)OC1,203.5
Cc1c(C)c2c(c(C)c1O)CCC(C)(CCCC(C)CCCC(C)CCCC(C)C)O2,c1ccc2c(c1)CCCO2,3.0
COC1OC(CO)C(O)C(O)C1O,C1CCOCC1,168.0
C=C(C)CNc1ccc(C(C)C(=O)O)cc1,c1ccccc1,107.0
C=CCC1(O)CCC2C3CCC4=CCCCC4C3CCC21C,C1=C2CCC3C4CCCC4CCC3C2CCC1,80.0
CCc1cccc(CC)c1N(COC)C(=O)CCl,c1ccccc1,40.0
CCN(CC)CCOC(=O)C(c1ccccc1)c1ccccc1,c1ccc(Cc2ccccc2)cc1,113.5
CC(=O)Nc1ccc(CC(=O)O)cc1,c1ccccc1,173.0
CCOc1ccc2nc3cc(N)ccc3c(N)c2c1,c1ccc2nc3ccccc3cc2c1,226.0
CC(=O)NC(Cc1ccccc1)C(=O)O,c1ccccc1,172.0
COP(=O)(NC(C)=O)SC,,89.0
Cn1c(=O)c2c(ncn2CCO)n(C)c1=O,O=c1[nH]c(=O)c2[nH]cnc2[nH]1,158.0
CCc1cn(C2CC(O)C(CO)O2)c(=O)[nH]c1=O,O=c1ccn(C2CCCO2)c(=O)[nH]1,152.5
Nc1ncn(C2OC(CO)C(O)C2O)c(=O)n1,O=c1ncncn1C1CCCO1,229.0
NNC(=O)c1ccc(O)cc1,c1ccccc1,265.0
N=C(N)c1ccc(N)cc1,c1ccccc1,182.0
COc1cccc2c1C(=O)c1c(O)c3c(c(O)c1C2=O)CC(O)(C(=O)CO)CC3OC1CC(N)C(O)C(C)O1,O=C1c2ccccc2C(=O)c2cc3c(cc21)CCCC3OC1CCCCO1,230.0
O=C(O)CCCOc1ccc(Cl)cc1Cl,c1ccccc1,118.0
COC(=O)COc1ccc(Cl)cc1Cl,c1ccccc1,119.0
O=C(O)COc1cc(Cl)c(Cl)cc1Cl,c1ccccc1,153.0
C#CC1(O)CCC2C3CCc4cc(OC5CCCC5)ccc4C3CCC21C,c1cc2c(cc1OC1CCCC1)CCC1C2CCC2CCCC21,107.5
NCCCCCCCCCCN,,62.5
COc1ccc2c(c1OC)C(=O)OC2C1c2cc3c(cc2CCN1C)OCO3,O=C1OC(C2NCCc3cc4c(cc32)OCO4)c2ccccc21,116.5
CC(O)(C(=O)O)c1ccccc1,c1ccccc1,116.5
C[N+]1([O-])C2CC(OC(=O)C(CO)c3ccccc3)CC1C1OC12,O=C(Cc1ccccc1)OC1CC2[NH2+]C(C1)C1OC21,80.0
CC(C)[C@H]1CC[C@@H](C)C[C@@H]1O,C1CCCCC1,79.5
CC12NC(Cc3ccccc31)c1ccccc12,c1ccc2c(c1)CC1NC2c2ccccc21,68.75
Oc1cc(O)c2c(c1)OC(c1ccc(O)c(O)c1)C(O)C2,c1ccc(C2CCc3ccccc3O2)cc1,214.0
OCC1OC(OC2OC(CO)C(O)C(O)C2O)C(O)C(O)C1O,C1CCC(OC2CCCCO2)OC1,203.0
O=C(CO)C(O)C(O)C(O)CO,,165.0
NC(CSCC(=O)O)C(=O)O,,206.0
O=C(O)C1(O)CC(O)C(O)C(O)C1,C1CCCCC1,162.5
CC(=O)C1CCC2C3CC=C4CC(O)CCC4(C)C3CCC12C,C1=C2CCCCC2C2CCC3CCCC3C2C1,192.0
O=P(O)(O)OP(=O)(O)O,,61.0
NCCOP(=O)(O)O,,242.0
OCC1OC(O)C(O)C1O,C1CCOC1,95.0
CCCCCCCCCCCCCCCC=O,,35.0
O,,0.0
N=O,,-163.6
OC1C(O)C(O)C(O)C(O)C1O,C1CCCCC1,249.5
CC(=O)C=O,,-62.0
OCC1OC(OCC2OC(O)C(O)C(O)C2O)C(O)C(O)C1O,C1CCC(COC2CCCCO2)OC1,86.0
NCCCCC(N)C(=O)O,,224.0
O=C(O)CCCCC1CCSS1,C1CSSC1,47.75
NC(=O)CCCCC1CCSS1,C1CSSC1,128.0
CC(C)CC(N)C(=O)O,,293.0
CC(C)=CCCC(C)C1CCC2(C)C3=C(CCC12C)C1(C)CCC(O)C(C)(C)C1CC3,C1CCC2C3=C(CCC2C1)C1CCCC1CC3,140.5
O=CC(O)C(O)C(O)CO,,106.5
O=C(O)C1CCCCN1,C1CCNCC1,264.0
CC1OC(O)C(O)C(O)C1O,C1CCOCC1,139.5
CNCC(O)c1ccc(O)c(O)c1,c1ccccc1,211.5
NC(=O)NCCCC(N)C(=O)O,,235.5
OCC(O)C(O)C(O)CO,,104.0
O=C(O)C1CC(O)CN1,C1CCNC1,274.0
CCCC(N)C(=O)O,,307.0
NO,,33.0
NC(CCS)C(=O)O,,232.5
C#N,,-13.4
O=CC(=O)O,,98.0
O=CCO,,97.0
CC(CCC(=O)NCC(=O)O)C1CCC2C3C(O)CC4CC(O)CCC4(C)C3CC(O)C12C,C1CCC2C(C1)CCC1C3CCCC3CCC21,166.5
O=P(O)(O)OCC(O)CO,,-25.0
O=CC(O)CO,,145.0
NC(CCC(=O)NC(CS)C(=O)NCC(=O)O)C(=O)O,,195.0
NCCc1ccc(O)c(O)c1,c1ccccc1,128.0
CC1NC(=O)NC1CCCCCC(=O)O,O=C1NCCN1,157.0
O=c1ccn(C2CC(O)C(CO)O2)c(=O)[nH]1,O=c1ccn(C2CCCO2)c(=O)[nH]1,163.0
O=C(O)C1CCCN1,C1CCNC1,205.0
NC(CCC(=O)O)C(=O)O,,201.0
O=C(O)C(O)C(O)C(O)C(O)C(=O)O,,125.5
O=C(O)C(O)C(O)C(O)C(O)CO,,131.0
CC(=O)NC(CS)C(=O)O,,109.5
N#CO,,-86.0
O=C1CCC(C(=O)O)N1,O=C1CCCN1,184.7
CC12CCC3c4ccc(O)cc4CCC3C1CCC2O,c1ccc2c(c1)CCC1C2CCC2CCCC21,221.5
NC(CC(=O)O)C(=O)O,,275.0
CN1C(=O)CCC1c1cccnc1,O=C1CCC(c2cccnc2)N1,41.0
S,,-85.49
NCCCC(N)C(=O)O,,140.0
Nc1ccn(C2OC(COP(=O)(O)O)C(O)C2O)c(=O)n1,O=c1ncccn1C1CCCO1,233.0
OCC1OC(OC2C(CO)OC(O)C(O)C2O)C(O)C(O)C1O,C1CCC(OC2CCCOC2)OC1,201.5
O=C=O,,-56.5
N=C(N)NOCCC(N)C(=O)O,,184.0
Nc1ncnc2c1ncn2C1OC2COP(=O)(O)OC2C1O,O=[PH]1OCC2OC(n3cnc4cncnc43)CC2O1,219.5
O=[N+]([O-])c1ccc(OP(=O)(O)Oc2ccc([N+](=O)[O-])cc2)cc1,O=[PH](Oc1ccccc1)Oc1ccccc1,173.5
NC(=O)CC(N)C(=O)O,,234.5
OC1COC(O)C(O)C1O,C1CCOCC1,158.0
N,,-77.7
Cc1cc2ncn(C3OC(CO)C(O)C3O)c2cc1C,c1ccc2c(c1)ncn2C1CCCO1,198.5
OCC1OC(O)C(O)C(O)C1O,C1CCOCC1,170.0
NC(=O)NC1NC(=O)NC1=O,O=C1CNC(=O)N1,238.0
Nc1ncnc2c1ncn2C1OC(CO)C(O)C1O,c1ncc2ncn(C3CCCO3)c2n1,257.25
CC(=O)NC(CCC(=O)O)C(=O)O,,199.0
CC(C)CCCC(C)C1CCC2C3=CC=C4CC(O)CCC4(C)C3CCC21C,C1=C2CCCCC2C2CCC3CCCC3C2=C1,150.5
O=C(O)Cc1cccnc1,c1ccncc1,144.0
CCC(=O)C(=O)O,,33.0
O=C(O)C(=O)C(O)C(O)C(O)CO,,171.0
CC(C)C(=O)C(=O)O,,31.5
O=C(O)C(O)C(=O)O,,157.0
O=P(O)(O)OC1C(O)C(O)C(O)C(O)C1O,C1CCCCC1,195.0
CC(C)=CCC1C(=O)N(c2ccccc2)N(c2ccccc2)C1=O,O=C1CC(=O)N(c2ccccc2)N1c1ccccc1,156.5
CN(CCO)c1nc2c(c(=O)n(C)c(=O)n2C)n1C,O=c1[nH]c(=O)c2[nH]cnc2[nH]1,105.0
C#CCCCCCCC(=O)O,,19.0
CC(C)CNC(=O)N1CCNC1=O,O=C1NCCN1,95.5
O=C1c2cc([N+](=O)[O-])ccc2-c2ccc([N+](=O)[O-])cc21,O=C1c2ccccc2-c2ccccc21,293.5
C=CCCCCCCC(=O)O,,5.0
CC(C(=O)O)c1ccc(N2CC=CC2)c(Cl)c1,C1=CCN(c2ccccc2)C1,99.0
COc1cc(C(=O)c2ccc(Cl)cc2)cc(OC)c1OCCN1CCOCC1,O=C(c1ccccc1)c1ccc(OCCN2CCOCC2)cc1,91.5
CC(=O)OC1CCC(C(C)(C)C)CC1,C1CCCCC1,-50.0
CCC1CCc2ccccc2C1,c1ccc2c(c1)CCCC2,-42.8
Brc1ccc(Oc2cc(Br)c(Br)cc2Br)c(Br)c1,c1ccc(Oc2ccccc2)cc1,-5.0
Brc1cc(Br)c(Oc2c(Br)c(Br)c(Br)c(Br)c2Br)cc1Br,c1ccc(Oc2ccccc2)cc1,200.0
O=C1c2c(Br)c(Br)c(Br)c(Br)c2C(=O)N1CCN1C(=O)c2c(Br)c(Br)c(Br)c(Br)c2C1=O,O=C1c2ccccc2C(=O)N1CCN1C(=O)c2ccccc2C1=O,445.0
Clc1ccc(Cl)c(-c2ccc(Cl)c(Cl)c2)c1,c1ccc(-c2ccccc2)cc1,106.0
CC12CC1(C)C(=O)N(c1cc(Cl)cc(Cl)c1)C2=O,O=C1C2CC2C(=O)N1c1ccccc1,166.0
COc1cc(Oc2ccc(Cl)cc2Cl)ccc1[N+](=O)[O-],c1ccc(Oc2ccccc2)cc1,113.5
CC(C)(C#N)Nc1nc(Cl)nc(NC2CC2)n1,c1ncnc(NC2CC2)n1,170.0
O=[N+]([O-])c1cc(N(CCO)CCO)ccc1NCCO,c1ccccc1,95.5
CCCN(CCCl)c1c([N+](=O)[O-])cc(C(F)(F)F)cc1[N+](=O)[O-],c1ccccc1,42.0
CN(C)C(=O)Nc1ccc(SC(F)(F)Cl)c(Cl)c1,c1ccccc1,113.5
CCC(C)Nc1c([N+](=O)[O-])cc(C(C)(C)C)cc1[N+](=O)[O-],c1ccccc1,60.0
CC1=CC(=O)NS(=O)(=O)O1,O=C1C=COS(=O)(=O)N1,123.25
CCNc1nc(NC(C)(C)C)nc(OC)n1,c1ncncn1,123.5
Clc1ccc2c(c1)Oc1cc(Cl)c(Cl)cc1O2,c1ccc2c(c1)Oc1ccccc1O2,162.0
CCN(CC)C(=O)SCc1ccccc1Cl,c1ccccc1,9.0
CCCCCCCCCCCCCCCCOC(=O)C(C)O,,41.0
O=C(NC(=O)c1c(F)cccc1F)Nc1ccc(Cl)cc1,O=C(NC(=O)c1ccccc1)Nc1ccccc1,239.0
CCCSP(=S)(OCC)Oc1ccc(SC)cc1,c1ccccc1,-15.0
C=CCOC(Cn1ccnc1)c1ccc(Cl)cc1Cl,c1ccc(CCn2ccnc2)cc1,52.7
Cc1c(N)cc([N+](=O)[O-])cc1[N+](=O)[O-],c1ccccc1,174.5
Clc1cccc2c1Oc1ccccc1O2,c1ccc2c(c1)Oc1ccccc1O2,104.5
Clc1cc2c(c(Cl)c1Cl)Oc1c(Cl)c(Cl)c(Cl)c(Cl)c1O2,c1ccc2c(c1)Oc1ccccc1O2,264.0
CC(=O)OC1CC2C3CC=C4CC(O)CCC4(C)C3CCC2(C)C1C(C)C1CCC(C)CN1,C1=C2CCCCC2C2CCC3C(CC4CCCCN4)CCC3C2C1,210.5
CN(C)C(=O)OC1N=C(c2ccccc2)c2cc(Cl)ccc2N(C)C1=O,O=C1CN=C(c2ccccc2)c2ccccc2N1,173.5
CCc1cc(C)nc(C)c1,c1ccncc1,97.0
CN1CCc2cc(O)c(O)cc2C1,c1ccc2c(c1)CCNC2,255.0
CCC(COCCOc1c(I)cc(I)c(NC(C)=O)c1I)C(=O)O,c1ccccc1,130.0
C=CCN(CC=C)C(=O)C(Cl)Cl,,5.5
Cc1cc(S(=O)(=O)c2ccccc2)ccc1NS(=O)(=O)C(F)(F)F,O=S(=O)(c1ccccc1)c1ccccc1,143.0
Nc1ccc(Cl)c(C(=O)O)c1,c1ccccc1,188.0
CCOc1cc(OP(=S)(OC)OC)nc(CC)n1,c1cncnc1,-3.35
c1ccc(Cc2cccc3ccccc23)cc1,c1ccc(Cc2cccc3ccccc23)cc1,59.5
CCOC(=O)CN(C(=O)CCl)c1c(CC)cccc1CC,c1ccccc1,49.5
Clc1ccc2c(c1)Oc1cc(Cl)ccc1O2,c1ccc2c(c1)Oc1ccccc1O2,151.0
Clc1cc2c(oc3c(Cl)c(Cl)c(Cl)c(Cl)c32)c(Cl)c1Cl,c1ccc2c(c1)oc1ccccc12,233.0
Clc1c(Cl)c(Cl)c2c(oc3c(Cl)c(Cl)c(Cl)c(Cl)c32)c1Cl,c1ccc2c(c1)oc1ccccc12,258.0
Brc1ccc2c(c1)Oc1ccc(Br)cc1O2,c1ccc2c(c1)Oc1ccccc1O2,193.0
Clc1cc2c(cc1Cl)Oc1c(Cl)c(Cl)c(Cl)c(Cl)c1O2,c1ccc2c(c1)Oc1ccccc1O2,273.0
Clc1ccc2c(c1)Oc1ccccc1O2,c1ccc2c(c1)Oc1ccccc1O2,88.0
Clc1cc(Cl)c2c(c1Cl)Oc1ccccc1O2,c1ccc2c(c1)Oc1ccccc1O2,128.0
Clc1ccc2c(c1)Oc1c(Cl)c(Cl)c(Cl)c(Cl)c1O2,c1ccc2c(c1)Oc1ccccc1O2,195.0
Clc1cc(Cl)c2c(c1Cl)Oc1c(Cl)cc(Cl)c(Cl)c1O2,c1ccc2c(c1)Oc1ccccc1O2,238.0
COC(=O)C1C2C=CC(C2)C1C(=O)OC,C1=CC2CCC1C2,38.0
CCCCCCOc1ccc(N)cc1,c1ccccc1,44.0
O=P(OC(Cl)CCCl)(OC(Cl)CCCl)OC(Cl)CCCl,,26.7
Clc1cc2c(cc1Cl)Oc1c(cc(Cl)c(Cl)c1Cl)O2,c1ccc2c(c1)Oc1ccccc1O2,240.0
CCC(CC)Nc1c([N+](=O)[O-])cc(C)c(C)c1[N+](=O)[O-],c1ccccc1,56.5
CC(Oc1ccc(Oc2ccc(Cl)cc2Cl)cc1)C(=O)O,c1ccc(Oc2ccccc2)cc1,120.0
COc1ccc(C(=O)c2cccc(C)c2)cc1C,O=C(c1ccccc1)c1ccccc1,62.3
Cc1nnc(-c2ccccc2)c(=O)n1N,O=c1[nH]cnnc1-c1ccccc1,166.9
CCCCc1c(C)nc(NCC)nc1OS(=O)(=O)N(C)C,c1cncnc1,50.5
Cc1cccc2sc3nncn3c12,c1ccc2c(c1)sc1nncn12,187.0
COC(=O)c1ccc(Cl)cc1[N+](=O)[O-],c1ccccc1,44.0
C=CC=CCC,,-102.4
COC(=O)c1cc(Oc2ccc(Cl)cc2Cl)ccc1[N+](=O)[O-],c1ccc(Oc2ccccc2)cc1,85.0
Cc1ccc(NC(=O)NC(C)(C)c2ccccc2)cc1,O=C(NCc1ccccc1)Nc1ccccc1,203.0
O=[N+]([O-])c1ccc(Oc2ccc(C(F)(F)F)cc2Cl)cc1,c1ccc(Oc2ccccc2)cc1,68.0
CCOc1cc(Oc2ccc(C(F)(F)F)cc2Cl)ccc1[N+](=O)[O-],c1ccc(Oc2ccccc2)cc1,84.0
CC(C)(C)C(=O)C(Oc1ccc(Cl)cc1)n1cncn1,c1ccc(OCn2cncn2)cc1,82.3
CC(=O)Nc1ccc(C)c(NS(=O)(=O)C(F)(F)F)c1,c1ccccc1,176.0
COc1c(Cl)ccc(Cl)c1Cl,c1ccccc1,45.0
C=CC1(C)OC(=O)N(c2cc(Cl)cc(Cl)c2)C1=O,O=C1COC(=O)N1c1ccccc1,108.0
CC(C)OC(=O)C(C(=O)OC(C)C)=C1SCCS1,C=C1SCCS1,54.0
COCCN(C(=O)CCl)c1c(C)cccc1C,c1ccccc1,46.0
Brc1cc2c(cc1Br)Oc1ccccc1O2,c1ccc2c(c1)Oc1ccccc1O2,158.0
Clc1cc2c(cc1Cl)Oc1cc(Br)c(Br)cc1O2,c1ccc2c(c1)Oc1ccccc1O2,316.0
Brc1cc2c(cc1Br)Oc1cc(Br)c(Br)cc1O2,c1ccc2c(c1)Oc1ccccc1O2,334.0
Fc1cc2c(cc1F)Oc1cc(Cl)c(Cl)cc1O2,c1ccc2c(c1)Oc1ccccc1O2,223.0
Fc1cc2c(cc1F)Oc1cc(Br)c(Br)cc1O2,c1ccc2c(c1)Oc1ccccc1O2,210.0
Clc1cc(Cl)c2c(c1)Oc1cc(Cl)c(Cl)cc1O2,c1ccc2c(c1)Oc1ccccc1O2,194.0
CCCCCCCCC(=O)OCCCC,,-38.0
CC(=O)N=C1C=CC(=O)C=C1,N=C1C=CC(=O)C=C1,74.5
CCOP(C)(=O)SCCN(C(C)C)C(C)C,,-51.0
Clc1cc2oc3cc(Cl)c(Cl)cc3c2cc1Cl,c1ccc2c(c1)oc1ccccc12,227.0
CN(C)c1nc(=O)n(C2CCCCC2)c(=O)n1C,O=c1nc[nH]c(=O)n1C1CCCCC1,116.0
FC(F)(F)C1(F)C(F)(F)C(F)(F)C(F)(F)C2(F)C(F)(F)C(F)(F)C(F)(F)C(F)(F)C12F,C1CCC2CCCCC2C1,-70.0
COC(=O)C(C)Oc1ccc(Oc2ccc(Cl)cc2Cl)cc1,c1ccc(Oc2ccccc2)cc1,40.0
CC1=C[C@H]2O[C@@H]3[C@H](O)C[C@](C)([C@@]2(CO)[C@H](O)C1=O)[C@]31CO1,O=C1C=CC2OC3CCC(C2C1)C31CO1,152.0
CNC(=O)Oc1ccccc1OC(CCl)OC,c1ccccc1,80.0
CCc1ccc2cc3ccccc3cc2c1,c1ccc2cc3ccccc3cc2c1,152.0
C#CCN1C(=O)CN=C(c2ccccc2)c2cc(Cl)ccc21,O=C1CN=C(c2ccccc2)c2ccccc2N1,141.0
O=C(c1cc(O)c(O)c(O)c1)c1ccc(O)c(O)c1O,O=C(c1ccccc1)c1ccccc1,270.0
CC(Oc1ccc2ccccc2c1)C(=O)Nc1ccccc1,O=C(COc1ccc2ccccc2c1)Nc1ccccc1,128.0
Clc1cc(Cl)c(-c2c(Cl)cc(Cl)c(Cl)c2Cl)cc1Cl,c1ccc(-c2ccccc2)cc1,83.0
CC(C)OC(=O)C(C)N(C(=O)c1ccccc1)c1ccc(F)c(Cl)c1,O=C(Nc1ccccc1)c1ccccc1,73.0
COC(=O)C(C)N(C(=O)c1ccccc1)c1ccc(F)c(Cl)c1,O=C(Nc1ccccc1)c1ccccc1,85.0
Cc1c(C)c2c(c(C)c1O)CCC(C)(C(=O)O)O2,c1ccc2c(c1)CCCO2,189.0
CCCCCCCCCCCCCN,,27.4
COc1c(Cl)c(Cl)cc(Cl)c1Cl,c1ccccc1,88.5
CCC(C)OC(=O)COc1cc(Cl)c(Cl)cc1Cl,c1ccccc1,39.0
CCCCOC(=O)C1(O)c2ccccc2-c2ccccc21,c1ccc2c(c1)Cc1ccccc1-2,71.0
O=[N+]([O-])OCCO[N+](=O)[O-],,-22.3
CC(=O)Nc1cc(NS(=O)(=O)C(F)(F)F)c(C)cc1C,c1ccccc1,184.0
CN1CCN(C(=O)OC2C3=C(SCCS3)C(=O)N2c2ccc3ccc(Cl)nc3n2)CC1,O=C(OC1C2=C(SCCS2)C(=O)N1c1ccc2cccnc2n1)N1CCNCC1,280.0
COc1ccc(Cl)c(Cl)c1Cl,c1ccccc1,69.5
O=C1CCCCCCCCCCC(=O)OCCO1,O=C1CCCCCCCCCCC(=O)OCCO1,18.0
CC(C)(C)C(O)C(Oc1ccc(Cl)cc1)n1cncn1,c1ccc(OCn2cncn2)cc1,133.5
C=C(C)CN(CC)c1c([N+](=O)[O-])cc(C(F)(F)F)cc1[N+](=O)[O-],c1ccccc1,55.5
CC1=C(C)S(=O)(=O)CCS1(=O)=O,O=S1(=O)C=CS(=O)(=O)CC1,165.0
O=C(O)COc1nc(Cl)c(Cl)cc1Cl,c1ccncc1,149.0
CCCCCCCCSC(=O)Oc1cc(Cl)nnc1-c1ccccc1,c1ccc(-c2cccnn2)cc1,27.0
Cc1ccccc1C(=O)Nc1cccc(OC(C)C)c1,O=C(Nc1ccccc1)c1ccccc1,92.5
CCC(C(=O)O)c1ccc(CC(C)C)cc1,c1ccccc1,52.0
CN(C)C(=O)Nc1cc(C(C)(C)C)on1,c1cnoc1,119.5
CCC(=O)N(c1ccccc1)C1(COC)CCN(CCc2cccs2)CC1,c1ccc(NC2CCN(CCc3cccs3)CC2)cc1,97.0
Nc1c(Cl)cc(C(=O)O)cc1Cl,c1ccccc1,291.5
Clc1cc2oc3c(Cl)c(Cl)c(Cl)cc3c2cc1Cl,c1ccc2c(c1)oc1ccccc12,196.0
Clc1cc(Cl)c2oc3cc(Cl)c(Cl)cc3c2c1,c1ccc2c(c1)oc1ccccc12,202.0
Clc1cc(Cl)c2oc3c(Cl)c(Cl)ccc3c2c1,c1ccc2c(c1)oc1ccccc12,164.0
Clc1cc2oc3c(Cl)c(Cl)ccc3c2cc1Cl,c1ccc2c(c1)oc1ccccc12,195.0
Clc1cc2oc3cc(Cl)c(Cl)c(Cl)c3c2cc1Cl,c1ccc2c(c1)oc1ccccc12,225.0
Clc1cc2oc3c(Cl)c(Cl)ccc3c2c(Cl)c1Cl,c1ccc2c(c1)oc1ccccc12,206.0
CCCCCCCCCCCCCCCC(C)O,,54.0
COC(=O)C(C)N(C(=O)c1ccco1)c1c(C)cccc1C,O=C(Nc1ccccc1)c1ccco1,70.0
Clc1cc2c(c(Cl)c1Cl)Oc1cc(Cl)c(Cl)c(Cl)c1O2,c1ccc2c(c1)Oc1ccccc1O2,285.0
Cc1cc(C(C#N)c2ccc(Cl)cc2)c(Cl)cc1NC(=O)c1cc(I)cc(I)c1O,O=C(Nc1ccc(Cc2ccccc2)cc1)c1ccccc1,217.8
O=C1c2ccccc2C(=O)c2c1ccc([N+](=O)[O-])c2[N+](=O)[O-],O=C1c2ccccc2C(=O)c2ccccc21,341.0
Clc1cc(Cl)c2c(c1)Oc1c(Cl)c(Cl)c(Cl)c(Cl)c1O2,c1ccc2c(c1)Oc1ccccc1O2,250.0
N#Cc1ccc(N)c2ccccc12,c1ccc2ccccc2c1,175.5
Clc1cc2c(cc1Cl)Oc1c(Cl)c(Cl)cc(Cl)c1O2,c1ccc2c(c1)Oc1ccccc1O2,206.0
Clc1cc2oc3c(Cl)cc(Cl)c(Cl)c3c2cc1Cl,c1ccc2c(c1)oc1ccccc12,237.0
Clc1cc2oc3ccc(Cl)c(Cl)c3c2cc1Cl,c1ccc2c(c1)oc1ccccc12,210.0
Cc1cccc(C)c1N(C(=O)CCl)C1CCOC1=O,O=C1OCCC1Nc1ccccc1,145.5
CC(C)N1CCC(N(C(=O)Cc2ccccc2)c2ccc(Cl)cc2)CC1,O=C(Cc1ccccc1)N(c1ccccc1)C1CCNCC1,263.0
Brc1cc(Br)c(-c2cc(Br)c(Br)cc2Br)cc1Br,c1ccc(-c2ccccc2)cc1,72.0
Cc1cccc(C)c1NC(=O)CN(CC(=O)O)CC(=O)O,c1ccccc1,202.0
CCCCCCCCCCCCN1CCCCCC1=O,O=C1CCCCCN1,-7.0
Cn1cc(-c2ccccc2)c(=O)c(-c2cccc(C(F)(F)F)c2)c1,O=c1c(-c2ccccc2)c[nH]cc1-c1ccccc1,154.5
OC(c1ccc(Cl)cc1)(c1cncnc1)c1ccccc1Cl,c1ccc(C(c2ccccc2)c2cncnc2)cc1,118.0
Nc1cc(C(Cl)=C(Cl)Cl)c(S(N)(=O)=O)cc1S(N)(=O)=O,c1ccccc1,203.0
CON(C(=O)c1cc(C)oc1C)C1CCCCC1,O=C(NC1CCCCC1)c1ccoc1,33.0
Clc1cc2c(oc3c(Cl)c(Cl)c(Cl)cc32)c(Cl)c1Cl,c1ccc2c(c1)oc1ccccc12,239.5
CCCCC(C#N)(Cn1ccnc1)c1ccccc1,c1ccc(CCn2ccnc2)cc1,161.0
CC(C)OC(=O)c1cc(C(=O)OC(C)C)cc([N+](=O)[O-])c1,c1ccccc1,65.0
CNC(=O)OCc1cccc(Cl)c1Cl,c1ccccc1,52.0
NCc1ccccc1Sc1ccccc1CO,c1ccc(Sc2ccccc2)cc1,97.0
Clc1cc(Cl)c2c(c1)Oc1cc(Cl)cc(Cl)c1O2,c1ccc2c(c1)Oc1ccccc1O2,219.0
O=C(O)c1cc(Oc2ccc(C(F)(F)F)cc2Cl)ccc1[N+](=O)[O-],c1ccc(Oc2ccccc2)cc1,150.0
Clc1cc2c(oc3c(Cl)cccc32)c(Cl)c1Cl,c1ccc2c(c1)oc1ccccc12,190.0
CN(C)C(=O)SCCCCOc1ccccc1,c1ccccc1,40.5
Cc1cc(-c2ccccc2)ccc1N,c1ccc(-c2ccccc2)cc1,43.0
CN(c1c(Br)cc(Br)cc1Br)c1c([N+](=O)[O-])cc([N+](=O)[O-])cc1C(F)(F)F,c1ccc(Nc2ccccc2)cc1,150.5
Cc1ccc(OCCN(CCCl)CCOc2ccc(C)cc2)cc1,c1ccc(OCCNCCOc2ccccc2)cc1,154.7
COc1cc2c(cc1O)CCNC2C,c1ccc2c(c1)CCNC2,221.5
C=C(C)COC(=O)OCC(=C)C,,201.3
CC1(C)C(C(=O)OC(C#N)c2cccc(Oc3ccccc3)c2)C1(C)C,O=C(OCc1cccc(Oc2ccccc2)c1)C1CC1,47.0
Clc1cc(Cl)c2c(c1)oc1cc(Cl)cc(Cl)c12,c1ccc2c(c1)oc1ccccc12,207.0
O=C(NC(=O)c1ccccc1Cl)Nc1ccc(OC(F)(F)F)cc1,O=C(NC(=O)c1ccccc1)Nc1ccccc1,195.0
COc1nc(C)nc(NC(=O)NS(=O)(=O)c2ccccc2Cl)n1,O=C(Nc1ncncn1)NS(=O)(=O)c1ccccc1,176.0
O=C(NCCO[N+](=O)[O-])c1cccnc1,c1ccncc1,92.5
Nc1nc(N)nc(NC2CC2)n1,c1ncnc(NC2CC2)n1,224.9
CC(C)Oc1cccc(NC(=O)c2ccccc2C(F)(F)F)c1,O=C(Nc1ccccc1)c1ccccc1,104.5
CCOC(=O)C(C)Oc1ccc(Oc2nc3ccc(Cl)cc3o2)cc1,c1ccc(Oc2nc3ccccc3o2)cc1,84.0
Clc1ccc2c(c1)Oc1cc(Cl)c(Cl)c(Cl)c1O2,c1ccc2c(c1)Oc1ccccc1O2,172.0
Clc1cccc2c1Oc1c(Cl)c(Cl)c(Cl)c(Cl)c1O2,c1ccc2c(c1)Oc1ccccc1O2,220.0
Cc1cccc(C)c1N(Cn1cccn1)C(=O)CCl,c1ccc(NCn2cccn2)cc1,85.0
Clc1cc(Cl)c2oc3c(Cl)c(Cl)c(Cl)cc3c2c1,c1ccc2c(c1)oc1ccccc12,219.0
Clc1ccc2oc3c(Cl)c(Cl)c(Cl)c(Cl)c3c2c1,c1ccc2c(c1)oc1ccccc12,178.0
CCCCS(=O)(=O)O,,-15.2
CCCCCCS(=O)(=O)O,,16.1
CCOC(=O)CNc1nc(Cl)nc(NC(C)C)n1,c1ncncn1,110.0
Cc1cc(CC(C)CC(C)(C)C)n(O)c(=O)c1,O=c1cccc[nH]1,108.0
CC(C)N1C(=O)N(c2ccccc2)CSC1=NC(C)(C)C,N=C1NC(=O)N(c2ccccc2)CS1,105.0
Nc1c(Cl)c(F)nc(OCC(=O)O)c1Cl,c1ccncc1,232.0
CCCCN(CCC#N)c1ccc(/N=N/c2ccc([N+](=O)[O-])cc2)cc1,c1ccc(N=Nc2ccccc2)cc1,118.0
O=C1OCCC1N(C(=O)C1CC1)c1cccc(Cl)c1,O=C1OCCC1N(C(=O)C1CC1)c1ccccc1,95.0
CC(Oc1ccc(Oc2ncc(C(F)(F)F)cc2Cl)cc1)C(=O)O,c1ccc(Oc2ccccn2)cc1,107.5
COC(=O)C(C)Oc1ccc(Oc2ncc(C(F)(F)F)cc2Cl)cc1,c1ccc(Oc2ccccn2)cc1,56.0
CCCCOC(=O)C(C)Oc1ccc(Oc2ccc(C(F)(F)F)cn2)cc1,c1ccc(Oc2ccccn2)cc1,5.0
COc1ccc(C(=O)CC(=O)c2ccc(C(C)(C)C)cc2)cc1,O=C(CC(=O)c1ccccc1)c1ccccc1,83.5
Clc1ccc2c(c1)oc1c(Cl)c(Cl)cc(Cl)c12,c1ccc2c(c1)oc1ccccc12,190.0
Clc1cc(Cl)c2c(oc3ccc(Cl)c(Cl)c32)c1Cl,c1ccc2c(c1)oc1ccccc12,210.0
COC(=O)C(C)N(C(=O)Cc1ccccc1)c1c(C)cccc1C,O=C(Cc1ccccc1)Nc1ccccc1,79.0
Clc1cc(Cl)c2c(c1)oc1c(Cl)cc(Cl)cc12,c1ccc2c(c1)oc1ccccc12,177.0
CS(=O)(=O)NC(=O)c1cc(Oc2ccc(C(F)(F)F)cc2Cl)ccc1[N+](=O)[O-],c1ccc(Oc2ccccc2)cc1,220.0
CCOC(=O)C1(C)OC(=O)N(c2cc(Cl)cc(Cl)c2)C1=O,O=C1COC(=O)N1c1ccccc1,112.6
C=CC1CN2CCC1CC2C(O)c1ccnc2ccc(O)cc12,c1ccc2c(CC3CC4CCN3CC4)ccnc2c1,202.0
CC(=O)Nc1ccc2c(c1)Cc1cc([N+](=O)[O-])ccc1-2,c1ccc2c(c1)Cc1ccccc1-2,262.5
CC1CCCCS1,C1CCSCC1,-58.0
CCCCC(CC)CC,,-114.9
C=C1C(=O)OC2CC(C)C3C=CC(=O)C3(C)C(O)C12,C=C1C(=O)OC2CCC3C=CC(=O)C3CC12,167.5
CC(C)NCCCC1(C(N)=O)c2ccccc2-c2ccccc21,c1ccc2c(c1)Cc1ccccc1-2,94.5
COC(=O)c1ccccc1S(=O)(=O)NC(=O)Nc1nc(C)cc(C)n1,O=C(Nc1ncccn1)NS(=O)(=O)c1ccccc1,202.0
COC(=O)c1ccccc1S(=O)(=O)NC(=O)Nc1nc(C)nc(OC)n1,O=C(Nc1ncncn1)NS(=O)(=O)c1ccccc1,162.0
Clc1ccc(-c2cc(Cl)c(Cl)c(Cl)c2Cl)cc1,c1ccc(-c2ccccc2)cc1,98.0
CC(C)(NC(=O)C(Br)C(C)(C)C)c1ccccc1,c1ccccc1,180.1
Clc1ccc2c(c1)oc1c(Cl)cccc12,c1ccc2c(c1)oc1ccccc12,184.0
CC(C)(C)C(O)C(Cc1ccc(Cl)cc1Cl)n1cncn1,c1ccc(CCn2cncn2)cc1,148.0
O=C(O)c1c(Cl)c(Cl)c(Cl)c(Cl)c1C(=O)Nc1cccc(Cl)c1Cl,O=C(Nc1ccccc1)c1ccccc1,198.5
CCOC(=O)C(C)Oc1ccc(Oc2cnc3cc(Cl)ccc3n2)cc1,c1ccc(Oc2cnc3ccccc3n2)cc1,76.5
CCOC(=O)COC(=O)c1cc(Oc2ccc(C(F)(F)F)cc2Cl)ccc1[N+](=O)[O-],c1ccc(Oc2ccccc2)cc1,65.0
CNC(=O)COc1ccccc1OCC(O)CNC(C)(C)C,c1ccccc1,96.5
COCC(=O)N(c1c(C)cccc1C)N1CCOC1=O,O=C1OCCN1Nc1ccccc1,104.0
CC(C)C1(C)N=C(c2nc3ccccc3cc2C(=O)O)NC1=O,O=C1CN=C(c2ccc3ccccc3n2)N1,221.0
CCc1cnc(C2=NC(C)(C(C)C)C(=O)N2)c(C(=O)O)c1,O=C1CN=C(c2ccccn2)N1,171.0
CCCCCCC(C)OC(=O)COc1nc(F)c(Cl)c(N)c1Cl,c1ccncc1,59.0
CCc1cccc2c1CCCC2,c1ccc2c(c1)CCCC2,-44.5
CC1(C)CON(Cc2ccccc2Cl)C1=O,O=C1CCON1Cc1ccccc1,25.0
COC(=O)c1ccccc1CS(=O)(=O)NC(=O)Nc1nc(OC)cc(OC)n1,O=C(Nc1ncccn1)NS(=O)(=O)Cc1ccccc1,187.0
Clc1cc(Cl)c2c(oc3c(Cl)cccc32)c1Cl,c1ccc2c(c1)oc1ccccc12,177.0
Clc1cc(Cl)c2oc3c(Cl)c(Cl)cc(Cl)c3c2c1,c1ccc2c(c1)oc1ccccc12,204.0
CCCC(=O)N(CSP(=S)(OC)OC)c1ccccc1Cl,c1ccccc1,42.0
Nc1ncc2ncn(COCCO)c2n1,c1ncc2nc[nH]c2n1,189.0
Brc1cccc2c1Oc1cccc(Br)c1O2,c1ccc2c(c1)Oc1ccccc1O2,207.0
COc1c(OC)c(OC(C)=O)c2cc(Cl)ccc2c1OC(C)=O,c1ccc2ccccc2c1,91.5
CCC(Oc1ccccc1)C(=O)O,c1ccccc1,98.0
Ic1ccc2c(c1)Oc1ccccc1O2,c1ccc2c(c1)Oc1ccccc1O2,95.0
O=[N+]([O-])c1cccc2c1-c1cccc3c([N+](=O)[O-])ccc-2c13,c1ccc2c(c1)-c1cccc3cccc-2c13,203.5
Brc1ccc2c(c1)Oc1cc(Br)ccc1O2,c1ccc2c(c1)Oc1ccccc1O2,145.0
Brc1ccc2c(c1)Oc1ccccc1O2,c1ccc2c(c1)Oc1ccccc1O2,90.0
Brc1cccc2c1Oc1ccccc1O2,c1ccc2c(c1)Oc1ccccc1O2,104.0
O=C1CCc2ccc(OCCCCN3CCN(c4cccc(Cl)c4Cl)CC3)cc2N1,O=C1CCc2ccc(OCCCCN3CCN(c4ccccc4)CC3)cc2N1,139.25
BrC(Br)C(Br)(Br)Br,,56.5
CC(C)c1ccc(C(C)(C)OO)cc1,c1ccccc1,33.5
CN(N=O)c1ccc(N=O)cc1,c1ccccc1,101.0
C=COCC(CC)CCCC,,-100.0
CC1OC(C)OC(C)OC(C)O1,C1OCOCOCO1,246.0
CCCCCCCCOC(=O)CCC,,-55.6
CCCCC(CC)(CO)CO,,43.8
O=C(OOC(=O)c1ccc(Cl)cc1Cl)c1ccc(Cl)cc1Cl,O=C(OOC(=O)c1ccccc1)c1ccccc1,106.0
CCCCCCCCOC(=O)CC,,-42.6
FC(Cl)C(Cl)(Cl)Cl,,-95.3
FC(Cl)(Cl)C(Cl)Cl,,-82.6
FC(Cl)(Cl)C(Cl)(Cl)Cl,,101.3
FC(F)=C(C(F)(F)F)C(F)(F)F,,-130.0
FC(F)(F)C(F)(F)C(Cl)Cl,,-94.0
CCOC(=O)C1(c2cccc(O)c2)CCN(C)CC1,c1ccc(C2CCNCC2)cc1,110.0
CC1=CC(O)C2CC1C2(C)C,C1=CC2CC(C1)C2,24.0
[N-]=[N+]=NC(=O)c1ccccc1,c1ccccc1,32.0
CCCCOC(=O)CCCC,,-92.8
NC[N+](=O)[O-],,38.0
CCCCN(CCCC)c1ccccc1,c1ccccc1,-32.2
COc1ccccc1OC(C)=O,c1ccccc1,31.5
O=C(OCC(COC(=O)c1ccccc1)OC(=O)c1ccccc1)c1ccccc1,O=C(OCC(COC(=O)c1ccccc1)OC(=O)c1ccccc1)c1ccccc1,76.0
CCCCCCCCCCCCCCCCCC(=O)OCCOC(=O)CCCCCCCCCCCCCCCCC,,79.0
BrCC(Br)(Br)Br,,0.0
CCCCCCCC(=O)OCCCCC,,-34.8
O=[N+]([O-])Nc1ccccc1,c1ccccc1,47.3
O=[N+]([O-])OCCOCCO[N+](=O)[O-],,-11.3
Cc1ccc(C=O)c(O)c1,c1ccccc1,60.5
Nc1nnc(-c2ccc([N+](=O)[O-])o2)s1,c1coc(-c2nncs2)c1,280.0
COCCOC1=C(N2CC2)C(=O)C(OCCOC)=C(N2CC2)C1=O,O=C1C=C(N2CC2)C(=O)C=C1N1CC1,80.0
C=CC#CC=C,,-88.0
C=CC(OC(C)=O)OC(C)=O,,-37.6
CCCCCCCCCCCCCCCCCC(=O)ON,,22.0
FC(Br)Br,,-78.0
CCCCCCCCOC(=O)CCCCCCC,,-18.1
FC(F)(F)C(F)(F)C(Cl)(Cl)Cl,,-80.0
CCCCCCCOC(=O)CCCCCCC,,-10.6
CCCCCCC(=O)OCCCCC,,-50.0
CCC(CC)COCCC(=O)O,,32.5
Oc1c(Cl)cccc1-c1ccccc1,c1ccc(-c2ccccc2)cc1,6.0
CCC(=O)n1c(=O)n(C2CCN(CCC(C#N)(c3ccccc3)c3ccccc3)CC2)c2ccccc21,O=c1[nH]c2ccccc2n1C1CCN(CCC(c2ccccc2)c2ccccc2)CC1,147.0
CC1(C)C(=O)N(Cl)C(=O)N1Br,O=C1CNC(=O)N1,163.5
CC1CN(C2CCCCCCCCCCC2)CC(C)O1,C1CCCCCC(N2CCOCC2)CCCCC1,71.0
C=CCOc1c(Br)cc(C(C)(C)c2cc(Br)c(OCC=C)c(Br)c2)cc1Br,c1ccc(Cc2ccccc2)cc1,119.0
CCCCNC(=O)OCC#CI,,66.0
CCN(Cc1c(F)cccc1Cl)c1c([N+](=O)[O-])cc(C(F)(F)F)cc1[N+](=O)[O-],c1ccc(CNc2ccccc2)cc1,102.0
Cc1cc2ncccc2c2nc(N)n(C)c12,c1cnc2ccc3[nH]cnc3c2c1,297.0
CCOC(=O)C(C)OC(=O)c1cc(Oc2ccc(C(F)(F)F)cc2Cl)ccc1[N+](=O)[O-],c1ccc(Oc2ccccc2)cc1,45.0
CC1COc2ccccc2N1C(=O)C(Cl)Cl,c1ccc2c(c1)NCCO2,107.6
Cc1c([N+](=O)[O-])c(C)c([N+](=O)[O-])c(C(C)(C)C)c1[N+](=O)[O-],c1ccccc1,110.0
CC(=O)OC1CCCCC1C(C)(C)C,C1CCCCC1,34.95
CCN(CCO)c1ccccc1,c1ccccc1,37.0
CN(C)c1ccc2cc3ccc(N(C)C)cc3nc2c1,c1ccc2nc3ccccc3cc2c1,165.0
Cc1coc2c1CC(C)CC2,c1cc2c(o1)CCCC2,86.0
FC(Cl)C(F)(F)C(F)(F)Cl,,-97.0
CC(=O)OC1CC2(O)C(CCC3(C)C(c4ccc(=O)oc4)CCC32O)C2(C)CCC(OC3OC(CO)C(O)C(O)C3O)C=C12,O=c1ccc(C2CCC3C2CCC2C4CCC(OC5CCCCO5)C=C4CCC23)co1,169.0
OCN(CO)c1nc(N(CO)CO)nc(N(CO)CO)n1,c1ncncn1,137.0
C=C(C)c1ccc(C)cc1,c1ccccc1,-20.0
FC(F)Br,,-145.0
CC(C)(C)N=C=O,,85.5
CCOC(=O)Cc1cccc2ccccc12,c1ccc2ccccc2c1,88.5
CC(C)(C)N(CCO)CCO,,42.0
CCCCCOC(=O)CCCC,,-78.8
CCOO,,-100.0
O=S(=O)(C(Cl)(Cl)Cl)C(Cl)(Cl)Cl,,37.0
Cc1ncsc1C,c1cscn1,83.5
CC1C2Cc3ccc(O)cc3C1(C)CCN2C,c1ccc2c(c1)CC1CC2CCN1,144.0
CCN(CC)CCn1c(Cc2ccc(Cl)cc2)nc2cc([N+](=O)[O-])ccc21,c1ccc(Cc2nc3ccccc3[nH]2)cc1,75.5
CCCCCCCCCCCS,,-3.0
CCCCCCCOC(=O)CCC,,-57.5
COc1ccc2c(c1)N(CC(C)CN1CCC(O)CC1)c1ccccc1S2,c1ccc2c(c1)Sc1ccccc1N2CCCN1CCCCC1,137.5
CCNC(=O)C1CC(C)CCC1C(C)C,C1CCCCC1,88.0
Clc1ccc(-c2c(Cl)cc(Cl)c(Cl)c2Cl)cc1Cl,c1ccc(-c2ccccc2)cc1,107.0
Clc1ccc(-c2c(Cl)cc(Cl)c(Cl)c2Cl)c(Cl)c1,c1ccc(-c2ccccc2)cc1,73.0
Clc1ccc(Cl)c(-c2cc(Cl)c(Cl)c(Cl)c2)c1,c1ccc(-c2ccccc2)cc1,105.0
Clc1ccc(-c2c(Cl)cc(Cl)cc2Cl)cc1,c1ccc(-c2ccccc2)cc1,65.0
O=C1c2ccccc2N(C(=O)CN2CCOCC2)CN1c1ccccc1,O=C1c2ccccc2N(C(=O)CN2CCOCC2)CN1c1ccccc1,136.0
CP(=O)(F)OC1CCCCC1,C1CCCCC1,-30.0
CC1(C)C2CCC1(C)C(O)C2,C1CC2CCC1C2,208.0
C=C(C(=O)OC1CC2CCC(C1)N2C)c1ccccc1,C=C(C(=O)OC1CC2CCC(C1)N2)c1ccccc1,62.0
O=C1CCc2ccccc2N1,O=C1CCc2ccccc2N1,163.5
O=C(O)C(Cc1ccccc1)Cc1ccccc1,c1ccc(CCCc2ccccc2)cc1,90.0
COc1nsnc1NS(=O)(=O)c1ccc(N)cc1,O=S(=O)(Nc1cnsn1)c1ccccc1,149.5
N=C(N)c1ccc(Oc2ccc(C(=N)N)cc2)cc1,c1ccc(Oc2ccccc2)cc1,215.5
CNC(=O)c1cccnc1,c1ccncc1,103.5
O=c1ccc2cc3ccoc3c(O)c2o1,O=c1ccc2cc3ccoc3cc2o1,251.5
Nc1ccc(C(=O)NC(CCC(=O)O)C(=O)O)cc1,c1ccccc1,173.0
Cc1ccc2ccc3ccc(C)nc3c2n1,c1cnc2c(c1)ccc1cccnc12,159.5
CNC(=O)C(C)(C(C)C)C(C)C,,60.0
O=C1OC(c2cc(Br)c(O)c(Br)c2)(c2cc(Br)c(O)c(Br)c2)c2ccccc21,O=C1OC(c2ccccc2)(c2ccccc2)c2ccccc21,278.5
O=C(C(Br)Br)C(Br)(Br)Br,,79.5
O=C(NCO)NS(=O)(=O)c1ccc(NC(=O)c2ccccc2C(=O)O)cc1,O=C(Nc1ccccc1)c1ccccc1,162.5
COc1ccc2c(=O)c3ccccc3oc2c1CN1CCCCC1,O=c1c2ccccc2oc2c(CN3CCCCC3)cccc12,159.5
O=C(Nc1ccc(Br)cc1)c1c(O)cccc1O,O=C(Nc1ccccc1)c1ccccc1,229.0
O=P1(N(CCCl)CCCl)OCCCN1CCCl,O=[PH]1NCCCO1,50.5
O=C1CSC2(CCN(CCCN3c4ccccc4Sc4ccc(Cl)cc43)CC2)N1,O=C1CSC2(CCN(CCCN3c4ccccc4Sc4ccccc43)CC2)N1,155.0
Nc1c(Cl)c(Cl)c(N)c2c1C(=O)c1ccccc1C2=O,O=C1c2ccccc2C(=O)c2ccccc21,295.0
COc1cc2c(c(O)c1OC)C(C)N(C)CC2,c1ccc2c(c1)CCNC2,111.5
CCCCCC(=O)Cc1cc(O)cc2c1C(=O)Oc1cc(O)c(C(=O)O)c(CCCCC)c1O2,O=C1Oc2ccccc2Oc2ccccc21,205.0
CCOCOC(=O)c1ccccc1Nc1c(Cl)ccc(C)c1Cl,c1ccc(Nc2ccccc2)cc1,73.5
CC(C)(Oc1ccc(Cl)cc1)C(=O)OCCOC(=O)c1cccnc1,O=C(COc1ccccc1)OCCOC(=O)c1cccnc1,100.0
CC(C)(Oc1ccc(Cl)cc1)C(=O)OCc1cccnc1,O=C(COc1ccccc1)OCc1cccnc1,48.5
CC(C)=NNc1ccccc1,c1ccccc1,42.0
Cc1ccc(SSc2ccc(C)cc2)cc1,c1ccc(SSc2ccccc2)cc1,47.5
C=Cc1ccc(C=C)cc1,c1ccccc1,31.0
CC1CCC(=O)N1,O=C1CCCN1,43.0
CC1CNCCN1,C1CNCCN1,62.0
CC(C)(C)SSC(C)(C)C,,-5.0
C=C(C)C=C(C)C,,-114.0
CC(O)Cn1c(=O)c2c(ncn2C)n(C)c1=O,O=c1[nH]c(=O)c2[nH]cnc2[nH]1,141.0
O=C(O)c1cc(Cl)cc(Cl)c1Cl,c1ccccc1,166.5
CC(O)C(Cl)(Cl)Cl,,50.5
FC(F)(Cl)C(F)(Cl)C(F)(F)Cl,,-72.0
CCC(C)(c1ccc(O)cc1)c1ccc(O)cc1,c1ccc(Cc2ccccc2)cc1,120.5
c1c2c(cc3c1CCCC3)CCCC2,c1c2c(cc3c1CCCC3)CCCC2,78.0
c1ccc(CCCCc2ccccc2)cc1,c1ccc(CCCCc2ccccc2)cc1,52.5
Cc1cc2nc3c(=O)[nH]c(=O)nc-3n(C)c2cc1C,O=c1nc2[nH]c3ccccc3nc-2c(=O)[nH]1,320.0
C=CC1OCC2(CO1)COC(C=C)OC2,C1OCC2(CO1)COCOC2,44.5
OCC(CO)(CO)COCC(CO)(CO)COCC(CO)(CO)CO,,249.0
BrC(Br)=C(Br)Br,,56.5
CC(C)(C)c1cc(C(C)(C)c2ccc(O)c(C(C)(C)C)c2)ccc1O,c1ccc(Cc2ccccc2)cc1,114.4
CCC(CO[N+](=O)[O-])(CO[N+](=O)[O-])CO[N+](=O)[O-],,51.5
Cc1cc(C)c(C(C)C)cc1C,c1ccccc1,21.0
CCCCCCCCCCC(O)CC,,32.0
Cc1ccc(S(=O)(=O)Nc2ccccc2C)cc1,O=S(=O)(Nc1ccccc1)c1ccccc1,110.0
CCCCC(O)(Cn1cncn1)c1ccc(Cl)cc1Cl,c1ccc(CCn2cncn2)cc1,111.0
O=C(O)c1ccccc1C(c1ccc(O)cc1)c1ccc(O)cc1,c1ccc(C(c2ccccc2)c2ccccc2)cc1,230.5
OCc1ccccc1C(c1ccc(O)cc1)c1ccc(O)cc1,c1ccc(C(c2ccccc2)c2ccccc2)cc1,201.5
O=C1CCC(=O)N1c1ccccc1,O=C1CCC(=O)N1c1ccccc1,156.0
CCN(CC)C(=O)c1ccccc1C(=O)N(CC)CC,c1ccccc1,36.0
Nc1ccc(-c2ccc(N)cc2Cl)c(Cl)c1,c1ccc(-c2ccccc2)cc1,165.0
Cn1ncnc2c(=O)n(C)c(=O)nc1-2,O=c1nc2[nH]ncnc-2c(=O)[nH]1,178.5
COc1c2c(cc3oc(=O)ccc13)OC(C)(C)C=C2,O=c1ccc2cc3c(cc2o1)OCC=C3,133.0
COC1=C(O)C(=O)C(C)=C(O)C1=O,O=C1C=CC(=O)C=C1,202.5
Cc1coc2ccccc2c1=O,O=c1ccoc2ccccc12,68.0
CC1=NN(c2ccc(C)cc2)C(=O)C1,O=C1CC=NN1c1ccccc1,137.5
CC(C)(C)c1ccc(OC(=O)c2ccccc2O)cc1,O=C(Oc1ccccc1)c1ccccc1,62.0
O=C(NO)c1ccccc1O,c1ccccc1,168.0
Nc1cc(Cl)ccc1C(=O)O,c1ccccc1,232.0
CC(=O)CC(=O)Nc1ccc(-c2ccc(NC(=O)CC(C)=O)c(C)c2)cc1C,c1ccc(-c2ccccc2)cc1,212.0
CC1=C(CCO)SC2=Nc3nc(C)ncc3CN21,C1=CN2Cc3cncnc3N=C2S1,228.8
O=S(=O)(O)c1ccc2ccc(S(=O)(=O)O)cc2c1,c1ccc2ccccc2c1,199.0
O=C(Nc1ccccc1)c1cc2ccccc2cc1O,O=C(Nc1ccccc1)c1ccc2ccccc2c1,248.5
Cc1ccc2cc(N(C)C)ccc2n1,c1ccc2ncccc2c1,101.0
O=C(CS)Nc1ccc2ccccc2c1,c1ccc2ccccc2c1,111.5
O=C(OCCO)c1ccccc1,c1ccccc1,45.0
O=C(OCCOC(=O)c1ccccc1)c1ccccc1,O=C(OCCOC(=O)c1ccccc1)c1ccccc1,73.5
O=C1C=C(Cl)C(=O)O1,O=C1C=CC(=O)O1,33.0
Nc1ccc(S(=O)(=O)F)cc1,c1ccccc1,68.5
NNc1ccc(S(=O)(=O)O)cc1,c1ccccc1,286.0
C=C(Br)c1ccccc1,c1ccccc1,-44.0
S=C(S)N1CCNCC1,C1CNCCN1,228.0
Nc1cc(C(=O)O)cc(C(=O)O)c1,c1ccccc1,360.0
O=S(O)c1ccc(Cl)cc1,c1ccccc1,99.0
O=S(=O)(O)c1ccc(Nc2ccccc2)cc1,c1ccc(Nc2ccccc2)cc1,206.0
COc1ccc(Nc2ccc(N)cc2)cc1,c1ccc(Nc2ccccc2)cc1,102.0
CCCC(=O)Nc1ccc(O)cc1,c1ccccc1,139.5
Nc1ccc(/N=N/c2ccc(S(N)(=O)=O)cc2)c(N)c1,c1ccc(N=Nc2ccccc2)cc1,249.5
O=S(=O)(O)CCNC1CCCCC1,C1CCCCC1,320.0
CCCCCCCCCCCCCCCCCC(=O)OC1CCCCC1,C1CCCCC1,44.0
Nc1ccc(S(=O)(=O)NCc2ccccc2)cc1,O=S(=O)(NCc1ccccc1)c1ccccc1,171.0
CCCCOc1ccc(OCCCC)cc1,c1ccccc1,45.5
CCC(CC)COC(=O)CCCCCCCC(=O)OCC(CC)CC,,-45.0
CC(C)OC(=S)SSC(=S)OC(C)C,,55.0
CCCCCCCCCCCCCCCCCC(=O)OCCOCCOCCOCCO,,40.0
Cc1nnc(N)s1,c1nncs1,224.5
CCCCCCCCCCC(Br)C(=O)O,,32.0
CCCCCCCCCCCCCC(=O)Cl,,-1.0
CCCCCCCCCCCCCCCCCCN=C=O,,20.0
CC(C)Oc1ccc(C(=O)NS(=O)(=O)c2ccc(N)cc2)cc1,O=C(NS(=O)(=O)c1ccccc1)c1ccccc1,172.5
Cc1c([N+](=O)[O-])cc2c(c1[N+](=O)[O-])C(C)(C)CC2(C)C,c1ccc2c(c1)CCC2,132.5
O=C(O)c1ccc2c(c1)C(=O)c1ccccc1C2=O,O=C1c2ccccc2C(=O)c2ccccc21,291.0
O=Nc1ccc(O)c(N=O)c1O,c1ccccc1,168.0
CNc1ccccc1C(=O)O,c1ccccc1,180.5
COc1ccc2c(c1)CCCN2,c1ccc2c(c1)CCCN2,42.5
Cc1ccc(C(=O)NS(=O)(=O)c2ccc(N)cc2)cc1C,O=C(NS(=O)(=O)c1ccccc1)c1ccccc1,222.5
CCCCOC(=O)c1ccc([N+](=O)[O-])cc1,c1ccccc1,35.5
Nc1cc(Cl)c(S(N)(=O)=O)cc1S(N)(=O)=O,c1ccccc1,254.5
NS(=O)(=O)c1cccc([N+](=O)[O-])c1,c1ccccc1,167.0
O=C(O)c1cc(Cc2ccc(O)c(C(=O)O)c2)ccc1O,c1ccc(Cc2ccccc2)cc1,243.5
OCCN1CCN(CCO)CC1,C1CNCCN1,134.75
Nc1cc(S(=O)(=O)O)c(O)c2c1C(=O)c1c(O)c(S(=O)(=O)O)cc(N)c1C2=O,O=C1c2ccccc2C(=O)c2ccccc21,300.0
O=c1[nH]c2ccccc2c(-c2ccccc2)c1O,O=c1cc(-c2ccccc2)c2ccccc2[nH]1,268.0
O=C1Nc2cccc3cccc1c23,O=C1Nc2cccc3cccc1c23,175.5
CC(=O)Oc1ccccc1C(=O)Oc1ccccc1,O=C(Oc1ccccc1)c1ccccc1,96.0
Cc1ccc2c(c1)Sc1cc(C)ccc1S2,c1ccc2c(c1)Sc1ccccc1S2,123.0
CCCCC(=O)OCCC,,-70.7
CCCCCCCCCCCC(=O)OCCOCCO,,17.5
Cc1c(C)c([N+](=O)[O-])c(C(C)(C)C)c([N+](=O)[O-])c1C,c1ccccc1,135.5
c1cnc2ccc3ncccc3c2c1,c1cnc2ccc3ncccc3c2c1,177.0
c1ccc2cc3c(cc2c1)Cc1c-3ccc2ccccc12,c1ccc2cc3c(cc2c1)Cc1c-3ccc2ccccc12,174.5
c1ccc2nncnc2c1,c1ccc2nncnc2c1,75.8
c1ccc2c(c1)Cc1ccccc1S2,c1ccc2c(c1)Cc1ccccc1S2,128.5
C1SSCSSS1,C1SSCSSS1,60.5
O=C(O)C(F)(F)C(F)(F)C(F)(F)C(F)(F)C(F)(F)C(F)(F)C(F)(F)C(F)(F)C(F)(F)C(F)(F)C(F)(F)F,,108.0
Oc1ccnc2cc(C(F)(F)F)ccc12,c1ccc2ncccc2c1,267.5
Fc1ccc2ccccc2c1,c1ccc2ccccc2c1,61.0
COC(=O)c1ccc2c(c1)OCO2,c1ccc2c(c1)OCO2,53.0
O=C(O)C(F)(F)C(F)(F)C(F)(F)C(F)(F)C(=O)O,,134.0
FC1(F)C(Cl)=C(Cl)C(F)(F)C(F)(F)C1(F)F,C1=CCCCC1,-70.0
CCOC(=O)c1sc(N)nc1C(F)(F)F,c1cscn1,186.5
S=C1SCN(Cc2ccccc2)CN1Cc1ccccc1,S=C1SCN(Cc2ccccc2)CN1Cc1ccccc1,101.5
FC(F)(F)C(F)(F)C(F)(F)C(F)(C(F)(F)F)C(F)(F)F,,-119.0
FC(F)(F)C(F)(F)C(F)(F)C(F)(F)C(F)(F)C(F)(F)I,,-46.0
FC(F)(F)C(Cl)(Cl)C(Cl)(Cl)C(F)(F)F,,83.5
FC(F)(F)N1C(F)(F)C(F)(F)OC(F)(F)C1(F)F,C1COCCN1,-80.0
Oc1ccc(C(F)(F)F)cc1,c1ccccc1,46.0
CC(C)(F)F,,-104.8
CC(F)(F)CCl,,-56.2
FC(F)(F)CBr,,-93.9
FC(F)(F)C(F)(F)C(F)(F)C(F)(F)I,,-68.0
FC(F)(F)C(F)(F)C(F)(F)C(F)(F)C(F)(F)C(F)(F)C(F)(F)C(F)(F)C(F)(F)C(F)(F)I,,66.0
CCOC(=O)C(F)(F)C(F)(F)F,,75.5
Cc1cc(F)ccc1N,c1ccccc1,14.2
FC(F)(F)Oc1ccccc1,c1ccccc1,-50.0
CCOc1ccc(F)cc1,c1ccccc1,-8.5
FC(F)CC(F)(F)F,,-102.0
Nc1ccnc(N)c1,c1ccncc1,107.0
O=C(O)CCCCCCCCCCF,,36.0
N=CN,,81.0
Cc1ccc(S(=O)(=O)N(Cl)Cl)cc1,c1ccccc1,83.0
COC(=O)c1c(C)cc(OC(=O)c2c(C)cc(O)c(C=O)c2O)c(C)c1O,O=C(Oc1ccccc1)c1ccccc1,195.0
COc1c2ccccc2nc2occc12,c1ccc2nc3occc3cc2c1,133.5
COc1c(Cl)c(Cl)c(O)c(Cl)c1Cl,c1ccccc1,116.0
CC(=O)Oc1cccc(C(=O)O)c1OC(C)=O,c1ccccc1,149.0
O=C1C(Br)=C(Br)C(=O)C(Br)=C1Br,O=C1C=CC(=O)C=C1,293.0
Cc1cc(O)c(C)c(C)c1C,c1ccccc1,85.3
Cc1cc(O)c(C)c(O)c1,c1ccccc1,163.0
O=c1occc2ccccc12,O=c1occc2ccccc12,47.0
CCCCCCCCCCCCCCCc1cccc(O)c1O,c1ccccc1,59.5
c1cncc(-c2ccnc(-c3cccnc3)c2)c1,c1cncc(-c2ccnc(-c3cccnc3)c2)c1,147.5
O=c1occcc1O,O=c1cccco1,93.8
CCCCCCCCCCCCCCCc1cccc(O)c1,c1ccccc1,53.5
O=c1cccco1,O=c1cccco1,-12.5
CCCOCOCCC,,-97.3
CCCCCCCCCCCCCCCCCCCCCCCCCCO,,80.0
OC(O)C(Br)(Br)Br,,53.5
Nc1ccc(C2(c3ccc(N)cc3)OC(=O)c3ccccc32)cc1,O=C1OC(c2ccccc2)(c2ccccc2)c2ccccc21,203.0
Cc1csc(NS(=O)(=O)c2ccc(N)cc2)n1,O=S(=O)(Nc1nccs1)c1ccccc1,237.0
O=C(O)c1cccc2cccc(C(=O)O)c12,c1ccc2ccccc2c1,260.0
O=C(O)c1ccccc1C1c2ccc(O)cc2Oc2cc(O)ccc21,c1ccc(C2c3ccccc3Oc3ccccc32)cc1,126.0
O=C(c1ccc(O)c(O)c1)c1c(O)cc(O)cc1O,O=C(c1ccccc1)c1ccccc1,222.5
O=C1c2ccccc2C(=O)N1c1ccccc1,O=C1c2ccccc2C(=O)N1c1ccccc1,210.0
Brc1c2ccccc2c(Br)c2ccccc12,c1ccc2cc3ccccc3cc2c1,226.0
COc1ccc(C(=NCc2ccccc2)c2ccc(OC)cc2)cc1,c1ccc(CN=C(c2ccccc2)c2ccccc2)cc1,90.0
COc1ccc(CCc2cc(OC)c3ccccc3n2)cc1OC,c1ccc(CCc2ccc3ccccc3n2)cc1,115.5
Cc1ccc(O)c(C)c1C,c1ccccc1,81.0
COc1c(Cl)c(C)c2c(c1Cl)OC(=O)c1c(C)c(Cl)c(O)c(Cl)c1O2,O=C1Oc2ccccc2Oc2ccccc21,232.0
O=[N+]([O-])c1ccc(SCl)c([N+](=O)[O-])c1,c1ccccc1,99.0
Cc1cccc(C)c2cc(C(C)C)cc1-2,c1ccc2cccc-2cc1,32.3
Oc1cc(O)cc(-c2cc(O)cc(O)c2)c1,c1ccc(-c2ccccc2)cc1,310.0
O=C(Nc1ccc2ncccc2c1)Nc1ccc2ncccc2c1,O=C(Nc1ccc2ncccc2c1)Nc1ccc2ncccc2c1,262.0
c1ccc2cc(Nc3ccc4ccccc4c3)ccc2c1,c1ccc2cc(Nc3ccc4ccccc4c3)ccc2c1,172.2
CCCCCc1ccc(O)cc1O,c1ccccc1,72.5
CN(C)CCc1ccc(O)cc1,c1ccccc1,117.5
COC1CC1,C1CC1,-119.0
Nc1ccc(S(=O)(=O)Nc2ccc(S(N)(=O)=O)cc2)cc1,O=S(=O)(Nc1ccccc1)c1ccccc1,137.0
CC1=NN(c2ccc([N+](=O)[O-])cc2)C(=O)C1[N+](=O)[O-],O=C1CC=NN1c1ccccc1,116.0
CCCOc1ccc([N+](=O)[O-])cc1NC(C)=O,c1ccccc1,102.5
CCCCCCCCCCCCCCCCCCCCCCCCCCCCO,,83.3
CC(C)(O)CCl,,-20.0
C=CCC1(C(C)(C)CC)C(=O)NC(=O)NC1=O,O=C1CC(=O)NC(=O)N1,156.0
C=CCC1(CC(=C)Br)C(=O)NC(=O)NC1=O,O=C1CC(=O)NC(=O)N1,168.5
COc1ccccc1OP(=O)(Oc1ccccc1OC)Oc1ccccc1OC,O=P(Oc1ccccc1)(Oc1ccccc1)Oc1ccccc1,91.0
O=C1c2ccc(O)cc2C(=O)c2cc(O)ccc21,O=C1c2ccccc2C(=O)c2ccccc21,353.8
CCCCNC(=O)c1ccc(Cl)cc1O,c1ccccc1,91.5
Nc1ccnc2ccccc12,c1ccc2ncccc2c1,154.8
c1cncc(-c2cccnc2)c1,c1cncc(-c2cccnc2)c1,68.0
Oc1ccc(O)c(Br)c1,c1ccccc1,111.5
BrCCI,,28.0
CCC(C)(C)OC(N)=O,,86.0
O=[N+]([O-])c1ccc(Oc2ccc(N=C=S)cc2)cc1,c1ccc(Oc2ccccc2)cc1,110.0
CCN(CC)C(COC(=O)c1ccc(N)cc1)CC(C)C,c1ccccc1,158.0
O=C(O)Cc1c(-c2ccccc2)c(-c2ccccc2)nn1-c1ccccc1,c1ccc(-c2cn(-c3ccccc3)nc2-c2ccccc2)cc1,200.0
O=C(O)Cc1cn(-c2ccccc2)nc1-c1ccc(Cl)cc1,c1ccc(-c2ccn(-c3ccccc3)n2)cc1,150.5
COc1cc(Cc2cnc(N)nc2N)cc(OC)c1Br,c1ccc(Cc2cncnc2)cc1,226.5
Cc1cccc(C)c1NC(=O)c1ccc[nH]c1=O,O=C(Nc1ccccc1)c1ccc[nH]c1=O,266.5
Cc1cnc(NS(=O)(=O)c2ccc(N)cc2)nc1,O=S(=O)(Nc1ncccn1)c1ccccc1,262.5
Cc1cc(Cl)c(S(N)(=O)=O)cc1S(N)(=O)=O,c1ccccc1,260.0
O=C1c2ccccc2C(=O)C1c1ccc(F)cc1,O=C1c2ccccc2C(=O)C1c1ccccc1,120.0
CC(=O)NC(N)=O,,218.0
CCCCCCCCCCCCCCCC(=O)ON,,22.0
CCCCCCCCCCCCCCCCCCCCCCCCCCCCCCO,,88.0
C#CCl,,-126.0
S=C(S)S,,-30.0
CP(C)C,,-85.0
ClC(Br)(Br)Br,,55.0
CCC(C)(C)N,,-105.0
CC(C)(Cl)C(=O)O,,31.0
CC(=O)OCC(COC(C)=O)(COC(C)=O)COC(C)=O,,83.5
O=C(O)C(O)C(Cl)(Cl)Cl,,125.0
O=[N+]([O-])c1cccc2cccc(Cl)c12,c1ccc2ccccc2c1,95.8
c1ccc(-c2c3ccccc3nc3ccccc23)cc1,c1ccc(-c2c3ccccc3nc3ccccc23)cc1,184.0
CCOC(=O)N(c1ccccc1)c1ccccc1,c1ccc(Nc2ccccc2)cc1,72.0
Cc1c(C)c2ccccc2c2ccccc12,c1ccc2c(c1)ccc1ccccc12,144.0
CCOCCOC(=O)c1ccccc1C(=O)OCCOCC,c1ccccc1,34.0
CCN(CC)c1ccccc1C,c1ccccc1,-60.0
O=C(CC(c1ccccc1)c1ccccc1)c1ccccc1,O=C(CC(c1ccccc1)c1ccccc1)c1ccccc1,96.0
O=CN(c1ccccc1)c1ccccc1,c1ccc(Nc2ccccc2)cc1,73.5
O=C(Nc1cccc2ccccc12)Nc1cccc2ccccc12,O=C(Nc1cccc2ccccc12)Nc1cccc2ccccc12,296.0
CCCOC(=O)c1ccccc1O,c1ccccc1,97.0
Nc1ccc(C(=O)O)c(N)c1,c1ccccc1,140.0
Clc1cccc2cccnc12,c1ccc2ncccc2c1,-20.0
Clc1ccnc2ccccc12,c1ccc2ncccc2c1,34.5
N#Cc1ccccc1CCl,c1ccccc1,61.0
C1=CCc2ccccc2C1,C1=CCc2ccccc2C1,25.0
Oc1cccc(-c2cccc(O)c2)c1,c1ccc(-c2ccccc2)cc1,124.8
c1ccc(-c2ccc3ncccc3c2)cc1,c1ccc(-c2ccc3ncccc3c2)cc1,110.0
c1ccc(N2CCN(c3ccccc3)CC2)cc1,c1ccc(N2CCN(c3ccccc3)CC2)cc1,165.0
BrC(Br)(Br)c1ccc2ccccc2n1,c1ccc2ncccc2c1,128.0
CC(=O)OC(OC(C)=O)c1ccco1,c1ccoc1,53.3
O=C(Oc1ccc2ccccc2c1)c1ccccc1O,O=C(Oc1ccc2ccccc2c1)c1ccccc1,95.5
c1ccc2cc(Oc3ccc4ccccc4c3)ccc2c1,c1ccc2cc(Oc3ccc4ccccc4c3)ccc2c1,105.0
Cc1ccc(O)c(C=O)c1,c1ccccc1,56.0
O=C(OCc1ccco1)c1ccco1,O=C(OCc1ccco1)c1ccco1,27.5
CCOC(=O)C(=O)CC(C)=O,,18.0
CCCOC(=O)C(=O)OCCC,,-44.3
Cc1cc(C(C)(C)C)cc(C(C)(C)C)c1O,c1ccccc1,51.0
Cc1ccccc1OC(=O)Oc1ccccc1C,O=C(Oc1ccccc1)Oc1ccccc1,60.0
C=C(Cl)c1ccccc1,c1ccccc1,-23.0
O=C(O)c1cc(O)cc(C(=O)O)c1,c1ccccc1,293.0
CCCCCCCCC(CCCCCCCC)C(=O)O,,38.5
O=[N+]([O-])OC(CO)CO,,54.0
O=C(Nc1ccccc1)C(=O)Nc1ccccc1,O=C(Nc1ccccc1)C(=O)Nc1ccccc1,254.0
O=C(OC1CCCCC1)C(=O)OC1CCCCC1,O=C(OC1CCCCC1)C(=O)OC1CCCCC1,43.5
Cc1ccc(Nc2ccc(C)cc2)cc1,c1ccc(Nc2ccccc2)cc1,79.8
Cc1ccc(Sc2ccc(C)cc2)cc1,c1ccc(Sc2ccccc2)cc1,57.3
CCOc1cccc([N+](=O)[O-])c1,c1ccccc1,36.0
[N-]=[N+]=Nc1ccccc1,c1ccccc1,-27.5
CCCc1ccccn1,c1ccncc1,2.0
Cc1ccc(NO)cc1,c1ccccc1,96.0
CCCCCCCCCCCCCCCC(=O)OC(=O)CCCCCCCCCCCCCCC,,64.0
CCCCCCCC(=O)OC(=O)CCCCCCC,,-1.0
CCCNC(=O)NCCC,,105.0
O=C(OCCCl)OCCCl,,8.0
CCCCCCCCCCCCCCCC(=O)OCCOC(=O)CCCCCCCCCCCCCCC,,72.0
CCCCCCCCCCCC(=O)OCCOC(=O)CCCCCCCCCCC,,56.6
CCCCCCCOC(=O)CCCCCC,,-33.0
CCCCCCCC(=O)OCCC,,-46.2
CC(C)C[N+](=O)[O-],,-76.85
CCCCCCC(=O)OC(=O)CCCCCC,,-12.4
CCCCCCCCCCCCCC(=O)OC(=O)CCCCCCCCCCCCC,,53.4
CCOC(=O)NC(N)=O,,196.5
CCSCC(=O)O,,-8.5
CC(C)CC[N+](=O)[O-],,97.0
CCCCCCCCCCCCCCCCCC(=O)OCCC(C)C,,25.5
C#CCCC#C,,-6.0
CC(=O)OCCOCCOC(C)=O,,18.0
CCCCCCCC(N)=O,,108.0
CCCCCCCCCCCC(=O)CC,,34.0
CCCCCCCCCCCCCCCC(N)=O,,107.0
CCCCCCCSCCCCCCC,,70.0
CCCCCCCCCCCCCCCC#N,,31.0
ClC(Cl)(Br)C(Cl)(Cl)Br,,202.5
Cc1cc(NS(=O)(=O)c2ccc(N)cc2)sn1,O=S(=O)(Nc1ccns1)c1ccccc1,192.0
O=C1c2ccc(O)c(O)c2C(=O)c2ccc(O)c(O)c21,O=C1c2ccccc2C(=O)c2ccccc21,340.0
O=C1OC(=O)c2c(I)c(I)c(I)c(I)c21,O=C1OC(=O)c2ccccc21,327.5
Cc1c([N+](=O)[O-])cc([N+](=O)[O-])c(C)c1[N+](=O)[O-],c1ccccc1,184.0
COC(=O)c1cc(C(=O)OC)c(C(=O)OC)cc1C(=O)OC,c1ccccc1,144.0
Clc1cccc2ncccc12,c1ccc2ncccc2c1,45.0
CCCCCCCCCCCCCCCCCC(=O)Oc1ccccc1,c1ccccc1,52.0
CCCCCCCCCCCCCCCCCC(=O)OC(=O)CCCCCCCCCCCCCCCCC,,72.0
CC(=O)NC(=O)NC(C)=O,,154.5
ClC(I)I,,-4.0
FC(F)(F)C(F)(F)C(F)(F)C(F)(F)C(F)(F)I,,-50.0
Cc1ccc2c(C)cccc2c1C,c1ccc2ccccc2c1,33.5
O=C(Nc1ccc(Cl)c(Cl)c1)c1cc(Cl)ccc1O,O=C(Nc1ccccc1)c1ccccc1,247.0
COc1cc2c(c(O)c1OC)CNCC2,c1ccc2c(c1)CCNC2,187.5
CCCCCCC(N)C(=O)O,,270.0
CCCCCCCCCCCC(=O)OC(=O)CCCCCCCCCCC,,41.8
CCCCCOC(=O)CCC(=O)OCCCCC,,-10.8
OCCC(F)(F)C(F)(F)C(F)(F)C(F)(F)C(F)(F)C(F)(F)F,,-35.0
O=C1OC(=O)c2c(F)c(F)c(F)c(F)c21,O=C1OC(=O)c2ccccc21,95.0
CC(=O)c1c(F)c(F)c(F)c(F)c1F,c1ccccc1,130.5
Cc1c(F)c(F)c(C(=O)O)c(F)c1F,c1ccccc1,174.0
Nc1ccc(N=O)cc1,c1ccccc1,173.5
NS(=O)(=O)c1ccc(Cl)c(S(N)(=O)=O)c1,c1ccccc1,207.0
CP(=O)(F)F,,-37.2
FC(F)(Cl)C(Cl)(Cl)C(F)(F)Cl,,-42.9
OCCC(F)(F)C(F)(F)C(F)(F)C(F)(F)C(F)(F)C(F)(F)C(F)(F)C(F)(F)F,,47.0
FCC(F)(F)C(F)F,,-82.0
FC(F)=C(F)C(F)=C(F)F,,-132.0
CCOC(=O)C(Br)C(=O)OCC,,-54.0
FC(F)(F)C#CC(F)(F)F,,-117.4
FC1(F)OC1(F)F,C1CO1,-118.0
CC(C)c1ccncc1,c1ccncc1,-54.9
COc1cc(O)c(C=O)c(OC)c1,c1ccccc1,70.0
OCCOc1cccc2ccccc12,c1ccc2ccccc2c1,45.0
S=C(SC(=S)N1CCCCC1)N1CCCCC1,S=C(SC(=S)N1CCCCC1)N1CCCCC1,110.0
Cc1ccc(N=C=Nc2ccc(C)cc2)cc1,C(=Nc1ccccc1)=Nc1ccccc1,58.5
O=[N+]([O-])c1ccc(CCc2ccc([N+](=O)[O-])cc2)cc1,c1ccc(CCc2ccccc2)cc1,181.0
NC1CC1,C1CC1,-35.4
OOC1CCCCC1,C1CCCCC1,-20.0
Nc1cccc2nsnc12,c1ccc2nsnc2c1,68.0
Cc1cccc(C)c1N(C)C,c1ccccc1,-36.0
Cc1cc(C)c(C#N)c(O)n1,c1ccncc1,286.0
OOC1CCCc2ccccc21,c1ccc2c(c1)CCCC2,56.0
c1ccc(C2CCNCC2)cc1,c1ccc(C2CCNCC2)cc1,60.5
c1ccc(C2OCCCO2)cc1,c1ccc(C2OCCCO2)cc1,41.0
O=C(O)c1ccc2c(c1)C(=O)c1ccccc1-2,O=C1c2ccccc2-c2ccccc21,341.0
FC(Cl)(Cl)CCl,,-140.0
COS(=O)(=O)Cl,,-70.0
O=C(CBr)CBr,,26.0
CCCCCCCCCCCCCCCCCCOC(C)=O,,34.5
C=COCCCCCCCCCCCCCCCC,,16.0
O=[N+]([O-])c1ccsc1,c1ccsc1,78.5
O=P(Cl)(Cl)c1ccccc1,c1ccccc1,1.0
COc1ccc(CCl)cc1,c1ccccc1,24.5
O=C(c1ccccc1O)c1ccccc1O,O=C(c1ccccc1)c1ccccc1,59.5
CN=O,,2.5
FC(F)(F)C(F)(F)C(F)(C(F)(F)F)C(F)(F)C(F)(F)F,,-115.0
c1ccc(C2CC2)cc1,c1ccc(C2CC2)cc1,-31.0
Cc1cn(C)c2ccccc12,c1ccc2[nH]ccc2c1,142.0
Cc1c(Cl)c(C)c(Cl)c(Cl)c1Cl,c1ccccc1,223.0
Cc1cc(C(C)(C)C)cc(C)c1O,c1ccccc1,82.4
Cc1ccc([N+](=O)[O-])c2ccccc12,c1ccc2ccccc2c1,71.5
O=C(CCN1CCCCC1)c1ccccc1,O=C(CCN1CCCCC1)c1ccccc1,211.5
CC(C)(C)C(C)(C)Cl,,136.0
C=C(C)C(=O)NCO,,-37.0
C=COC(C)(C)C,,-112.0
S=c1sccs1,S=c1sccs1,49.0
O=C1C=CC(=O)C1,O=C1C=CC(=O)C1,37.0
CC(=O)OC1CCCC1,C1CCCC1,13.5
NC(=O)c1ncccc1O,c1ccncc1,195.0
COc1cccc2cccnc12,c1ccc2ncccc2c1,49.5
CCC(=O)c1cc(C)ccc1O,c1ccccc1,2.0
Cc1cc(=O)n(-c2ccccc2)[nH]1,O=c1cc[nH]n1-c1ccccc1,128.0
CCCCCC(=O)c1ccccc1,c1ccccc1,27.0
CC(C)(Oc1ccccc1)C(=O)O,c1ccccc1,98.5
CN(C)CCCN1c2ccccc2[S+]([O-])c2ccc(Cl)cc21,c1ccc2c(c1)Nc1ccccc1[SH+]2,115.0
CC1CC(C)S(=O)(=O)C1,O=S1(=O)CCCC1,-3.0
CC(C)C1CCCCC1=O,O=C1CCCCC1,72.5
CCCCN1CCOCC1,C1COCCN1,-57.1
OCCc1ccc2ccccc2n1,c1ccc2ncccc2c1,103.0
Fc1c(F)c(F)c(Sc2c(F)c(F)c(F)c(F)c2F)c(F)c1F,c1ccc(Sc2ccccc2)cc1,87.0
CCOC(=O)CCC(=O)O,,8.0
O=CCCCCC=O,,-8.0
CC(C)C(=NO)C(C)C,,34.0
CCCCCCOC(=O)CCCC,,-63.1
CCCCCCCCC(N)=O,,99.5
Nc1nccnn1,c1cnncn1,175.5
Oc1ccccc1S,c1ccccc1,5.5
O=C1CCCC(=O)N1,O=C1CCCC(=O)N1,156.0
Cc1cc(O)c(Cl)cc1Cl,c1ccccc1,73.0
Cc1cc(N)n(-c2ccccc2)n1,c1ccc(-n2cccn2)cc1,116.0
O=C(O)c1ccc2c(c1)CCCC2,c1ccc2c(c1)CCCC2,155.5
CCCCn1c(=O)c2c(ncn2C)n(C)c1=O,O=c1[nH]c(=O)c2[nH]cnc2[nH]1,108.0
CC(C)C1(Cc2ccco2)C(=O)NC(=O)NC1=O,O=C1NC(=O)C(Cc2ccco2)C(=O)N1,169.0
O=C1c2ccccc2C(=O)C1c1ccc(Cl)cc1,O=C1c2ccccc2C(=O)C1c1ccccc1,145.5
CCOC(=O)C1=C(C)NC(C)=C(C(=O)OCC)C1,C1=CNC=CC1,180.5
O=C(Nc1ccc(Cl)cc1)c1cc(Cl)cc(Cl)c1O,O=C(Nc1ccccc1)c1ccccc1,142.5
N#CC(C#N)=C1c2cc([N+](=O)[O-])ccc2-c2c1cc([N+](=O)[O-])cc2[N+](=O)[O-],C=C1c2ccccc2-c2ccccc21,267.0
O=C=NS(=O)(=O)Cl,,-44.0
CCCCCCCCCCCCCCCCCC(=O)OCCCCCCCCCCCCCCCC,,57.0
Nc1nc(O)cc(Cl)n1,c1cncnc1,261.5
Oc1ccc(Br)c2cccnc12,c1ccc2ncccc2c1,124.0
CC(NC(=O)c1ccccc1)C(=O)O,c1ccccc1,165.5
Clc1c2ccccc2nc2ccccc12,c1ccc2nc3ccccc3cc2c1,121.0
O=Cc1ccc(N(CCCl)CCCl)cc1,c1ccccc1,86.5
Cc1ccccc1NC(=O)c1ccccc1,O=C(Nc1ccccc1)c1ccccc1,145.5
CCN(CC)C(=O)CSc1ccc(Cl)nn1,c1ccnnc1,97.0
OC(c1ccc(Cl)cc1)c1cc2ccccc2o1,c1ccc(Cc2cc3ccccc3o2)cc1,48.5
CCC(C(=O)O)C1(O)CCC(c2ccccc2)CC1,c1ccc(C2CCCCC2)cc1,157.0
CCN1CCN(c2cc3c(cc2F)c(=O)c(C(=O)O)cn3C2CC2)CC1,O=c1ccn(C2CC2)c2cc(N3CCNCC3)ccc12,220.0
COc1ccccc1OCC(O)CNC(C)C,c1ccccc1,82.5
C=CCN1CCCC1CNC(=O)c1cc(S(=O)(=O)NC)c(N)cc1OC,O=C(NCC1CCCN1)c1ccccc1,168.75
COP(=O)(OC)SCn1c(=O)oc2cc(Cl)cnc21,O=c1[nH]c2ncccc2o1,89.0
CCCCCCCCCCCCCCCCC=O,,36.0
CCC(c1ccc(O)c(C)c1)C(CC)c1ccc(O)c(C)c1,c1ccc(CCc2ccccc2)cc1,145.0
O=CNC(O)C(Cl)(Cl)Cl,,120.0
COc1cc(O)cc(O)c1,c1ccccc1,80.3
NS(=O)(=O)c1cc2c(cc1Cl)NC(C(Cl)(Cl)Cl)NS2(=O)=O,O=S1(=O)NCNc2ccccc21,301.5
CC(NNC(=O)c1ccccc1)c1ccccc1,O=C(NNCc1ccccc1)c1ccccc1,93.5
CCNC1=NC(=O)C(c2ccccc2)O1,O=C1N=COC1c1ccccc1,148.0
c1ccc(OCc2ccc(CCCN3CCOCC3)cc2)cc1,c1ccc(OCc2ccc(CCCN3CCOCC3)cc2)cc1,52.5
CC(C)(OCc1ccc(-c2ccc(Cl)cc2)cc1)C(=O)O,c1ccc(-c2ccccc2)cc1,154.5
O=C1NC(=O)C2(CCc3ccccc3C2)N1,O=C1NC(=O)C2(CCc3ccccc3C2)N1,267.5
O=C(NC(=O)c1c(F)cccc1F)Nc1cc(Cl)c(OC(F)(F)C(F)C(F)(F)F)cc1Cl,O=C(NC(=O)c1ccccc1)Nc1ccccc1,166.0
NS(=O)(=O)c1cc2c(cc1Cl)NC(Cc1ccc(F)cc1)NS2(=O)=O,O=S1(=O)NC(Cc2ccccc2)Nc2ccccc21,239.0
OCC(CO)(CCl)CCl,,83.0
CCS(=O)(=O)c1ccc(F)cc1,c1ccccc1,41.0
Cc1ncc([N+](=O)[O-])n1CC(C)O,c1c[nH]cn1,76.0
Cc1c(C(C)OC(=O)CCC(=O)O)oc2ccc(C3=CC(=O)OC3)cc12,O=C1C=C(c2ccc3occc3c2)CO1,144.0
O=C(C(Cl)Cl)N(CCO)Cc1ccc(Oc2ccc([N+](=O)[O-])cc2)cc1,c1ccc(Oc2ccccc2)cc1,136.0
CC(C)C(OC(=O)c1cccnc1)c1ccc(Cl)cc1,O=C(OCc1ccccc1)c1cccnc1,61.0
Cc1nc([N+](=O)[O-])cn1-c1ccc([N+](=O)[O-])cc1,c1ccc(-n2ccnc2)cc1,186.0
CC(C)NCC(O)COc1cccc2c1C=CC2,C1=Cc2ccccc2C1,88.5
N#Cc1ccccc1OCC(O)CNCCNC(=O)Cc1ccc(O)cc1,O=C(Cc1ccccc1)NCCNCCCOc1ccccc1,119.0
CCC(C(=O)NC(N)=O)c1ccccc1,c1ccccc1,162.0
CCC(C(=O)O)C1(O)CCCCC1,C1CCCCC1,81.5
O=C(Nc1ccccc1)OCC1(COC(=O)Nc2ccccc2)CCCC1,O=C(Nc1ccccc1)OCC1(COC(=O)Nc2ccccc2)CCCC1,151.5
CC1(C)OCC2OC3(C(=O)O)OC(C)(C)OC3C2O1,C1OCC2OC3OCOC3C2O1,74.0
CC(CCc1ccccc1)NC(C)C(O)c1cc(I)c(O)c(I)c1,c1ccc(CCCNCCc2ccccc2)cc1,212.0
NS(=O)(=O)c1ccc(N2C(=O)CC(c3ccccc3)C2=O)c(Cl)c1,O=C1CC(c2ccccc2)C(=O)N1c1ccccc1,206.0
C#CCOc1ccc(N)cc1C(=O)NCCCC,c1ccccc1,84.0
O=C(CN1CCN(Cc2ccc3c(c2)OCO3)CC1)N1c2ccccc2Sc2ccccc21,O=C(CN1CCN(Cc2ccc3c(c2)OCO3)CC1)N1c2ccccc2Sc2ccccc21,141.5
Cc1ccc(N=C2NCCN2)c(Cl)c1,c1ccc(N=C2NCCN2)cc1,149.0
O=c1oc2cc(O)ccc2s1,O=c1oc2ccccc2s1,160.0
NNC(=O)c1ccc(N)cc1O,c1ccccc1,195.0
CC1(C)C=CC=C(C(=O)O)C=C1,C1=CC=CCC=C1,88.5
CCCCCCCCCCCCCCCCOCC(O)CO,,64.0
O=c1oc(=O)c2ccccc2c2ccccc12,O=c1oc(=O)c2ccccc2c2ccccc12,217.0
O=c1c(Cl)c(Cl)cnn1-c1ccccc1,O=c1cccnn1-c1ccccc1,162.0
O=C(O)CCCCCCCCCCCCC1C=CCC1,C1=CCCC1,68.5
CC(Oc1ccccc1Cl)C(=O)O,c1ccccc1,113.0
NC(=O)N1CCCCC1,C1CCNCC1,105.0
C1CN(CCN2CCOCC2)CCO1,C1CN(CCN2CCOCC2)CCO1,75.0
O=[N+]([O-])c1ccc2c(c1)oc1ccccc12,c1ccc2c(c1)oc1ccccc12,181.5
OCCCc1ccccn1,c1ccncc1,34.0
OCCCc1ccncc1,c1ccncc1,37.0
COc1cc(OC)nc(NC(=O)NS(=O)(=O)c2ncccc2C(=O)N(C)C)n1,O=C(Nc1ncccn1)NS(=O)(=O)c1ccccn1,142.0
COc1nc(C)nc(NC(=O)NS(=O)(=O)c2ccccc2OCCCl)n1,O=C(Nc1ncncn1)NS(=O)(=O)c1ccccc1,186.0
O=C(O)CC(Br)C(=O)O,,161.0
CCCN(CCOc1c(Cl)cc(Cl)cc1Cl)C(=O)n1ccnc1,O=C(NCCOc1ccccc1)n1ccnc1,48.0
CC(C)C(O)(c1ccc(OC(F)(F)F)cc1)c1cncnc1,c1ccc(Cc2cncnc2)cc1,95.0
Clc1cc(Cl)cc(C2(CC(Cl)(Cl)Cl)CO2)c1,c1ccc(C2CO2)cc1,42.8
Clc1ccccc1-c1nnc(-c2ccccc2Cl)nn1,c1ccc(-c2nnc(-c3ccccc3)nn2)cc1,182.0
CCC(C)(CC)c1cc(NC(=O)c2c(OC)cccc2OC)on1,O=C(Nc1ccno1)c1ccccc1,177.5
COC(=O)c1sccc1S(=O)(=O)NC(=O)Nc1nc(C)nc(OC)n1,O=C(Nc1ncncn1)NS(=O)(=O)c1ccsc1,176.0
Cc1ccc(C)c2c1C(=O)c1ccccc1C2=O,O=C1c2ccccc2C(=O)c2ccccc21,140.5
COc1ccc(C(N)=O)cc1OC,c1ccccc1,164.0
ICC(CI)(CI)CI,,225.0
Nc1nccc2ccccc12,c1ccc2cnccc2c1,104.0
CCCCCCCCCCC(=O)CC,,31.0
CCCCn1c2ccccc2c2ccccc21,c1ccc2c(c1)[nH]c1ccccc12,58.0
C=Cc1ccco1,c1ccoc1,-94.0
CC(=O)Oc1ccc(Br)cc1C(=O)O,c1ccccc1,60.0
OCCC1CCNCC1,C1CCNCC1,132.5
NN1C(=O)CSC1=S,O=C1CSC(=S)N1,101.5
O=C(Cl)c1ccccc1O,c1ccccc1,19.0
Cc1cc(O)c(C(C)(C)C)cc1C,c1ccccc1,46.0
Cc1ccc(Oc2ccc(C)cc2)cc1,c1ccc(Oc2ccccc2)cc1,51.0
COC(=O)CC(O)(CC(=O)OC)C(=O)OC,,79.3
OCc1ccc2ccccc2c1,c1ccc2ccccc2c1,81.3
C=CCCCCCCCCCCCCCCCCCCCC,,38.0
OCCn1ccnc1,c1c[nH]cn1,39.0
CC(=O)CCCCC(C)=O,,44.0
Cc1cccnn1,c1ccnnc1,184.0
CCCCCCCCCCOC(=O)CCCCCCCCC,,9.7
Cc1cnc2c(ccc3c(C)c(C)cnc32)c1C,c1cnc2c(c1)ccc1cccnc12,278.5
CCCCCCC(=O)c1ccccc1,c1ccccc1,16.4
CCCCC(=O)c1ccc(C)cc1,c1ccccc1,-2.0
CCCCCCCC(=O)c1ccccc1,c1ccccc1,22.8
CCCCCCCCCCCC(=O)c1ccccc1,c1ccccc1,47.0
FC(F)OC(F)F,,-123.15
Oc1ccc(O)c(Cc2ccccc2)c1,c1ccc(Cc2ccccc2)cc1,105.8
COC(=O)CCCCCC(=O)OC,,-21.0
c1cc2c3c(ccc4c3c1CCC4)CCC2,c1cc2c3c(ccc4c3c1CCC4)CCC2,133.0
CCP(=O)(c1ccccc1)c1ccccc1,O=[PH](c1ccccc1)c1ccccc1,122.5
Cc1cc(C(C)C)ccc1O,c1ccccc1,8.6
Oc1ccc(Nc2ccc(O)cc2)cc1,c1ccc(Nc2ccccc2)cc1,174.5
CC(CC(=O)c1ccccc1)C(=O)O,c1ccccc1,141.0
Cc1cnc(Cl)nc1Cl,c1cncnc1,26.0
CCc1ccsc1,c1ccsc1,-89.1
C=CCNC(=O)NCC=C,,91.5
CCCCCCCCOc1ccccc1,c1ccccc1,8.0
CCCC(=O)C(=O)O,,6.5
N#Cc1c(F)c(F)c(F)c(F)c1C#N,c1ccccc1,83.0
CCCCCCC#CC(=O)O,,-8.0
COC(OC)(OC)OC,,-5.0
O=C1NCCCN1,O=C1NCCCN1,265.0
Nc1ccc2ccc3ccccc3c2c1,c1ccc2c(c1)ccc1ccccc12,143.0
Cc1ccc(C(=O)O)o1,c1ccoc1,109.5
C1CCN(CCN2CCCCC2)CC1,C1CCN(CCN2CCCCC2)CC1,-0.5
Nc1ccc(S(=O)(=O)c2ccc([N+](=O)[O-])cc2)cc1,O=S(=O)(c1ccccc1)c1ccccc1,170.0
CN1CCN(C(=O)CC(c2ccc(Cl)cc2)(c2ccc(Cl)cc2)c2ccc(Cl)cc2)CC1,O=C(CC(c1ccccc1)(c1ccccc1)c1ccccc1)N1CCNCC1,214.0
Cc1c(C)n(C)c2ccccc12,c1ccc2[nH]ccc2c1,18.0
CCCCC[S+]([O-])CCCCC,,58.0
Cc1cnccc1N,c1ccncc1,108.5
CCOc1ccc(C=O)cc1OCC,c1ccccc1,22.0
N#Cc1[nH]cnc2ncnc1-2,c1nc2c[nH]cnc-2n1,187.5
OCCC(F)(F)C(F)(F)C(F)(F)C(F)(F)F,,-58.0
Nc1cccc(-c2cccc(N)c2)c1,c1ccc(-c2ccccc2)cc1,93.5
CC(C)CCOC(=O)C(=O)OCCC(C)C,,-9.0
c1ccc(Cn2cccc2)cc1,c1ccc(Cn2cccc2)cc1,15.0
C=Cc1ccc(C(C)C)cc1,c1ccccc1,-44.7
CCCCC(=O)OC(=O)CCCC,,-56.1
CCCCCCCCCC(=O)OC(=O)CCCCCCCCC,,24.7
[N-]=[N+]=Nc1ccc(Br)cc1,c1ccccc1,20.0
c1ccc(CCc2ccccn2)cc1,c1ccc(CCc2ccccn2)cc1,-3.0
Clc1cccc(C(Cl)(Cl)Cl)c1,c1ccccc1,0.6
O=C1c2ccccc2C(=O)N1Cc1ccccc1,O=C1c2ccccc2C(=O)N1Cc1ccccc1,116.0
CN(C)c1ccc(N=C2C=CC(=O)C=C2)cc1,O=C1C=CC(=Nc2ccccc2)C=C1,133.5
ClCCCCCCCCCCCl,,15.6
C=C1CC(=O)OC1=O,C=C1CC(=O)OC1=O,69.0
CCCCCCCCCCCCCCCCOP(=O)(O)OCCCCCCCCCCCCCCCC,,74.5
CCN(CC)c1ccc([N+](=O)[O-])cc1,c1ccccc1,77.5
O=C1Cc2cccc3cccc1c23,O=C1Cc2cccc3cccc1c23,121.0
CCCCCCCCCCCCCCCC(=O)OCCC,,20.4
Cc1c(C)c(C)c(C(=O)O)c(C)c1C,c1ccccc1,210.5
N#CCCCOc1ccccc1,c1ccccc1,45.5
NNc1cccc2ccccc12,c1ccc2ccccc2c1,117.0
O=C(c1ccccc1)c1cccc([N+](=O)[O-])c1,O=C(c1ccccc1)c1ccccc1,95.0
Cc1ccc2nc(C)cc(C)c2c1,c1ccc2ncccc2c1,68.0
Cn1c(=S)sc2ccccc21,S=c1[nH]c2ccccc2s1,90.0
Cc1ccc(/N=C/c2ccccc2)cc1,C(=Nc1ccccc1)c1ccccc1,35.0
CCCCCCCCCC(N)=O,,108.0
CCCCCCCCCCCCC(C)=O,,33.5
C=C(CC(=O)OCC)C(=O)OCC,,58.5
Cc1cc(-c2cc(C)c(O)c(C)c2)cc(C)c1O,c1ccc(-c2ccccc2)cc1,221.8
CN(C)c1ccc2ccccc2c1,c1ccc2ccccc2c1,52.5
CCNc1ccc2ccccc2c1,c1ccc2ccccc2c1,236.0
CCOc1cc(OCC)cc(OCC)c1,c1ccccc1,43.5
CCCCCCCCCCCCCCCCCCNC,,44.0
Oc1ccc2c(c1)Cc1ccccc1-2,c1ccc2c(c1)Cc1ccccc1-2,168.0
COC(=O)c1ccccn1,c1ccncc1,18.7
CCCCCCCNCCCCCCC,,31.5
O=[N+]([O-])c1ccc(Oc2ccccc2)c([N+](=O)[O-])c1,c1ccc(Oc2ccccc2)cc1,71.0
ClCc1ccc2ccccc2c1,c1ccc2ccccc2c1,48.5
CCOC(=O)c1c(C)cc(O)cc1O,c1ccccc1,132.0
O=S(=O)(Cl)C(Cl)(Cl)Cl,,140.5
CCOC(=O)NCc1ccccc1,c1ccccc1,49.0
COC(=O)c1ccc([N+](=O)[O-])cc1[N+](=O)[O-],c1ccccc1,108.0
Cc1cc(C)c2ccccc2c1C,c1ccc2ccccc2c1,55.5
CC(C)Oc1ccccc1,c1ccccc1,-33.0
O=C(O)Cc1ccco1,c1ccoc1,68.5
CCCCCCCCCCCCCCCC(OC)OC,,10.0
Cc1cc(N)ccc1O,c1ccccc1,176.5
Clc1ccc(Br)s1,c1ccsc1,-20.0
CCCC(=O)c1ccccc1O,c1ccccc1,10.0
O=C(O)COc1cccc2ccccc12,c1ccc2ccccc2c1,196.0
C#CC(C)(C)N,,18.0
CCOC(=O)c1ccc2ccccc2c1,c1ccc2ccccc2c1,32.0
O=C1CCCCCC1=O,O=C1CCCCCC1=O,-40.0
Cc1ccc2c(C)c(C)ccc2c1,c1ccc2ccccc2c1,14.0
CC(=O)Oc1ccccc1C(F)(F)F,c1ccccc1,101.0
Nc1cnn(-c2ccccc2)c(=O)c1Br,O=c1cccnn1-c1ccccc1,223.5
Brc1ccsc1Br,c1ccsc1,-17.5
CC(=O)C(C)(C)C(C)=O,,19.0
CCCCCC(=O)c1ccc(O)cc1O,c1ccccc1,57.0
O=[N+]([O-])c1ccc(O)cc1O,c1ccccc1,122.0
BrCC(CBr)(CBr)CBr,,163.0
Cc1cc(C)c(O)c(C)c1C,c1ccccc1,80.5
O=C(O)c1ccc(C(=O)O)o1,c1ccoc1,342.0
CP(C)(=O)O,,92.0
[N-]=[N+]=Nc1ccc(Cl)cc1,c1ccccc1,20.0
O=C=Nc1ccccc1Cl,c1ccccc1,30.5
O=C=Nc1ccccc1[N+](=O)[O-],c1ccccc1,41.0
C1CCC(CCC2CCCCC2)CC1,C1CCC(CCC2CCCCC2)CC1,11.5
O=C1CCCCCCCC1,O=C1CCCCCCCC1,34.0
Brc1ccc(Sc2ccc(Br)cc2)cc1,c1ccc(Sc2ccccc2)cc1,115.0
Cc1ccc(Oc2ccc([N+](=O)[O-])cc2)cc1,c1ccc(Oc2ccccc2)cc1,69.0
COC(=O)C(N)Cc1ccc(O)cc1,c1ccccc1,137.0
O=C1CCCN1CCO,O=C1CCCN1,20.0
c1ccc2c(c1)NCCN2,c1ccc2c(c1)NCCN2,99.0
O=C(c1ccccc1)C1CC1,O=C(c1ccccc1)C1CC1,-7.9
Cc1cc(N)cc(C)n1,c1ccncc1,192.5
O=C(NCO)c1cccnc1,c1ccncc1,141.5
c1ccc(Cc2c3ccccc3c(Cc3ccccc3)c3ccccc23)cc1,c1ccc(Cc2c3ccccc3c(Cc3ccccc3)c3ccccc23)cc1,246.5
CCCCCCCCCCCCCCCCCC(=O)OCCC,,28.9
C=C[N+](=O)[O-],,-55.5
O=C(O)CCCCCCCCCCO,,65.5
Cc1ccnc(Cl)c1,c1ccncc1,115.0
O=C(Nc1ccc(Cl)cc1)c1cc(Br)ccc1O,O=C(Nc1ccccc1)c1ccccc1,240.5
NC(=O)C(CCN1CCCCCC1)(c1ccccc1)c1ccccc1,c1ccc(C(CCN2CCCCCC2)c2ccccc2)cc1,142.5
Clc1cc(Cl)nc(-c2ccccc2)n1,c1ccc(-c2ncccn2)cc1,96.9
O=S1OCCO1,O=S1OCCO1,-11.0
CN(C)[S+]([O-])N(C)C,,31.0
O=C1C=C(c2ccccc2)CC1,O=C1C=C(c2ccccc2)CC1,-23.0
ClC(C(Cl)(Cl)Cl)C(Cl)(Cl)Cl,,11.0
Fc1cc(F)c(F)c(-c2c(F)c(F)cc(F)c2F)c1F,c1ccc(-c2ccccc2)cc1,85.0
NCc1ccc(Br)cc1,c1ccccc1,20.0
Cc1ccccc1Oc1ccccc1,c1ccc(Oc2ccccc2)cc1,21.7
O=C(O)COc1c(Cl)ccc(Cl)c1Cl,c1ccccc1,148.0
COCC(=O)c1ccccc1,c1ccccc1,8.0
CCCCCCCCCCCCCCCCOCCCCCCCCCCCCCCCC,,55.0
CCOC(=O)NNC(=O)OCC,,135.0
C#CCCCCCCCC#C,,-17.0
CCNS(=O)(=O)C(F)(F)C(F)(F)C(F)(F)C(F)(F)C(F)(F)C(F)(F)C(F)(F)C(F)(F)F,,96.0
CCCC(=O)c1ccc(C)cc1,c1ccccc1,12.0
CCCCCCCCCCCC(=O)Oc1ccccc1,c1ccccc1,24.5
CC(C)SSC(C)C,,-69.0
CN(C(=O)Cl)c1ccccc1,c1ccccc1,88.5
COC(=O)C(O)c1ccccc1,c1ccccc1,58.0
COc1cccc(CO)c1O,c1ccccc1,61.5
Cc1ccc(O)c(C(C)C)c1,c1ccccc1,36.5
OCCNCCNCCO,,97.5
CCCCCCCCCCCCCCCCCCc1ccccc1,c1ccccc1,29.0
CCCCCCCCN(C)CCCCCCCC,,-30.1
O=C(O)C1C(c2ccccc2)C(C(=O)O)C1c1ccccc1,c1ccc(C2CC(c3ccccc3)C2)cc1,228.0
COc1cc(CC#N)ccc1O,c1ccccc1,56.5
O=C(O)c1cccc2cccc(Cl)c12,c1ccc2ccccc2c1,171.5
BrCCCCCCCBr,,41.7
CC(C)(C)NCCO,,44.0
COC(=O)c1ccc(C)cc1O,c1ccccc1,27.5
CC(C)(S)C(=O)O,,47.0
C1CCCSCC1,C1CCCSCC1,0.5
CCCCCCN1CCCC1=O,O=C1CCCN1,4.0
NNc1ccccn1,c1ccncc1,46.6
Cc1ncccn1,c1cncnc1,-4.0
CCCCc1ccccn1,c1ccncc1,97.0
Cn1c(=O)c2c(ncn2CN2CCOCC2)n(C)c1=O,O=c1[nH]c(=O)c2c(ncn2CN2CCOCC2)[nH]1,177.0
CCCCOC(=O)CCC(=O)O,,8.6
CC1CCSCC1,C1CCSCC1,-28.0
CC(c1ccccc1)(c1ccccc1)c1ccccc1,c1ccc(C(c2ccccc2)c2ccccc2)cc1,95.0
CCCS(=O)(=O)O,,7.5
C1OCC2(CO1)COCOC2,C1OCC2(CO1)COCOC2,48.3
FC1(F)C(F)(F)C(F)(F)C2(F)C(F)(C1(F)F)C(F)(F)C(F)(F)C1(F)C(F)(F)C(F)(F)C(F)(F)C(F)(F)C12F,C1CCC2C(C1)CCC1CCCCC12,-20.0
FC(F)(F)C1(F)C(F)(F)C(F)(F)C(F)(F)C(F)(C(F)(F)F)C1(F)F,C1CCCCC1,-70.0
FC(F)(F)C(F)(Cl)C(Cl)(Cl)C(F)(F)F,,4.0
FC(F)(F)C(F)(Cl)C(F)(Cl)C(F)(F)F,,-68.0
FC(F)(F)C(F)(F)N(C(F)(F)C(F)(F)F)C(F)(F)C(F)(F)F,,-110.0
FC(Cl)CCl,,-60.0
FC(F)C(F)C(F)(F)F,,-156.1
CC1=C(O)C(=O)C(C(C)C)CC1,O=C1C=CCCC1,83.0
OC1CC2CCC1C2,C1CC2CCC1C2,124.0
OC1C2COC(O2)C(O)C1O,C1CC2COC(C1)O2,183.0
CC1(C)C2CC3C(C2)C31C,C1C2CC3C1C3C2,67.5
CN1C2CCC1CC(=O)C2,O=C1CC2CCC(C1)N2,43.0
CCCCCCCCCCCCCC(O)CC,,50.0
FC(Cl)Br,,-115.0
CC(=O)OCC1OC(OC(C)=O)C(OC(C)=O)C(OC(C)=O)C1OC(C)=O,C1CCOCC1,113.3
CC(C)=NN=C(C)C,,-12.5
CCOC(=O)C(C(=O)OCC)C(C(=O)OCC)C(=O)OCC,,77.0
ClC(Br)C(Cl)Br,,-26.0
CCCCC(CC)C(=O)Cl,,67.5
CC(O)C1CC1,C1CC1,-32.1
CC1(C)CCCC(O)C1,C1CCCCC1,11.5
CC1CCS(=O)(=O)C1,O=S1(=O)CCCC1,1.0
SCCCCS,,-53.9
O=S(=O)(O)c1ccc(-c2ccc(S(=O)(=O)O)cc2)cc1,c1ccc(-c2ccccc2)cc1,72.5
c1cc2c(c3c1CCCC3)CCCC2,c1cc2c(c3c1CCCC3)CCCC2,16.7
COc1cc([N+](=O)[O-])cc([N+](=O)[O-])c1,c1ccccc1,105.3
Brc1ccc2ncccc2c1,c1ccc2ncccc2c1,24.0
CCC(C)(CC(=O)O)CC(=O)O,,87.0
Nc1cc(Cl)c(Cl)cc1N,c1ccccc1,160.5
NN=C(c1ccccc1)c1ccccc1,N=C(c1ccccc1)c1ccccc1,96.5
Cc1cc(Cl)ccc1[N+](=O)[O-],c1ccccc1,25.5
CCSCCSCC,,180.0
CCCCCCCCCCCCCCCCC#N,,34.0
CC(C)S(=O)(=O)O,,-37.0
Cc1ccccc1NCc1ccccc1,c1ccc(CNc2ccccc2)cc1,60.0
Cc1ccc(NCc2ccccc2)cc1,c1ccc(CNc2ccccc2)cc1,19.5
COc1ccc(CCCO)cc1,c1ccccc1,26.0
COc1ccc([N+](=O)[O-])cn1,c1ccncc1,108.5
Clc1ccc2nccnc2c1,c1ccc2nccnc2c1,64.0
CCCCCCCOC(=O)CCCC,,-46.4
CCCCCCCCOC(=O)CCCC,,-42.3
O=[N+]([O-])c1ccc(C2CCCCC2)cc1,c1ccc(C2CCCCC2)cc1,58.5
Cc1c(C)c([N+](=O)[O-])c(C)c(C)c1[N+](=O)[O-],c1ccccc1,211.5
CC(C)(O)Cc1ccc(Cl)cc1,c1ccccc1,34.0
CCOC(=O)N1CCN(C(=O)OCC)CC1,C1CNCCN1,47.0
c1ccc2cc(SSc3ccc4ccccc4c3)ccc2c1,c1ccc2cc(SSc3ccc4ccccc4c3)ccc2c1,139.5
C1CCCCNCCC1,C1CCCCNCCC1,-19.0
O=C(O)CNC(CO)(CO)CO,,187.0
Nc1ccc(Br)cc1C(=O)O,c1ccccc1,219.5
CC(=O)Nc1cccnc1,c1ccncc1,133.0
ClC(Cl)=CBr,,-88.5
CC(C)(C)SSSSC(C)(C)C,,2.3
CCCCCCC(=O)CCCCC,,10.0
O=[N+]([O-])CCc1ccccc1,c1ccccc1,-23.0
O=P(O)(O)CCP(=O)(O)O,,218.0
COc1cccc(-c2cccc(OC)c2)c1,c1ccc(-c2ccccc2)cc1,36.0
FC(F)C(F)(F)OCC(Cn1cncn1)c1ccc(Cl)cc1Cl,c1ccc(CCn2cncn2)cc1,6.0
CCCCCCCCCCCCCCCCCCCO,,63.3
Oc1ccccc1C1CCCC1,c1ccc(C2CCCC2)cc1,34.5
CCOC(=O)C(C(=O)OCC)=C(C(=O)OCC)C(=O)OCC,,58.0
CCCCCC(=O)CC(C)=O,,-18.0
CC(C)(Cl)CCC(C)(C)Cl,,67.5
CCCCC(=O)N(C)C,,-51.0
CN1CSCSC1,C1NCSCS1,65.0
CCCCCCCC(=O)NN,,88.0
CCC(=O)c1ccc2ccccc2c1,c1ccc2ccccc2c1,60.0
CCCCCCCCCCCCCCCCCC(=O)OCCCCC,,30.0
Nc1c(Cl)cccc1C(=O)O,c1ccccc1,190.0
Nc1c(Oc2ccccc2)c(Oc2ccccc2)c(N)c2c1C(=O)c1ccccc1C2=O,O=C1c2ccccc2C(=O)c2cc(Oc3ccccc3)c(Oc3ccccc3)cc21,195.0
Cc1cc2c(cc1C)C(=O)c1ccccc1C2=O,O=C1c2ccccc2C(=O)c2ccccc21,210.8
CCNc1nc(Cl)nc(NCC(=O)OCC)n1,c1ncncn1,228.0
Oc1ccc(Br)c(O)c1,c1ccccc1,103.0
CCCc1cccc(CCC)c1O,c1ccccc1,27.0
O=C1C=C(Nc2ccccc2)C(=O)c2ccccc21,O=C1C=C(Nc2ccccc2)C(=O)c2ccccc21,193.0
CC(C)(C)Oc1ccccc1,c1ccccc1,-24.0
CCCCCCCCCCCCCCCC(=O)c1ccccc1,c1ccccc1,59.0
C=C(C)CCC=C(C)C,,-70.0
CCCCc1cc(C)ccc1O,c1ccccc1,19.0
O=C(CCl)OCCOC(=O)CCl,,45.5
Cc1ccc(C(=O)O)c([N+](=O)[O-])c1O,c1ccccc1,186.0
O=C1c2ccccc2-c2ccc(O)cc21,O=C1c2ccccc2-c2ccccc21,205.0
NC(=O)Nc1cccc2ccccc12,c1ccc2ccccc2c1,219.5
CCOC(=O)c1ccc2c(c1)OCO2,c1ccc2c(c1)OCO2,18.5
CCCCCCCOC(=O)CCCCC,,-34.4
Cc1cc(Br)ccc1[N+](=O)[O-],c1ccccc1,78.0
O=S(=O)(CCl)c1ccccc1,c1ccccc1,54.0
CCCCCCCCCCCN,,17.0
N#CCN(CC#N)CC#N,,126.0
CP(=O)(Oc1ccccc1)Oc1ccccc1,O=[PH](Oc1ccccc1)Oc1ccccc1,35.0
C=C(c1ccc(C(=O)O)cc1)c1cc2c(cc1C)C(C)(C)CCC2(C)C,C=C(c1ccccc1)c1ccc2c(c1)CCCC2,230.5
Cc1ccc(O)c2ccccc12,c1ccc2ccccc2c1,85.8
Cc1cccc([N+](=O)[O-])c1O,c1ccccc1,70.0
NC(=O)Nc1ccc2ccccc2c1,c1ccc2ccccc2c1,219.0
CC(C)(CO)Cc1ccccc1,c1ccccc1,34.5
Cn1c(=O)c2c(ncn2CCOC(=O)c2cccnc2)n(C)c1=O,O=C(OCCn1cnc2[nH]c(=O)[nH]c(=O)c21)c1cccnc1,151.5
Cc1ccc(Cl)c(O)c1Cl,c1ccccc1,28.0
CC(C)(CCl)C(=O)O,,41.5
CC(C)(C)C(=O)CCl,,-13.0
S=C(SN1CCOCC1)N1CCOCC1,S=C(SN1CCOCC1)N1CCOCC1,139.0
CC(=O)OCC(=O)O,,67.5
CC(C)=CC1C(C(=O)OCN2C(=O)C3=C(CCCC3)C2=O)C1(C)C,O=C(OCN1C(=O)C2=C(CCCC2)C1=O)C1CC1,69.0
CS(=O)(=O)c1cc(C(F)(F)F)ccc1C(=O)c1cnoc1C1CC1,O=C(c1ccccc1)c1cnoc1C1CC1,140.0
CCC(=O)Nc1nc(C)c(Cl)s1,c1cscn1,159.0
C=CCc1cc(Cl)ccc1O,c1ccccc1,48.0
Cc1ccc(C(=O)N(C)C)cc1,c1ccccc1,41.0
c1ccc2c(c1)OCCOCCOCCOc1ccccc1OCCOCCOCCO2,c1ccc2c(c1)OCCOCCOCCOc1ccccc1OCCOCCOCCO2,104.0
CCCCCCCC(=O)CCC,,4.5
CCCCCCCCCCCCCCCCCc1ccccc1,c1ccccc1,32.0
COc1ccc([N+](=O)[O-])c(N)c1,c1ccccc1,131.0
O=C(O)CCOc1cccc2ccccc12,c1ccc2ccccc2c1,146.5
BrCCCCCCCCCCCBr,,166.0
COc1cccc(OC)c1C#N,c1ccccc1,119.0
O=C1OC(=O)C2CCCCC12,O=C1OC(=O)C2CCCCC12,32.0
OC1C2CCC(C2)C1O,C1CC2CCC1C2,139.0
O=C1CCCCCC1c1ccccc1,O=C1CCCCCC1c1ccccc1,22.2
COc1cc(CC(C)N)c(OC)cc1C,c1ccccc1,60.75
CC1(C)CC(O)CC(C)(CN)C1,C1CCCCC1,45.5
CC(C)(O)CC(C)(O)c1ccc(Cl)cc1,c1ccccc1,76.5
CC(C)=C1CCC2=CC(=O)CC(C)C2(C)C1,C=C1CCC2=CC(=O)CCC2C1,51.5
OCC(O)C1OC2OC(C(Cl)(Cl)Cl)OC2C1O,C1CC2OCOC2O1,183.0
O=C(O)C1CCCO1,C1CCOC1,21.0
CC(C)(C)C(O)(CCc1ccc(Cl)cc1)Cn1cncn1,c1ccc(CCCCn2cncn2)cc1,102.4
CC(C)=NOCCOC(=O)C(C)Oc1ccc(Oc2cnc3cc(Cl)ccc3n2)cc1,c1ccc(Oc2cnc3ccccc3n2)cc1,66.3
CC(C1CC1)C(O)(Cn1cncn1)c1ccc(Cl)cc1,c1ccc(C(CC2CC2)Cn2cncn2)cc1,106.65
O=C(O)C1CC1C(=O)Nc1ccc(Cl)cc1Cl,O=C(Nc1ccccc1)C1CC1,195.5
CC(Oc1ccc(Oc2nc3ccc(Cl)cc3o2)cc1)C(=O)O,c1ccc(Oc2nc3ccccc3o2)cc1,158.0
COCc1cnc(C2=NC(C)(C(C)C)C(=O)N2)c(C(=O)O)c1,O=C1CN=C(c2ccccn2)N1,166.0
CC1COC(Cn2cncn2)(c2ccc(Oc3ccc(Cl)cc3)cc2Cl)O1,c1ccc(Oc2ccc(C3(Cn4cncn4)OCCO3)cc2)cc1,76.0
CC(Oc1ccc(Oc2cnc3cc(Cl)ccc3n2)cc1)C(=O)OCC1CCCO1,O=C(COc1ccc(Oc2cnc3ccccc3n2)cc1)OCC1CCCO1,64.0
CC1(C)OC(c2ccco2)CN1C(=O)C(Cl)Cl,c1coc(C2CNCO2)c1,97.0
CCCCOC(=O)C(C)Oc1ccc(Oc2ccc(C#N)cc2F)cc1,c1ccc(Oc2ccccc2)cc1,49.5
CC1(C)CCC(Cc2ccc(Cl)cc2)C1(O)Cn1cncn1,c1ccc(CC2CCCC2Cn2cncn2)cc1,111.5
CC(C)C1CCC(Cc2ccc(Cl)cc2)C1(O)Cn1cncn1,c1ccc(CC2CCCC2Cn2cncn2)cc1,89.0
CCOC(=O)C(Cl)Cc1cc(-n2nc(C)n(C(F)F)c2=O)c(F)cc1Cl,O=c1[nH]cnn1-c1ccccc1,-22.1
CC(C)(O)C(=O)c1ccc(OCCO)cc1,c1ccccc1,89.0
O=[N+]([O-])c1ccc(NS(=O)(=O)c2ccc(Cl)c(C(F)(F)F)c2)c(Cl)c1,O=S(=O)(Nc1ccccc1)c1ccccc1,170.0
CC#Cc1cc(C)nc(Nc2ccccc2)n1,c1ccc(Nc2ncccn2)cc1,132.8
CCOC(=O)CSc1nc(C(C)(C)C)nn1C(=O)N(C)C,c1nc[nH]n1,53.0
CC(C)(C)N(NC(=O)c1ccccc1)C(=O)c1ccccc1,O=C(NNC(=O)c1ccccc1)c1ccccc1,178.5
CC1(C)C(C=C(Cl)Cl)C1C(=O)OCc1c(F)c(F)cc(F)c1F,O=C(OCc1ccccc1)C1CC1,32.0
NC(=O)c1nc(-c2ccccc2)n(-c2ccc(Cl)c(COCC(F)(F)C(F)(F)F)c2)n1,c1ccc(-c2ncnn2-c2ccccc2)cc1,146.0
CCc1nn(C)c(C(=O)NCc2ccc(C(C)(C)C)cc2)c1Cl,O=C(NCc1ccccc1)c1ccn[nH]1,61.5
COc1cc(OC)nc(NC(=O)NS(=O)(=O)c2c(-c3nnn(C)n3)cnn2C)n1,O=C(Nc1ncccn1)NS(=O)(=O)c1[nH]ncc1-c1nn[nH]n1,170.0
CC(C)(C)c1ccc(CCOc2ncnc3ccccc23)cc1,c1ccc(CCOc2ncnc3ccccc23)cc1,78.5
Cc1cc(C2CC2)nc(Nc2ccccc2)n1,c1ccc(Nc2nccc(C3CC3)n2)cc1,75.9
Cc1nn(-c2cc(NS(C)(=O)=O)c(Cl)cc2Cl)c(=O)n1C(F)F,O=c1[nH]cnn1-c1ccccc1,122.0
Cc1nc(C(F)(F)F)c(C(=O)Nc2c(Br)cc(OC(F)(F)F)cc2Br)s1,O=C(Nc1ccccc1)c1cncs1,178.0
CSC(=O)c1cccc2nnsc12,c1ccc2snnc2c1,132.9
Cc1cccc(C(=O)O)c1S(=O)(=O)NC(=O)Nc1nc(OCC(F)(F)F)nc(N(C)C)n1,O=C(Nc1ncncn1)NS(=O)(=O)c1ccccc1,161.5
O=c1c2cc(F)ccc2nc(-n2cncn2)n1-c1ccc(Cl)cc1Cl,O=c1c2ccccc2nc(-n2cncn2)n1-c1ccccc1,192.0
O=[N+]([O-])N=C1NCCN1Cc1ccc(Cl)nc1,N=C1NCCN1Cc1cccnc1,144.0
COc1cc(OC)n2nc(S(=O)(=O)Nc3c(Cl)ccc(C)c3Cl)nc2n1,O=S(=O)(Nc1ccccc1)c1nc2ncccn2n1,211.0
CC(C)N(C(=O)COc1nnc(C(F)(F)F)s1)c1ccc(F)cc1,O=C(COc1nncs1)Nc1ccccc1,76.0
COC(=O)C1(S(=O)(=O)c2ccc(C)cc2)CC1,O=S(=O)(c1ccccc1)C1CC1,97.2
CCOC(=O)C1(S(=O)(=O)c2ccc(C)cc2)CC1,O=S(=O)(c1ccccc1)C1CC1,75.5
Cc1ccc(S(=O)(=O)C2(C(=O)OC(C)C)CC2)cc1,O=S(=O)(c1ccccc1)C1CC1,65.5
COC(=O)C1(S(=O)(=O)c2ccc(Cl)cc2)CC1,O=S(=O)(c1ccccc1)C1CC1,115.5
CC(C)OC(=O)C1(S(=O)(=O)c2ccc(Cl)cc2)CC1,O=S(=O)(c1ccccc1)C1CC1,89.8
CC(C)(C)OC(=O)C1(S(=O)(=O)c2ccc(Cl)cc2)CC1,O=S(=O)(c1ccccc1)C1CC1,110.5
COC(=O)C1(S(=O)(=O)c2ccc(Br)cc2)CC1,O=S(=O)(c1ccccc1)C1CC1,123.5
COC(=O)C1(S(=O)(=O)c2ccc([N+](=O)[O-])cc2)CC1,O=S(=O)(c1ccccc1)C1CC1,127.0
CC(C)OC(=O)C1(S(=O)(=O)c2ccc([N+](=O)[O-])cc2)CC1,O=S(=O)(c1ccccc1)C1CC1,122.7
CCOc1nc(F)cc2nc(S(=O)(=O)Nc3c(Cl)cccc3C(=O)OC)nn12,O=S(=O)(Nc1ccccc1)c1nc2ccncn2n1,217.0
CC(C)OC(=O)C1(S(=O)(=O)c2ccc([N+](=O)[O-])cc2)CCC1,O=S(=O)(c1ccccc1)C1CCC1,65.5
CC(C)OC(=O)C1(S(=O)(=O)c2ccc([N+](=O)[O-])cc2)CCCCC1,O=S(=O)(c1ccccc1)C1CCCCC1,110.5
CC(C)OC(=O)C1(S(=O)(=O)c2ccc([N+](=O)[O-])cc2)CCCCCC1,O=S(=O)(c1ccccc1)C1CCCCCC1,83.5
COC(=O)C1(S(=O)(=O)c2ccc(Br)cc2)CCC1,O=S(=O)(c1ccccc1)C1CCC1,95.0
COC(=O)C1(S(=O)(=O)c2ccc(Br)cc2)CCCCC1,O=S(=O)(c1ccccc1)C1CCCCC1,111.5
COC(=O)C1(S(=O)(=O)c2ccc(Cl)cc2)CCC1,O=S(=O)(c1ccccc1)C1CCC1,76.2
CC(C)OC(=O)C1(S(=O)(=O)c2ccc(Cl)cc2)CCCC1,O=S(=O)(c1ccccc1)C1CCCC1,92.5
COC(=O)C1(S(=O)(=O)c2ccccc2)CCCC1,O=S(=O)(c1ccccc1)C1CCCC1,56.5
O=[N+]([O-])OCC(O[N+](=O)[O-])C(O[N+](=O)[O-])C(O[N+](=O)[O-])C(CO[N+](=O)[O-])O[N+](=O)[O-],,107.0
CC(C)C(C)CCC(C)C1CCC2C3=CCC4CC(O)CCC4(C)C3CCC21C,C1=C2C3CCCC3CCC2C2CCCCC2C1,146.0
CC(=O)C1CCc2ccccc2C1=O,O=C1CCCc2ccccc21,56.0
CCC(C#N)CC#N,,-41.0
CC1=CC(=O)CC(C)C12CCC(=C(C)C)C2,C=C1CCC2(C=CC(=O)CC2)C1,44.5
CC12CCC(C(C(=O)O)C1=O)C2(C)C,O=C1CC2CCC1C2,127.5
CCC(CCC(C)C1CCC2C3CC=C4CC(O)CCC4(C)C3CCC12C)C(C)C,C1=C2CCCCC2C2CCC3CCCC3C2C1,140.0
Cc1cc(C)cc(-c2ccccc2)c1,c1ccc(-c2ccccc2)cc1,22.5
CN(C)C(CSS(=O)(=O)c1ccccc1)CSS(=O)(=O)c1ccccc1,O=S(=O)(SCCCSS(=O)(=O)c1ccccc1)c1ccccc1,83.5
Cc1cc(C(C)(C)C)c(C)cc1O,c1ccccc1,71.2
Cc1c(Cl)ccc(O)c1Cl,c1ccccc1,58.0
CCCCCCCCCCCCCCCC(=O)CC,,51.0
CC(C)(C)c1ccc2cc3ccccc3cc2c1,c1ccc2cc3ccccc3cc2c1,147.0
CCCc1ccc(O)cc1O,c1ccccc1,82.5
OCC(CO)(CO)CBr,,76.0
OCCCCCCCCCCCCCCO,,85.8
Cc1ccccc1CCO,c1ccccc1,2.0
CCCCCCOC(=O)CC,,-57.5
Ic1cccc(-c2ccccc2)c1,c1ccc(-c2ccccc2)cc1,26.5
ClCc1ccc2c(c1)OCO2,c1ccc2c(c1)OCO2,20.5
CCCCCCCCC(O)C(O)CCCCCCCC(=O)O,,90.0
CCNC(C)CC,,-104.3
COc1cc2c(cc1O)C(Cc1ccc(OC)c(OC)c1)N(C)CC2,c1ccc(CC2NCCc3ccccc32)cc1,127.0
CC(=O)c1cc2c(cc1C)C(C)(C)C(C)CC2(C)C,c1ccc2c(c1)CCCC2,54.5
OCC1OC1c1ccccc1,c1ccc(C2CO2)cc1,26.5
CCCCCCCCCCCCCCCCCCCC1CCCCC1,C1CCCCC1,45.0
CC(=O)Oc1ccc(C)c(C)c1,c1ccccc1,22.0
COC(=O)c1cc(C)ccc1O,c1ccccc1,-1.0
CS(=O)(=O)N(SC(Cl)(Cl)C(F)(Cl)Cl)c1ccccc1,c1ccccc1,69.0
CCCCCS(=O)(=O)O,,15.9
COC(=O)Cn1ccnc1[N+](=O)[O-],c1c[nH]cn1,96.0
CC(C)(C)c1cccc([N+](=O)[O-])c1,c1ccccc1,2.0
CCC(CO)(CO)COCC(CC)(CO)CO,,109.5
O=C(O)c1cnc(O)nc1O,c1cncnc1,283.0
Cc1occc1C(=O)Nc1ccccc1,O=C(Nc1ccccc1)c1ccoc1,109.5
CCCCCC(O)CC(=O)CCc1ccc(OC)c(O)c1,c1ccccc1,31.0
CC(=O)OCC(=O)C1CCC2C3CCC4CC(O)CCC4(C)C3C(=O)CC12C,O=C1CC2CCCC2C2CCC3CCCCC3C12,176.0
CC1=CCC(C(C)(C)O)CC1O,C1=CCCCC1,130.0
CC1COCc2cc3c(cc21)C(C)(C)C(C)C3(C)C,c1c2c(cc3c1CCOC3)CCC2,-5.0
CC1CCC(C)C(C)C1,C1CCCCC1,-83.5
COC1CCC=CO1,C1=COCCC1,16.0
NC(=O)C1CO1,C1CO1,33.0
C=CCOC1=NS(=O)(=O)c2ccccc21,O=S1(=O)N=Cc2ccccc21,138.5
CCS(=O)(=O)c1nnc(N(C)C(=O)NC)s1,c1nncs1,156.0
FC(F)(F)c1cccc(C(c2ccccc2)(c2ccccc2)n2cncn2)c1,c1ccc(C(c2ccccc2)(c2ccccc2)n2cncn2)cc1,132.0
CC(C)(O)CCCC1=CCC(C=O)CC1,C1=CCCCC1,-30.0
CN(C)C(=O)Nc1ccc(-n2nc(C(C)(C)C)oc2=O)c(Cl)c1,O=c1ocnn1-c1ccccc1,193.0
Cc1cc(C)nc(Nc2ccccc2)n1,c1ccc(Nc2ncccn2)cc1,96.3
Clc1cc2c(Cl)cccc2c(Cl)c1Cl,c1ccc2ccccc2c1,141.0
Clc1cc(Cl)c2cc(Cl)cc(Cl)c2c1,c1ccc2ccccc2c1,180.0
CC(C)(C)C(O)C(Oc1ccc(-c2ccccc2)cc1)n1cncn1,c1ccc(-c2ccc(OCn3cncn3)cc2)cc1,127.0
Clc1cc(Cl)c(-c2c(Cl)cccc2Cl)c(Cl)c1,c1ccc(-c2ccccc2)cc1,85.0
COP(=S)(OC)Oc1c(Cl)cc(C)cc1Cl,c1ccccc1,79.0
O=C1CCc2cccc3c2N1CC3,O=C1CCc2cccc3c2N1CC3,112.0
CCC1COC(Cn2cncn2)(c2ccc(Cl)cc2Cl)O1,c1ccc(C2(Cn3cncn3)OCCO2)cc1,84.0
O=C1C(Cl)C(CCl)CN1c1cccc(C(F)(F)F)c1,O=C1CCCN1c1ccccc1,67.65
CC(C)(SC(=O)N1CCCCC1)c1ccccc1,O=C(SCc1ccccc1)N1CCCCC1,39.0
OC(c1ccc(F)cc1)(c1cncnc1)c1ccccc1Cl,c1ccc(C(c2ccccc2)c2cncnc2)cc1,126.0
COP(=S)(OC)SCC(=O)N(c1ccc(Cl)cc1)C(C)C,c1ccccc1,51.0
CCSc1nnc(C(C)(C)C)c(=O)n1N,O=c1cnnc[nH]1,95.0
O=C(Nc1ccccc1)N(Cc1ccc(Cl)cc1)C1CCCC1,O=C(Nc1ccccc1)N(Cc1ccccc1)C1CCCC1,130.0
CCCC(Cn1cncn1)c1ccc(Cl)cc1Cl,c1ccc(CCn2cncn2)cc1,58.5
CCCOCC(=Nc1ccc(Cl)cc1C(F)(F)F)n1ccnc1,C(=Nc1ccccc1)n1ccnc1,63.5
O=C(OCc1ccccc1)c1sc(Cl)nc1C(F)(F)F,O=C(OCc1ccccc1)c1cncs1,52.0
CN(C(=O)COc1nc2ccccc2s1)c1ccccc1,O=C(COc1nc2ccccc2s1)Nc1ccccc1,134.8
O=[N+]([O-])c1cc(C(F)(F)F)c(Cl)c([N+](=O)[O-])c1Nc1ncc(C(F)(F)F)cc1Cl,c1ccc(Nc2ccccn2)cc1,116.0
O=C(NC(=O)c1c(F)cccc1F)Nc1cc(Cl)c(F)c(Cl)c1F,O=C(NC(=O)c1ccccc1)Nc1ccccc1,222.5
O=C(Nc1ccc(F)cc1F)c1cccnc1Oc1cccc(C(F)(F)F)c1,O=C(Nc1ccccc1)c1cccnc1Oc1ccccc1,160.0
O=C(O)c1c(Cl)ccc2cc(Cl)cnc12,c1ccc2ncccc2c1,274.0
O=C(NC(=O)c1c(F)cccc1F)Nc1cc(Cl)c(OC(F)(F)C(F)F)c(Cl)c1,O=C(NC(=O)c1ccccc1)Nc1ccccc1,203.5
CCOc1ccc(NC(=O)OC(C)C)cc1OCC,c1ccccc1,100.3
CCOCCOC(=O)C(C)Oc1ccc(Oc2ncc(C(F)(F)F)cc2Cl)cc1,c1ccc(Oc2ccccn2)cc1,60.0
Cc1cnc2c(C(=O)O)c(Cl)ccc2c1,c1ccc2ncccc2c1,244.0
CCOC(=O)c1cnn(C)c1S(=O)(=O)NC(=O)Nc1nc(OC)cc(OC)n1,O=C(Nc1ncccn1)NS(=O)(=O)c1ccn[nH]1,181.5
CC(COc1ccc(Oc2ccccc2)cc1)Oc1ccccn1,c1ccc(Oc2ccc(OCCOc3ccccn3)cc2)cc1,46.0
CC(C)(C)c1ccc(CSc2cnn(C(C)(C)C)c(=O)c2Cl)cc1,O=c1cc(SCc2ccccc2)cn[nH]1,111.5
CCOc1nc(NC)nc(NC(=O)NS(=O)(=O)c2ccccc2C(=O)OC)n1,O=C(Nc1ncncn1)NS(=O)(=O)c1ccccc1,194.0
CSC(=O)c1c(C(F)F)nc(C(F)(F)F)c(C(=O)SC)c1CC(C)C,c1ccncc1,65.0
CS(=O)(=O)c1ccc(C(=O)C2C(=O)CCCC2=O)c(Cl)c1,O=C1CCCC(=O)C1C(=O)c1ccccc1,139.0
CCc1ccc(C(=O)NN(C(=O)c2cc(C)cc(C)c2)C(C)(C)C)cc1,O=C(NNC(=O)c1ccccc1)c1ccccc1,191.0
COC(=O)c1c(C(F)F)nc(C(F)(F)F)c(C2=NCCS2)c1CC(C)C,c1cncc(C2=NCCS2)c1,78.0
COc1cc(OC)nc(NC(=O)NS(=O)(=O)N(C)S(C)(=O)=O)n1,c1cncnc1,161.5
CCOCn1c(-c2ccc(Cl)cc2)c(C#N)c(Br)c1C(F)(F)F,c1ccc(-c2ccc[nH]2)cc1,100.5
CCS(=O)(=O)c1cccnc1S(=O)(=O)NC(=O)Nc1nc(OC)cc(OC)n1,O=C(Nc1ncccn1)NS(=O)(=O)c1ccccn1,177.0
COc1cc(OC)nc(Sc2cccc(Cl)c2C(=O)O)n1,c1ccc(Sc2ncccn2)cc1,149.5
CCC(=O)OC(C(C)C(=O)O)C(C)C1OC2(CCC(C)(C3CCC(C)(C4OC(C5OC(O)(CO)C(C)CC5C)CC4C)O3)O2)CC(O)C1C,C1CCC(C2CCC(C3CCC(C4CCC5(CCCCO5)O4)O3)O2)OC1,152.0
OCCCCCCCCl,,11.0
CC12CCC(CC1)C2(C)C,C1CC2CCC1C2,158.5
OCC(O)CI,,48.5
CN1C(=O)c2ccc([N+](=O)[O-])cc2C1=O,O=C1NC(=O)c2ccccc21,96.0
CN(C(=O)NC(C)(C)c1ccccc1)c1ccccc1,O=C(NCc1ccccc1)Nc1ccccc1,72.0
Cc1nn(C)c(OCC(=O)c2ccccc2)c1C(=O)c1ccc(Cl)cc1Cl,O=C(COc1[nH]ncc1C(=O)c1ccccc1)c1ccccc1,111.5
Nc1c([N+](=O)[O-])ccc(Oc2ccccc2)c1Cl,c1ccc(Oc2ccccc2)cc1,81.5
O=C(Nc1ccc(Cl)cc1C(O)c1ccccc1)c1ccncc1,O=C(Nc1ccccc1Cc1ccccc1)c1ccncc1,211.0
COCCOc1ccccc1S(=O)(=O)NC(=O)Nc1nc(OC)nc(OC)n1,O=C(Nc1ncncn1)NS(=O)(=O)c1ccccc1,130.0
CCOC(=O)C1CC(=O)C(=C(O)C2CC2)C(=O)C1,O=C1CCCC(=O)C1=CC1CC1,36.0
C#CCN1C(=O)COc2cc(F)c(N3C(=O)C4=C(CCCC4)C3=O)cc21,O=C1COc2ccc(N3C(=O)C4=C(CCCC4)C3=O)cc2N1,202.5
O=C(Nc1ccccc1)n1cc(F)c(=O)[nH]c1=O,O=C(Nc1ccccc1)n1ccc(=O)[nH]c1=O,223.0
CNC(=O)n1cc(F)c(=O)[nH]c1=O,O=c1cc[nH]c(=O)[nH]1,226.5
Oc1c(Cl)c(O)c(Cl)c(O)c1Cl,c1ccccc1,136.0
CC(O)COC(C)(C)C,,-56.0
COc1ccc(CC2c3cc(OC)c(OC)cc3CCN2C)cc1O,c1ccc(CC2NCCc3ccccc32)cc1,167.0
CN(C)c1ccc(C(O)c2ccc(N(C)C)cc2)cc1,c1ccc(Cc2ccccc2)cc1,101.0
c1ccc2c(c1)C1c3ccccc3C2c2ccccc21,c1ccc2c(c1)C1c3ccccc3C2c2ccccc21,253.5
CCC(C)C1C=C(C(O)CC(O)C(O)C(=O)O)C(C(C)CC)C1,C1=CCCC1,196.0
c1ccc2c(c1)CC1OC21,c1ccc2c(c1)CC1OC21,24.5
CCN(CC)CCC1C(=O)NC(=O)CC1c1ccccc1,O=C1CC(c2ccccc2)CC(=O)N1,126.0
CC1(c2ccccc2)CCOCO1,c1ccc(C2CCOCO2)cc1,37.5
Cc1cc(O)c(C(C)(C)C)cc1C(C)CC(c1cc(C(C)(C)C)c(O)cc1C)c1cc(C(C)(C)C)c(O)cc1C,c1ccc(CCC(c2ccccc2)c2ccccc2)cc1,186.5
C1CCC2NCCCC2C1,C1CCC2NCCCC2C1,-40.0
CCCC(O)CO,,104.0
CC1CC(C)(C)CC(OOC(C)(C)C)(OOC(C)(C)C)C1,C1CCCCC1,-30.0
CCC(C)(C#N)/N=N/C(C)(C#N)CC,,50.0
NC(=O)c1ccccc1OCC(=O)O,c1ccccc1,221.0
c1ccc2c(c1)CCc1ccccc1N2C1CN2CCC1CC2,c1ccc2c(c1)CCc1ccccc1N2C1CN2CCC1CC2,150.0
O=C(O)CCC(=O)c1ccc(C2CCCCC2)c(Cl)c1,c1ccc(C2CCCCC2)cc1,163.0
N#Cc1cnc2ccccc2c1,c1ccc2ncccc2c1,109.0
O=C1C(Cl)=C(Cl)C(=O)N1c1ccc(F)cc1,O=C1C=CC(=O)N1c1ccccc1,241.0
NC(=O)C1(N2C(=O)c3cccc(Cl)c3C2=O)CCCCC1,O=C1c2ccccc2C(=O)N1C1CCCCC1,194.0
Cc1c(Cl)cc(-c2ccc(=O)[nH]n2)cc1Cl,O=c1ccc(-c2ccccc2)n[nH]1,251.5
CNC(=O)Sc1ccc(OS(C)(=O)=O)cc1,c1ccccc1,137.0
O=C(Nc1ccccc1)Nc1ccnc(Cl)c1,O=C(Nc1ccccc1)Nc1ccncc1,167.0
CC1(C)CC(NCCCCCCNC2CC(C)(C)NC(C)(C)C2)CC(C)(C)N1,C(CCCNC1CCNCC1)CCNC1CCNCC1,64.0
[O-][n+]1nc(-n2ccnc2)nc2ccc(Cl)cc21,c1ccc2[nH+]nc(-n3ccnc3)nc2c1,182.0
Cc1c(Cl)ccc(OC(C)C(=O)Nc2ccccc2)c1Cl,O=C(COc1ccccc1)Nc1ccccc1,146.5
Clc1ccc(CSC(Cn2cncn2)=Nc2ccc(Cl)cc2Cl)cc1,c1ccc(CSC(Cn2cncn2)=Nc2ccccc2)cc1,90.0
COc1cccc(N(C)C(=S)Oc2cccc(C(C)(C)C)c2)n1,S=C(Nc1ccccn1)Oc1ccccc1,86.0
COC(=O)C1(S(=O)(=O)c2ccccc2)CC1,O=S(=O)(c1ccccc1)C1CC1,74.5
CCCCCC(C)OC(=O)COc1ccc(Cl)c2cccnc12,c1ccc2ncccc2c1,69.4
COc1cc(OC)nc(NC(=O)NS(=O)(=O)c2ncccc2C(F)(F)F)n1,O=C(Nc1ncccn1)NS(=O)(=O)c1ccccn1,180.0
O=C(NC(=O)c1c(F)cccc1F)Nc1ccc(OC(F)(F)C(F)OC(F)(F)F)c(Cl)c1,O=C(NC(=O)c1ccccc1)Nc1ccccc1,177.5
COC(=O)CSc1cc(N=c2sc(=O)n3n2CCCC3)c(F)cc1Cl,O=c1sc(=Nc2ccccc2)n2n1CCCC2,106.0
COC(=O)C1(S(=O)(=O)c2ccc(Br)cc2)CCCC1,O=S(=O)(c1ccccc1)C1CCCC1,103.5
CCOC(=O)C1(S(=O)(=O)c2ccc(C)cc2)CCC1,O=S(=O)(c1ccccc1)C1CCC1,53.5
COC(=O)C1(S(=O)(=O)c2ccccc2)CCC1,O=S(=O)(c1ccccc1)C1CCC1,107.5
COC(=O)C1(S(=O)(=O)c2ccccc2)CCCCC1,O=S(=O)(c1ccccc1)C1CCCCC1,114.5
c1ccc(C2CCc3ccccc3O2)cc1,c1ccc(C2CCc3ccccc3O2)cc1,46.3
O=C(O)CCCCCC1NC(=O)CS1,O=C1CSCN1,139.5
OC(Cc1ccccc1)c1ccccc1,c1ccc(CCc2ccccc2)cc1,67.0
C=CC(=O)OC(C)CO,,-30.0
OCC1CCCCN1,C1CCNCC1,69.0
C=C(C)C1(O)C2OC(=O)C1C1(O)C3OC3C3(CO3)C1(C)C2O,O=C1OC2CC1C1C3OC3C3(CO3)C1C2,225.0
CC1CCC(C)C(C)C1C,C1CCCCC1,-75.0
O=C1C(Cl)=C(NC(=O)C(Cl)Cl)C(=O)c2ccccc21,O=C1C=CC(=O)c2ccccc21,212.5
CCCCCCCCCCCCCCCCCCCc1ccccc1,c1ccccc1,40.0
Cc1ccc(Br)cc1Br,c1ccccc1,-9.7
C#CCOc1cc(-n2nc(C(C)(C)C)oc2=O)c(Cl)cc1Cl,O=c1ocnn1-c1ccccc1,131.0
Oc1cc(O)cc(Cl)c1,c1ccccc1,118.0
CCN(C(=O)Oc1cccc(NC(=O)OC(C)C)c1)c1ccccc1,O=C(Nc1ccccc1)Oc1ccccc1,109.5
CC(=O)Oc1ccc(OC(C)=O)c(-c2ccccc2)c1,c1ccc(-c2ccccc2)cc1,68.0
Nc1ccc(Oc2ccc(C(c3ccc(Oc4ccc(N)cc4)cc3)(C(F)(F)F)C(F)(F)F)cc2)cc1,c1ccc(Oc2ccc(Cc3ccc(Oc4ccccc4)cc3)cc2)cc1,161.0
COC(=O)c1cc(C)ccc1C1=NC(C)(C(C)C)C(=O)N1,O=C1CN=C(c2ccccc2)N1,133.0
Cc1ccc(C(=O)COc2c(C(=O)c3ccc(Cl)c(C)c3Cl)c(C)nn2C)cc1,O=C(COc1[nH]ncc1C(=O)c1ccccc1)c1ccccc1,133.3
CCC(C)(N)C(=O)O,,316.5
CC12CCC(C(=O)OC1=O)C2(C)C,O=C1OC(=O)C2CCC1C2,221.0
C(=Nc1ccccc1)Nc1ccccc1,C(=Nc1ccccc1)Nc1ccccc1,142.0
CN(C)c1ccc2c(c1)Sc1cc(N(C)C)ccc1N2C(=O)c1ccccc1,O=C(c1ccccc1)N1c2ccccc2Sc2ccccc21,195.0
CC(=O)c1ccc(C)nc1,c1ccncc1,17.6
O=C(O)C(Br)C(Br)C(=O)O,,167.0
CCC(Br)C(C)Br,,-56.0
CC(C)(C)CC1(C)CO1,C1CO1,-64.0
CCC(C)(O)C(=O)O,,74.0
OC(c1ccccc1)C(O)c1ccccc1,c1ccc(CCc2ccccc2)cc1,122.5
CC1CCC2C(C)C(=O)OCC12,O=C1CC2CCCC2CO1,60.5
C=CCC1(C(C)C)C(=O)NC(=O)N(C)C1=O,O=C1CC(=O)NC(=O)N1,56.5
O=C(O)c1ccc(S)cc1,c1ccccc1,168.5
OC1CC2C=CC1C2,C1=CC2CCC1C2,105.0
CCCCOc1ccc(/N=N/c2ccc(N)nc2N)cn1,c1cncc(N=Nc2cccnc2)c1,129.0
O=C1CCC(c2ccccc2)C(=O)O1,O=C1CCC(c2ccccc2)C(=O)O1,95.0
CC(C)=C1OC(=O)C1(C)C,C=C1CC(=O)O1,-18.0
Oc1ccc2cc(Cl)ccc2c1,c1ccc2ccccc2c1,116.5
COc1cccc2c(=O)c3c(n(C)c12)OC(C(C)C)C3,O=c1c2c([nH]c3ccccc13)OCC2,119.0
CCCCCCCCCCCCCC(C)O,,35.0
O=C1CCCCCCCCC1=O,O=C1CCCCCCCCC1=O,40.5
N#CCC(=O)c1ccc(N)cc1,c1ccccc1,158.7
O=C1C2CC(CN3CCCCC23)C2CCCCN12,O=C1C2CC(CN3CCCCC23)C2CCCCN12,111.0
CC(=O)NC(CC(=O)O)C(=O)O,,138.5
Cc1ccccc1Oc1ccccc1[N+](=O)[O-],c1ccc(Oc2ccccc2)cc1,39.5
COc1ccc(CCCCO)cc1,c1ccccc1,3.5
CC(=O)OC(OC(C)=O)c1cccc([N+](=O)[O-])c1,c1ccccc1,72.0
CC(=O)OC(C(=O)Cl)c1ccccc1,c1ccccc1,36.0
CCCCCCCCCCCCCCCCCC(=O)OCC1CCCO1,C1CCOC1,22.0
CC1CCC(C(C)C)C(OCC(=O)O)C1,C1CCCCC1,54.0
CCCCCCCCCCCCCCCCCC(=O)OC(C)CC,,28.9
CCCC(O)C(=O)O,,34.0
CCOc1ccc(NC(=O)C(C)O)cc1,c1ccccc1,118.0
CCOC(=O)C(Br)C(C)Br,,58.5
CCCCCCCCC(Br)C(=O)O,,4.0
C1CCC2C(C1)CCC1C3CCCCC3CCC21,C1CCC2C(C1)CCC1C3CCCCC3CCC21,115.0
Nc1ccc(C(=O)OCc2ccccc2)cc1,O=C(OCc1ccccc1)c1ccccc1,111.0
O=C1CCCC2CCCCC12,O=C1CCCC2CCCCC12,33.0
COc1ccc2c(c1OC)CN(C)CCc1cc3c(cc1C(=O)C2)OCO3,O=C1Cc2ccccc2CNCCc2cc3c(cc21)OCO3,160.5
C(=Nc1ccccc1)=Nc1ccccc1,C(=Nc1ccccc1)=Nc1ccccc1,169.0
COc1ccc(C)c(N)c1,c1ccccc1,47.0
CN1c2ccccc2C(C)(C)C12C=Cc1cc([N+](=O)[O-])ccc1O2,C1=CC2(Cc3ccccc3N2)Oc2ccccc21,179.5
CCCCC(O)C(=O)O,,61.0
CC(C)COC(=O)C(C)Oc1ccc(Oc2ccc(Cl)cc2)cc1,c1ccc(Oc2ccccc2)cc1,39.5
O=C(NC(Cc1ccccc1)C(=O)O)OCc1ccccc1,O=C(NCCc1ccccc1)OCc1ccccc1,88.5
OC1CCC(O)C1,C1CCCC1,31.0
O=C1CCCCC1C1=CCCCC1,O=C1CCCCC1C1=CCCCC1,-78.0
CCC(CC)c1ccncc1,c1ccncc1,125.5
O=C(O)C1CCc2ccccc2C1,c1ccc2c(c1)CCCC2,97.7
Nc1cc(O)c(Cl)cc1Cl,c1ccccc1,95.5
COC(=O)c1ccccc1S(=O)(=O)NC(=O)Nc1nc(OC(F)F)cc(OC(F)F)n1,O=C(Nc1ncccn1)NS(=O)(=O)c1ccccc1,196.0
CCCC(CC)C1(CC)C(=O)NC(=O)NC1=O,O=C1CC(=O)NC(=O)N1,122.0
O=CC(O)C(O)CO,,129.0
CC(O)CNCCN,,-50.0
FC(F)(F)C1(F)C(F)(F)C(F)(F)C(F)(F)C(F)(F)C1(F)C(F)(F)F,C1CCCCC1,-56.0
CC(F)(Cl)CCl,,-91.7
CC1CC23CCCN4CCCC(C(=O)CC2)C43C1,O=C1CCC23CCCN4CCCC1C42CCC3,114.5
COc1ccc2c3c1OC1C(O)CC=C4C(C2)N(C)CCC431,C1=C2C3Cc4cccc5c4C2(CCN3)C(CC1)O5,127.5
c1ccc2c(c1)CC1c3ccccc3CCN1C2,c1ccc2c(c1)CC1c3ccccc3CCN1C2,85.0
CCC1CN2CCC1CC2C(O)c1ccnc2ccccc12,c1ccc2c(CC3CC4CCN3CC4)ccnc2c1,268.5
O=C(O)C(O)C(O)C(O)C(O)C(O)CO,,146.5
OC1CC(O)C(O)C(O)C1O,C1CCCCC1,236.0
CC1CCC2C1C1C(CCC2(C)O)C1(C)C,C1CC2CCCC2C2CC2C1,105.0
NC(O)C(Cl)(Cl)Cl,,73.0
CC12CCC(C(Cl)C1=O)C2(C)C,O=C1CC2CCC1C2,106.0
CCC1(N2CCCCC2)C(=O)NC(=O)NC1=O,O=C1NC(=O)C(N2CCCCC2)C(=O)N1,215.0
CC(CC(=O)O)C1CCC2C3CCC4CCCCC4(C)C3CCC12C,C1CCC2C(C1)CCC1C3CCCC3CCC21,177.0
N#CC(O)C(Cl)(Cl)Cl,,61.0
CCC(CCC(C)C1CCC2C3=CC=C4CC(O)CCC4(C)C3CCC21C)C(C)C,C1=C2CCCCC2C2CCC3CCCC3C2=C1,144.5
OCC(O)C(O)C(O)C(O)C(O)CO,,188.0
c1ccc(C2=NC(c3ccccc3)C(c3ccccc3)N2)cc1,c1ccc(C2=NC(c3ccccc3)C(c3ccccc3)N2)cc1,134.5
CCOC(C(=O)c1ccccc1)c1ccccc1,O=C(Cc1ccccc1)c1ccccc1,62.0
CCOc1ccc(/N=N/c2ccc(OCC)cc2)cc1,c1ccc(N=Nc2ccccc2)cc1,162.0
N#CC1CC2CCC1C2,C1CC2CCC1C2,44.0
FC(F)=C(Cl)C(F)(F)F,,-130.0
C=CC1CN2C(OC)CC1CC2C(O)c1ccnc2ccccc12,c1ccc2c(CC3CC4CCN3CC4)ccnc2c1,113.0
CCC(Cl)C(C)Cl,,-77.3
CCOC(=O)C(O)C(O)C(=O)O,,90.0
FC(F)C(F)(F)C(F)Cl,,85.0
CCC(C(=O)OC)c1ccccc1,c1ccccc1,77.5
OC(CCl)C(O)CCl,,126.5
CC1CC1C,C1CC1,-149.6
CCCCCCCCCC(Br)C(=O)O,,10.0
CCCCCC1C(=O)CCC1CC(=O)OC,O=C1CCCC1,-10.0
CCCCCCCCCCC(C)C(=O)O,,22.0
O=C(CO)C(O)C(O)C(O)C(O)CO,,151.0
CC1NC2CCCCCCCC(=O)OC3CCC(CCCCCCCC(=O)OC1CC2)NC3C,O=C1CCCCCCCC2CCC(CN2)OC(=O)CCCCCCCC2CCC(CN2)O1,121.0
CCC(C)C1C=C(C(O)CC(=O)CC(=O)O)C(C(C)CC)C1,C1=CCCC1,183.0
O=C1CC=NC=N1,O=C1CC=NC=N1,164.0
Cc1cc(Br)cc([N+](=O)[O-])c1,c1ccccc1,83.0
CC1(C)C(C=C(Cl)Cl)C1C(=O)OC(C#N)c1ccc(F)c(Oc2ccccc2)c1,O=C(OCc1cccc(Oc2ccccc2)c1)C1CC1,60.0
COc1cccc(C(=O)NN(C(=O)c2cc(C)cc(C)c2)C(C)(C)C)c1C,O=C(NNC(=O)c1ccccc1)c1ccccc1,204.5
CC(=O)OCC(C(OC(C)=O)c1ccccc1)[N+](=O)[O-],c1ccccc1,70.0
NC(=O)CC(O)C(=O)O,,147.5
OCC(Cc1ccccc1)c1ccccc1,c1ccc(CCc2ccccc2)cc1,51.0
Cc1c(NC(=O)C(C)N(C)C)c(=O)n(-c2ccccc2)n1C,O=c1cc[nH]n1-c1ccccc1,181.0
CC1CCCNC1=O,O=C1CCCCN1,55.3
c1ccc(C2CCCNC2)cc1,c1ccc(C2CCCNC2)cc1,14.5
C1CCC2NCCC2C1,C1CCC2NCCC2C1,143.0
CC(=O)N1CCCC(C)C1,C1CCNCC1,-13.6
CC1CC(C)(C)CC1=O,O=C1CCCC1,-25.6
OC1CCCCCCCCCCCCCC1,C1CCCCCCCCCCCCCC1,80.5
OC1CCCC1C1CCCC1,C1CCC(C2CCCC2)C1,20.0
OCC(O)COc1ccccc1Cl,c1ccccc1,71.5
CCC(C(=O)O)c1ccc(N2Cc3ccccc3C2=O)cc1,O=C1c2ccccc2CN1c1ccccc1,183.0
Clc1cc2c(Cl)c(Cl)c(Cl)cc2c(Cl)c1Cl,c1ccc2ccccc2c1,118.3
COC(=O)C1CC(=O)N(C)C1,O=C1CCCN1,15.0
CCOc1ccc(C(N)=O)cc1,c1ccccc1,209.0
CCCCCCCCC(=O)OCCCCC,,-27.0
CC(=O)OCCN(CCC#N)c1ccc(/N=N/c2nc3ccc([N+](=O)[O-])cc3s2)cc1,c1ccc(N=Nc2nc3ccccc3s2)cc1,167.0
Cc1cc(N)c2ncccc2c1,c1ccc2ncccc2c1,73.0
COC(=O)C1CC2(C(=O)OC)C=CC1C2,C1=CC2CCC1C2,38.0
CNC(=O)Oc1ccc2c(c1)C1(C)CCOC1N2C,c1ccc2c(c1)NC1OCCC21,124.5
CC1=CCC(C(=O)O)C1(C)C,C1=CCCC1,40.5
Cc1cccc(/N=C/c2ccccc2)c1,C(=Nc1ccccc1)c1ccccc1,31.0
CCCCCCCCCCCCN1CC(C(=O)O)CC1=O,O=C1CCCN1,39.0
CC1(O)C(=O)CC2CC1C2(C)C,O=C1CC2CC(C1)C2,38.5
C1=CCC(c2ccncc2)CC1,C1=CCC(c2ccncc2)CC1,22.1
CCCCCCCCCc1ccc2ccccc2c1,c1ccc2ccccc2c1,12.0
Cc1nc2cc(-c3ccccc3)ccc2o1,c1ccc(-c2ccc3ocnc3c2)cc1,63.0
Nc1ccc(Cl)nc1Cl,c1ccncc1,119.0
COc1ccccc1C(C)O,c1ccccc1,-85.1
Cn1cncc1CC1COC(=O)C1C(O)c1ccccc1,O=C1OCC(Cc2cnc[nH]2)C1Cc1ccccc1,179.0
C=CC(=O)Oc1c(Br)cc(Cl)c2cccnc12,c1ccc2ncccc2c1,100.5
N#CN=C1SCCN1Cc1ccc(Cl)nc1,N=C1SCCN1Cc1cccnc1,136.0
CCCOc1ccccc1OCC(O)CO,c1ccccc1,70.0
CCCCNC(=O)n1cc(F)c(=O)[nH]c1=O,O=c1cc[nH]c(=O)[nH]1,136.0
CN1CCC(CCCC2CCN(C)CC2)CC1,C(CC1CCNCC1)CC1CCNCC1,13.7
CCc1ccccc1Nc1ccccc1CC,c1ccc(Nc2ccccc2)cc1,29.0
CC1(C)OC(=O)CC1CC(=O)O,O=C1CCCO1,90.0
CCOC(=O)CCCCCBr,,33.0
CCCCCCCCCc1cccc2ccccc12,c1ccc2ccccc2c1,8.0
c1ccc(CC2CCCCN2)cc1,c1ccc(CC2CCCCN2)cc1,32.0
CCOC(=O)CCCCCC(=O)O,,10.0
Cc1cc(C)c(Cl)c(O)c1Cl,c1ccccc1,87.5
Cc1ccccc1CC(C)C,c1ccccc1,-73.3
c1cc2c(cn1)CCCC2,c1cc2c(cn1)CCCC2,146.5
CC1CC(=O)C(C)(C)C1,O=C1CCCC1,-40.6
O=C1c2ccccc2C(=O)C1(CN1CCOCC1)c1ccccc1,O=C1c2ccccc2C(=O)C1(CN1CCOCC1)c1ccccc1,88.0
O=c1[nH]c(=O)n(C2CCC(CO)O2)cc1Br,O=c1ccn(C2CCCO2)c(=O)[nH]1,180.5
C=CCCCCCCCCCCCCCCCCC1CC(=O)OC1=O,O=C1CCC(=O)O1,67.15
COC(=O)c1cccc2ccccc12,c1ccc2ccccc2c1,59.5
CCNc1ccc2c(C)cc(=O)oc2c1,O=c1ccc2ccccc2o1,73.5
O=C1CCC(=O)N1I,O=C1CCC(=O)N1,204.0
O=C(O)CCCCCCBr,,31.0
CCCOCC(C)OCC(C)O,,7.08
C=CC[S+]([O-])CC(N)C(=O)O,,165.0
CCC(C)(NC(=O)c1cc(Cl)c(C)c(Cl)c1)C(=O)CCl,c1ccccc1,160.25
CN1CC(C(=O)O)CC1=O,O=C1CCCN1,152.0
CC12CCCC1C1CCC3CCCCC3(C)C1CC2,C1CCC2C(C1)CCC1C3CCCC3CCC21,50.25
Cc1ccc([N+](=O)[O-])c(Cl)c1,c1ccccc1,24.0
CC1(C)CCC(C)(C)C1,C1CCCC1,-88.4
OCCCCCCCCCCCl,,12.5
C=C(C)c1ccc(C)c2ccc(C=O)c-2c1,c1ccc2cccc-2cc1,58.0
CCc1c(C(=O)O)c(=O)cnn1-c1ccc(Cl)cc1,O=c1ccn(-c2ccccc2)nc1,269.0
CCC(=O)N(c1ccccc1)C1(C(=O)OC)CCN(CCc2ccccc2)CC1C,c1ccc(CCN2CCC(Nc3ccccc3)CC2)cc1,177.0
Cc1c(O)cc2c(c1O)C(=O)c1ccccc1C2=O,O=C1c2ccccc2C(=O)c2ccccc21,290.0
CC=C(C)C(=O)O,,45.5
[N-]=[N+]=NCC(=O)NC(CO)C(O)c1ccc([N+](=O)[O-])cc1,c1ccccc1,107.0
CCCC(=O)OCCOC(=O)CCC,,-80.0
c1cnc2cccnc2c1,c1cnc2cccnc2c1,75.0
C1CC2CCCC(C1)C2,C1CC2CCCC(C1)C2,145.5
O=[N+]([O-])C(F)(F)C(F)(F)[N+](=O)[O-],,-41.5
FC(F)CBr,,-75.0
FC(F)(F)S(F)(F)(F)(F)F,,-87.0
CCOc1ccccc1F,c1ccccc1,-16.7
CCOc1cccc(F)c1,c1ccccc1,-27.5
c1cc2c3c(c1)CCC3CCC2,c1cc2c3c(c1)CCC3CCC2,12.8
c1ccc2c(c1)CCCO2,c1ccc2c(c1)CCCO2,215.0
O=C=C=C=O,,-107.0
C1CCSSC1,C1CCSSC1,32.5
CC1(C)C2CC3C(C2)C31C(=O)O,C1C2CC3C1C3C2,151.3
Cc1c(C)c(O)c(C)c(C)c1O,c1ccccc1,233.0
O=C1OC(C(Cl)(Cl)Cl)OC1C(Cl)(Cl)Cl,O=C1COCO1,116.0
CCC(=O)C(C)(C)C,,-45.0
CC=C=CC,,-125.6
CC(C)([N+](=O)[O-])[N+](=O)[O-],,54.0
CCCCC(O)(CCCC)CCCC,,20.0
O=C(NC(=O)c1ccccc1)c1ccccc1,O=C(NC(=O)c1ccccc1)c1ccccc1,152.0
CCCCCCCCC(O)CCCCCCCC,,61.0
ClCCI,,-15.6
N#CSC#N,,63.5
CC(C)(C(=O)O)C(C)(C)C(=O)O,,200.0
Cc1c(F)c(F)c(C)c(F)c1F,c1ccccc1,36.0
CCCCCCCOO,,35.5
c1ccc(-c2noc(-c3ccccc3)n2)cc1,c1ccc(-c2noc(-c3ccccc3)n2)cc1,109.0
CCC1CCCC1C,C1CCCC1,-106.0
CCCCOC(=O)CC(=O)OCCCC,,-83.0
CC1(C)CCCCC1=O,O=C1CCCCC1,-20.5
CC(=O)N(C(C)=O)c1ccccc1,c1ccccc1,37.5
C1CCC(C(C2CCCCC2)C2CCCCC2)CC1,C1CCC(C(C2CCCCC2)C2CCCCC2)CC1,48.0
CCCCCCCCCCCC(O)CC,,31.5
CN(C)c1ccc(CO)cc1,c1ccccc1,69.0
O=C(OC(=O)C(c1ccccc1)c1ccccc1)C(c1ccccc1)c1ccccc1,O=C(OC(=O)C(c1ccccc1)c1ccccc1)C(c1ccccc1)c1ccccc1,98.0
CCCCC#CCCCCC,,-74.1
Nc1ccc(C(=O)O)cc1O,c1ccccc1,213.0
CC(CC1CCCCC1)CC1CCCCC1,C1CCC(CCCC2CCCCC2)CC1,0.6
C1CCC(CCCC2CCCCC2)CC1,C1CCC(CCCC2CCCCC2)CC1,-17.0
ClCc1cc(Cl)cc(Cl)c1,c1ccccc1,36.0
CC(C)(C#CC(C)(C)OO)OO,,108.0
CCCCCC1=CCCC1,C1=CCCC1,-83.0
O=C(CI)c1ccccc1,c1ccccc1,34.4
Cc1nonc1C,c1cnon1,-7.0
CCCOc1ccc(C(=O)O)cc1,c1ccccc1,145.0
O=C1CC2CCCCC2C1,O=C1CC2CCCCC2C1,-12.0
CC(C)(C)c1ccccn1,c1ccncc1,-33.0
CCCCCCCCCCCC1CCCC1,C1CCCC1,-10.0
CCCCCCCCCC(O)CC,,25.0
C=CC(C)(C)C(=O)O,,-6.0
CC(C)CS(=O)(=O)CC(C)C,,17.0
Cc1ccnc(C)n1,c1cncnc1,-4.0
Cc1cc(C=O)ccc1O,c1ccccc1,119.0
C=C(C)C(CC)CC,,-112.9
CCCCCC#CCO,,-18.0
CC12CCC(C(O)C1=O)C2(C)C,O=C1CC2CCC1C2,205.5
CCC(OC)(OC)OC,,58.0
CCCC(C)(Cl)Cl,,128.5
CC(CC1CCCCC1)C1CCCCC1,C1CCC(CCC2CCCCC2)CC1,-22.0
C1CCC(CCCCCC2CCCCC2)CC1,C1CCC(CCCCCC2CCCCC2)CC1,-13.6
CCCC(C1CCCCC1)C1CCCCC1,C1CCC(CC2CCCCC2)CC1,-10.5
CC(C)(C1CCCCC1)C1CCCCC1,C1CCC(CC2CCCCC2)CC1,15.6
CCC(C1CCCCC1)C1CCCCC1,C1CCC(CC2CCCCC2)CC1,-23.5
CC#CCCCCCCCC,,-30.1
CCCC#CCCCCCC,,-74.7
O=CC(O)C(O)C(O)C(O)C(=O)O,,165.0
CCC1(C(=O)NC(C)c2ccc(Cl)cc2)C(C)C1(Cl)Cl,O=C(NCc1ccccc1)C1CC1,147.0
COC(=O)c1ccccc1S(=O)(=O)NC(=O)N(C)c1nc(C)nc(OC)n1,O=C(Nc1ncncn1)NS(=O)(=O)c1ccccc1,141.0
CCOc1cc(C(C)(C)C)ccc1C1COC(c2c(F)cccc2F)=N1,c1ccc(C2=NC(c3ccccc3)CO2)cc1,101.5
Fc1cccc(F)c1-c1nnc(-c2ccccc2Cl)nn1,c1ccc(-c2nnc(-c3ccccc3)nn2)cc1,188.0
Brc1cc(Br)c(Br)c(-c2c(Br)c(Br)cc(Br)c2Br)c1Br,c1ccc(-c2ccccc2)cc1,225.0
C=CC1CN2CCC1CC2C12Nc3ccccc3C1(O)CCO2,c1ccc2c(c1)NC1(C3CC4CCN3CC4)OCCC21,185.5
CCC(=O)OCN1C(=O)NC(c2ccccc2)(c2ccccc2)C1=O,O=C1NC(=O)C(c2ccccc2)(c2ccccc2)N1,170.6
CCCCC(=O)OCN1C(=O)NC(c2ccccc2)(c2ccccc2)C1=O,O=C1NC(=O)C(c2ccccc2)(c2ccccc2)N1,91.0
CCCCC(=O)c1ccc(N)cc1,c1ccccc1,74.5
O=[N+]([O-])C1([N+](=O)[O-])CCCCC1,C1CCCCC1,36.0
CCCCN(CCOC(C)=O)c1ccc(/N=N/c2c(C#N)cc([N+](=O)[O-])cc2C#N)c(C)c1,c1ccc(N=Nc2ccccc2)cc1,151.0
CCc1cccc(C)c1N(COC(C)C)C(=O)CCl,c1ccccc1,21.6
CC(=O)OCN1C(=O)NC(c2ccccc2)(c2ccccc2)C1=O,O=C1NC(=O)C(c2ccccc2)(c2ccccc2)N1,158.1
C=CP(=O)(O)O,,43.0
c1ccc(-c2coc(-c3ccccc3)n2)cc1,c1ccc(-c2coc(-c3ccccc3)n2)cc1,103.0
CCCCCCc1cccc2ccccc12,c1ccc2ccccc2c1,-18.0
BrCCCCCCCCCCCCCCBr,,50.4
CS(=O)(=O)c1ccc(C(=O)C2C(=O)CCCC2=O)c([N+](=O)[O-])c1,O=C1CCCC(=O)C1C(=O)c1ccccc1,165.0
COc1ccc(-c2ccccc2)cc1NNC(=O)OC(C)C,c1ccc(-c2ccccc2)cc1,122.0
CC(C)(C)N(NC(=O)c1ccccc1)C(=O)c1cc(Cl)ccc1Cl,O=C(NNC(=O)c1ccccc1)c1ccccc1,213.5
Cc1ccc(S(=O)(=O)C2(C(=O)OC(C)C)CCCC2)cc1,O=S(=O)(c1ccccc1)C1CCCC1,72.5
COc1cc(OC)nc(Oc2cccc(Oc3nc(OC)cc(OC)n3)c2C(=O)ON=C(c2ccccc2)c2ccccc2)n1,O=C(ON=C(c1ccccc1)c1ccccc1)c1c(Oc2ncccn2)cccc1Oc1ncccn1,129.0
CC(C)(C)N(NC(=O)c1ccccc1)C(=O)c1ccc(Cl)cc1Cl,O=C(NNC(=O)c1ccccc1)c1ccccc1,134.5
COC(=O)C1(S(=O)(=O)c2ccc(C)cc2)CCCCC1,O=S(=O)(c1ccccc1)C1CCCCC1,145.5
ClCC(Cl)(Cl)C(Cl)(Cl)Cl,,26.0
CC(C)NCC(O)COc1ccc(O)cc1,c1ccccc1,127.5
CCOC(=O)COc1cc(-c2nn(C)c(OC(F)F)c2Cl)c(F)cc1Cl,c1ccc(-c2cc[nH]n2)cc1,126.5
CC(C)(C)N(NC(=O)c1ccccc1)C(=O)c1ccccc1I,O=C(NNC(=O)c1ccccc1)c1ccccc1,188.5
Cc1cc(C)cc(C(=O)N(NC(=O)c2ccccc2)C(C)(C)C)c1,O=C(NNC(=O)c1ccccc1)c1ccccc1,206.5
CCOC(=O)c1c(Cl)c(Cl)c(Cl)c(Cl)c1C(=O)O,c1ccccc1,94.5
OCc1cc(O)ccc1O,c1ccccc1,100.0
CCN(CC)C(=O)n1cnc(S(=O)(=O)c2c(C)cc(C)cc2C)n1,O=S(=O)(c1ccccc1)c1nc[nH]n1,115.0
CNC(=NCC1CCOC1)N[N+](=O)[O-],C1CCOC1,107.5
COc1ccc2c(c1OC)C(=O)O[C@@H]2[C@H]1c2cc3c(cc2CCN1C)OCO3,O=C1OC(C2NCCc3cc4c(cc32)OCO4)c2ccccc21,132.0
COc1cc2c(c(O)c1OC)C(C)NCC2,c1ccc2c(c1)CCNC2,160.5
CC(C)(OO)c1ccc(C(C)(C)OO)cc1,c1ccccc1,141.0
CCCP(=O)(O)O,,73.8
CCOP(=S)(OCC)SCn1c(=O)oc2ccccc21,O=c1[nH]c2ccccc2o1,43.0
O=C(Nc1ccccc1-c1ccc(Cl)cc1)c1cccnc1Cl,O=C(Nc1ccccc1-c1ccccc1)c1cccnc1,143.3
CC(=NC#N)N(C)Cc1ccc(Cl)nc1,c1ccncc1,98.9
CNC(=N[N+](=O)[O-])NCc1cnc(Cl)s1,c1cscn1,176.8
CC1(C(=O)Nc2ccc(O)c(Cl)c2Cl)CCCCC1,O=C(Nc1ccccc1)C1CCCCC1,153.0
CC1(c2ccc(Oc3ccccc3)cc2)OC(=O)N(Nc2ccccc2)C1=O,O=C1OC(c2ccc(Oc3ccccc3)cc2)C(=O)N1Nc1ccccc1,141.0
O=CC(O)C1OC(=O)C(O)C1O,O=C1CCCO1,177.5
CC(C)CCCN,,-94.4
O=C(CO)C(OC1OC(CO)C(O)C(O)C1O)C(O)C(O)CO,C1CCOCC1,168.0
CC1CCC2(OC1)OC1CC3C4CCC5CC(O)CCC5(C)C4CCC3(C)C1C2C,C1CCC2(CC3C(CC4C3CCC3C5CCCCC5CCC34)O2)OC1,185.0
CC(=O)OCC1OC(OC2(COC(C)=O)OC(COC(C)=O)C(OC(C)=O)C2OC(C)=O)C(OC(C)=O)C(OC(C)=O)C1OC(C)=O,C1CCC(OC2CCCO2)OC1,86.5
O=CC(O)C(O)C(O)C(O)COC1OC(CO)C(O)C(O)C1O,C1CCOCC1,84.0
CC(O)C(O)C(O)C(O)C=O,,122.0
OCC1OC(OC2C(O)C(CO)OC2(CO)OC2OC(CO)C(O)C(O)C2O)C(O)C(O)C1O,C1CCC(OC2CCOC2OC2CCCCO2)OC1,153.0
CCCCOC(=O)C(O)C(O)C(=O)OCCCC,,22.0
CCOC(=O)CCCCCCCCCCCCCCCCC(=O)OCC,,54.5
CC1(C(=O)O)CCCC2(C)c3cc(O)ccc3CCC12,c1ccc2c(c1)CCC1CCCCC21,193.5
CC(=O)C1CCC2C3CCC4=CC(=O)CCC4(C)C3C(O)CC12C,O=C1C=C2CCC3C4CCCC4CCC3C2CC1,222.0
CC12CCC3C4CCC(=O)C=C4CCC3C1CCC2O,O=C1C=C2CCC3C4CCCC4CCC3C2CC1,118.0
COc1cc2c(cc1OC)C13CCN4CC5=CCOC6CC(=O)N2C1C6C5CC43,O=C1CC2OCC=C3CN4CCC56c7ccccc7N1C5C2C3CC46,178.0
CC1CCC2(C(=O)O)CCC3(C)C(=CCC4C5(C)CCC(O)C(C)(C)C5CCC43C)C2C1C,C1=C2C3CCCCC3CCC2C2CCC3CCCCC3C2C1,284.0
O=C1c2ccccc2C(=O)c2cc(Br)ccc21,O=C1c2ccccc2C(=O)c2ccccc21,205.8
C=C(C)C1CCC2(CO)CCC3(C)C(CCC4C5(C)CCC(O)C(C)(C)C5CCC43C)C12,C1CCC2C(C1)CCC1C2CCC2C3CCCC3CCC21,250.0
CC(C)C1=CCC2C(=C1)CCC1C(C)(C(=O)O)CCCC21C,C1=CCC2C(=C1)CCC1CCCCC12,150.0
CC1OC(n2ccc(NC(=O)c3ccc(NC(=O)C(C)(N)CO)cc3)nc2=O)CCC1OC1OC(C)C(N(C)C)C(O)C1O,O=C(Nc1ccn(C2CCC(OC3CCCCO3)CO2)c(=O)n1)c1ccccc1,167.0
CCCCOC(=O)NC,,59.0
CCOC(=O)c1ccccc1C(=O)c1ccccc1,O=C(c1ccccc1)c1ccccc1,59.5
CC(=O)CC(=O)Nc1ccc(C)cc1C,c1ccccc1,90.0
c1ccc(-c2oc(-c3ccccc3)c(-c3ccccc3)c2-c2ccccc2)cc1,c1ccc(-c2oc(-c3ccccc3)c(-c3ccccc3)c2-c2ccccc2)cc1,175.0
CC1(O)CCC2C3CCC4CC(=O)CCC4(C)C3(F)C(O)CC21C,O=C1CCC2C(CCC3C4CCCC4CCC23)C1,270.0
c1ccc2c(Nc3cccc4ccccc34)cccc2c1,c1ccc2c(Nc3cccc4ccccc34)cccc2c1,115.0
CC(=O)OC(C(=O)O)c1ccccc1,c1ccccc1,97.0
O=CCC(O)C(O)C(O)CO,,146.5
CC1CCC2(C)CCC3(C)C(=CCC4C5(C)CCC(O)C(C)(C)C5CCC43C)C2C1C,C1=C2C3CCCCC3CCC2C2CCC3CCCCC3C2C1,186.0
CC1(C)CCC2(C)CCC3(C)C(=CCC4C5(C)CCC(O)C(C)(C)C5CCC43C)C2C1,C1=C2C3CCCCC3CCC2C2CCC3CCCCC3C2C1,197.0
CCCC(c1ccc(O)cc1)c1ccc(O)cc1,c1ccc(Cc2ccccc2)cc1,137.0
CC(C)CCCC(C)C1CCC2C3CCC4=CC(O)CCC4(C)C3CCC12C,C1=C2CCC3C4CCCC4CCC3C2CCC1,132.0
CC12CCC(=O)C=C1CCC1C2CCC2(C)C1CCC2(O)C(=O)CO,O=C1C=C2CCC3C4CCCC4CCC3C2CC1,215.0
Cc1cccc2c1C(=O)NC2=O,O=C1NC(=O)c2ccccc21,134.0
CC(=O)Cc1ccco1,c1ccoc1,29.0
CCCCCCC(=O)OCCC,,-63.5
O=C(c1ccccc1O)N1CCOCC1,O=C(c1ccccc1)N1CCOCC1,175.0
Cc1c(C(C)C2NCC(C)CC2O)ccc2c1CC1C2CC=C2CC(O)CCC21C,C1=C2CCCCC2C2Cc3cc(CC4CCCCN4)ccc3C2C1,206.0
C/C=C/C(=O)c1ccccc1,c1ccccc1,20.5
COc1ccc(C(=O)c2ccccc2C(=O)O)cc1,O=C(c1ccccc1)c1ccccc1,146.0
O=C(O)C1CCCN1C(=O)OCc1ccccc1,O=C(OCc1ccccc1)N1CCCC1,77.0
CCC1(C)OC(=O)NC1=O,O=C1COC(=O)N1,46.0
O=C(O)c1ccc(Br)c([N+](=O)[O-])c1,c1ccccc1,203.5
CC(=O)OCC1=CC2OC(=O)C3=COC(OC4OC(CO)C(O)C(O)C4O)C1C32,O=C1OC2C=CC3C(OC4CCCCO4)OC=C1C23,131.5
O=c1cnn(C2OC(CO)C(O)C2O)c(=O)[nH]1,O=c1cnn(C2CCCO2)c(=O)[nH]1,158.0
CC1CCC2(OC1)OC1CC3C4CC=C5CC(O)CCC5(C)C4CCC3(C)C1C2C,C1=C2CCCCC2C2CCC3C4CC5(CCCCO5)OC4CC3C2C1,205.5
CN1CC2CC(C1)c1cccc(=O)n1C2,O=c1cccc2n1CC1CNCC2C1,137.0
CC(=O)OC1CCC2(C)C(CCC3(C)C2C(=O)C=C2C4CC(C)(C(=O)O)CCC4(C)CCC23C)C1(C)C,O=C1C=C2C3CCCCC3CCC2C2CCC3CCCCC3C12,323.0
CC1(C)OC2CC(=O)OCC23C1CC(=O)C1(C)C3CCC2(C)C(c3ccoc3)OC(=O)C3OC321,O=C1CC2OCC3CC(=O)C4C(CCC5C(c6ccoc6)OC(=O)C6OC654)C32CO1,298.0
c1ccc2c(Oc3cccc4ccccc34)cccc2c1,c1ccc2c(Oc3cccc4ccccc34)cccc2c1,110.0
CC1(C)OC2OC(C(COC(=O)c3ccccc3)OC(=O)c3ccccc3)C(OC(=O)c3ccccc3)C2O1,O=C(OCC(OC(=O)c1ccccc1)C1OC2OCOC2C1OC(=O)c1ccccc1)c1ccccc1,199.0
O=c1[nH]c(=O)n(C2CC(O)C(CO)O2)cc1Br,O=c1ccn(C2CCCO2)c(=O)[nH]1,192.5
Nc1ncnc2c1ncn2C1(CO)OC(CO)C(O)C1O,c1ncc2ncn(C3CCCO3)c2n1,212.0
O=C1OC(c2ccccc2)(c2ccccc2)c2ccccc21,O=C1OC(c2ccccc2)(c2ccccc2)c2ccccc21,120.0
CSc1ncnc2c1ncn2C1OC(CO)C(O)C1O,c1ncc2ncn(C3CCCO3)c2n1,164.0
Nc1ccc2nccnc2c1,c1ccc2nccnc2c1,159.0
Cc1ccc2nccnc2c1,c1ccc2nccnc2c1,218.5
CC1C(=O)CCC2C1(C)CCC1C2(C)CCC2(C)C3CC(C)(C)CCC3(C)CCC12C,O=C1CCC2C(CCC3C2CCC2C4CCCCC4CCC23)C1,263.0
CC12CC(O)C3C(CCC4CC(O)CCC43C)C1CCC2=O,O=C1CCC2C1CCC1C3CCCCC3CCC21,235.0
OC(Cc1ccccc1)(c1ccccc1)c1ccccc1,c1ccc(CC(c2ccccc2)c2ccccc2)cc1,89.5
Cc1cc(C)c(O)c(C(=O)CC2CC(=O)NC(=O)C2)c1,O=C1CC(CC(=O)c2ccccc2)CC(=O)N1,201.0
O=C1c2ccc(O)cc2OC(c2ccc(O)c(O)c2)C1O,O=C1CC(c2ccccc2)Oc2ccccc21,227.0
Cc1ccc(O)c(Cl)c1C,c1ccccc1,27.0
Nc1ncnc2c1ncn2C1OC(CO)CC1O,c1ncc2ncn(C3CCCO3)c2n1,225.5
OCC1OC(n2cnc3cncnc32)C(O)C1O,c1ncc2ncn(C3CCCO3)c2n1,181.0
COc1cc2c(cc1O)CC1c3c(cc(O)c(OC)c3-2)CCN1C,c1ccc2c(c1)CC1NCCc3cccc-2c31,163.0
COc1ccccc1Oc1ccccc1,c1ccc(Oc2ccccc2)cc1,79.0
Cc1ccc(OP(=O)(Oc2ccc(C)c(C)c2)Oc2ccc(C)c(C)c2)cc1C,O=P(Oc1ccccc1)(Oc1ccccc1)Oc1ccccc1,72.0
CC12COC(=O)CC1CCC1C2CCC2(C)C1CCC2(C)O,O=C1CC2CCC3C4CCCC4CCC3C2CO1,236.5
CC(=O)OCC1OC(n2ncc(=O)[nH]c2=O)C(OC(C)=O)C1OC(C)=O,O=c1cnn(C2CCCO2)c(=O)[nH]1,100.0
c1ccc(CN2CCOCC2)cc1,c1ccc(CN2CCOCC2)cc1,194.0
CC(NC(=O)C(=O)NN)c1ccccc1,c1ccccc1,157.0
Clc1ccccc1C=C1c2ccccc2-c2ccccc21,C(=C1c2ccccc2-c2ccccc21)c1ccccc1,69.5
CC(=O)OC(C)C#N,,-75.0
CN1C2CCC1C(C(=O)O)C(O)C2,C1CC2CCC(C1)N2,205.0
Clc1ccc2c(c1)Cc1cc(Cl)ccc1-2,c1ccc2c(c1)Cc1ccccc1-2,128.0
Oc1ccc(C2CCCCC2)cc1Cl,c1ccc(C2CCCCC2)cc1,40.5
O=c1[nH]c(=O)n(C2CC(O)C(CO)O2)cc1C(F)(F)F,O=c1ccn(C2CCCO2)c(=O)[nH]1,187.5
COc1c(CC(O)C(C)C)c(=O)n(C)c2c(OC)cccc12,O=c1ccc2ccccc2[nH]1,86.5
FC(F)(F)C(F)(F)C(F)(F)C(F)(F)C(F)(F)C(F)(F)OC(F)(F)C(F)(F)C(F)(F)C(F)(F)C(F)(F)C(F)(F)F,,-90.0
O=[N+]([O-])CC(O)C(Cl)(Cl)Cl,,45.5
Nc1ncnc2c1ncn2C1OC(CO)C(OP(=O)(O)O)C1O,c1ncc2ncn(C3CCCO3)c2n1,197.0
C=C1C(=O)OC2C1CCC(C)C1C=CC(=O)C12C,C=C1C(=O)OC2C1CCCC1C=CC(=O)C12,146.0
C=C1C(=O)OC2C1CCC(C)C1(O)C=CC(=O)C21C,C=C1C(=O)OC2C1CCCC1C=CC(=O)C12,164.5
COc1ccc(C(C)C(=O)O)cc1,c1ccccc1,99.0
Cc1ccc(NNc2ccc(C)cc2)cc1,c1ccc(NNc2ccccc2)cc1,135.0
O=[N+]([O-])c1ccc(OC2OC(CO)C(O)C(O)C2O)cc1,c1ccc(OC2CCCCO2)cc1,166.5
O=C1CCCCCCCCC1O,O=C1CCCCCCCCC1,42.0
CC12CCC(O)CC1CCC1C2CCC2(C)C(c3ccc(=O)oc3)CC3OC312,O=c1ccc(C2CC3OC34C2CCC2C3CCCCC3CCC24)co1,155.0
CCn1ccc2ccccc21,c1ccc2[nH]ccc2c1,105.0
O=C(O)CS(=O)(=O)CC(=O)O,,182.0
CC(=O)C1CCC2C3CCC4CC(O)CCC4(C)C3CCC12C,C1CCC2C(C1)CCC1C3CCCC3CCC21,149.5
CC12CC(O)C3C(CCC4(O)CC(O)CC(O)C34CO)C1(O)CCC2C1=CC(=O)OC1,O=C1C=C(C2CCC3C2CCC2C4CCCCC4CCC23)CO1,236.5
Nc1ncnc2c1ncn2C1CCC(CO)O1,c1ncc2ncn(C3CCCO3)c2n1,185.0
C#CC1(O)CCC2C3CCC4=CC(=O)CCC4=C3C=CC21C,O=C1C=C2CCC3C(=C2CC1)C=CC1CCCC13,169.0
C=CC1(C)CCC2C(=CCC3C(C)(C(=O)O)CCCC23C)C1,C1=C2CCCCC2C2CCCCC2C1,160.0
N#Cc1ccnc2ccccc12,c1ccc2ncccc2c1,103.5
CCCCCCC(c1ccccc1)c1ccccc1,c1ccc(Cc2ccccc2)cc1,14.0
COC1C=CC23c4cc5c(cc4COC2(O)CN(C)C3C1)OCO5,C1=CC23c4cc5c(cc4COC2CNC3CC1)OCO5,210.0
CC(=O)C1(C)CCC2C3CCC4=CC(=O)CCC4=C3CCC21C,O=C1C=C2CCC3C(=C2CC1)CCC1CCCC13,106.0
CC12CCC(O)CC1CCC1C2CCC2(C)C(C3=CC(=O)OC3)CCC12O,O=C1C=C(C2CCC3C2CCC2C4CCCCC4CCC23)CO1,253.0
CC(=O)C1(C)CCC2C3C=C(C)C4=CC(=O)CCC4(C)C3CCC21C,O=C1C=C2C=CC3C4CCCC4CCC3C2CC1,144.0
O=C(OCC1OC(Oc2ccccc2CO)C(O)C(O)C1O)c1ccccc1,O=C(OCC1CCCC(Oc2ccccc2)O1)c1ccccc1,180.0
C=CC12CN(C)C3C4COC(CC41)C1(C(=O)Nc4ccccc41)C32,O=C1Nc2ccccc2C12C1CC3C(CO1)C1NCC3C12,178.0
Cc1cc[nH]c(=O)c1,O=c1cccc[nH]1,130.0
CC12C=CC(=O)C=C1CCC1C2C(O)CC2(C)C1CCC2(O)C(=O)COC(=O)CCCc1ccc(N(CCCl)CCCl)cc1,O=C1C=CC2C(=C1)CCC1C2CCC2C(C(=O)COC(=O)CCCc3ccccc3)CCC21,163.5
COc1cc2c(cc1O)C(Cc1ccc(O)cc1)NCC2,c1ccc(CC2NCCc3ccccc32)cc1,220.0
COC1=CC(C)C2CC3OC(O)CC4C(C)=C(OC)C(=O)C(C2(C)C1=O)C34C,O=C1C=CCC2CC3OCCC4C=CC(=O)C(C12)C43,227.0
Cc1cn(C2CC(F)C(CO)O2)c(=O)[nH]c1=O,O=c1ccn(C2CCCO2)c(=O)[nH]1,177.0
O=C1CCCC2C3CCCN4CCCC(CN12)C34,O=C1CCCC2C3CCCN4CCCC(CN12)C34,76.0
NC(=O)c1cc(Cl)cc(Cl)c1N,c1ccccc1,162.5
OC1OCC(Cc2ccc3c(c2)OCO3)C1Cc1ccc2c(c1)OCO2,c1cc2c(cc1CC1COCC1Cc1ccc3c(c1)OCO3)OCO2,131.5
Clc1cccc2nccc(Cl)c12,c1ccc2ncccc2c1,118.0
CCCCCCCCCCCCCC(CCCCCCCCCC)CCCCCCCCCC,,10.8
CCCCCCCCCCCCC(CCCCCCCCCCC)CCCCCCCCCCCC,,9.7
CCCCCCCCCCCCCC(CCCCCCCCCCCC)CCCCCCCCCCCC,,13.7
Cc1cc(Cl)cc([N+](=O)[O-])c1,c1ccccc1,61.0
CCCCCCC(CCCCCC)CCCCCC,,-28.3
CC(=O)CC(=O)c1cccnc1,c1ccncc1,85.0
N#Cc1nccnc1C#N,c1cnccn1,132.0
COC(=O)c1ccc(C(=O)OC)o1,c1ccoc1,112.0
O=CC(O)C(O)C(OC1OC(CO)C(O)C(O)C1O)C(O)CO,C1CCOCC1,240.0
CC(=O)Oc1c(C(C)(C)C)cc([N+](=O)[O-])c(C)c1[N+](=O)[O-],c1ccccc1,86.5
OCC1SC(O)C(O)C(O)C1O,C1CCSCC1,135.5
CC(C)C(C)CCC(C)C1CCC2=C3CCC4CC(O)CCC4(C)C3CCC21C,C1CC2=C3CCC4CCCCC4C3CCC2C1,131.0
CC(C)C(C)CCC(C)C1CCC2C3CC=C4CC(O)CCC4(C)C3CCC12C,C1=C2CCCCC2C2CCC3CCCC3C2C1,157.5
CC1CCC2(NC1)OC1CC3C4CCC5CC(O)CCC5(C)C4CCC3(C)C1C2C,C1CCC2(CC3C(CC4C3CCC3C5CCCCC5CCC34)O2)NC1,210.5
CC(C)=CCCC(C)C1CCC2C3CC=C4CC(O)CCC4(C)C3CCC12C,C1=C2CCCCC2C2CCC3CCCC3C2C1,121.5
CC1(C)C(=O)Nc2ccccc21,O=C1Cc2ccccc2N1,154.3
OCC1OC(Oc2ccccc2)C(O)C(O)C1O,c1ccc(OC2CCCCO2)cc1,154.0
CC1=C(C(=O)O)CCC1(C)C,C1=CCCC1,135.0
O=C(Cc1ccccc1)OC(=O)Cc1ccccc1,O=C(Cc1ccccc1)OC(=O)Cc1ccccc1,73.3
NC(C=O)C(O)C(O)C(O)CO,,88.0
CC12CCC(=O)C=C1C=CC1C2CCC2(C)C1CCC21CCC(=O)O1,O=C1C=C2C=CC3C(CCC4C3CCC43CCC(=O)O3)C2CC1,150.0
COC1OC(CNC(=O)N(CCCl)N=O)C(O)C(O)C1O,C1CCOCC1,111.0
CCCCCCCCCCCCOC(=O)c1ccc(N)cc1,c1ccccc1,82.0
CC(C)=CCCC(C)C1=C(O)C(=O)C(C)=CC1=O,O=C1C=CC(=O)C=C1,103.5
Nc1cc2c(cc1Cl)C(=O)c1ccccc1C2=O,O=C1c2ccccc2C(=O)c2ccccc21,281.5
CC1(C)CCC2(C)CC=C3C(C)(CCC4C3(C)CCC3C(C)(C)C(O)CCC43C)C2C1,C1=C2C(CCC3C2CCC2CCCCC23)C2CCCCC2C1,283.5
CC(C)C1CCC2(C)CC(O)C3(C)CCC12O3,C1CC2CCC3CCC2(C1)O3,114.0
CC(=O)OC1OC(CBr)C(OC(C)=O)C(OC(C)=O)C1OC(C)=O,C1CCOCC1,88.5
CCOc1cccc(-c2ccccc2)c1,c1ccc(-c2ccccc2)cc1,35.0
COc1cc(O)c2c(c1)OC(c1ccc(O)cc1)CC2=O,O=C1CC(c2ccccc2)Oc2ccccc21,152.0
CC12CCC(OC3OC(COC4OC(CO)C(O)C(O)C4O)C(O)C(O)C3O)CC1CCC1C2CCC2(C)C(C3=CC(=O)OC3)CCC12O,O=C1C=C(C2CCC3C2CCC2C4CCC(OC5CCCC(COC6CCCCO6)O5)CC4CCC23)CO1,269.0
O=[N+]([O-])c1ccccc1Sc1ccccc1,c1ccc(Sc2ccccc2)cc1,82.0
C=CC1C2=CCOC(=O)C2=COC1OC1OC(CO)C(O)C(O)C1O,O=C1OCC=C2CC(OC3CCCCO3)OC=C12,191.0
O=c1ccn(C2CCC(CO)O2)c(=O)[nH]1,O=c1ccn(C2CCCO2)c(=O)[nH]1,128.0
COc1ccc(OC2OC(CO)C(O)C(O)C2O)cc1,c1ccc(OC2CCCCO2)cc1,159.0
Oc1ccc(C2COc3cc(O)ccc3C2)cc1,c1ccc(C2COc3ccccc3C2)cc1,189.5
CC1(C(=O)O)CCC(C(=O)O)C(C)(C)O1,C1CCOCC1,208.0
CCCCCOC(=O)Nc1nc(=O)n(C2OC(C)C(O)C2O)cc1F,O=c1ncccn1C1CCCO1,115.5
CCN(CC)CC(=O)OCC(=O)C1(O)CCC2C3CCC4=CC(=O)CCC4(C)C3C(O)CC21C,O=C1C=C2CCC3C4CCCC4CCC3C2CC1,162.5
CC(C)(C)S(=O)(=O)O,,113.0
COC1C=CC2=CCN3CCC4=C(CC(=O)OC4)C23C1,O=C1CC2=C(CCN3CC=C4C=CCCC423)CO1,99.5
CC(=O)C1CCC2C3CCC4CC(N)CCC4(C)C3CCC12C,C1CCC2C(C1)CCC1C3CCCC3CCC21,126.0
COC1=CC2C3Cc4ccc(OC)c(O)c4C2(CCN3C)CC1=O,O=C1C=CC2C3Cc4ccccc4C2(CCN3)C1,162.0
CC1OC(OC2CCC3(C=O)C4CCC5(C)C(c6ccc(=O)oc6)CCC5(O)C4CCC3(O)C2)C(O)C(O)C1OC1OC(CO)C(O)C(O)C1O,O=c1ccc(C2CCC3C2CCC2C4CCC(OC5CCC(OC6CCCCO6)CO5)CC4CCC23)co1,283.5
CCN1CC2(COC)C(O)CC(OC)C34C5CC6(O)C(O)C5C(O)(C(O)C6OC)C(C(OC)C23)C14,C1CC2CNC3C4CC2C3(C1)C1CC2CCC4C1C2,132.0
C=C1CCOC2(C(O)C(C)(O)CO)NC(=O)C1(O)NC2=O,C=C1CCOC2NC(=O)C1NC2=O,188.0
CC(CCC(=O)O)C1CCC2C3CCC4CCCCC4(C)C3CCC12C,C1CCC2C(C1)CCC1C3CCCC3CCC21,163.5
Oc1ccc2c3c1OC1C(O)C=CC4C(C2)NCCC341,C1=CC2C3Cc4cccc5c4C2(CCN3)C(C1)O5,273.0
Oc1ccc(C(O)C2CCCCN2)cc1O,c1ccc(CC2CCCCN2)cc1,203.5
CC(=O)C1CCC2C3CCC4CC(=O)CCC4(C)C3CCC12C,O=C1CCC2C(CCC3C4CCCC4CCC23)C1,123.0
C#CCOc1cc(-n2nc3n(c2=O)CCCC3)c(Cl)cc1Cl,O=c1n(-c2ccccc2)nc2n1CCCC2,168.0
COc1ccsc1CN(C(=O)CCl)c1c(C)cccc1C,c1ccc(NCc2cccs2)cc1,73.0
CCCCCOC(=O)COc1cc(N2C(=O)C3=C(CCCC3)C2=O)c(F)cc1Cl,O=C1C2=C(CCCC2)C(=O)N1c1ccccc1,89.0
CC(=O)OC1(C(C)=O)CCC2C3CC(C)C4=CC(=O)C=CC4(C)C3(F)C(O)CC21C,O=C1C=CC2C(=C1)CCC1C3CCCC3CCC21,297.5
COc1ccc2c(c1)CCC1C2CCC2(C)C(O)C(O)CC12,c1ccc2c(c1)CCC1C2CCC2CCCC21,159.0
C=C1C2CCC3C(CCC4C5(C)CCCC43C3OCCN3C5)(C2)C1O,C=C1CC23CCC4C5CCCC4(C4OCCN4C5)C2CCC1C3,119.5
C=C(C)C1CCC(C)CC1OC(C)=O,C1CCCCC1,85.0
CC(CCC(=O)O)C1CCC2C3CCC4CC(O)CCC4(C)C3CCC12C,C1CCC2C(C1)CCC1C3CCCC3CCC21,186.0
CC12CCC(=O)C(Cl)=C1CCC1C2CCC2(C)C(O)CCC12,O=C1C=C2CCC3C4CCCC4CCC3C2CC1,189.0
CCCCCCOc1ccccc1,c1ccccc1,-19.0
CC(C)CCCC(C)(C)C,,-105.0
ClC(COCC(Cl)C(Cl)(Cl)Cl)C(Cl)(Cl)Cl,,-50.0
CN1CCC23c4c5ccc(OCc6ccccc6)c4OC2C(O)C=CC3C1C5,C1=CC2C3Cc4ccc(OCc5ccccc5)c5c4C2(CCN3)C(C1)O5,132.0
CC12CCC(=O)C(O)=C1CCC1C2CCC2(C)C1CCC2(C)O,O=C1C=C2CCC3C4CCCC4CCC3C2CC1,170.0
CCCC(C)(O)C1CC23C=CC1(OC)C1Oc4c(O)ccc5c4C12CCN(C)C3C5,C1=CC23CCC1C1Oc4cccc5c4C12CCNC3C5,215.5
CC1CC2=CC(=O)CCC2(C)C2CCC3(C)C(CCC3(C)O)C12,O=C1C=C2CCC3C4CCCC4CCC3C2CC1,128.0
CC(C)=CCCC=C(C)C,,-74.4
ClC1CCC(Cl)CC1,C1CCCCC1,18.0
CCCCC(C)S,,-147.0
O=[N+]([O-])C(Cl)([N+](=O)[O-])[N+](=O)[O-],,4.5
CCCCCCCOCC,,-68.3
CNC(Cc1ccc(O)cc1)C(=O)O,c1ccccc1,293.0
c1ccc2cc3c(ccc4cc5ccccc5cc43)cc2c1,c1ccc2cc3c(ccc4cc5ccccc5cc43)cc2c1,257.0
CCOP(=O)(OCC)N(C)C,,8.3
CCCCCCC(C)(C)S,,-43.15
CNC(=O)Oc1ccc2c(c1)C1(C)CCN(C)OC1N2C,c1ccc2c(c1)NC1ONCCC21,129.0
CCCCCCc1ccc2ccccc2c1,c1ccc2ccccc2c1,-3.0
CC(C)(CCC(C)(C)OO)OO,,105.0
CC1CCC(C)(C(=O)O)C1(C)C,C1CCCC1,106.0
CC1=CCCC(=O)C1,O=C1CC=CCC1,-21.0
N#CC(F)(Cl)Cl,,-110.0
CC(N)C(C)(C)C,,-20.0
Cc1ccc(-c2ccc(C)cc2C)c(C)c1,c1ccc(-c2ccccc2)cc1,41.0
CCC(C)(Cl)Cl,,-74.0
CC12CCC(O)CC1CCC1C2C(O)CC2(C)C(c3ccc(=O)oc3)CCC12O,O=c1ccc(C2CCC3C2CCC2C4CCCCC4CCC23)co1,254.0
Oc1ccc2c(c1)C13CCCCC1C(C2)N(CCc1ccccc1)CC3,c1ccc(CCN2CCC34CCCCC3C2Cc2ccccc24)cc1,244.0
CC1=CCC23CC1C(C)(C)C2CCC3C,C1=CC2CC3CCCC3(C1)C2,262.5
CC1CCC(C(C)(C)O)CC2=C1CCC2C,C1CCC2=C(CC1)CCC2,91.0
Brc1ccc2cccnc2c1,c1ccc2ncccc2c1,34.0
CN1CCC23c4c5ccc(OCCN6CCOCC6)c4OC2C(O)C=CC3C1C5,C1=CC2C3Cc4ccc(OCCN5CCOCC5)c5c4C2(CCN3)C(C1)O5,91.0
CCCCCCCCOC(=O)CCCCCC,,-22.5
C=CC(C)(O)CCC1C(C)(O)CCC2C(C)(C)CCCC21C,C1CCC2CCCCC2C1,97.0
CC12CCC(O)CC1=CCC1C2CCC2(C)C1CCC2(C)O,C1=C2CCCCC2C2CCC3CCCC3C2C1,206.0
C=C(C)C1CCC(C)=CC1c1c(O)cc(CCCCC)cc1O,C1=CC(c2ccccc2)CCC1,67.0
CC1CCCSC1,C1CCSCC1,-60.0
CCC1(O)CCC2C3CCC4=CC(=O)CCC4C3CCC21C,O=C1C=C2CCC3C4CCCC4CCC3C2CC1,140.5
CCC(C)(CC)C(C)(C)C,,-42.5
C=C(C)C1CCC2(C)CCC3(C)C(CCC4C5(C)CCC(O)C(C)(C)C5CCC43C)C12,C1CCC2C(C1)CCC1C2CCC2C3CCCC3CCC21,216.0
CC1CCC2(O)C(C)(C)C3CCC2(C)C1C3,C1CC2CC3CCC2C(C1)C3,56.0
CC(=O)C1(O)CCC2C3CCC4=CC(=O)CCC4(C)C3CCC21C,O=C1C=C2CCC3C4CCCC4CCC3C2CC1,222.5
COc1ccnc2ccccc12,c1ccc2ncccc2c1,41.0
CC(CCCC(=O)O)C(=O)O,,64.0
CCCCCCCCC(=O)OCCCCCCC,,-15.5
CC12C=CC(=O)C=C1CCC1C2CCC2(C)C1CCC2(C)O,O=C1C=CC2C(=C1)CCC1C3CCCC3CCC21,163.5
CC(C)CCCC(C)C1CCC2C3CC=C4C=CCCC4(C)C3CCC12C,C1=CC2=CCC3C4CCCC4CCC3C2CC1,80.0
Cc1ccc2c(c1)CCC(C)C2,c1ccc2c(c1)CCCC2,20.0
CC(N)O,,97.0
CC1CCC2C(C)(C)C3CC12CCC3(C)O,C1CC2CC3CCCC3(C1)C2,86.0
CC1CCC2C(C)C3C(CC4C5CC=C6CC(O)CCC6(C)C5CCC43C)N2C1,C1=C2CCCCC2C2CCC3C(CC4C3CC3CCCCN34)C2C1,218.5
O=C(OO)c1ccccc1,c1ccccc1,42.0
CC(=O)OCC12CC(OC(=O)CC(C)C)C(C)=CC1OC1C(O)C(OC(C)=O)C2(C)C12CO2,C1=CC2OC3CCC(C2CC1)C31CO1,151.5
CCCCCC#CCC(=O)O,,17.0
CCC#CCCCCC(=O)O,,14.0
CC(=O)C1(O)CCC2C3CCC4CC(O)CCC4(C)C3CCC21C,C1CCC2C(C1)CCC1C3CCCC3CCC21,265.0
CC(=O)N1CC(O)CC1C(=O)O,C1CCNC1,132.0
COC1CC(OC2CCC3(C=O)C4CCC5(C)C(C6=CC(=O)OC6)CCC5(O)C4CCC3(O)C2)OC(C)C1O,O=C1C=C(C2CCC3C2CCC2C4CCC(OC5CCCCO5)CC4CCC23)CO1,148.0
CC(=O)c1ccc(OC2OC(CO)C(O)C(O)C2O)cc1,c1ccc(OC2CCCCO2)cc1,195.5
CC(=O)SC1CC2=CC(=O)CC(SC(C)=O)C2(C)C2CCC3(C)C(CCC3(C)O)C12,O=C1C=C2CCC3C4CCCC4CCC3C2CC1,205.5
CC(=O)C1(O)CCC2C3CC(C)C4=CC(=O)CCC4(C)C3CCC21C,O=C1C=C2CCC3C4CCCC4CCC3C2CC1,214.5
C#CC1(OC(C)=O)CCC2C3CCC4=CC(=O)CCC4C3CCC21C,O=C1C=C2CCC3C4CCCC4CCC3C2CC1,161.5
CC12CCC(O)C=C1CCC1C2CCC2(C)C(c3ccc(=O)oc3)CCC12O,O=c1ccc(C2CCC3C2CCC2C4CCCC=C4CCC23)co1,235.0
C=CC(=O)OC1CC2CCC1(C)C2(C)C,C1CC2CCC1C2,97.0
CCC(=O)OC1CCC2(C)C(=CCC3C2CCC2(C)C(OC(=O)CC)CCC32)C1,C1=C2CCCCC2C2CCC3CCCC3C2C1,113.0
COc1cc2c(c(OC)c1OC)-c1ccc(SC)c(=O)cc1C(NC(C)=O)CC2,O=c1cccc2c(c1)CCCc1ccccc1-2,193.0
O=c1c(O)c(O)c(=O)c1=O,O=c1ccc(=O)c1=O,150.0
C=C1CC23CCC4C(C)(C(=O)OC5OC(CO)C(O)C(O)C5O)CCCC4(C)C2CCC1(OC1OC(CO)C(O)C(O)C1OC1OC(CO)C(O)C(O)C1O)C3,C=C1CC23CCC4C(C(=O)OC5CCCCO5)CCCC4C2CCC1(OC1OCCCC1OC1CCCCO1)C3,198.0
CC1OCC(O)C(O)C1O,C1CCOCC1,112.0
C1CCC2NC2C1,C1CCC2NC2C1,21.0
CC(C)SC1OC(CO)C(O)C(O)C1O,C1CCOCC1,121.0
O=c1nc(-c2ccccc2)oc2ccccc12,O=c1nc(-c2ccccc2)oc2ccccc12,123.5
CCCC#CCCCC(=O)O,,-3.0
CC12C=CCC1C1CCC3CC(O)CCC3(C)C1CC2,C1=CC2CCC3C4CCCCC4CCC3C2C1,142.75
CC1(C)CCCCC1O,C1CCCCC1,8.0
CNC(=O)C(C)SCCSP(=O)(OC)OC,,43.0
CC(CC(=O)O)n1nnc2ccccc21,c1ccc2[nH]nnc2c1,150.0
O=C(O)c1c(F)c(F)cc(F)c1F,c1ccccc1,151.0
Cc1cc(N)ncn1,c1cncnc1,197.0
O=C(O)CCN1C(=O)C=CC1=O,O=C1C=CC(=O)N1,104.5
CC1CC2CCC(O2)C(C)C(=O)OC(C)CC2CCC(O2)C(C)C(=O)OC(C)CC2CCC(O2)C(C)C(=O)OC(C)CC2CCC(O2)C(C)C(=O)O1,O=C1CC2CCC(CCOC(=O)CC3CCC(CCOC(=O)CC4CCC(CCOC(=O)CC5CCC(CCO1)O5)O4)O3)O2,147.5
CC(C)N(CCOP(C)OCCN(C(C)C)C(C)C)C(C)C,,77.5
BrC1Cc2ccccc2C1Br,c1ccc2c(c1)CCC2,32.0
ClC(Cl)(Cl)I,,-7.8
S=C(c1ccccc1)c1ccccc1,S=C(c1ccccc1)c1ccccc1,53.5
CC1(C)OC2CC3C4CCC5=CC(=O)C=CC5(C)C4C(O)CC3(C)C2(C(=O)CO)O1,O=C1C=CC2C(=C1)CCC1C2CCC2C1CC1OCOC12,274.0
CC12C=CC(=O)C=C1CCC1C2CCC2(C)C(O)CCC12,O=C1C=CC2C(=C1)CCC1C3CCCC3CCC21,165.0
CCNc1cccc(O)c1,c1ccccc1,62.0
CCC12CCCN3CCC4(c5cccc(OC)c5N(C(C)=O)C4CC1)C32,c1ccc2c(c1)NC1CCC3CCCN4CCC21C34,208.0
O=C(O)C1=CCCc2ccccc21,C1=Cc2ccccc2CC1,125.0
CCCCCCc1ccc2c(c1)CCC2,c1ccc2c(c1)CCC2,-34.0
CC(=O)OCC(=O)C1(O)CCC2C3CC(C)C4=CC(=O)C=CC4(C)C3C(O)CC21C,O=C1C=CC2C(=C1)CCC1C3CCCC3CCC21,206.5
c1cc2c(cc1OC1OCC3C(c4ccc5c(c4)OCO5)OCC13)OCO2,c1cc2c(cc1OC1OCC3C(c4ccc5c(c4)OCO5)OCC13)OCO2,93.5
C1=NN(c2ccccc2)CC1,C1=NN(c2ccccc2)CC1,52.0
c1ccc(C2=NNCC2)cc1,c1ccc(C2=NNCC2)cc1,45.8
CC(C)CCCCCCOC(=O)c1ccccc1C(=O)OCCCCCCC(C)C,c1ccccc1,-48.0
O=C(O)c1cc(O)c(O)c(=O)c(O)c1,O=c1cccccc1,317.0
COC(=O)CS(=O)(=O)c1ccc(Br)cc1,c1ccccc1,82.0
C=C(C)c1cc(=O)c(O)ccc1CC=C(C)C,O=c1cccccc1,71.5
O=C1C(=O)c2ccccc2C(Cl)=C1Cl,O=C1C=Cc2ccccc2C1=O,184.0
CC(=O)NC(Cc1ccc(O)cc1)C(N)=O,c1ccccc1,224.0
COc1cc(CCn2cccc2C(=O)O)cc(OC)c1OC,c1ccc(CCn2cccc2)cc1,132.0
CC1=CCC2C(C)(C)CCCC2(C)C12CCC(C)(CC(=O)O)O2,C1=CC2(CCCO2)C2CCCCC2C1,100.5
Clc1cc(Cl)c2ccccc2n1,c1ccc2ncccc2c1,67.5
CC12CCC(O)CC1CCC1C2CC(O)C2(C)C(C3=CC(=O)OC3)CCC12O,O=C1C=C(C2CCC3C2CCC2C4CCCCC4CCC23)CO1,222.0
CC12CCC(O)CC1CCC1C2CCC2(C)C(C3=CC(=O)OC3)C(O)CC12O,O=C1C=C(C2CCC3C2CCC2C4CCCCC4CCC23)CO1,234.0
CC1Cc2ccc(C(=O)NC(Cc3ccccc3)C(=O)O)c(O)c2C(=O)O1,O=C(NCCc1ccccc1)c1ccc2c(c1)C(=O)OCC2,221.0
COc1cc(CC2c3cc(OC)c(OC)cc3CCN2C)c(Oc2cc3c(cc2OC)-c2c(OC)c(OC)cc4c2C(C3)N(C)CC4)cc1OC,c1ccc(Oc2ccc3c(c2)CC2NCCc4cccc-3c42)c(CC2NCCc3ccccc32)c1,160.5
COc1cc2c(cc1OC)C(=O)NCC2,O=C1NCCc2ccccc21,175.0
Cc1c(Cl)cccc1Nc1ccccc1C(=O)O,c1ccc(Nc2ccccc2)cc1,207.25
c1ccc(-c2ncoc2-c2ccccc2)cc1,c1ccc(-c2ncoc2-c2ccccc2)cc1,44.0
COc1cc2c(c(O)c1OC)CCN(C)C2C,c1ccc2c(c1)CCNC2,151.5
Cc1ccc(O)c(I)c1,c1ccccc1,35.0
CC1CC(=O)CC2CCC3C4CCC(O)C4(C)CCC3C12C,O=C1CCC2C(CCC3C4CCCC4CCC23)C1,204.0
CC(C)(C)C(O)C(Cc1ccc(Cl)cc1)n1cncn1,c1ccc(CCn2cncn2)cc1,165.5
C=CCc1cc(OC)c(OC)c(OC)c1OC,c1ccccc1,25.0
CC12CCC(O)CC1CCC1C2C(=O)CC2(C)C1CCC2(O)C(=O)CO,O=C1CC2CCCC2C2CCC3CCCCC3C12,190.0
CC12CCC(O)CC1CCC1C2C(O)CC2(C)C1CCC2(O)C(=O)CO,C1CCC2C(C1)CCC1C3CCCC3CCC21,244.5
CC1=C2C3OC(=O)C(C)C3C(O)CC2(C)C=CC1=O,O=C1C=CC2CCC3CC(=O)OC3C2=C1,203.0
COc1ccc2c(c1)OC1c3ccc(O)cc3OCC21,c1ccc2c(c1)OC1c3ccccc3OCC21,128.0
CC(C)=CCCC(C)C1CCC2C3=CCC4CC(O)CCC4(C)C3CCC21C,C1=C2C3CCCC3CCC2C2CCCCC2C1,110.0
Cc1cc2c(cc1O)C1(C)CCCC(C)(C)C1CC2=O,O=C1CC2CCCCC2c2ccccc21,250.0
CC12CCC(=O)C=C1CCC1C2CCC2(C)C1CCC2(O)C(O)CO,O=C1C=C2CCC3C4CCCC4CCC3C2CC1,190.0
CC(=O)C1(O)C(O)CC2C3CCC4=CC(=O)CCC4(C)C3CCC21C,O=C1C=C2CCC3C4CCCC4CCC3C2CC1,225.0
CC(=O)C1CCC2C3CCC4=CC(=O)CCC4(C)C3C(=O)CC12C,O=C1C=C2CCC3C4CCCC4CC(=O)C3C2CC1,172.0
CC(=O)Oc1ccc2c(c1)CCC1C2CCC2(C)C(=O)C(OC(C)=O)CC12,O=C1CCC2C1CCC1c3ccccc3CCC12,179.5
CC(C)(C)CC(=O)OCC(=O)C12OC(C)(C)OC1CC1C3CCC4=CC(=O)C=CC4(C)C3(F)C(O)CC12C,O=C1C=CC2C(=C1)CCC1C2CCC2C1CC1OCOC12,295.0
CC(=O)OC1C(c2ccc(=O)oc2)C2(C)CCC3C(CCC4(O)CC(O)CCC34C)C23OC13,O=c1ccc(C2CC3OC34C2CCC2C3CCCCC3CCC24)co1,260.5
CN1CCC23C(=O)CC4C(=CCOC5CC(=O)N(c6c(O)cccc62)C3C54)C1,O=C1CC2OCC=C3CNCCC45C(=O)CC3C2C4N1c1ccccc15,282.0
CC=CC(=O)O,,72.0
CC=Cc1ccc(OC)c(OC)c1,c1ccccc1,18.0
CCCCC=CCCCC,,-112.0
BrC=CBr,,-53.0
CC(C=CC=C(C)C=CC1=C(C)CCCC1(C)C)=CC=O,C1=CCCCC1,63.0
CC=CC=CC,,-79.0
C1=CCCC=CCCC=CCC1,C1=CCCC=CCCC=CCC1,-17.0
O=C(O)C=CCl,,82.0
CC=CC(=O)OC,,-42.0
COc1cc(/C=C/[N+](=O)[O-])ccc1O,c1ccccc1,169.0
ClCC=Cc1ccccc1,c1ccccc1,-19.0
CN(C)c1ccc(/C=C/c2ccccc2)cc1,C(=Cc1ccccc1)c1ccccc1,150.0
Cc1ccc2cnccc2c1,c1ccc2cnccc2c1,85.5
O=C(O)C=C(Br)C(=O)O,,141.0
BrCC=CCBr,,53.4
CC=CC=CCO,,30.5
COc1ccc(/C=C/c2ccc(OC)cc2)cc1,C(=Cc1ccccc1)c1ccccc1,214.5
CCOC(=O)c1cc2ccccc2o1,c1ccc2occc2c1,30.5
C[C@@H]1CCC[C@@H](O)C1,C1CCCCC1,-0.5
C=CC=CC(=O)O,,79.0
CC(C)/C=C/C(=O)O,,35.0
CC(Cl)=CC(=O)O,,61.0
C/C(Cl)=C/C(=O)O,,61.0
CC=C/C=C/C,,-96.1
CC(=O)Nc1nc2c(ncn2COCCOC(C)=O)c(=O)[nH]1,O=c1[nH]cnc2[nH]cnc12,204.0
CCCc1cc(C(N)=S)ccn1,c1ccncc1,136.7
CN(C)CCC=C1c2ccccc2Sc2ccc(Cl)cc21,C=C1c2ccccc2Sc2ccccc21,97.5
CNC(=O)Oc1ccc2c(c1)[C@@]1(C)CCN(C)[C@H]1N2C,c1ccc2c(c1)NC1NCCC21,105.5
CCOC(=O)/C(C#N)=C/c1ccccc1,c1ccccc1,51.0
ClC(=C(Cl)c1ccccc1)c1ccccc1,C(=Cc1ccccc1)c1ccccc1,143.5
S=C(Nc1ccccc1)c1ccccc1,S=C(Nc1ccccc1)c1ccccc1,102.0
O=C(O)/C=C/c1cccc([N+](=O)[O-])c1,c1ccccc1,179.0
Cc1ccc(NC(=S)Nc2ccc(C)cc2)cc1,S=C(Nc1ccccc1)Nc1ccccc1,183.0
O=C1O/C(=C/c2ccccc2)c2ccccc21,O=C1OC(=Cc2ccccc2)c2ccccc21,100.5
CN1CCCN=C1/C=C/c1cccs1,C(=Cc1cccs1)C1=NCCCN1,178.5
COc1ccc(/C=C/C(=O)O)cc1OC,c1ccccc1,182.0
CCOc1ccc2[nH]c(=S)sc2c1,S=c1[nH]c2ccccc2s1,199.0
O=C(O)/C=C/c1cccc(C(F)(F)F)c1,c1ccccc1,136.0
COc1ccccc1NC(N)=S,c1ccccc1,156.0
O=C(O)/C=C/c1ccccc1F,c1ccccc1,179.0
CC(=O)/C=C/c1ccco1,c1ccoc1,39.5
CCOC(=O)c1c[nH]c(=S)[nH]c1=O,O=c1cc[nH]c(=S)[nH]1,252.0
NC(=S)Nc1ccccc1Cl,c1ccccc1,146.0
CC(=S)Nc1ccccc1,c1ccccc1,77.5
COC(=O)CS(=O)(=O)c1ccc(Cl)cc1,c1ccccc1,85.0
O=C(O)c1cccc2c(Cl)cccc12,c1ccc2ccccc2c1,245.0
C/C(=C/c1ccccc1)c1ccccc1,C(=Cc1ccccc1)c1ccccc1,82.0
C=C(C)C(=O)C(=CC(=O)O)OC,,83.0
O=C(/C=C/c1ccco1)/C=C/c1ccco1,O=C(C=Cc1ccco1)C=Cc1ccco1,60.5
O=C1CNC(=S)N1,O=C1CNC(=S)N1,230.0
Cc1cccc(C(=O)N(NC(=O)c2ccccc2)C(C)(C)C)c1,O=C(NNC(=O)c1ccccc1)c1ccccc1,211.0
CCOC(=O)COc1cccc2ccccc12,c1ccc2ccccc2c1,56.5
CC=Cc1ccc(OC)cc1,c1ccccc1,21.35
Nc1ccc(/C=C/C(=O)O)cc1,c1ccccc1,121.5
O=CC=Cc1ccco1,c1ccoc1,54.0
COc1ccccc1C=C(C(=O)O)c1ccccc1,C(=Cc1ccccc1)c1ccccc1,158.0
COc1cc(C=C2CCCC(=Cc3ccc(O)c(OC)c3)C2=O)ccc1O,O=C1C(=Cc2ccccc2)CCCC1=Cc1ccccc1,178.5
N#CC=Cc1ccccc1,c1ccccc1,22.0
O=C(/C=C/c1ccccc1)NCCO,c1ccccc1,101.0
CCCCCC/C(C=O)=C\c1ccccc1,c1ccccc1,39.2
O=C(/C=C/c1ccccc1)OCC=Cc1ccccc1,O=C(C=Cc1ccccc1)OCC=Cc1ccccc1,44.0
O=C(O)C(F)=Cc1ccccc1,c1ccccc1,157.5
CC(C)(C)C(=O)/C=C/c1ccccc1,c1ccccc1,43.0
CCCCCC(C=O)=Cc1ccccc1,c1ccccc1,80.0
CC=CC=CCCCCCCCO,,32.0
OCCNC(=S)C(=S)NCCO,,93.35
O=C(OCC(=O)N1CCCCCC1)c1ccccc1,O=C(OCC(=O)N1CCCCCC1)c1ccccc1,107.5
CC(C)(C)NC(=O)COC(=O)c1ccccc1,c1ccccc1,112.5
CC(=O)NC(N)=S,,165.0
CNC(=S)NC,,62.0
S=C1NCCN1,S=C1NCCN1,203.0
S=c1cccc[nH]1,S=c1cccc[nH]1,129.0
CNC(N)=S,,120.0
S=C1NCCCN1,S=C1NCCCN1,211.0
CS(C)(C)I,,217.5
Oc1cc(F)cc(F)c1F,c1ccccc1,29.0
Cc1ccc(Br)cc1N,c1ccccc1,33.0
C=CCN=C(S)NCCO,,78.0
CNC(=S)NCc1ccccc1,c1ccccc1,75.0
Oc1cccc(S)c1,c1ccccc1,16.5
FC(F)I,,-122.0
CC(=O)NC1CC(C)(C)N(O)C(C)(C)C1,C1CCNCC1,145.0
FC(F)(F)C(F)(F)C(F)(F)C(F)(F)C(F)(F)C(F)(F)C(F)(F)C(F)(F)C(F)(F)C(F)(F)C(F)(F)C(F)(F)C(F)(F)C(F)(F)C(F)(F)C(F)(F)C(F)(F)C(F)(F)C(F)(F)C(F)(F)C(F)(F)C(F)(F)C(F)(F)C(F)(F)F,,189.0
F/C(Cl)=C(\Cl)C(F)(F)F,,-137.0
Cc1ccccc1NC(N)=S,c1ccccc1,162.0
NC(=S)NS(=O)(=O)c1ccc(N)cc1,c1ccccc1,179.0
CCC1CN2CCC3(C(=O)Nc4ccccc43)C2CC1C(=COC)C(=O)OC,O=C1Nc2ccccc2C12CCN1CCCCC12,216.0
CC(=O)O[C@H]1C[C@@]2(C)[C@@H](C[C@@H](O)C3[C@]2(C)CC[C@H]2[C@H](C)[C@H](O)CC[C@]32C)C1=C(CCC=C(C)C)C(=O)O,C=C1CCC2C1CCC1C3CCCCC3CCC21,192.5
CC(C)CCOc1ccc(NC(=S)Nc2ccc(OCCC(C)C)cc2)cc1,S=C(Nc1ccccc1)Nc1ccccc1,146.0
S=C1CCCCCN1,S=C1CCCCCN1,108.5
NC=S,,26.5
CC(=O)OCCOCn1cnc2c(=O)[nH]c(N)nc21,O=c1[nH]cnc2[nH]cnc12,242.0
CCCCCCCCCCCCCC(=O)OCc1ccccc1,c1ccccc1,20.5
O=C1OC(=O)c2c1ccc(Cl)c2Cl,O=C1OC(=O)c2ccccc21,121.0
CCCCCCN1CC(C(=O)O)CC1=O,O=C1CCCN1,42.5
O=C(O)CN=C(S)C(=S)NCC(=O)O,,220.5
F/C(Cl)=C(/F)Cl,,-130.5
CCNC(N)=S,,112.0
CCOC(N)=S,,41.0
CCC(C)C1(CC)C(=O)NC(=S)NC1=O,O=C1CC(=O)NC(=S)N1,169.0
ClCC(Cl)/C(Cl)=C(\Cl)C(Cl)CCl,,58.5
S=C1NC(=S)C(c2ccccc2)(c2ccccc2)N1,S=C1NC(=S)C(c2ccccc2)(c2ccccc2)N1,263.0
FC(F)(F)C(Cl)=C(Cl)C(F)(F)F,,-67.3
CCN(CC)C(=O)C(Cl)=C(C)OP(=O)(OC)OC,,-45.0
O=C(CCCN1CCC(n2c(=S)[nH]c3ccccc32)CC1)c1ccc(F)cc1,O=C(CCCN1CCC(n2c(=S)[nH]c3ccccc32)CC1)c1ccccc1,202.0
CCOC(=O)c1nc(C(Cl)(Cl)Cl)n(-c2ccc(Cl)cc2Cl)n1,c1ccc(-n2cncn2)cc1,110.0
O=C(NC(Cc1ccccc1)c1ccccc1)c1cccnc1,O=C(NC(Cc1ccccc1)c1ccccc1)c1cccnc1,159.0
Fc1ccc(NC(=S)Nc2cc(Cl)cc(Cl)c2)cc1,S=C(Nc1ccccc1)Nc1ccccc1,163.5
S=C(Nc1cccc2ccccc12)Nc1cccc2ccccc12,S=C(Nc1cccc2ccccc12)Nc1cccc2ccccc12,207.5
FC(=C(F)C(F)(F)F)C(F)(F)F,,-129.0
CC12CC(=CO)C(=O)CC1CCC1C2CCC2(C)C1CCC2(C)O,C=C1CC2C(CCC3C4CCCC4CCC23)CC1=O,187.5
CCOC(=O)Cn1c(=O)sc2cccc(Cl)c21,O=c1[nH]c2ccccc2s1,79.2
CC(C)c1cc(Oc2ccccc2)cc(C(C)C)c1NC(=S)NC(C)(C)C,c1ccc(Oc2ccccc2)cc1,146.0
CC1(C)CC(NC(=O)NP(=O)(N2CC2)N2CC2)CC(C)(C)N1[O],O=C(NC1CCNCC1)NP(=O)(N1CC1)N1CC1,102.5
Cc1cc(Cl)ccc1NC(=S)N(C)C,c1ccccc1,175.0
C=CC1CNC(=S)O1,S=C1NCCO1,50.0
COC(=O)C(C)=COP(=O)(OC)OC,,5.9
CC(=C(CCO)SS/C(CCO)=C(/C)N(C=O)Cc1cnc(C)nc1N)N(C=O)Cc1cnc(C)nc1N,C(=CSSC=CNCc1cncnc1)NCc1cncnc1,177.0
CCC(OC(N)=O)C1CCCCC1,C1CCCCC1,128.5
CCCCCCN1CC(C(=O)OC)CC1=O,O=C1CCCN1,4.0
CCN(C(=O)n1nnn(-c2ccccc2Cl)c1=O)C1CCCCC1,O=C(NC1CCCCC1)n1nnn(-c2ccccc2)c1=O,79.0
CC(C)OC(=O)c1cc(-c2nn(C)c(C(F)(F)F)c2Br)c(F)cc1Cl,c1ccc(-c2cc[nH]n2)cc1,80.0
FC(F)(Cl)CBr,,-76.0
OCCCCCCCCCCl,,28.0
CC(C)(OC1CCCCC1)C(=O)O,C1CCCCC1,75.0
CC(C)(C(N)=O)n1nnc2ccccc21,c1ccc2[nH]nnc2c1,187.0
O=C(CO)C(O)C(OC1OC(CO)C(O)C(O)C1O)C(O)CO,C1CCOCC1,169.0
CC(=O)C12OC(C)(c3ccccc3)OC1CC1C3CCC4=CC(=O)CCC4(C)C3CCC12C,O=C1C=C2CCC3C(CCC4C3CC3OC(c5ccccc5)OC34)C2CC1,150.5
Fc1ccc(Oc2ccnc3cc(Cl)cc(Cl)c23)cc1,c1ccc(Oc2ccnc3ccccc23)cc1,106.7
CC(C)(C)CC(C)(C)Nc1ncnc(N(CCCCCCNC2CC(C)(C)NC(C)(C)C2)C2CC(C)(C)NC(C)(C)C2)n1,c1ncnc(N(CCCCCCNC2CCNCC2)C2CCNCC2)n1,138.0
O=[N+]=O,,-9.3
O=C=Nc1ccc(-c2ccccc2)cc1,c1ccc(-c2ccccc2)cc1,56.0
CCOc1ccccc1OS(=O)(=O)NC(=O)Nc1nc(OC)cc(OC)n1,O=C(Nc1ncccn1)NS(=O)(=O)Oc1ccccc1,145.0
CC(C)(C(=O)O)n1nnc2ccccc21,c1ccc2[nH]nnc2c1,181.5
COc1cc(C=O)ccc1OC1OC(CO)C(O)C(O)C1O,c1ccc(OC2CCCCO2)cc1,189.0
C=C(C)C1Cc2c(cc(O)c3c2OC2COc4cc(OC)c(OC)cc4C2C3=O)O1,O=C1c2ccc3c(c2OC2COc4ccccc4C12)CCO3,195.0
CC(NC(CCc1ccccc1)C(=O)O)C(=O)N1CCCC1C(=O)O,O=C(CNCCCc1ccccc1)N1CCCC1,149.5
c1ccc2c(c1)nnn2C1CCCCC1,c1ccc2c(c1)nnn2C1CCCCC1,104.5
CCC(C(N)=O)n1nnc2ccccc21,c1ccc2[nH]nnc2c1,143.0
O=Cc1ccccc1OC1OC(CO)C(O)C(O)C1O,c1ccc(OC2CCCCO2)cc1,175.0
CCCCCCCCCCCCCCCCCC(=O)OCC(O)C1OCC(O)C1O,C1CCOC1,57.0
CCCCC(=O)OCC(=O)C1(O)Cc2c(O)c3c(c(O)c2C(OC2CC(NC(=O)C(F)(F)F)C(O)C(C)O2)C1)C(=O)c1c(OC)cccc1C3=O,O=C1c2ccccc2C(=O)c2cc3c(cc21)CCCC3OC1CCCCO1,135.5
c1ccc2nn(C3CCCCC3)nc2c1,c1ccc2nn(C3CCCCC3)nc2c1,46.5
CC(=O)OC1(C(C)=O)CCC2C3CCC4=CC(=O)CCC4(C)C3(F)C(O)CC21C,O=C1C=C2CCC3C4CCCC4CCC3C2CC1,267.5
C=CC1CNCCC1CCC(=O)c1ccnc2ccc(OC)cc12,O=C(CCC1CCNCC1)c1ccnc2ccccc12,60.0
O=[N+]([O-])c1ccc(Nc2ccc(O)cc2)c([N+](=O)[O-])c1,c1ccc(Nc2ccccc2)cc1,194.0
O=c1ccn(C2CC(F)C(CO)O2)c(=O)[nH]1,O=c1ccn(C2CCCO2)c(=O)[nH]1,186.0
O=[N+]([O-])c1cc([N+](=O)[O-])c(Cl)cc1O,c1ccccc1,92.0
CC12CCC3c4ccc(OC(=O)Cc5ccc(N(CCCl)CCCl)cc5)cc4CCC3C1CCC2OC(=O)Cc1ccc(N(CCCl)CCCl)cc1,O=C(Cc1ccccc1)Oc1ccc2c(c1)CCC1C2CCC2C(OC(=O)Cc3ccccc3)CCC21,52.5
CC12CCC(O)CC1CCC1C2C(O)CC2(C)C(C3=CC(=O)OC3)CCC12O,O=C1C=C(C2CCC3C2CCC2C4CCCCC4CCC23)CO1,280.0
CC1(C)C=Cc2c(ccc3c2OC2c4ccc(O)cc4OCC32)O1,C1=Cc2c(ccc3c2OC2c4ccccc4OCC32)OC1,177.5
Nc1c(O)cccc1[N+](=O)[O-],c1ccccc1,216.5
CC(C)=NN(c1ccccc1)P(=O)(N1CC1)N1CC1,O=P(Nc1ccccc1)(N1CC1)N1CC1,120.5
N=C(NN)N[N+](=O)[O-],,185.0
CCC(c1ccc(O)cc1)c1ccc(O)cc1,c1ccc(Cc2ccccc2)cc1,132.0
Nc1ccc(Nc2ccc([N+](=O)[O-])cc2[N+](=O)[O-])cc1,c1ccc(Nc2ccccc2)cc1,188.0
NS(=O)(=O)c1ccc(SCCO)cc1,c1ccccc1,111.5
CC12CCC(=O)C=C1CCC1C2C(=O)CC2(C)C1CCC2(O)C(O)CO,O=C1C=C2CCC3C4CCCC4CC(=O)C3C2CC1,208.5
Nc1cccc([N+](=O)[O-])c1N,c1ccccc1,158.0
O=C(O)c1c(Br)cccc1Br,c1ccccc1,150.5
CC(C)(C)OC(=O)C(Cl)(Cl)Cl,,25.5
Nc1ccc(N)c2c1C(=O)c1cccc([N+](=O)[O-])c1C2=O,O=C1c2ccccc2C(=O)c2ccccc21,257.0
CC(C)=NN(C)P(=O)(N1CC1)N1CC1,O=[PH](N1CC1)N1CC1,92.5
CC(C)(C#N)OC1OC(CO)C(O)C(O)C1O,C1CCOCC1,145.0
C=C1CC2C(CCC3(C)C(=O)CCC23)C2(C)C=CC(=O)C=C12,C=C1CC2C(CCC3C(=O)CCC32)C2C=CC(=O)C=C12,189.5
COC1CC(O)OC(C)C1O,C1CCOCC1,101.0
CC1(C)CCC2(C(=O)O)CCC3(C)C(=CCC4C5(C)CCC(O)C(C)(C=O)C5CCC43C)C2C1,C1=C2C3CCCCC3CCC2C2CCC3CCCCC3C2C1,275.0
CC1(C)CCC2(C(=O)O)C(O)CC3(C)C(=CCC4C5(C)CCC(O)C(C)(C=O)C5CCC43C)C2C1,C1=C2C3CCCCC3CCC2C2CCC3CCCCC3C2C1,294.0
COc1cc2c(cc1OC)C1(O)C(=O)c3ccc4c(c3OC1CO2)C=CC(C)(C)O4,O=C1c2ccc3c(c2OC2COc4ccccc4C12)C=CCO3,198.0
CC1C(c2ccc(Cl)cc2)SC(=O)N1C(=O)NC1CCCCC1,O=C(NC1CCCCC1)N1CC(c2ccccc2)SC1=O,108.25
CC1=C(O)C(=O)C2OC2C1=O,O=C1C=CC(=O)C2OC12,127.0
CC1CC2C3CCC4=CC(=O)C=CC4(C)C3(F)C(O)CC2(C)C1(O)C(=O)CCl,O=C1C=CC2C(=C1)CCC1C3CCCC3CCC21,196.25
C#CC1(O)CCC2C3CCC4=CCCCC4C3C(=C)CC21CC,C=C1CC2CCCC2C2CCC3=CCCCC3C12,109.5
NS(=O)(=O)c1ccc(SCCO)c([N+](=O)[O-])c1,c1ccccc1,151.0
O=C1C(CCC(O)c2ccc(F)cc2)C(c2ccc(O)cc2)N1c1ccc(F)cc1,O=C1C(CCCc2ccccc2)C(c2ccccc2)N1c1ccccc1,165.0
Nc1ccc([N+](=O)[O-])cc1O,c1ccccc1,208.5
OCC1OC(OC2(CCl)OC(CCl)C(O)C2O)C(O)C(O)C1Cl,C1CCC(OC2CCCO2)OC1,130.0
O=C1CN(c2ccccc2)C(=S)N1,O=C1CN(c2ccccc2)C(=S)N1,160.0
COc1ccc2c(c1O)C13CCN(C)C(C2)C1C=CC(=O)C3,O=C1C=CC2C3Cc4ccccc4C2(CCN3)C1,151.5
NC(=O)COC(=O)c1ccccc1,c1ccccc1,121.0
CCCCC(=O)OC1(C(=O)CO)CCC2C3CCC4=CC(=O)CCC4(C)C3C(O)CC21C,O=C1C=C2CCC3C4CCCC4CCC3C2CC1,218.5
CC#CC1(O)CCC2C3CC(C)C4=CC(=O)CCC4(C)C3CCC21C,O=C1C=C2CCC3C4CCCC4CCC3C2CC1,102.0
CCCCOC(=O)/C=C/C(=O)OCCCC,,-85.0
NC(=O)/C=C/c1ccccc1,c1ccccc1,149.0
COc1cc2ccc(=O)oc2c(O)c1O,O=c1ccc2ccccc2o1,231.0
O=c1c(O)c(-c2ccc(O)c(O)c2)oc2cc(O)cc(O)c12,O=c1cc(-c2ccccc2)oc2ccccc12,316.5
COc1ccc(-c2coc3cc(O)ccc3c2=O)cc1,O=c1c(-c2ccccc2)coc2ccccc12,256.5
COc1ccc(-c2cc(=O)c3c(O)cc(O)cc3o2)cc1,O=c1cc(-c2ccccc2)oc2ccccc12,263.0
O=c1cc(-c2ccc(O)cc2)oc2cc(O)cc(O)c12,O=c1cc(-c2ccccc2)oc2ccccc12,347.5
COc1cc2ccc(=O)oc2cc1O,O=c1ccc2ccccc2o1,204.0
CCCCCCCCCCCCCCCC(=O)OCC=C(C)C=CC=C(C)C=CC1=C(C)CCCC1(C)C,C1=CCCCC1,28.5
COc1cc(C=CC=O)ccc1O,c1ccccc1,84.0
O=c1ccc2ccc(O)c(O)c2o1,O=c1ccc2ccccc2o1,262.0
CCCCCCCCC=CCCCCCCCC(=O)OC,,-19.9
CC=CCC(C)C(O)C1C(=O)NC(CC)C(=O)N(C)CC(=O)N(C)C(CC(C)C)C(=O)NC(C(C)C)C(=O)N(C)C(CC(C)C)C(=O)NC(C)C(=O)NC(C)C(=O)N(C)C(CC(C)C)C(=O)N(C)C(CC(C)C)C(=O)N(C)C(C(C)C)C(=O)N1C,O=C1CNC(=O)CNC(=O)CNC(=O)CNC(=O)CNC(=O)CNC(=O)CNC(=O)CNC(=O)CNC(=O)CNC(=O)CN1,149.5
CC(C=CC=C(C)C=CC1=C(C)C=CCC1(C)C)=CC=O,C1=CCCC=C1,77.5
COc1c(C)c2c(c(O)c1CC=C(C)CCC(=O)OCCN1CCOCC1)C(=O)OC2,O=C(CCC=CCc1ccc2c(c1)C(=O)OC2)OCCN1CCOCC1,93.5
CCCC(O)C=CC=CC=CC#CC#CCCCO,,54.0
O=c1ccc2cc(O)c(O)cc2o1,O=c1ccc2ccccc2o1,276.0
COc1ccc(/C=C/c2cc(OC)cc(=O)o2)cc1,O=c1cccc(C=Cc2ccccc2)o1,156.0
COc1ccc(-c2cc(=O)c3c(O)cc(O)cc3o2)cc1O,O=c1cc(-c2ccccc2)oc2ccccc12,253.5
O=c1c(O)c(-c2ccc(O)c(O)c2)oc2cc(O)ccc12,O=c1cc(-c2ccccc2)oc2ccccc12,330.0
COc1cc(O)c2c(=O)c3cc(O)ccc3oc2c1,O=c1c2ccccc2oc2ccccc12,266.5
O=c1c(O)c(-c2ccc(O)cc2O)oc2cc(O)cc(O)c12,O=c1cc(-c2ccccc2)oc2ccccc12,303.5
O=c1c(O)c(-c2cc(O)c(O)c(O)c2)oc2cc(O)cc(O)c12,O=c1cc(-c2ccccc2)oc2ccccc12,357.0
COc1cc(O)c2c(=O)c(O)c(-c3ccc(O)c(O)c3)oc2c1,O=c1cc(-c2ccccc2)oc2ccccc12,295.0
CC=Cc1cc(OC)c(OC)cc1OC,c1ccccc1,62.5
COc1cc(O)c2c(=O)c(-c3ccc(O)cc3)coc2c1,O=c1c(-c2ccccc2)coc2ccccc12,239.5
CC(=O)c1c(O)c(C)c(O)c(Cc2c(O)c3c(c(C(=O)/C=C/c4ccccc4)c2O)OC(C)(C)C=C3)c1O,O=C(C=Cc1ccccc1)c1cc(Cc2ccccc2)cc2c1OCC=C2,212.0
Cc1c(COC(=O)C2C(C=C(Cl)C(F)(F)F)C2(C)C)cccc1-c1ccccc1,O=C(OCc1cccc(-c2ccccc2)c1)C1CC1,69.0
CC1(C)C(C=C(Cl)C(F)(F)F)C1C(=O)OC(C#N)c1cccc(Oc2ccccc2)c1,O=C(OCc1cccc(Oc2ccccc2)c1)C1CC1,49.2
Cc1c(F)c(F)c(COC(=O)C2C(C=C(Cl)C(F)(F)F)C2(C)C)c(F)c1F,O=C(OCc1ccccc1)C1CC1,44.6
CC1(C)CNC(=NN=C(C=Cc2ccc(C(F)(F)F)cc2)/C=C/c2ccc(C(F)(F)F)cc2)NC1,C(=Cc1ccccc1)C(C=Cc1ccccc1)=NN=C1NCCCN1,190.0
COc1ccc(/C=C/C(=O)Nc2ccccc2C(=O)O)cc1OC,O=C(C=Cc1ccccc1)Nc1ccccc1,212.0
CN(C)CCC=C1c2ccccc2CSc2ccccc21,C=C1c2ccccc2CSc2ccccc21,56.0
Cc1ccc(C(=CCN2CCCC2)c2ccccn2)cc1,C(CN1CCCC1)=C(c1ccccc1)c1ccccn1,60.0
CCCC=CC(=O)O,,36.5
CCC=CCC(=O)O,,12.0
CCCCC=CC(=O)O,,-19.0
CCCCCCCC=CC(=O)O,,12.0
CCCCCCC=CCC(=O)O,,18.0
CCCCCCCCCC=CC(=O)O,,17.1
CCCCCCC=CCCCCCCCC(=O)O,,-0.1
CCCCCCCCCCC/C=C/CCCCC(=O)O,,29.8
CCCCCCCCCC=CCCCCCCC(=O)O,,44.0
CCCCCC=CC=CC(=O)O,,49.5
CCCCC=CC=CC=CCCCCCCCC(=O)O,,71.5
CCCCCCC(O)CC=CCCCCCCCC(=O)O,,5.5
O=C(O)/C=C/CCCCCCCCC(=O)O,,165.5
CCC=CC=CC=O,,84.5
CC=CC=CC=CC=O,,56.8
CC=CCl,,-134.8
COP(=O)(OC)OC(=CCl)c1cc(Cl)c(Cl)cc1Cl,c1ccccc1,96.0
C=C1CC[C@@]2(O)[C@H]3Cc4ccc(O)c5c4[C@@]2(CCN3CC2CC2)[C@H]1O5,C=C1CCC2C3Cc4cccc5c4C2(CCN3CC2CC2)C1O5,107.5
Cc1cnc(C(=O)O)c[n+]1[O-],c1c[nH+]ccn1,178.5
CCCCCC=CCC=CCC=CCC=CCCCC(=O)O,,-49.5
CCC(/C=C/C(C)C1CCC2C3=CCC4CC(O)CCC4(C)C3CCC21C)C(C)C,C1=C2C3CCCC3CCC2C2CCCCC2C1,168.5
C=C1CCC(O)CC1=CC=C1CCCC2(C)C1CCC2C(C)/C=C/C(C)C(C)C,C=C1CCCCC1=CC=C1CCCC2CCCC12,116.5
O=C1CCCCCCCC=CCCCCCCC1,O=C1CCCCCCCC=CCCCCCCC1,32.5
O=C(O)C=Cc1cccc(O)c1,c1ccccc1,211.5
Cc1cc(=O)oc2cc(O)c(O)cc12,O=c1ccc2ccccc2o1,275.0
CC(C)C(C)/C=C/C(C)C1CCC2C3=CC=C4CC(O)CCC4(C)C3CCC21C,C1=C2CCCCC2C2CCC3CCCC3C2=C1,118.0
COc1ccc(-c2cc(=O)c3c(O)c(OC)c(O)cc3o2)cc1,O=c1cc(-c2ccccc2)oc2ccccc12,221.0
O=C1/C(=C\c2ccc(O)c(O)c2)Oc2cc(O)ccc21,O=C1C(=Cc2ccccc2)Oc2ccccc21,303.0
CC=CC=CC(=O)OC,,15.0
CC=NO,,45.0
CCC=NO,,40.0
ON=Cc1ccccc1,c1ccccc1,35.0
N#CCC=CCC#N,,76.0
N#CC=Cc1ccco1,c1ccoc1,38.0
O=C(N/N=C/c1ccc([N+](=O)[O-])o1)c1ccc(O)cc1,O=C(NN=Cc1ccco1)c1ccccc1,298.0
COC1C(O)C(C)OC(OC2C(Oc3cccc4c(O)c5c(=O)oc6ccc(C)c7c(=O)oc(c34)c5c67)OC(C)C(O)C2O)C1O,O=c1oc2c3c(OC4OCCCC4OC4CCCCO4)cccc3cc3c(=O)oc4cccc1c4c32,185.0
CC(C)C(C)C=CC(C)C1CCC2C3=CC=C4CC(O)CCC4(C)C3CCC21C,C1=C2CCCCC2C2CCC3CCCC3C2=C1,94.0
CC1OC(OCC2OC(Oc3c(-c4ccc(O)cc4)oc4cc(OC5OC(C)C(O)C(O)C5O)cc(O)c4c3=O)C(O)C(O)C2O)C(O)C(O)C1O,O=c1c(OC2CCCC(COC3CCCCO3)O2)c(-c2ccccc2)oc2cc(OC3CCCCO3)ccc12,250.0
COc1ccc(/C=C/NC=O)cc1,c1ccccc1,132.5
CC=CCC=CCCC(=O)C1OC1C(N)=O,C1CO1,93.5
CCCCCC(O)/C=C/C1C(O)CC(O)C1C/C=C/CCCC(=O)O,C1CCCC1,30.0
COC1C(OC(=O)C=CC=CC=CC=CC(=O)O)CCC2(CO2)C1C1(C)OC1CC=C(C)C,C1CCC2(CO2)C(C2CO2)C1,194.5
COC1C(OC(C)=O)CC(=O)OC(C)CC=CC=CC(O)C(C)CC(CC=O)C1OC1OC(C)C(OC2CC(C)(O)C(OC(=O)CC(C)C)C(C)O2)C(N(C)C)C1O,O=C1CCCC(OC2CCC(OC3CCCCO3)CO2)CCCCC=CC=CCCO1,131.5
Cc1ccsc1/C=C/C1=NCCCN1C,C(=Cc1cccs1)C1=NCCCN1,240.0
CC1OC(Oc2c(-c3ccc(O)c(O)c3)oc3cc(O)cc(O)c3c2=O)C(O)C(O)C1O,O=c1c(OC2CCCCO2)c(-c2ccccc2)oc2ccccc12,170.0
CCCCCCCCCCCCCC=CC(O)C(N)CO,,67.0
CC=C(C)c1ccccc1,c1ccccc1,-23.5
O=C/C=C/c1ccc([N+](=O)[O-])cc1,c1ccccc1,141.5
CCCCCCC=NO,,57.5
COc1cc(/C=C/C(C)=O)ccc1O,c1ccccc1,129.0
CC=Cc1ccc(OCC)c(O)c1,c1ccccc1,87.0
CC=C(CC)C(=O)NC(N)=O,,198.0
CCC(=O)/C=C/c1ccccc1,c1ccccc1,38.5
CC(C)CC(=O)/C=C/c1ccccc1,c1ccccc1,43.0
O=COCC=Cc1ccccc1,c1ccccc1,0.0
CC=C(C)C(=O)O[C@H]1CCN2CC=C(COC(=O)C(O)(C(C)OC)C(C)(C)O)[C@H]12,C1=CC2CCCN2C1,95.0
O=C(/C=C/C(=O)Oc1ccccc1)Oc1ccccc1,O=C(C=CC(=O)Oc1ccccc1)Oc1ccccc1,73.0
COC(=O)/C=C(\C)OP(=O)(OC)OC,,13.95
O=C(O)/C=C/C=C/C(=O)O,,301.0
CC1C(=CC(=O)OCCN(C)C)CCC2C1C(=O)CC1C(C)(C)C(O)CCC21C,C=C1CCC2C(C1)C(=O)CC1CCCCC12,142.5
CCCC=CC(C)C,,-107.5
CC(C)CC=NO,,48.5
BrCC=Cc1ccccc1,c1ccccc1,34.0
CCCC=CCCCCCC,,-97.0
CCOC(=O)/C=C/C(=O)O,,70.0
CNC(=O)ON=C(C)C(C)SC,,25.0
Nc1ccc([N+](=O)[O-])c2c1C(=O)c1c(Cl)ccc(Cl)c1C2=O,O=C1c2ccccc2C(=O)c2ccccc21,307.0
CCNC(=O)NC(=O)C(C#N)=NOC,,160.5
NC(=O)/C=C/C(=O)O,,172.5
C=CC=CC#N,,-60.0
CC=CCCC=CC,,-76.0
CCCCC=CCCCCC,,-106.5
CC=CCCCCCCCC,,-66.5
CCC(/C=C/C(C)C1CCC2C3CC=C4CC(O)CCC4(C)C3CCC12C)C(C)C,C1=C2CCCCC2C2CCC3CCCC3C2C1,170.0
CCCCCCCCC=CCCCCCCCC(=O)OCC(COC(=O)CCCCCCCC=CCCCCCCCC)OC(=O)CCCCCCCC=CCCCCCCCC,,-32.0
CC=C(C)Cl,,-19.0
CCCCCCCCC=CCCCCCCCC(=O)OCC(O)CO,,35.0
CNC(=O)ON=C(CSC)C(C)(C)C,,57.0
CC=C(CC)C(C)C(=O)CC,,74.5
CNC(=O)ON=C1C(Cl)C2CC(C#N)C1C2,N=C1CC2CCC1C2,143.5
C=CCC=CC,,-138.7
CC=CC(=O)OC1CC2OC3C=C(C)C(=O)CC3(C)C1(C)C21CO1,O=C1C=CC2OC3CCC(C2C1)C31CO1,118.0
CC=CC(C)C(C)C=CC,,-64.8
CCC=C(C)C(=O)O,,24.4
C#CC=CC=C,,-81.0
C1=CC=CCCC=C1,C1=CC=CCCC=C1,-83.0
C1=CCCCC=CC1,C1=CCCCC=CC1,-70.0
C=CC=CC=C,,-12.0
CC=NNc1ccc([N+](=O)[O-])cc1[N+](=O)[O-],c1ccccc1,166.5
CC=CC=C(C)C,,-74.2
O=[N+]([O-])c1ccccc1/C=C/c1ccccc1,C(=Cc1ccccc1)c1ccccc1,73.0
CC=C(C)C=CC=C(C)C,,-20.6
COC1=CC(=O)OC(/C=C/c2ccccc2)C1,O=C1C=CCC(C=Cc2ccccc2)O1,105.5
CCON=C(OC(=O)c1ccccc1)c1c(OC)ccc(Cl)c1OC,N=C(OC(=O)c1ccccc1)c1ccccc1,73.0
CCCCC(CC)COC(=O)/C=C/C(=O)OCC(CC)CCCC,,-10.0
O=C(O)/C=C/C=C/c1ccc2c(c1)OCO2,c1ccc2c(c1)OCO2,215.0
CC(/C=C/c1ccccc1)c1ccccc1,C(=Cc1ccccc1)Cc1ccccc1,47.5
CC(C(O)c1ccccc1)N(C)C/C=C/c1ccccc1,C(=Cc1ccccc1)CNCCc1ccccc1,75.0
CCC=Cc1ccccc1,c1ccccc1,-43.1
O=C(O)CC=Cc1ccccc1,c1ccccc1,87.0
CNC(=O)C=C(C)OP(=O)(OC)OC,,55.0
C/C(=C\c1ccccc1)CC(N)=O,c1ccccc1,133.0
CCOCCOC(=O)/C=C/c1ccc(OC)cc1,c1ccccc1,-25.0
CC=Cc1cccc(OC)c1O,c1ccccc1,81.0
O=[N+]([O-])c1ccc(/C=N/O)cc1,c1ccccc1,128.0
CC1(C)C(C=C2CCSC2=O)C1C(=O)OCc1coc(Cc2ccccc2)c1,O=C1SCCC1=CC1CC1C(=O)OCc1coc(Cc2ccccc2)c1,31.0
ClC(=Cc1ccccc1)c1ccccc1,C(=Cc1ccccc1)c1ccccc1,53.5
CC=Cc1cc2c(c(=O)o1)C(=O)C(O)C(C)O2,O=C1CCOc2ccoc(=O)c21,221.5
C(=Cc1ccccn1)c1ccccn1,C(=Cc1ccccn1)c1ccccn1,118.5
NN=C1c2ccccc2C(=O)C1C(=O)C(c1ccccc1)c1ccccc1,N=C1c2ccccc2C(=O)C1C(=O)C(c1ccccc1)c1ccccc1,242.0
CC(C=CC1(O)C(C)=CC(=O)CC1(C)C)=CC(=O)O,O=C1C=CCCC1,160.0
Clc1ccc(CC(=CCN2CCCC2)c2ccccc2)cc1,C(CN1CCCC1)=C(Cc1ccccc1)c1ccccc1,48.5
Cc1ccccc1/C=C/c1ccccc1C,C(=Cc1ccccc1)c1ccccc1,83.0
CCOP(=O)(OCC)OC(=CCl)c1ccc(Cl)cc1Cl,c1ccccc1,-20.0
O=C1/C(=C2\Sc3ccccc3C2=O)Sc2ccccc21,O=C1C(=C2Sc3ccccc3C2=O)Sc2ccccc21,359.0
CC(C=CC=CC(C)=CC=CC(C)=CC=C1C(C)=CC(=O)CC1(C)C)=CC=CC(C)=CC=C1C(C)=CC(=O)CC1(C)C,O=C1C=CC(=CC=CC=CC=CC=CC=CC=CC=CC=CC=C2C=CC(=O)CC2)CC1,219.0
O=c1c(O)c(-c2ccc(O)c(O)c2)oc2cc(OC3OC(CO)C(O)C(O)C3O)cc(O)c12,O=c1cc(-c2ccccc2)oc2cc(OC3CCCCO3)ccc12,248.0
CCOC(=O)/C=C1/SC(N2CCCCC2)C(=O)N1C,C=C1NC(=O)C(N2CCCCC2)S1,140.0
CC(=O)C=Cc1ccc2c(c1)OCO2,c1ccc2c(c1)OCO2,111.0
O=c1cc(CN2CCOCC2)c2cc(O)c(O)cc2o1,O=c1cc(CN2CCOCC2)c2ccccc2o1,232.0
CCCCCCCCCCC=CCCCCCCCC(=O)O,,23.0
ClC=CBr,,-86.7
CCCCCCCCC=CCCCCCCCC(=O)OCCCC,,-26.5
C=C(C)C=CC,,75.5
O=C/C=C/c1ccc([N+](=O)[O-])o1,c1ccoc1,118.5
C=C(C)/C=C/C(=C)C,,-9.0
IC=CI,,-14.0
CC=Cc1ccccc1O,c1ccccc1,-6.0
COc1cc(-c2coc3cc(O)c(OC)c(O)c3c2=O)cc(O)c1OC,O=c1c(-c2ccccc2)coc2ccccc12,185.0
CC(=NO)c1ccccc1,c1ccccc1,60.0
CON=C(C(=O)OC)c1ccccc1COc1ccccc1C,c1ccc(COc2ccccc2)cc1,99.0
N#CCON=C(C#N)c1ccccc1,c1ccccc1,55.0
COCC(=NOCC(=O)OC)c1cc(Oc2ccc(C(F)(F)F)cc2Cl)ccc1[N+](=O)[O-],c1ccc(Oc2ccccc2)cc1,58.0
CC(=O)C=CC=Cc1ccccc1,c1ccccc1,68.0
N#CC(=NO)c1ccccc1,c1ccccc1,129.0
CCCCCCCCCCCCCOCC1CO1,C1CO1,1.7
CCCCCCCCCCCCN1CC(C(=O)OC)CC1=O,O=C1CCCN1,27.5
CC(C)S(=O)(=O)n1c(N)nc2ccc(C(=NO)c3ccccc3)cc21,N=C(c1ccccc1)c1ccc2nc[nH]c2c1,198.5
COc1ccc(C(=CC(=O)N2CCOCC2)c2ccc(Cl)cc2)cc1OC,O=C(C=C(c1ccccc1)c1ccccc1)N1CCOCC1,148.0
CC12CCC(CC1=NO)C2(C)C,N=C1CC2CCC1C2,118.0
CCCCCCCCC=CCCCCCCCCCCCCO,,35.0
CC=C(Cl)C(=O)O,,99.8
COc1ccc(/C=C/C(=O)c2ccc(OC)cc2OC)cc1,O=C(C=Cc1ccccc1)c1ccccc1,97.0
CC(C)(C)C(O)/C(=C/c1ccc(Cl)cc1Cl)n1cncn1,C(=Cn1cncn1)c1ccccc1,145.0
CCCCCCCCC=CCCCCCCCC(=O)Nc1ccccc1,c1ccccc1,41.0
CCCCCCCCC=CCCCCCCCCN,,25.0
CC(C)N(C(=O)SCC(Cl)=CCl)C(C)C,,25.0
CCNC(=O)C=C(C)C=CC=C(C)C=Cc1c(C)cc(OC)c(C)c1C,c1ccccc1,179.5
CO[C@H](C(=O)[C@@H](O)[C@@H](C)O)[C@@H]1Cc2cc3cc(OC4CC(OC5CC(O)C(O)C(C)O5)C(O)C(C)O4)c(C)c(O)c3c(O)c2C(=O)[C@H]1OC1CC(OC2CC(OC3CC(C)(O)C(O)C(C)O3)C(O)C(C)O2)C(O)C(C)O1,O=C1c2cc3ccc(OC4CC(OC5CCCCO5)CCO4)cc3cc2CCC1OC1CC(OC2CC(OC3CCCCO3)CCO2)CCO1,181.5
CCC(=C(CC)c1ccc(OC)cc1)c1ccc(OC)cc1,C(=Cc1ccccc1)c1ccccc1,124.0
CC(=O)/C=N/O,,69.0
COC(=O)N(OC)c1ccccc1COc1ccn(-c2ccc(Cl)cc2)n1,c1ccc(COc2ccn(-c3ccccc3)n2)cc1,64.45
CC1OC=CC1=O,O=C1C=COC1,18.0
CCCCCC(=NO)C(C)=O,,59.0
O=C(O)C=CCCl,,83.0
COc1ccc2c(c1)c(CC(=O)O)c(C)n2C(=O)/C=C/c1ccccc1,O=C(C=Cc1ccccc1)n1ccc2ccccc21,170.0
CCOC(=O)CN1CCN(C(=O)/C=C/c2cc(OC)c(OC)c(OC)c2)CC1,O=C(C=Cc1ccccc1)N1CCNCC1,96.0
O=[N+]([O-])c1ccc(/C=C/c2cccc(CO)n2)o1,C(=Cc1ccco1)c1ccccn1,170.5
ON=Cc1ccc(F)cc1,c1ccccc1,83.5
Cn1c([N+](=O)[O-])cnc1/C=C/c1ccnc(N)n1,C(=Cc1ncc[nH]1)c1ccncn1,233.5
CCCC(O)CCC=CC=CC#CC#CC=CCO,,87.0
CC(C)(C)C(O)C(=Cc1ccc(Cl)cc1)n1cncn1,C(=Cn1cncn1)c1ccccc1,153.0
CC(C)=CCCC(C)=C/C=C/C(C)=C/C=C/C(C)=CC=CC=C(C)C=CC=C(C)C=CC=C(C)CCCC(C)(C)O,,171.0
CC=CCCCCCCCCO,,6.0
CC(C=CC=C(C)C=CC1=C(C)C(=O)C(O)CC1(C)C)=CC=CC=C(C)C=CC=C(C)C=CC1=C(C)C(=O)C(O)CC1(C)C,O=C1C=C(C=CC=CC=CC=CC=CC=CC=CC=CC=CC2=CC(=O)CCC2)CCC1,182.5
O=CC=CC=Cc1ccccc1,c1ccccc1,42.5
N#CC=C(Cl)C#N,,60.5
COc1cc(OC)nc(NC(=O)NS(=O)(=O)Nc2ccccc2C(=O)C2CC2)n1,O=C(Nc1ncccn1)NS(=O)(=O)Nc1ccccc1C(=O)C1CC1,161.9
CCOCCc1ccc(OCCNc2ncnc(CC)c2Cl)c(C)c1C,c1ccc(OCCNc2ccncn2)cc1,70.0
O=[N+]([O-])c1ccc(C=NO)o1,c1ccoc1,163.0
O=C(Nc1ccc2nn(C3CCCCC3)nc2c1)C(Cl)Cl,c1ccc2nn(C3CCCCC3)nc2c1,138.0
O=C(Nc1ccc2nn(C3CCCCC3)nc2c1)c1ccccc1,O=C(Nc1ccc2nn(C3CCCCC3)nc2c1)c1ccccc1,212.0
O=C(Nc1ccc2nn(C3CCCCC3)nc2c1)c1ccc(Cl)c(Cl)c1,O=C(Nc1ccc2nn(C3CCCCC3)nc2c1)c1ccccc1,191.0
Cn1nc2ccc(NC(=O)CCl)cc2n1,c1ccc2n[nH]nc2c1,176.5
CCOC(=O)Nc1ccc2nn(C)nc2c1,c1ccc2n[nH]nc2c1,148.0
Cn1nc2ccc(NC(=O)c3ccccc3)cc2n1,O=C(Nc1ccc2n[nH]nc2c1)c1ccccc1,165.5
Cn1nc2ccc(NC(=O)c3ccc(Cl)cc3)cc2n1,O=C(Nc1ccc2n[nH]nc2c1)c1ccccc1,229.0
Cn1nc2ccc(NC(=O)c3ccc([N+](=O)[O-])cc3)cc2n1,O=C(Nc1ccc2n[nH]nc2c1)c1ccccc1,280.0
COc1cc(C(=O)Nc2ccc3nn(C)nc3c2)cc(OC)c1OC,O=C(Nc1ccc2n[nH]nc2c1)c1ccccc1,113.0
CC=NNc1ccccc1,c1ccccc1,99.5
CC(=CC(=O)O)C1CCCCC1,C1CCCCC1,85.5
CCCCCCCCC=CCCCCCCCC#N,,-1.0
CC1(C)CCC(=Cc2ccc(Cl)cc2)C1(O)Cn1cncn1,C(=C1CCCC1Cn1cncn1)c1ccccc1,140.0
O=C(NC(=O)c1c(F)cccc1F)Nc1ccc(CON=C(c2ccc(Cl)cc2)C2CC2)cc1,O=C(NC(=O)c1ccccc1)Nc1ccc(CON=C(c2ccccc2)C2CC2)cc1,143.6
COC=C(C(=O)OC)c1ccccc1Oc1cc(Oc2ccccc2C#N)ncn1,c1ccc(Oc2cc(Oc3ccccc3)ncn2)cc1,116.0
CC1CS(=O)(=O)CCN1/N=C/c1ccc([N+](=O)[O-])o1,O=S1(=O)CCN(N=Cc2ccco2)CC1,181.0
CN1C(=O)C(=NNC(N)=S)c2ccccc21,N=C1C(=O)Nc2ccccc21,245.0
C#CCOC(=O)C(C)Oc1ccc(Oc2ncc(Cl)cc2F)cc1,c1ccc(Oc2ccccn2)cc1,59.5
Clc1ccc(Cn2cncn2)cc1,c1ccc(Cn2cncn2)cc1,67.0
CCC(C)=NNc1ccc([N+](=O)[O-])cc1[N+](=O)[O-],c1ccccc1,116.8
CC(=NO)C(=O)c1ccccc1,c1ccccc1,114.0
CNC(=O)ON=CC(C)(C)SC,,99.0
NC(=O)N(CCO)/N=C/c1ccc([N+](=O)[O-])o1,c1ccoc1,214.0
C(=NC(/N=C/c1ccco1)c1ccco1)c1ccco1,C(=NC(N=Cc1ccco1)c1ccco1)c1ccco1,117.0
CSC(C)(C)C=NO,,21.0
CNC(=O)O/N=C/C(C)(C)S(C)(=O)=O,,141.0
CC(=N)NP(=S)(Oc1ccc(Cl)cc1)Oc1ccc(Cl)cc1,S=[PH](Oc1ccccc1)Oc1ccccc1,105.0
CNC(=O)O/N=C/C(C)(C)CCC#N,,123.0
CNC(=O)ON=C(C)C(C)S(C)(=O)=O,,87.0
O=C(NN=CC=Cc1ccc([N+](=O)[O-])o1)c1ccc([N+](=O)[O-])s1,O=C(NN=CC=Cc1ccco1)c1cccs1,235.5
O=C1CN(/N=C/c2ccc([N+](=O)[O-])o2)C(=O)N1CN1CCOCC1,O=C1CN(N=Cc2ccco2)C(=O)N1CN1CCOCC1,206.0
CC1=NNC(=O)N(/N=C/c2cccnc2)C1,O=C1NN=CCN1N=Cc1cccnc1,217.0
CNC(=O)C(=NOC)c1ccccc1Oc1ccccc1,c1ccc(Oc2ccccc2)cc1,88.0
N#CC(=NOCC1OCCO1)c1ccccc1,C(=NOCC1OCCO1)c1ccccc1,77.7
CCOC(=O)CCN(Cc1ccccc1)SN(C)C(=O)ON=C(C)SC,c1ccccc1,47.0
CSc1nnc(C(C)(C)C)c(=O)n1/N=C/C(C)C,O=c1cnnc[nH]1,159.3
Cc1nn(C)c(Oc2ccccc2)c1/C=N/OCc1ccc(C(=O)OC(C)(C)C)cc1,C(=NOCc1ccccc1)c1cn[nH]c1Oc1ccccc1,102.0
CCN(CC)c1ccc(/C=N/N(c2ccccc2)c2ccccc2)cc1,C(=NN(c1ccccc1)c1ccccc1)c1ccccc1,94.5
CNC(=O)ON=C(SC)C(=O)N(C)C,,101.0
CSC(C)=NOC(=O)N(C)SN(C)C(=O)ON=C(C)SC,,173.0
CON=C(C)c1cccc(Oc2nc(OC)cc(OC)n2)c1C(=O)OC,c1ccc(Oc2ncccn2)cc1,107.0
O=[N+]([O-])c1ccc(/C=N/NP(=O)(N2CC2)N2CC2)cc1,O=P(NN=Cc1ccccc1)(N1CC1)N1CC1,149.0
O=[N+]([O-])c1ccc(/C=N/N(c2ccccc2)P(=O)(N2CC2)N2CC2)cc1,O=P(N1CC1)(N1CC1)N(N=Cc1ccccc1)c1ccccc1,149.5
O=[N+]([O-])c1ccc(N(/N=C/c2ccccc2)P(=O)(N2CC2)N2CC2)cc1,O=P(N1CC1)(N1CC1)N(N=Cc1ccccc1)c1ccccc1,149.0
CC1(C)C(C(=O)OC(C#N)c2cccc(Oc3ccccc3)c2)C1C(Br)C(Br)(Br)Br,O=C(OCc1cccc(Oc2ccccc2)c1)C1CC1,143.0
Nc1nc(=O)n(C2CSC(CO)O2)cc1F,O=c1ncccn1C1CSCO1,138.0
CCCCCCCCC=CCCCCCCCC(=O)ON,,71.0
COC(=O)N(C(=O)N1COC2(C(=O)OC)Cc3cc(Cl)ccc3C2=N1)c1ccc(OC(F)(F)F)cc1,O=C(Nc1ccccc1)N1COC2Cc3ccccc3C2=N1,88.1
CC(=O)Nc1ncc2ncn(COCCOC(C)=O)c2n1,c1ncc2nc[nH]c2n1,134.0
Cc1ccc(C(C)C)c(OC(=O)NCCC(C)C)c1,c1ccccc1,57.0
O=C1C=CC(=O)c2c(Cl)cccc21,O=C1C=CC(=O)c2ccccc21,163.0
CC(C)(C)NC(=O)O,,106.5
CC(=O)Nc1ncc2ncn(COCCO)c2n1,c1ncc2nc[nH]c2n1,181.0
CCCC(=O)OCN1C(=O)NC(c2ccccc2)(c2ccccc2)C1=O,O=C1NC(=O)C(c2ccccc2)(c2ccccc2)N1,131.1
CC(=O)OCCOCn1cnc2cnc(N)nc21,c1ncc2nc[nH]c2n1,135.0
CC(=O)Oc1ccccc1C(=O)OCN1C(=O)CCC1=O,O=C(OCN1C(=O)CCC1=O)c1ccccc1,117.5
CCOc1ccc2c3c1OC1C(O)C=CC4[C@@H](C2)N(C)CC[C@]314,C1=CC2C3Cc4cccc5c4C2(CCN3)C(C1)O5,200.0
CC(=O)c1ccc2c(O)c(O)ccc2c1,c1ccc2ccccc2c1,169.5
COc1ccc2c3c1O[C@H]1[C@@H](O)C=C[C@H]4[C@@H](C2)[N+](C)([O-])CC[C@@]341,C1=CC2C3Cc4cccc5c4C2(CC[NH2+]3)C(C1)O5,231.5
Clc1ccc(Cl)c2ncccc12,c1ccc2ncccc2c1,97.5
CCOP(=S)(OCC)Oc1ccc2c(C)cc(=O)oc2c1,O=c1ccc2ccccc2o1,38.0
CC(C)(C(=O)O)n1nc2ccccc2n1,c1ccc2n[nH]nc2c1,152.5
CCCCCCCCC=CCCCCCCCO,,6.5
COc1ccc(Cn2cncn2)cc1,c1ccc(Cn2cncn2)cc1,41.5
CC(C)CCCCCCCCCCCO,,10.5
CCCCC(S)(CCC)CCCC,,-7.5
CCOC(=O)C1=NN(c2ccc(Cl)cc2Cl)C(C)(C(=O)OCC)C1,C1=NN(c2ccccc2)CC1,51.0
CCC1(CC2(c3cccc(Cl)c3)CO2)C(=O)c2ccccc2C1=O,O=C1c2ccccc2C(=O)C1CC1(c2ccccc2)CO1,61.0
CC(C)OC(=O)CS(=O)(=O)c1ccc(Cl)cc1,c1ccccc1,41.0
CCCCNC(=O)COC(=O)c1ccccc1,c1ccccc1,69.5
Cc1cccc(I)c1O,c1ccccc1,15.5
CN1CC[C@]23CCCCC2[C@H]1Cc1ccc(O)cc13,c1ccc2c(c1)CC1NCCC23CCCCC13,198.5
O=C(OCC(=O)N1CCOCC1)c1ccccc1,O=C(OCC(=O)N1CCOCC1)c1ccccc1,103.5
FC(F)C(Br)Br,,-61.3
FC(F)(F)C(Cl)=CCl,,-109.2
CON=C(C(=O)OC)c1ccccc1CON=C(C)c1cccc(C(F)(F)F)c1,C(=NOCc1ccccc1)c1ccccc1,72.9
CC(C)=C1OC(=O)N(c2cc(OC3CCCC3)c(Cl)cc2F)C1=O,C=C1OC(=O)N(c2cccc(OC3CCCC3)c2)C1=O,104.0
Cc1cc(O)c(C2CC3CCC2(C)C3(C)C)cc1C,c1ccc(C2CC3CCC2C3)cc1,95.0
FC(I)I,,-34.5
CC(C=O)Oc1ccccc1,c1ccccc1,149.0
Oc1ccccc1-c1nc2ccccc2o1,c1ccc(-c2nc3ccccc3o2)cc1,123.5
Clc1c(Cl)c(Cl)c(C(Cl)Cl)c(Cl)c1Cl,c1ccccc1,119.5
Clc1ccc(C(Cl)Cl)c(Cl)c1Cl,c1ccccc1,84.0
BrCOCBr,,-34.0
ClC=C(Cl)C(Cl)=CCl,,-4.0
Oc1ccc2cccc(Cl)c2c1,c1ccc2ccccc2c1,101.0
Cc1cc(Cl)nn1C,c1cn[nH]c1,47.5
CCOC(=O)c1cccc(Cl)c1O,c1ccccc1,21.0
Cc1c(Cl)cc(Cl)c(Cl)c1Cl,c1ccccc1,94.0
Cc1cc(Cl)cc(Cl)c1Cl,c1ccccc1,45.5
O=C(OC(Cl)(Cl)Cl)C(Cl)(Cl)Cl,,34.0
O=c1oc2ccccc2c(O)c1Cc1c(O)c2ccccc2oc1=O,O=c1oc2ccccc2cc1Cc1cc2ccccc2oc1=O,290.0
COc1ccccc1NC(C)=O,c1ccccc1,87.5
CC1=CC(=O)O[C@@]2(C1)C[C@H]1CC[C@@H]2CN1C,O=C1C=CCC2(CC3CCC2CN3)O1,54.5
O=C(O)CF,,35.2
Cn1c(=O)cc(O)c2ccccc21,O=c1ccc2ccccc2[nH]1,270.0
CC(C=CC=C(C)C=CC1=C(C)CC(O)CC1(C)C)=CC=CC=C(C)/C=C/C=C(C)/C=C/C1=C(C)CC(O)CC1(C)C,C(=CC=CC=CC=CC=CC1=CCCCC1)C=CC=CC=CC=CC1=CCCCC1,215.5
ON=Cc1ccccc1O,c1ccccc1,57.0
Oc1ccccc1/C=N/c1ccccc1,C(=Nc1ccccc1)c1ccccc1,49.5
N#CCCOc1cccc2ccccc12,c1ccc2ccccc2c1,64.0
O=c1cc(O)c2ccccc2o1,O=c1ccc2ccccc2o1,213.5
C1CCN2C[C@H]3C[C@H](CN4CCCC[C@@H]34)[C@H]2C1,C1CCN2CC3CC(CN4CCCCC34)C2C1,30.5
CC(=CC(=O)O)C(=O)O,,204.5
Oc1cccc2nc3ccccc3nc12,c1ccc2nc3ccccc3nc2c1,158.0
CCCC(=O)C1=C(O)C(C)(C)C(O)=C(Cc2c(OC)cc(O)c(C(=O)CCC)c2O)C1=O,O=C1C=CCC=C1Cc1ccccc1,150.0
COC1C=COC2(C)Oc3c(C)c(O)c4c(O)c(cc(O)c4c3C2=O)NC(=O)C(C)=CC=CC(C)C(O)C(C)C(O)C(C)C(OC(C)=O)C1C,O=C1C=CC=CCCCCCCCCC=COC2Oc3ccc4cc(ccc4c3C2=O)N1,300.0
CO[PH](=O)OC,,-60.0
COc1ccc(N=[N+]([O-])c2ccc(OC)cc2)cc1,c1ccc(N=[NH+]c2ccccc2)cc1,127.0
CC1=C(O)C(=O)c2ccccc2C1=O,O=C1C=CC(=O)c2ccccc21,173.5
CC(=O)NC(=O)COC(=O)c1ccccc1,c1ccccc1,104.5
CCCc1ssc(=S)c1C,S=c1ccss1,49.0
Oc1ccc2cccnc2c1,c1ccc2ncccc2c1,239.0
O=C1OC(C(O)CO)C(O)=C1O,O=C1C=CCO1,168.5
Fc1ccc(Cn2cncn2)cc1,c1ccc(Cn2cncn2)cc1,64.0
CC(=O)n1ncc2c(O)ncnc21,c1ncc2cn[nH]c2n1,252.0
CCc1ccc2cc(O)c(O)cc2c1,c1ccc2ccccc2c1,149.0
CC(C(N)=O)n1nc2ccccc2n1,c1ccc2n[nH]nc2c1,169.5
CCC(=O)n1ncc2c(O)ncnc21,c1ncc2cn[nH]c2n1,261.0
CNC(=O)COC(=O)c1ccccc1,c1ccccc1,111.5
COC1=C(OC)C(=O)C(C)=C(C)C1=O,O=C1C=CC(=O)C=C1,62.5
NS(=O)(=O)c1ccc(CCCO)cc1,c1ccccc1,95.5
CCc1ssc(=O)c1-c1ccccc1,O=c1sscc1-c1ccccc1,82.0
Clc1ccc(Cn2cncn2)cc1Cl,c1ccc(Cn2cncn2)cc1,46.5
NS(=O)(=O)c1cc2c(s1)C(=O)CCS2,O=C1CCSc2ccsc21,213.5
NS(=O)(=O)c1cc2c(s1)SCCC2=O,O=C1CCSc2sccc21,222.0
NS(=O)(=O)c1ccc(SCCCO)s1,c1ccsc1,63.0
CCOc1ccc2cc(O)c(O)cc2c1,c1ccc2ccccc2c1,131.5
CC(C)(C(N)=O)n1nc2ccccc2n1,c1ccc2n[nH]nc2c1,173.5
CCC(C(N)=O)n1nc2ccccc2n1,c1ccc2n[nH]nc2c1,127.5
CC(CC(N)=O)n1nc2ccccc2n1,c1ccc2n[nH]nc2c1,152.5
CC(CC(N)=O)n1nnc2ccccc21,c1ccc2[nH]nnc2c1,103.0
CC(CC(=O)O)n1nc2ccccc2n1,c1ccc2n[nH]nc2c1,82.5
CCCC(=O)n1ncc2c(O)ncnc21,c1ncc2cn[nH]c2n1,223.5
CN(C)C(=O)COC(=O)c1ccccc1,c1ccccc1,81.5
CCNC(=O)COC(=O)c1ccccc1,c1ccccc1,106.0
CC(=O)OCOc1ccccc1C(N)=O,c1ccccc1,92.5
CCCCCC(O)c1ccc(O)c(O)c1,c1ccccc1,109.0
NS(=O)(=O)c1ccc(CCCCO)cc1,c1ccccc1,78.5
NS(=O)(=O)c1ccc(SCCCO)cc1,c1ccccc1,117.0
NS(=O)(=O)c1ccc(SCCO)c(F)c1,c1ccccc1,110.0
NS(=O)(=O)c1ccc(SCCCCO)s1,c1ccsc1,48.5
CCCCc1ccc(Cn2cncn2)cc1,c1ccc(Cn2cncn2)cc1,37.5
CCCC(C(N)=O)n1nc2ccccc2n1,c1ccc2n[nH]nc2c1,126.5
CC(CCC(N)=O)n1nc2ccccc2n1,c1ccc2n[nH]nc2c1,102.0
CCCC(C(N)=O)n1nnc2ccccc21,c1ccc2[nH]nnc2c1,125.0
O=C(OCC(=O)N1CCC1)c1ccccc1,O=C(OCC(=O)N1CCC1)c1ccccc1,74.5
CC(CCC(=O)O)n1nnc2ccccc21,c1ccc2[nH]nnc2c1,86.0
CC(CCC(=O)O)n1nc2ccccc2n1,c1ccc2n[nH]nc2c1,73.0
CCOC(=O)C(C)n1nc2ccccc2n1,c1ccc2n[nH]nc2c1,39.5
CCN(C)C(=O)COC(=O)c1ccccc1,c1ccccc1,20.0
CCCNC(=O)COC(=O)c1ccccc1,c1ccccc1,89.5
CC(C)NC(=O)COC(=O)c1ccccc1,c1ccccc1,129.5
CC1=NOC(=O)C1=NNc1ccccc1Cl,O=C1ON=CC1=NNc1ccccc1,168.0
NS(=O)(=O)c1ccc(CCCCCO)cc1,c1ccccc1,86.0
NS(=O)(=O)c1ccc(SCCCCO)cc1,c1ccccc1,101.0
NS(=O)(=O)c1ccc(S(=O)(=O)CCO)cc1,c1ccccc1,165.0
NS(=O)(=O)c1ccc(SCCCO)c(F)c1,c1ccccc1,110.5
NS(=O)(=O)c1ccc(SCCCO)c(Cl)c1,c1ccccc1,127.0
NS(=O)(=O)c1ccc(S(=O)(=O)CCCO)s1,c1ccsc1,107.0
CCCCC(C(N)=O)n1nc2ccccc2n1,c1ccc2n[nH]nc2c1,101.5
CCCCC(C(N)=O)n1nnc2ccccc21,c1ccc2[nH]nnc2c1,118.0
O=C(OCC(=O)N1CCCC1)c1ccccc1,O=C(OCC(=O)N1CCCC1)c1ccccc1,58.0
CCOC(=O)C(CC)n1nc2ccccc2n1,c1ccc2n[nH]nc2c1,48.5
CC(=O)N(C)C(=O)COC(=O)c1ccccc1,c1ccccc1,102.5
CN(C)C(=O)CCCOC(=O)c1ccccc1,c1ccccc1,40.5
CCN(CC)C(=O)COC(=O)c1ccccc1,c1ccccc1,72.5
NC(=O)CNC(=O)COC(=O)c1ccccc1,c1ccccc1,151.5
CCCC(=O)OCOc1ccccc1C(N)=O,c1ccccc1,57.0
CN(CCO)C(=O)COC(=O)c1ccccc1,c1ccccc1,79.0
CCCCCCNC(=O)c1ccc(O)c(O)c1,c1ccccc1,139.5
CC(=O)OCCCc1ccc(S(N)(=O)=O)cc1,c1ccccc1,87.5
NS(=O)(=O)c1ccc(SCCCCCO)cc1,c1ccccc1,103.0
CC(C)(O)CCSc1ccc(S(N)(=O)=O)cc1,c1ccccc1,140.5
NS(=O)(=O)c1cc2cc(CNCCF)sc2o1,c1cc2ccsc2o1,203.0
NS(=O)(=O)c1ccc(S(=O)(=O)CCCO)cc1,c1ccccc1,150.0
NS(=O)(=O)c1ccc(SCCCCO)c(F)c1,c1ccccc1,104.0
Nc1cc(S(N)(=O)=O)ccc1S(=O)(=O)CCO,c1ccccc1,129.0
NS(=O)(=O)c1ccc(S(=O)(=O)CCCCO)s1,c1ccsc1,109.0
O=C(c1ccccc1)n1ncc2c(O)ncnc21,O=C(c1ccccc1)n1ncc2cncnc21,271.0
O=C(N/N=C/c1ccccc1O)c1ccncc1,O=C(NN=Cc1ccccc1)c1ccncc1,232.0
CC(=O)Nc1ccc2nn(C3CCCC3)nc2c1,c1ccc2nn(C3CCCC3)nc2c1,94.0
O=C(OCC(=O)N1CCCCC1)c1ccccc1,O=C(OCC(=O)N1CCCCC1)c1ccccc1,88.0
CCCC(C(=O)OCC)n1nc2ccccc2n1,c1ccc2n[nH]nc2c1,36.5
CCN(CC)C(=O)C(C)OC(=O)c1ccccc1,c1ccccc1,53.5
CN(CC(N)=O)C(=O)COC(=O)c1ccccc1,c1ccccc1,101.5
CC(NC(=O)COC(=O)c1ccccc1)C(N)=O,c1ccccc1,201.5
CN(CC(=O)O)C(=O)COC(=O)c1ccccc1,c1ccccc1,106.5
CC(C)(C)C(=O)OCOc1ccccc1C(N)=O,c1ccccc1,95.0
CCN(CCO)C(=O)COC(=O)c1ccccc1,c1ccccc1,79.0
COC(=O)n1c(-c2cscn2)nc2ccccc21,c1ccc2[nH]c(-c3cscn3)nc2c1,123.5
Cc1ccc(C(=O)c2csc(S(N)(=O)=O)c2)cc1,O=C(c1ccccc1)c1ccsc1,176.0
NS(=O)(=O)c1cc(C(=O)c2ccc(O)cc2)cs1,O=C(c1ccccc1)c1ccsc1,192.5
CC(C)OC(=O)C(C(=O)OC(C)C)=C(C=S)C=S,,60.5
NS(=O)(=O)c1ccc(SCCCO)c([N+](=O)[O-])c1,c1ccccc1,163.0
NS(=O)(=O)c1ccc(S(=O)(=O)CCCCO)cc1,c1ccccc1,134.5
Nc1cc(S(N)(=O)=O)ccc1S(=O)(=O)CCCO,c1ccccc1,137.0
CC(=O)OCCS(=O)(=O)c1ccc(S(N)(=O)=O)s1,c1ccsc1,115.0
C=CCN(CC=C)C(=O)COC(=O)c1ccccc1,c1ccccc1,42.5
CCCCNC(=O)c1ccc2cc(O)c(O)cc2c1,c1ccc2ccccc2c1,194.0
O=C(OCC(=O)N1CCC1C(=O)O)c1ccccc1,O=C(OCC(=O)N1CCC1)c1ccccc1,149.5
O=C(OCC(=O)N1CCC(O)CC1)c1ccccc1,O=C(OCC(=O)N1CCCCC1)c1ccccc1,121.5
CCCCCCNC(=O)COC(=O)c1ccccc1,c1ccccc1,130.5
CCCCCCNC(=O)/C=C/c1ccc(O)c(O)c1,c1ccccc1,142.0
CCCN(CCC)C(=O)COC(=O)c1ccccc1,c1ccccc1,20.0
CC(C)N(C(=O)COC(=O)c1ccccc1)C(C)C,c1ccccc1,105.5
CC(=O)Oc1ccccc1C(=O)OCC(=O)N(C)C,c1ccccc1,75.5
CCNC(=O)COC(=O)c1ccccc1OC(C)=O,c1ccccc1,80.5
CCOC(=O)COC(=O)c1ccccc1OC(C)=O,c1ccccc1,51.5
O=C(OCC(=O)N(CCO)CCO)c1ccccc1,c1ccccc1,81.0
O=C(CCl)Nc1ccc2nn(C3CCCC3)nc2c1,c1ccc2nn(C3CCCC3)nc2c1,150.5
CS(=O)(=O)Nc1ccc2nn(C3CCCC3)nc2c1,c1ccc2nn(C3CCCC3)nc2c1,126.5
COc1ccc(C(=O)c2coc(S(N)(=O)=O)c2)cc1,O=C(c1ccccc1)c1ccoc1,181.0
CC(=O)OCCCCCc1ccc(S(N)(=O)=O)cc1,c1ccccc1,84.0
COc1ccc(C(=O)c2csc(S(N)(=O)=O)c2)cc1,O=C(c1ccccc1)c1ccsc1,174.0
Cc1ccc(S(=O)(=O)c2coc(S(N)(=O)=O)c2)cc1,O=S(=O)(c1ccccc1)c1ccoc1,185.0
NS(=O)(=O)c1cc2cc(CN3CCOCC3)sc2o1,c1cc2cc(CN3CCOCC3)sc2o1,244.0
NS(=O)(=O)c1cc(S(=O)(=O)c2ccc(O)cc2)co1,O=S(=O)(c1ccccc1)c1ccoc1,175.0
COC(=O)c1cc(S(N)(=O)=O)ccc1SCCCO,c1ccccc1,124.0
Cc1ccc(S(=O)(=O)c2csc(S(N)(=O)=O)c2)cc1,O=S(=O)(c1ccccc1)c1ccsc1,185.0
NS(=O)(=O)c1cc(S(=O)(=O)c2cccc(O)c2)cs1,O=S(=O)(c1ccccc1)c1ccsc1,145.0
NS(=O)(=O)c1cc(S(=O)(=O)c2ccc(O)cc2)cs1,O=S(=O)(c1ccccc1)c1ccsc1,193.0
CC(=O)OCCCS(=O)(=O)c1ccc(S(N)(=O)=O)s1,c1ccsc1,104.0
ClCC1(C(Cl)Cl)C2C(Cl)C(Cl)C1(C(Cl)Cl)C(Cl)C2Cl,C1CC2CCC1C2,77.0
O=C(C=Cc1ccc(O)c(O)c1)NCc1ccccc1,O=C(C=Cc1ccccc1)NCc1ccccc1,165.0
CCOC(=O)Nc1ccc2nn(C3CCCC3)nc2c1,c1ccc2nn(C3CCCC3)nc2c1,121.5
CC1CCCC(C)N1C(=O)COC(=O)c1ccccc1,O=C(OCC(=O)N1CCCCC1)c1ccccc1,118.0
CCC1CCCCN1C(=O)COC(=O)c1ccccc1,O=C(OCC(=O)N1CCCCC1)c1ccccc1,54.5
NC(=O)C1CCCN1C(=O)COC(=O)c1ccccc1,O=C(OCC(=O)N1CCCC1)c1ccccc1,194.5
O=C(OCC(=O)N1CCCC1C(=O)O)c1ccccc1,O=C(OCC(=O)N1CCCC1)c1ccccc1,116.5
CCCCCCN(C)C(=O)COC(=O)c1ccccc1,c1ccccc1,100.5
CCOC(=O)CN(C)C(=O)COC(=O)c1ccccc1,c1ccccc1,39.5
O=C(COC(=O)c1ccccc1)NC(CO)(CO)CO,c1ccccc1,126.5
Cc1ccc(S(=O)(=O)C2(C(=O)OC(C)C)CCC2)cc1,O=S(=O)(c1ccccc1)C1CCC1,50.8
O=C(Nc1ccc2nn(C3CCCC3)nc2c1)C(Cl)Cl,c1ccc2nn(C3CCCC3)nc2c1,119.0
COc1ccc(S(=O)(=O)c2coc(S(N)(=O)=O)c2)cc1,O=S(=O)(c1ccccc1)c1ccoc1,117.5
CC(C)CNCCS(=O)(=O)c1ccc(S(N)(=O)=O)cc1,c1ccccc1,223.0
COC(=O)c1cc(S(N)(=O)=O)ccc1S(=O)(=O)CCO,c1ccccc1,99.0
COc1ccc(S(=O)(=O)c2csc(S(N)(=O)=O)c2)cc1,O=S(=O)(c1ccccc1)c1ccsc1,170.0
COc1ccccc1/N=N/c1c(O)ccc2ccccc12,c1ccc(N=Nc2cccc3ccccc23)cc1,183.0
CCC(c1ccccc1)c1c(O)c2ccccc2oc1=O,O=c1oc2ccccc2cc1Cc1ccccc1,179.5
O=C(C=Cc1ccc(O)c(O)c1)NCCc1ccccc1,O=C(C=Cc1ccccc1)NCCc1ccccc1,158.0
CC(C)(C)C(=O)Nc1ccc2nn(C3CCCC3)nc2c1,c1ccc2nn(C3CCCC3)nc2c1,135.5
COC(=O)C1CCCN1C(=O)COC(=O)c1ccccc1,O=C(OCC(=O)N1CCCC1)c1ccccc1,72.5
CC(C)CN(CC(C)C)C(=O)COC(=O)c1ccccc1,c1ccccc1,44.5
CCCCN(CCCC)C(=O)COC(=O)c1ccccc1,c1ccccc1,25.0
CCN(CC)C(=O)COC(=O)c1ccccc1OC(C)=O,c1ccccc1,76.5
CC(=O)Oc1ccccc1C(=O)OCC(=O)NCC(N)=O,c1ccccc1,186.0
CC(O)CN(CC(C)O)C(=O)COC(=O)c1ccccc1,c1ccccc1,105.5
COCCN(CCOC)C(=O)COC(=O)c1ccccc1,c1ccccc1,57.5
O=C(Nc1ccc2nn(C3CCCC3)nc2c1)C(Cl)(Cl)Cl,c1ccc2nn(C3CCCC3)nc2c1,136.0
COCC(=O)OCCCS(=O)(=O)c1ccc(S(N)(=O)=O)s1,c1ccsc1,94.0
CC(C)COC(=O)Nc1ccc2nn(C3CCCC3)nc2c1,c1ccc2nn(C3CCCC3)nc2c1,121.0
CC(=O)Oc1ccccc1C(=O)OCC(=O)N1CCOCC1,O=C(OCC(=O)N1CCOCC1)c1ccccc1,97.5
CC1(C)CC(NC(=O)NP(=O)(N2CC2)N2CC2)CC(C)(C)N1,O=C(NC1CCNCC1)NP(=O)(N1CC1)N1CC1,143.0
CC1(C)CC(NC(=O)NP(=O)(N2CC2)N2CC2)C(C)(C)N1O,O=C(NC1CCNC1)NP(=O)(N1CC1)N1CC1,177.0
O=C(Nc1ccc2nn(C3CCCC3)nc2c1)c1ccccc1,O=C(Nc1ccc2nn(C3CCCC3)nc2c1)c1ccccc1,165.0
Cc1ccccc1C(=O)N(NC(=O)c1ccccc1)C(C)(C)C,O=C(NNC(=O)c1ccccc1)c1ccccc1,214.5
Cc1ccc(C(=O)N(NC(=O)c2ccccc2)C(C)(C)C)cc1,O=C(NNC(=O)c1ccccc1)c1ccccc1,187.5
CC(C)(C)N(NC(=O)c1ccccc1)C(=O)c1ccccc1F,O=C(NNC(=O)c1ccccc1)c1ccccc1,183.5
CC(C)(C)N(NC(=O)c1ccccc1)C(=O)c1ccc(F)cc1,O=C(NNC(=O)c1ccccc1)c1ccccc1,217.5
CC(C)(C)N(NC(=O)c1ccccc1)C(=O)c1cccc(F)c1,O=C(NNC(=O)c1ccccc1)c1ccccc1,176.5
COc1ccc(NC(=O)C=Cc2ccc(O)c(O)c2)cc1OC,O=C(C=Cc1ccccc1)Nc1ccccc1,201.0
CCOC(=O)CNC(=O)c1cn(CC)c2nc(C)ccc2c1=O,O=c1cc[nH]c2ncccc12,198.5
CCn1cc(C(=O)NC(C)C(=O)OC)c(=O)c2ccc(C)nc21,O=c1cc[nH]c2ncccc12,176.0
COc1c(OC)c(OC(C)=O)c2cc(C)ccc2c1OC(C)=O,c1ccc2ccccc2c1,70.5
CCCN(CCC)C(=O)COC(=O)c1ccccc1OC(C)=O,c1ccccc1,50.5
CC(=O)Oc1ccccc1C(=O)OCC(=O)N(C(C)C)C(C)C,c1ccccc1,108.5
COc1c(OC)c(OC(C)=O)c2cc(F)ccc2c1OC(C)=O,c1ccc2ccccc2c1,102.5
CCOC(=O)CNC(=O)COC(=O)c1ccccc1OC(C)=O,c1ccccc1,68.5
CC(C)(C)N(NC(=O)c1ccccc1)C(=O)c1ccccc1Cl,O=C(NNC(=O)c1ccccc1)c1ccccc1,161.5
CC(C)(C)N(NC(=O)c1ccccc1)C(=O)c1ccc(Cl)cc1,O=C(NNC(=O)c1ccccc1)c1ccccc1,212.5
CC(C)(C)N(NC(=O)c1ccccc1)C(=O)c1cccc(Cl)c1,O=C(NNC(=O)c1ccccc1)c1ccccc1,180.5
NC(=O)CCCN=C(c1ccc(Cl)cc1)c1cc(F)ccc1O,N=C(c1ccccc1)c1ccccc1,134.0
COc1c(OC)c(OC(C)=O)c2c(Cl)cccc2c1OC(C)=O,c1ccc2ccccc2c1,133.5
CC(C)(C)N(NC(=O)c1ccccc1)C(=O)c1ccc(Br)cc1,O=C(NNC(=O)c1ccccc1)c1ccccc1,228.5
CC(C)(C)N(NC(=O)c1ccccc1)C(=O)c1cccc(Br)c1,O=C(NNC(=O)c1ccccc1)c1ccccc1,217.5
CC(C)(C)N(NC(=O)c1ccccc1)C(=O)c1ccccc1Br,O=C(NNC(=O)c1ccccc1)c1ccccc1,195.5
COc1c(OC)c(OC(C)=O)c2cc(Br)ccc2c1OC(C)=O,c1ccc2ccccc2c1,102.5
CC(C)(C)N(NC(=O)c1ccccc1)C(=O)c1ccc(I)cc1,O=C(NNC(=O)c1ccccc1)c1ccccc1,234.5
CC(C)(C)N(NC(=O)c1ccccc1)C(=O)c1cccc(I)c1,O=C(NNC(=O)c1ccccc1)c1ccccc1,255.5
CC(C)(C)N(NC(=O)c1ccccc1)C(=O)c1cccc(C#N)c1,O=C(NNC(=O)c1ccccc1)c1ccccc1,173.5
CC(C)(C)N(NC(=O)c1ccccc1)C(=O)c1ccc(C#N)cc1,O=C(NNC(=O)c1ccccc1)c1ccccc1,199.5
CCc1ccccc1C(=O)N(NC(=O)c1ccccc1)C(C)(C)C,O=C(NNC(=O)c1ccccc1)c1ccccc1,177.5
Cc1ccc(C(=O)N(NC(=O)c2ccccc2)C(C)(C)C)cc1C,O=C(NNC(=O)c1ccccc1)c1ccccc1,225.5
Cc1ccc(C)c(C(=O)N(NC(=O)c2ccccc2)C(C)(C)C)c1,O=C(NNC(=O)c1ccccc1)c1ccccc1,197.5
Cc1ccc(C(=O)N(NC(=O)c2ccccc2)C(C)(C)C)c(C)c1,O=C(NNC(=O)c1ccccc1)c1ccccc1,195.5
Cc1cccc(C(=O)N(NC(=O)c2ccccc2)C(C)(C)C)c1C,O=C(NNC(=O)c1ccccc1)c1ccccc1,204.5
COc1cccc(C(=O)N(NC(=O)c2ccccc2)C(C)(C)C)c1,O=C(NNC(=O)c1ccccc1)c1ccccc1,188.5
COc1ccccc1C(=O)N(NC(=O)c1ccccc1)C(C)(C)C,O=C(NNC(=O)c1ccccc1)c1ccccc1,181.5
COc1ccc(C(=O)N(NC(=O)c2ccccc2)C(C)(C)C)cc1,O=C(NNC(=O)c1ccccc1)c1ccccc1,221.5
COc1c(OC)c(OC(C)=O)c2c(C#N)cccc2c1OC(C)=O,c1ccc2ccccc2c1,152.5
COc1c(OC)c(OC(C)=O)c2cc(C#N)ccc2c1OC(C)=O,c1ccc2ccccc2c1,124.5
CC(C)(C)N(NC(=O)c1ccccc1)C(=O)c1c(F)cccc1F,O=C(NNC(=O)c1ccccc1)c1ccccc1,194.5
COc1c(OC)c(OC(C)=O)c2c(OC)cccc2c1OC(C)=O,c1ccc2ccccc2c1,69.5
COc1ccc2c(OC(C)=O)c(OC)c(OC)c(OC(C)=O)c2c1,c1ccc2ccccc2c1,77.5
CCOC(=O)CN(C)C(=O)COC(=O)c1ccccc1OC(C)=O,c1ccccc1,47.5
O=C(Nc1ccc2nn(C3CCCC3)nc2c1)c1ccc(Cl)cc1,O=C(Nc1ccc2nn(C3CCCC3)nc2c1)c1ccccc1,180.0
CSc1ccccc1C(=O)N(NC(=O)c1ccccc1)C(C)(C)C,O=C(NNC(=O)c1ccccc1)c1ccccc1,196.5
CC(=O)CC(c1ccc(Cl)cc1)c1c(O)c2ccccc2oc1=O,O=c1oc2ccccc2cc1Cc1ccccc1,169.0
Cc1c(Cl)cccc1C(=O)N(NC(=O)c1ccccc1)C(C)(C)C,O=C(NNC(=O)c1ccccc1)c1ccccc1,213.5
CC(C)(C)N(NC(=O)c1ccccc1)C(=O)c1c(F)cccc1Cl,O=C(NNC(=O)c1ccccc1)c1ccccc1,209.5
CC(C)(C)N(NC(=O)c1ccccc1)C(=O)c1ccc(Cl)c(Cl)c1,O=C(NNC(=O)c1ccccc1)c1ccccc1,238.5
CC(C)(C)N(NC(=O)c1ccccc1)C(=O)c1c(Cl)cccc1Cl,O=C(NNC(=O)c1ccccc1)c1ccccc1,198.5
CC(C)(C)N(NC(=O)c1ccccc1)C(=O)c1cccc(Cl)c1Cl,O=C(NNC(=O)c1ccccc1)c1ccccc1,209.5
O=[N+]([O-])c1cnc(Nc2c(Cl)cc([N+](=O)[O-])cc2[N+](=O)[O-])c(Cl)c1,c1ccc(Nc2ccccn2)cc1,134.0
CC(C)(C)N(NC(=O)c1ccccc1)C(=O)c1cccc([N+](=O)[O-])c1,O=C(NNC(=O)c1ccccc1)c1ccccc1,222.5
CC(C)(C)N(NC(=O)c1ccccc1)C(=O)c1ccccc1[N+](=O)[O-],O=C(NNC(=O)c1ccccc1)c1ccccc1,181.5
CC(C)(C)N(NC(=O)c1ccccc1)C(=O)c1ccc([N+](=O)[O-])cc1,O=C(NNC(=O)c1ccccc1)c1ccccc1,250.5
COc1ccc(CCNC(=O)C=Cc2ccc(O)c(O)c2)cc1OC,O=C(C=Cc1ccccc1)NCCc1ccccc1,99.0
CCn1cc(C(=O)NC(C(=O)OC)C(C)C)c(=O)c2ccc(C)nc21,O=c1cc[nH]c2ncccc12,155.0
CCCCCCN(CCCCCC)C(=O)COC(=O)c1ccccc1,c1ccccc1,162.5
Cc1ccc(S(=O)(=O)Nc2ccc3nn(C4CCCC4)nc3c2)cc1,O=S(=O)(Nc1ccc2nn(C3CCCC3)nc2c1)c1ccccc1,126.0
Nc1ccc(S(=O)(=O)Nc2ccc3nn(C4CCCC4)nc3c2)cc1,O=S(=O)(Nc1ccc2nn(C3CCCC3)nc2c1)c1ccccc1,207.0
CCCCSC(=Nc1cccnc1)SCc1ccc(C(C)(C)C)cc1,C(=Nc1cccnc1)SCc1ccccc1,32.0
O=[N+]([O-])c1cc([N+](=O)[O-])c(Nc2ncc(Cl)cc2Cl)c(C(F)(F)F)c1,c1ccc(Nc2ccccn2)cc1,105.0
O=[N+]([O-])c1cc(Cl)c(Nc2ncc(C(F)(F)F)cc2Cl)c([N+](=O)[O-])c1,c1ccc(Nc2ccccn2)cc1,126.0
CC(=O)CC(c1ccc([N+](=O)[O-])cc1)c1c(O)c2ccccc2oc1=O,O=c1oc2ccccc2cc1Cc1ccccc1,197.0
COc1ccc(C(=O)N(NC(=O)c2ccccc2)C(C)(C)C)cc1OC,O=C(NNC(=O)c1ccccc1)c1ccccc1,205.5
CCC(C)C(NC(=O)c1cn(CC)c2nc(C)ccc2c1=O)C(=O)OC,O=c1cc[nH]c2ncccc12,142.0
COc1c(OC)c(OC(=O)C(C)C)c2ccccc2c1OC(=O)C(C)C,c1ccc2ccccc2c1,95.5
CC(C)(C)N(NC(=O)c1ccccc1)C(=O)c1ccc(C(F)(F)F)cc1,O=C(NNC(=O)c1ccccc1)c1ccccc1,228.5
CC(C)(C)N(NC(=O)c1ccccc1)C(=O)c1cccc(C(F)(F)F)c1,O=C(NNC(=O)c1ccccc1)c1ccccc1,203.5
CC(C)(C)N(NC(=O)c1ccccc1)C(=O)c1ccccc1C(F)(F)F,O=C(NNC(=O)c1ccccc1)c1ccccc1,172.5
CC(C)(C)N(NC(=O)c1ccccc1)C(=O)c1cc(F)c(F)c(F)c1F,O=C(NNC(=O)c1ccccc1)c1ccccc1,158.5
Oc1ccc2ccccc2c1/N=N/c1ccc(/N=N/c2ccccc2)cc1,c1ccc(N=Nc2ccc(N=Nc3cccc4ccccc34)cc2)cc1,195.0
CC(C)(C)N(NC(=O)c1ccccc1)C(=O)c1c(F)c(F)c(F)c(F)c1F,O=C(NNC(=O)c1ccccc1)c1ccccc1,200.5
O=[N+]([O-])c1ccc(S(=O)(=O)Nc2ccc3nn(C4CCCC4)nc3c2)cc1,O=S(=O)(Nc1ccc2nn(C3CCCC3)nc2c1)c1ccccc1,194.0
CC1(C)CC(NC(=O)NP(=O)(N2CC2(C)C)N2CC2(C)C)CC(C)(C)N1O,O=C(NC1CCNCC1)NP(=O)(N1CC1)N1CC1,193.0
O=[N+]([O-])c1cnc(Nc2c([N+](=O)[O-])cc([N+](=O)[O-])cc2C(F)(F)F)c(Cl)c1,c1ccc(Nc2ccccn2)cc1,98.0
COc1c(OC)c(OC(=O)C(C)(C)C)c2ccccc2c1OC(=O)C(C)(C)C,c1ccc2ccccc2c1,179.0
CC(NC(CCc1ccccc1)C(=O)O)C(=O)N1C(C(=O)O)CC2CCCC21,O=C(CNCCCc1ccccc1)N1CCC2CCCC21,109.0
Cc1nc(Nc2c([N+](=O)[O-])cc([N+](=O)[O-])cc2C(F)(F)F)c(C#N)cc1C#N,c1ccc(Nc2ccccn2)cc1,125.0
CCOC(=O)C(c1c(O)c2ccccc2oc1=O)c1c(O)c2ccccc2oc1=O,O=c1oc2ccccc2cc1Cc1cc2ccccc2oc1=O,154.0
CCCC(=O)OCC(=O)C1(O)CCC2C3CCC4=CC(=O)CCC4(C)C3C(O)CC21C,O=C1C=C2CCC3C4CCCC4CCC3C2CC1,218.5
O=c1oc2ccccc2c(O)c1C1CC(c2ccc(-c3ccc(Br)cc3)cc2)Cc2ccccc21,O=c1oc2ccccc2cc1C1CC(c2ccc(-c3ccccc3)cc2)Cc2ccccc21,230.0
CC1=CCC2CC(CC3(CCC(C)C(C)O3)O2)OC(=O)C2C=C(C)C(O)C3OCC(=CC=CC(C)C1)C23O,O=C1OC2CC(CC=CCCC=CC=C3COC4CC=CC1C34)OC1(CCCCO1)C2,213.5
CCC1OC2(CCC1C)CC1CC(CC=C(C)CC(C)C=CC=C3COC4C(O)C(C)=CC(C(=O)O1)C34O)O2,O=C1OC2CC(CC=CCCC=CC=C3COC4CC=CC1C34)OC1(CCCCO1)C2,213.5
CCCC(=O)OC1C(C)OC(OC2C(C)OC(OC3C(CC=O)CC(C)C(O)C=CC=CCC(C)OC(=O)CC(O)C3OC)C(O)C2N(C)C)CC1(C)OC(=O)CC,O=C1CCCC(OC2CCC(OC3CCCCO3)CO2)CCCCC=CC=CCCO1,116.0
O=[N+]([O-])c1ccc(/N=N/c2ccc(O)cc2)cc1,c1ccc(N=Nc2ccccc2)cc1,216.0
C1=CC2=NC1=CC1=NC(=CC3=NC(=CC4=NC(=C2)C=C4)C=C3)C=C1,C1=CC2=NC1=CC1=NC(=CC3=NC(=CC4=NC(=C2)C=C4)C=C3)C=C1,360.0
O=[PH](OCc1ccccc1)OCc1ccccc1,O=[PH](OCc1ccccc1)OCc1ccccc1,-5.0
CC(C)(C)O[PH](=O)O,,192.0
O=[PH](Oc1ccccc1)Oc1ccccc1,O=[PH](Oc1ccccc1)Oc1ccccc1,12.0
C[PH](=O)O,,-40.01
CCC(=NO)C(C)=NO,,172.5
Cc1ccc(O)c(/N=N/c2ccccc2)c1,c1ccc(N=Nc2ccccc2)cc1,108.5
Oc1ccc(/N=N/c2ccccc2)c(O)c1,c1ccc(N=Nc2ccccc2)cc1,170.0
O=C(O)c1c(Br)c(O)c(O)c(O)c1Br,c1ccccc1,150.0
CC12CCC(=O)C=C1CCC1C3CC[C@H](C(=O)CO)C34CC(OC4O)[C@@H]12,O=C1C=C2CCC3C(C4CC5(CCCC35)CO4)C2CC1,166.5
CN1CC[C@]23c4c5ccc(O)c4OC2[C@@H](O)C=C[C@H]3C1C5,C1=CC2C3Cc4cccc5c4C2(CCN3)C(C1)O5,255.0
CN(C)[C@@H]1C(O)=C(C(N)=O)C(=O)[C@@]2(O)C(O)=C3C(=O)c4c(O)ccc(Cl)c4[C@@](C)(O)C3C[C@@H]12,O=C1C2=CC3C(=O)C=CCC3CC2Cc2ccccc21,168.5
CCCC(=O)OC(CC)(OC(=O)CCC)OC(=O)CCC,,-75.0
COC(N)(OC)OC,,171.5
CN(C)[C@@H]1C(O)=C(C(N)=O)C(=O)[C@@]2(O)C(O)=C3C(=O)c4c(O)cccc4[C@@](C)(O)C3[C@H](O)[C@@H]12,O=C1C2=CC3C(=O)C=CCC3CC2Cc2ccccc21,184.5
NCc1cccc2c1C(=O)c1ccccc1C2=O,O=C1c2ccccc2C(=O)c2ccccc21,171.0
C=CC(c1ccc(O)cc1)C(C=C)c1ccc(O)cc1,c1ccc(CCc2ccccc2)cc1,227.5
Cc1ccc2c(=O)[nH]c(=O)[nH]c2c1,O=c1[nH]c(=O)c2ccccc2[nH]1,300.0
OC1C(O)[C@H](O)[C@H](O)[C@@H](O)[C@H]1O,C1CCCCC1,225.0
CCC(CC)OC(=O)CCOCCOCCOC(=O)C(CC)CC,,-10.0
Cc1ccccc1N=Nc1ccc(N)cc1C,c1ccc(N=Nc2ccccc2)cc1,102.0
COC1=C2Oc3c(OC)ccc4c3[C@@]23CCN(C)[C@H](C4)C3C=C1,C1=CC2C3Cc4cccc5c4C2(CCN3)C(=C1)O5,193.0
OCc1ccccc1OCC1O[C@H](O)C(O)C(O)[C@@H]1O,c1ccc(OCC2CCCCO2)cc1,207.0
CC1CC2C3CC(F)C4=CC(=O)C=CC4(C)C3C(O)CC2(C)C1C(=O)CO,O=C1C=CC2C(=C1)CCC1C3CCCC3CCC21,188.0
O=c1c(OC2COC(COCC3OC(O)C(O)C(O)C3O)C(O)C2O)c(-c2ccc(O)c(O)c2)oc2cc(O)cc(O)c12,O=c1c(OC2CCC(COCC3CCCCO3)OC2)c(-c2ccccc2)oc2ccccc12,125.0
CCN1CC2(COC)C3[C@@H](OC)[C@H]4C1[C@]3(C(OC)C[C@H]2O)C1C[C@]2(O)C(OC)C(O)[C@@]4(OC(C)=O)C1[C@H]2OC(=O)c1ccccc1,O=C(OC1C2CCC3C4CC5C6CCCC5(C(C2)C31)C4NC6)c1ccccc1,204.0
OCC1O[C@H](OCC2O[C@H](O[C@]3(CO)O[C@H](CO)C(O)C3O)C(O)C(O)[C@@H]2O)C(O)C(O)[C@H]1O,C1CCC(OCC2CCCC(OC3CCCO3)O2)OC1,80.0
COc1cc(C2c3cc4c(c(O)c3CC3OC(=O)C32)OCO4)cc(OC)c1OC,O=C1OC2Cc3cc4c(cc3C(c3ccccc3)C12)OCO4,236.0
OCC(O)C(O)C(O)C(O)COC1C(CO)OC(O)C(O)C1O,C1CCOCC1,146.0
NC(=O)C(Br)(Br)Br,,121.5
O=C(O)c1ccnc(C(=O)O)c1C(=O)O,c1ccncc1,250.0
O=C1NC(=O)C2C3C(C(O)(c4ccccc4)c4ccccn4)=CC(C3=C(c3ccccc3)c3ccccn3)C12,O=C1NC(=O)C2C3C(C(c4ccccc4)c4ccccn4)=CC(C3=C(c3ccccc3)c3ccccn3)C12,194.0
CSc1nc(N(C)C)nc(N(C)C)n1,c1ncncn1,82.5
Cc1ccc(OP(=O)(Oc2cccc(C)c2)Oc2ccccc2C)cc1,O=P(Oc1ccccc1)(Oc1ccccc1)Oc1ccccc1,-33.0
C#CC(C)C(C)C(C)C(C)C(O)C(O)CC,,37.5
CC(C=NO)=NO,,157.0
COP(=O)(OC)OC(=CCl)c1ccc(Cl)cc1Cl,c1ccccc1,69.5
CC(=O)Nc1ccc(/N=N/c2cc(C)ccc2O)cc1,c1ccc(N=Nc2ccccc2)cc1,195.0
CCC1C2CC3CC4(CO)c5ccccc5N(C)C4C(C2)N3C1O,c1ccc2c(c1)NC1C2CC2CC3CCN2C1C3,206.0
O=c1oc2ccccc2c(O)c1C1CCCc2ccccc21,O=c1oc2ccccc2cc1C1CCCc2ccccc21,172.0
Oc1ccc(N=Nc2ccc(N=Nc3ccccc3)c3ccccc23)cc1,c1ccc(N=Nc2ccc(N=Nc3ccccc3)c3ccccc23)cc1,210.5
O=[N+]([O-])c1ccc(ON=Cc2cc(Br)c(O)c(Br)c2)c([N+](=O)[O-])c1,C(=NOc1ccccc1)c1ccccc1,196.5
CCOP(=S)(OCC)ON=C(C#N)c1ccccc1,c1ccccc1,6.1
O=c1oc2ccccc2c(O)c1C(c1ccccc1)C(O)Cc1ccc(-c2ccc(Br)cc2)cc1,O=c1oc2ccccc2cc1C(CCc1ccc(-c2ccccc2)cc1)c1ccccc1,205.0
CCCCCCCCCOC(=O)c1ccc(N)cc1,c1ccccc1,69.0
FC(F)(F)/N=C1\SC(=Nc2ccccc2)N(c2ccccc2)\C1=N/C(F)(F)F,N=C1SC(=Nc2ccccc2)N(c2ccccc2)C1=N,118.0
Cc1cc(N(CCO)CCO)ccc1N=Nc1ccc([N+](=O)[O-])cc1[N+](=O)[O-],c1ccc(N=Nc2ccccc2)cc1,190.0
O=c1oc2ccccc2c(O)c1C1CC(c2ccc(-c3ccccc3)cc2)Cc2ccccc21,O=c1oc2ccccc2cc1C1CC(c2ccc(-c3ccccc3)cc2)Cc2ccccc21,216.0
Cc1ccc(N=c2sccn2C)c(C)c1,c1ccc(N=c2[nH]ccs2)cc1,44.0
CCOS(=O)(=O)c1cccc2c1C(C)(C)CO2,c1ccc2c(c1)CCO2,30.1
COC(=O)c1ccc(C)cc1C1NC(=O)C(C)(C(C)C)N1,O=C1CNC(c2ccccc2)N1,113.0
CCOCOc1ccc(C(=O)Nc2cccc(Cl)c2Cl)cc1,O=C(Nc1ccccc1)c1ccccc1,92.5
CCON=C(CC)C1=C(O)CC(c2c(C)cc(C)cc2C)CC1=O,O=C1C=CCC(c2ccccc2)C1,106.0
CCCC(C#N)(Cn1cncn1)c1ccc(Cl)cc1,c1ccc(CCn2cncn2)cc1,65.5
CC(=NNc1nc(C)cc(C)n1)c1ccccc1C,C(=NNc1ncccn1)c1ccccc1,175.5
O=c1oc2ccccc2c(O)c1C1CC(c2ccc(OCc3ccc(C(F)(F)F)cc3)cc2)Cc2ccccc21,O=c1oc2ccccc2cc1C1CC(c2ccc(OCc3ccccc3)cc2)Cc2ccccc21,167.2
CCOC(=O)c1ccccc1S(=O)(=O)NN(C=O)c1nc(Cl)cc(OC)n1,O=S(=O)(NNc1ncccn1)c1ccccc1,181.0
CNC1=C(c2ccccc2C(F)(F)F)C(=O)C(c2ccccc2)O1,O=C1C(c2ccccc2)=COC1c1ccccc1,152.5
COC(=O)C1=C(Cl)NN(C)C1S(=O)(=O)NC(=O)Nc1nc(OC)cc(OC)n1,O=C(Nc1ncccn1)NS(=O)(=O)C1C=CNN1,176.0
CC1(C)C(C=CC(=O)OC(C(F)(F)F)C(F)(F)F)C1C(=O)OC(C#N)c1cccc(Oc2ccccc2)c1,O=C(OCc1cccc(Oc2ccccc2)c1)C1CC1,81.5
CCCC(=NOCC)C1=C(O)CC(C2CCCSC2)CC1=O,O=C1C=CCC(C2CCCSC2)C1,41.0
O=C1CC(C(=O)O)CC(=O)C1=C(O)C1CC1,O=C1CCCC(=O)C1=CC1CC1,144.4
O=c1sc2ccccc2c(O)c1C1CC(c2ccc(-c3ccc(Br)cc3)cc2)Cc2ccccc21,O=c1sc2ccccc2cc1C1CC(c2ccc(-c3ccccc3)cc2)Cc2ccccc21,234.5
CCCOC1OC(CO[N+](=O)[O-])C(O[N+](=O)[O-])C(O[N+](=O)[O-])C1O[N+](=O)[O-],C1CCOCC1,199.0
CCCCOC1OC(CO[N+](=O)[O-])C(O[N+](=O)[O-])C(O[N+](=O)[O-])C1O[N+](=O)[O-],C1CCOCC1,199.0
CON(C)C(=O)Nc1ccc(Oc2ccc3c(c2)OC(C)(OC)CC3(C)C)cc1,c1ccc(Oc2ccc3c(c2)OCCC3)cc1,102.0
CCOC1OC(CO[N+](=O)[O-])C(O[N+](=O)[O-])C(O[N+](=O)[O-])C1O[N+](=O)[O-],C1CCOCC1,199.0
CCC(Nc1ncnc(C)c1Cl)c1ccc(OC(F)F)cc1,c1ccc(CNc2ccncn2)cc1,47.3
CCCC(=O)c1c(C)cc(C)c(C2CC(=O)C(C(CC)=NOCC)=C(O)C2)c1C,O=C1C=CCC(c2ccccc2)C1,80.8
CC1=C(c2ccccc2)C(=O)N(C(C)(C)c2cc(Cl)cc(Cl)c2)CO1,O=C1C(c2ccccc2)=COCN1Cc1ccccc1,150.0
COc1cc(/N=N/c2c(Br)cc([N+](=O)[O-])cc2[N+](=O)[O-])c(NC(C)=O)c(N(CCOC(C)=O)CCOC(C)=O)c1,c1ccc(N=Nc2ccccc2)cc1,132.0
Nc1c(OC2C=CC(N3CCCCCC3=O)=CC2)cc(O)c2c1C(=O)c1ccccc1C2=O,O=C1c2ccccc2C(=O)c2cc(OC3C=CC(N4CCCCCC4=O)=CC3)ccc21,164.0
O=C(O)C(I)I,,110.0
Cl[C@H]1[C@H](Cl)[C@@H](Cl)[C@H](Cl)[C@@H](Cl)[C@H]1Cl,C1CCCCC1,141.5
Cl[C@H]1[C@H](Cl)[C@@H](Cl)[C@H](Cl)[C@@H](Cl)[C@@H]1Cl,C1CCCCC1,314.5
COC(=O)NN=Cc1c[n+]([O-])c2ccccc2[n+]1[O-],c1ccc2[nH+]cc[nH+]c2c1,240.0
CC1CCCC(=O)CCCC=Cc2cc(O)cc(O)c2C(=O)O1,O=C1CCCC=Cc2ccccc2C(=O)OCCCC1,164.5
CC(C=CC=C(C)C=CC1=C(C)CCCC1(C)C)=CC=CC=C(C)C=CC=C(C)C=CC1C(C)=CCCC1(C)C,C(=CC=CC=CC=CC=CC1C=CCCC1)C=CC=CC=CC=CC1=CCCCC1,187.5
CCCCCCCCCCCCCCCC(=O)OCC(O)C1OC(=O)C(O)=C1O,O=C1C=CCO1,112.0
N=C(N)c1ccc(/C=C/c2ccc(C(=N)N)cc2O)cc1,C(=Cc1ccccc1)c1ccccc1,235.0
CCCCOC(=O)C(=O)C1C(C)CC2C3CC(F)C4=CC(=O)C=CC4(C)C3C(O)CC21C,O=C1C=CC2C(=C1)CCC1C3CCCC3CCC21,195.1
CC=C(C)C(=O)OC1CC(OC(C)=O)C2(C(=O)OC)COC3C2C12COC(O)(C(=O)OC)C2C(C)(C12OC1(C)C1CC2OC2OC=CC21O)C3O,C1=CC2C(O1)OC1CC2C2OC12C1CC2OCC3CCCC4(COCC14)C32,156.5
C#CC1(OC(C)=O)CCC2C3CCC4=CC(=NO)CCC4C3CCC21CC,N=C1C=C2CCC3C4CCCC4CCC3C2CC1,216.0
O=C1C(O)=C(C2CCC(c3ccc(Cl)cc3)CC2)C(=O)c2ccccc21,O=C1C=C(C2CCC(c3ccccc3)CC2)C(=O)c2ccccc21,217.5
O=[N+]([O-])c1cccc2c(Cl)cccc12,c1ccc2ccccc2c1,111.0
CCC1OC(=O)C(C)C(=O)C(C)C(OC2OC(C)CC(N(C)C)C2O)C(C)(OC)CC(C)C(=O)C(C)C2N(CCCCn3cnc(-c4cccnc4)c3)C(=O)OC12C,O=C1CC(=O)OCC2OC(=O)N(CCCCn3cnc(-c4cccnc4)c3)C2CC(=O)CCCC(OC2CCCCO2)C1,187.5
[N-]=[N+]=CC(=O)OCC(N)C(=O)O,,154.0
CC(C=CC=C(C)C=CC12OC1(C)CC(O)CC2(C)C)=CC=CC=C(C)C=CC=C(C)C=CC12OC1(C)CC(O)CC2(C)C,C(=CC=CC=CC=CC=CC12CCCCC1O2)C=CC=CC=CC=CC12CCCCC1O2,208.0
CC1CC2C3CC(F)C4=CC(=O)C=CC4(C)C3(F)C(O)CC2(C)C1C(=O)CO,O=C1C=CC2C(=C1)CCC1C3CCCC3CCC21,242.0
CCC(C(C)O)n1ncn(-c2ccc(N3CCN(c4ccc(OCC5COC(Cn6cncn6)(c6ccc(F)cc6F)C5)cc4)CC3)cc2)c1=O,O=c1[nH]ncn1-c1ccc(N2CCN(c3ccc(OCC4COC(Cn5cncn5)(c5ccccc5)C4)cc3)CC2)cc1,171.0
CC12C=C(C=O)C(=O)C=C1CCC1C2C(O)CC2(C)C1CCC2(C)O,O=C1C=CC2C(=C1)CCC1C3CCCC3CCC21,210.5
CC12CCC3C4CCC(=O)C(O)=C4CCC3C1CCC2O,O=C1C=C2CCC3C4CCCC4CCC3C2CC1,189.0
CC12Cc3nonc3CC1CCC1C2CCC2(C)C1CCC2(C)O,C1CC2CCC3C4Cc5nonc5CC4CCC3C2C1,152.5
CCCCCCCCCOCC,,-20.0
O=C1c2ccccc2C(=O)c2c1ccc(OC1OC(COC3OCC(O)C(O)C3O)C(O)C(O)C1O)c2O,O=C1c2ccccc2C(=O)c2cc(OC3CCCC(COC4CCCCO4)O3)ccc21,260.0
Oc1ccccc1/N=N/c1ccccc1O,c1ccc(N=Nc2ccccc2)cc1,173.0
O=C(O)C1OC(OCC(Cl)(Cl)Cl)C(O)C(O)C1O,C1CCOCC1,142.0
CCC1OC(=O)C(C)C(OC2OC(C)CC(N(C)C)C2O)C(C)CC(C)C(=O)C=CC1(C)O,O=C1C=CCCOC(=O)CC(OC2CCCCO2)CCC1,196.0
ON=C(/C(=N/O)c1ccccc1)c1ccccc1,N=C(C(=N)c1ccccc1)c1ccccc1,240.0
O=C1C(O)=C(O)C(=O)c2ccccc21,O=C1C=CC(=O)c2ccccc21,282.0
CC(C)=CCC1=C(O)C(=O)c2ccccc2C1=O,O=C1C=CC(=O)c2ccccc21,139.5
CC1OC(=O)C=C2C3=C(OC(C)(C)CC3)C(=O)C(O)=C21,O=C1C=C2C(=CC(=O)C3=C2CCCO3)CO1,230.0
C=C(C(=O)O)c1ccccc1,c1ccccc1,106.5
CC12CCC(OC3CCCC3)=CC1=CCC1C2CCC2(C)C1CCC2(C)O,C1=C(OC2CCCC2)CCC2C1=CCC1C3CCCC3CCC21,150.0
O=c1oc2ccccc2c(O)c1C(CC(O)c1ccc(Cl)cc1)c1ccc(Cl)s1,O=c1oc2ccccc2cc1C(CCc1ccccc1)c1cccs1,104.0
CC(=O)CC(c1ccco1)c1c(O)c2ccccc2oc1=O,O=c1oc2ccccc2cc1Cc1ccco1,124.0
O=[N+]([O-])c1ccc(/N=N/c2ccc(O)cc2O)cc1,c1ccc(N=Nc2ccccc2)cc1,200.0
Oc1ccccc1C(=S)S,c1ccccc1,49.0
Oc1cc(Cl)cc(Br)c1,c1ccccc1,70.0
Cc1cc(O)cc(Br)c1,c1ccccc1,56.5
Clc1ccc2ccc(Cl)nc2c1,c1ccc2ncccc2c1,120.0
Oc1ccccc1-c1nnco1,c1ccc(-c2nnco2)cc1,111.5
CC12CCC3c4ccc(OC5CCCC5)cc4CCC3C1CC(O)C2O,c1cc2c(cc1OC1CCCC1)CCC1C2CCC2CCCC21,99.0
O=C1C(O)=C(C2CCCCC2)C(=O)c2ccccc21,O=C1C=C(C2CCCCC2)C(=O)c2ccccc21,135.5
O=C1C(O)=C(Cl)C(=O)c2ccccc21,O=C1C=CC(=O)c2ccccc21,216.5
Oc1ccccc1C=NCC/N=C/c1ccccc1O,C(=NCCN=Cc1ccccc1)c1ccccc1,127.5
FC(Cl)(Cl)I,,-107.0
CCC(CC)(CC)OO,,2.5
CC(C)C(C)/C=C/C(C)C1CCC2C3=CC=C4CC(O)CCC4(C)C3=CCC21C,C1=C2CCCCC2C2=CCC3CCCC3C2=C1,146.0
CC(=O)CNc1c(I)c(NC(C)=O)c(I)c(C(=O)O)c1I,c1ccccc1,281.5
CC(C)=CCC1=C(O)C(C(=O)CC(C)C)=C(O)C(CC=C(C)C)(CC=C(C)C)C1=O,O=C1C=CC=CC1,93.0
Fc1ccc(C(=C(Cl)Cl)c2ccc(F)cc2)cc1,C=C(c1ccccc1)c1ccccc1,77.0
COc1ccc2c(c1)CCC1C2CCC2(C)C(=O)C(Cl)CC12,O=C1CCC2C1CCC1c3ccccc3CCC12,179.5
Cc1ccc(/N=N/c2c(O)ccc3ccccc23)c(C)c1,c1ccc(N=Nc2cccc3ccccc23)cc1,166.0
C=C(C(=O)OC1CC(C)=CCCC(CO)=CC2OC(=O)C(=C)C21)C(O)CO,C=C1C(=O)OC2C=CCCC=CCCC12,143.0
Cc1cc(C)c(O)cc1O,c1ccccc1,126.5
C=C(Cl)Cl,,-122.5
FC(F)(F)C(F)(F)C(F)(F)N(C(F)(F)C(F)(F)C(F)(F)F)C(F)(F)C(F)(F)C(F)(F)F,,-52.0
FC(F)(F)C(F)(F)C(F)(F)C(F)(F)N(C(F)(F)C(F)(F)C(F)(F)C(F)(F)F)C(F)(F)C(F)(F)C(F)(F)C(F)(F)F,,-50.0
C=C(F)F,,-144.0
C=CCOCC=C,,-6.0
C=Cc1ccccc1OC,c1ccccc1,29.0
COC(=O)C(C)O,,-66.0
CC(C)(O)C(Cl)(Cl)Cl,,97.0
CCOP(=S)(OCC)Oc1ccc([N+](=O)[O-])cc1,c1ccccc1,6.1
FC1(F)C(F)(F)C(F)(F)C1(F)F,C1CCC1,-40.1
CC(=O)OCCBr,,-13.8
C=CCc1ccc2c(c1)OCO2,c1ccc2c(c1)OCO2,11.2
COCCl,,-103.5
FC(F)(Cl)C(F)(F)Cl,,-94.0
CCOC(CN)OCC,,-78.0
N#Cc1c(Cl)c(Cl)c(Cl)c(C#N)c1Cl,c1ccccc1,250.0
FC(F)(F)C(F)(F)C(F)(F)C(F)(F)F,,-129.1
CCCCOC(=O)CCC(=O)OCCCC,,-29.2
NC1CCC(CC2CCC(N)CC2)CC1,C1CCC(CC2CCCCC2)CC1,15.0
COc1ccc(C)cc1N,c1ccccc1,53.0
O=C(Cl)C(F)(F)F,,-146.0
CCOC(=O)C(O)C(O)C(=O)OCC,,17.0
CN1C2CCC1CC(O)C2,C1CC2CCC(C1)N2,109.0
O=[N+]([O-])c1cc([N+](=O)[O-])cc([N+](=O)[O-])c1,c1ccccc1,121.5
COc1ccccc1Cl,c1ccccc1,-26.8
Nc1cccc(F)c1,c1ccccc1,-5.0
Fc1cccc(C(F)(F)F)c1,c1ccccc1,-81.5
Cc1ccc(Cl)c(C)c1,c1ccccc1,-32.5
Cc1ccc(Br)cc1C,c1ccccc1,-0.2
Cc1ccc(C)c(Cl)c1,c1ccccc1,1.6
C=CCC#N,,-87.0
CCCCOCCOCCOCCCC,,-60.0
C=CC(=O)OCCOCC,,-47.0
FC1(F)C(F)(F)C(F)(F)C2(F)C(F)(F)C(F)(F)C(F)(F)C(F)(F)C2(F)C1(F)F,C1CCC2CCCCC2C1,-10.0
CCCC(=O)C1=C(O)C(C)(C)C(O)=C(Cc2c(O)c(C)c(O)c(C(=O)CCC)c2O)C1=O,O=C1C=CCC=C1Cc1ccccc1,156.0
ON=C(/C(=N/O)c1ccco1)c1ccco1,N=C(C(=N)c1ccco1)c1ccco1,167.0
O=[N+]([O-])c1c(Cl)ccc2ccccc12,c1ccc2ccccc2c1,99.5
O=C1C=CC(=O)c2c1ccc(Cl)c2Cl,O=C1C=CC(=O)c2ccccc21,181.0
CCCCCCCCCCCCCCCCCCOO,,49.5
O=C1CC(C(=O)O)=CO1,O=C1CC=CO1,164.0
COc1c(OC)c(OC(C)=O)c2ccccc2c1OC(C)=O,c1ccc2ccccc2c1,138.0
C=CCNS(=O)(=O)c1cc(S(N)(=O)=O)c(Cl)cc1N=CC=C(C)O,c1ccccc1,206.0
CC1(C)OC2CC3C4CCC5=CC(=O)CCC5(C)C4C(O)CC3(C)C2(C(=O)CO)O1,O=C1C=C2CCC3C(CCC4C3CC3OCOC34)C2CC1,251.0
CC(=O)C1(O)CCC2C3C=CC4=CC(=O)C5CC5C4(C)C3CCC21C,O=C1C=C2C=CC3C4CCCC4CCC3C2C2CC12,200.5
CC(c1c(O)c2ccccc2oc1=O)c1c(O)c2ccccc2oc1=O,O=c1oc2ccccc2cc1Cc1cc2ccccc2oc1=O,178.0
C=CC1CNCCC1CCC(=O)c1ccnc2ccccc12,O=C(CCC1CCNCC1)c1ccnc2ccccc12,59.0
Cc1ccc(C[N+](=O)[O-])cc1,c1ccccc1,11.5
CCSC(N)=O,,109.0
Cc1cc(O)ccc1/N=N/c1ccccc1,c1ccc(N=Nc2ccccc2)cc1,109.0
CC(C)CCCCCOC(=O)C(C)Oc1ccc(Cl)cc1Cl,c1ccccc1,-37.0
Cc1cccc2ccc(Cl)nc12,c1ccc2ncccc2c1,61.0
CC(=O)ONC1CCSC1=O,O=C1CCCS1,112.0
C/C(=C(\CCOC(=O)c1ccccc1)SS/C(CCOC(=O)c1ccccc1)=C(/C)N(C=O)Cc1cnc(C)nc1N)N(C=O)Cc1cnc(C)nc1N,O=C(OCCC(=CNCc1cncnc1)SSC(=CNCc1cncnc1)CCOC(=O)c1ccccc1)c1ccccc1,146.5
Oc1ccc2c(c1)[C@@]13CCCC[C@@]1(O)[C@@H](C2)N(CC1CCC1)CC3,c1ccc2c(c1)CC1C3CCCCC23CCN1CC1CCC1,216.0
CC1(C)C(O)=CC(=O)C=C1O,O=C1C=CCC=C1,214.5
CCC(C)C(=O)NC1CCC(=O)N(CCc2ccccc2)C1=O,O=C1CCCC(=O)N1CCc1ccccc1,108.5
CC1=CC(=O)C(C2=C(O)C(=O)C(C)=CC2=O)=C(O)C1=O,O=C1C=CC(=O)C(C2=CC(=O)C=CC2=O)=C1,230.0
Cl[C@H]1[C@H](Cl)[C@H](Cl)[C@H](Cl)[C@@H](Cl)[C@H]1Cl,C1CCCCC1,112.5
CC1=C(CCC(=O)O)C2=CC3=NC(=CC4=NC(=CC5=NC(=CC1=N2)C(C(C)O)=C5C)C(C(C)O)=C4C)C(C)=C3CCC(=O)O,C1=CC2=NC1=CC1=NC(=CC3=NC(=CC4=NC(=C2)C=C4)C=C3)C=C1,172.5
S=P(=S)SP(=S)=S,,285.0
ON=C1CCCCC1=NO,N=C1CCCCC1=N,192.0
Cc1cc(Cl)c(Cl)c(Cl)c1,c1ccccc1,45.5
O=C1C=CC(=S)C=C1,O=C1C=CC(=S)C=C1,29.5
C=C1C(=CC=C2CCCC3(C)C2CCC3C(C)CCCC(C)(C)O)CC(O)CC1O,C=C1CCCCC1=CC=C1CCCC2CCCC12,115.0
O=C1CC[C@@]2(O)[C@H]3Cc4ccc(O)c5c4[C@@]2(CCN3CC2CC2)C1O5,O=C1CCC2C3Cc4cccc5c4C2(CCN3CC2CC2)C1O5,169.0
Cc1ccc(C)c(/N=N/c2c(O)ccc3ccccc23)c1,c1ccc(N=Nc2cccc3ccccc23)cc1,153.0
Cc1ccc(N=CN(C)/C=N/c2ccc(C)cc2C)c(C)c1,C(=Nc1ccccc1)NC=Nc1ccccc1,86.0
CC(=O)C(C)O,,15.0
C=CCc1ccc(O)cc1,c1ccccc1,15.8
COc1ccccc1C,c1ccccc1,-34.1
Cc1ccccc1S,c1ccccc1,15.0
CC=Cc1ccc(O)c(OC)c1,c1ccccc1,-10.0
COc1cccc(C)c1,c1ccccc1,-47.0
ClCCSCCCl,,13.5
C=CCc1cc(OC)c2c(c1OC)OCO2,c1ccc2c(c1)OCO2,29.5
CC=Cc1ccc2c(c1)OCO2,c1ccc2c(c1)OCO2,8.2
CC(=O)Cc1ccccc1,c1ccccc1,-15.0
FC(F)=C(Cl)Cl,,-116.0
ClCOCCl,,-41.5
O=CCCl,,-16.3
C1OC1C1CO1,C1OC1C1CO1,-19.0
Cc1cc(C)c(N)cc1C,c1ccccc1,68.0
O=CC(Cl)Cl,,-37.5
O=CC(Br)(Br)Br,,-57.5
C#CC(C)(O)CC,,-31.0
Nc1c(F)c(F)c(F)c(F)c1F,c1ccccc1,35.5
COc1ccc(C(C)=O)c(OC)c1OC,c1ccccc1,15.8
CCCCCCCCc1ccc(N)cc1,c1ccccc1,20.0
CC(O)C#N,,-40.0
O=c1oc(=O)c2cc3c(=O)oc(=O)c3cc12,O=c1oc(=O)c2cc3c(=O)oc(=O)c3cc12,152.5
CC(=O)OC(C)OC(C)=O,,18.9
CCc1cccc(CC)c1N,c1ccccc1,3.5
Clc1cc(Cl)c(Cl)c(Cl)c1Cl,c1ccccc1,86.0
O=[N+]([O-])c1c(Cl)c(Cl)cc(Cl)c1Cl,c1ccccc1,99.5
O=[N+]([O-])c1cc(Cl)c(Cl)cc1Cl,c1ccccc1,57.5
Cc1ccc(S)cc1,c1ccccc1,43.0
Cc1cccc(S)c1,c1ccccc1,-20.0
COc1ccc(C)c([N+](=O)[O-])c1,c1ccccc1,17.0
C=C1C(=CC=C2CCCC3(C)C2CCC3C(C)CCCC(C)C)CC(O)CC1O,C=C1CCCCC1=CC=C1CCCC2CCCC12,136.0
CCc1ccc([N+](=O)[O-])cc1,c1ccccc1,-12.3
c1ccc(CNc2ccccc2)cc1,c1ccc(CNc2ccccc2)cc1,37.5
Cc1ccc(CC=O)cc1,c1ccccc1,40.0
Brc1ccc2c3c(cccc13)CC2,c1cc2c3c(cccc3c1)CC2,52.0
CC(=O)c1cc(C)ccc1C,c1ccccc1,-18.1
Fc1cc(F)c(F)c(F)c1,c1ccccc1,-48.0
Cc1cccc2ccoc12,c1ccc2occc2c1,109.0
CCOc1ccc(Cl)cc1,c1ccccc1,21.0
C=C1C(=O)OC2CC3(C)CCCC(C)C3=CC12,C=C1C(=O)OC2CC3CCCCC3=CC12,76.0
C=C(Cl)C#N,,-65.0
CC(=O)c1ccc(O)cc1C,c1ccccc1,128.0
CCc1ccccc1[N+](=O)[O-],c1ccccc1,-12.3
COc1ccc(/N=N/c2ccccc2)cc1,c1ccc(N=Nc2ccccc2)cc1,56.0
CC(=O)c1ccc(C)cc1O,c1ccccc1,21.0
COC(=O)c1ccccc1C(=O)c1ccccc1,O=C(c1ccccc1)c1ccccc1,52.0
COc1c(Br)cc(Br)cc1Br,c1ccccc1,88.0
COc1ccccc1C#N,c1ccccc1,24.5
CC(=O)c1ccc(C)c(C)c1,c1ccccc1,-3.0
Fc1c(F)c(F)c(I)c(F)c1F,c1ccccc1,-29.0
Fc1c(F)c(F)c(Br)c(Br)c1F,c1ccccc1,12.0
Cc1cc(C)c([N+](=O)[O-])cc1C,c1ccccc1,71.0
CCOC(=O)CCCCCCCC(=O)OCC,,-18.5
CCOc1ccccc1C=O,c1ccccc1,21.0
CCCCCCC1C(=O)OC(C)(NC(=O)c2ccc(NC=O)cc2O)CC(=O)OC(C)C1OC(=O)CC(C)C,O=C1CC(NC(=O)c2ccccc2)OC(=O)CCCO1,149.5
CN(C)c1ccccc1N(C)C,c1ccccc1,8.9
O=C(/C=C/c1ccco1)c1ccccc1,O=C(C=Cc1ccco1)c1ccccc1,47.0
CC(CBr)c1ccccc1,c1ccccc1,-59.3
ClCCCOc1ccccc1,c1ccccc1,12.0
CCOc1ccc(Cl)cc1Cl,c1ccccc1,32.0
CCc1cccc([N+](=O)[O-])c1,c1ccccc1,-37.9
CC(=O)OC(OC(C)=O)c1ccccc1,c1ccccc1,46.0
Nc1cccc2cc3ccccc3nc12,c1ccc2nc3ccccc3cc2c1,108.0
CN1C2CCCC1CC(=O)C2,O=C1CC2CCCC(C1)N2,54.0
Nc1cccc(N)c1N,c1ccccc1,103.0
Nc1ccc(N)c(N)c1,c1ccccc1,97.3
Nc1ccc(-c2ccccc2N)cc1,c1ccc(-c2ccccc2)cc1,54.5
CCC(O)C1CCCCN1,C1CCNCC1,121.0
Cc1cc(O)c(C(C)(C)C)cc1C(C)(C)C,c1ccccc1,62.1
FC(Cl)(Cl)c1ccccc1,c1ccccc1,-26.8
CNc1ccc(N)cc1,c1ccccc1,36.0
Cc1cc(C)c([N+](=O)[O-])c(C)c1,c1ccccc1,44.0
COC(=O)c1ccc(C)cc1C,c1ccccc1,-2.0
N#CC1(N=NC2(C#N)CCCCC2)CCCCC1,C1CCC(N=NC2CCCCC2)CC1,116.0
CC(C=CC=C(C)C(=O)O)=CC=CC=C(C)/C=C/C=C(C)C(=O)O,,286.0
Cc1ccc(/N=N/c2ccccc2)cc1,c1ccc(N=Nc2ccccc2)cc1,71.5
Brc1cc(Br)c(Br)c(Br)c1,c1ccccc1,99.5
COc1ccccc1Oc1ccccc1OC,c1ccc(Oc2ccccc2)cc1,79.5
C=C1CC(=CC)C(=O)OC2CCN3CC=C(COC(=O)C1(C)O)C23,C=C1CC(=C)C(=O)OC2CCN3CC=C(COC(=O)C1)C23,217.5
CCN(CC)c1ccc(Cl)cc1,c1ccccc1,45.5
CN(C)c1ccc(Cl)cc1,c1ccccc1,35.5
CCOC(=O)C(=Cc1ccccc1)C(C)=O,c1ccccc1,60.5
CC1C[C@@H]([C@H](O)CC2CC(=O)NC(=O)C2)C(=O)[C@@H](C)C1,O=C1CC(CCC2CCCCC2=O)CC(=O)N1,119.0
Oc1ccc2c(c1)[C@@]13CCCCC1[C@@H](C2)N(CC1CC1)CC3,c1ccc2c(c1)CC1C3CCCCC23CCN1CC1CC1,188.0
CC1(C)CN1P(=O)(NC(=O)NC12CC3CC(CC(C3)C1)C2)N1CC1(C)C,O=C(NC12CC3CC(CC(C3)C1)C2)NP(=O)(N1CC1)N1CC1,130.0
CC=C1CC(C)C(O)(CO)C(=O)OCC2=CCN3CCC(OC1=O)C23,C=C1CCCC(=O)OCC2=CCN3CCC(OC1=O)C23,212.0
C=C(C)CC(C)=O,,-72.6
CC(=O)N(C)c1ccccc1C,c1ccccc1,55.5
Cc1c(C)c(C)c(N)c(C)c1C,c1ccccc1,152.5
CCCC(=O)/C=C/c1ccc(O)c(O)c1,c1ccccc1,131.5
CN1C2CC3CC1C(O3)C2O,C1C2CC3OC1CC3N2,108.5
Cc1cc2cc3c(C)coc3c(C)c2oc1=O,O=c1ccc2cc3ccoc3cc2o1,234.5
CC(C=CC=C(C)C=CC1=C(C)CC(O)CC1(C)C)=CC=CC=C(C)C=CC=C(C)C=CC1C(C)=CC(O)CC1(C)C,C(=CC=CC=CC=CC=CC1C=CCCC1)C=CC=CC=CC=CC1=CCCCC1,196.0
COc1cc([C@@H]2c3cc4c(cc3[C@H](O)C3COC(=O)C32)OCO4)cc(OC)c1OC,O=C1OCC2Cc3cc4c(cc3C(c3ccccc3)C12)OCO4,183.0
COc1cc(OC)cc(OC2OC(CO)C(O)C(O)C2O)c1,c1ccc(OC2CCCCO2)cc1,170.0
CNC(C)C1CC(OC2C(N)CC(N)C(OC3OCCCC3O)C2O)C(N)CO1,C1CCC(OC2CCCC(OC3CCOCC3)C2)OC1,105.0
N=C1NC(O)C2C3OC4(O)OC(C(O)C2(N1)[C@@H]4O)C3(O)CO,N=C1NCC2C3CC4CC2(CC(O4)O3)N1,225.0
Cc1c(Cl)cc(Cl)c(O)c1Cl,c1ccccc1,46.0
CCCCCCCC(=O)c1ccccc1O,c1ccccc1,20.85
CCCCCCCCCCc1cc(-c2cc(-c3ccccc3)c3ccccc3n2)sc1-c1sc(-c2cc(-c3ccccc3)c3ccccc3n2)cc1CCCCCCCCCC,c1ccc(-c2cc(-c3ccc(-c4ccc(-c5cc(-c6ccccc6)c6ccccc6n5)s4)s3)nc3ccccc23)cc1,21.85
CC(=O)C[C@@]1(O)C(=O)c2ccccc2-c2ccccc21,O=C1Cc2ccccc2-c2ccccc21,66.85
CC(=O)[C@H]1C[C@@H](CC(=O)O)C1(C)C,C1CCC1,67.85
C[C@H]1Cc2ccccc2N1Cn1nnc2ccccc21,c1ccc2c(c1)CCN2Cn1nnc2ccccc21,69.85
Cc1cccc(C(=O)C(=O)c2ccccc2)n1,O=C(C(=O)c1ccccn1)c1ccccc1,76.85
CCOC(=O)C(=Cc1ccccn1)c1ccccc1,C(=Cc1ccccn1)c1ccccc1,77.85
Cc1ccc(Sc2ccccc2NS(=O)(=O)c2ccc(C)cc2)cc1,O=S(=O)(Nc1ccccc1Sc1ccccc1)c1ccccc1,83.85
Oc1ccccc1[C@H]1C[C@H](c2ccccc2)Sc2ccccc2N1,c1ccc(C2CC(c3ccccc3)Sc3ccccc3N2)cc1,89.85
O=C1CC[C@@H](C(=O)O)c2ccccc21,O=C1CCCc2ccccc21,94.85
CCn1c(=O)n(CC)c(=O)n(CC)c1=O,O=c1[nH]c(=O)[nH]c(=O)[nH]1,96.85
Cc1ccc(/N=N/c2ccccc2SC#N)cc1,c1ccc(N=Nc2ccccc2)cc1,98.85
CO[C@H]1OC[C@@H](O)[C@H](O)[C@@H]1O,C1CCOCC1,102.85
Cc1ccc(S(=O)(=O)Oc2cccc(N)c2)cc1,O=S(=O)(Oc1ccccc1)c1ccccc1,104.85
CC(=O)C=C1NC(=O)c2ccccc21,C=C1NC(=O)c2ccccc21,107.85
CC(=O)N1C(=O)[C@@]2(OC[C@]2(Cl)c2ccc(Br)cc2)c2ccccc21,O=C1Nc2ccccc2C12OCC2c1ccccc1,108.85
Cc1c(C=Cc2ccc(Cl)cc2Cl)c2ccccc2n1S(=O)(=O)c1ccccc1,O=S(=O)(c1ccccc1)n1cc(C=Cc2ccccc2)c2ccccc21,109.85
CCOC(=O)c1cn(C(C)=O)nc1N,c1cn[nH]c1,109.85
CC(=O)N1C(=O)[C@@](O)(c2coc3ccccc23)c2ccccc21,O=C1Nc2ccccc2C1c1coc2ccccc12,109.85
O=C1C[C@@H](C(=O)O)c2ccccc21,O=C1CCc2ccccc21,112.85
C#C[C@H]([C@H]1COC(C)(C)O1)N(O)Cc1ccccc1,c1ccc(CNCC2COCO2)cc1,114.85
CCOC(=O)C=C[C@@H]1[C@@H](c2ccccc2)N1C(=O)c1ccccc1,O=C(c1ccccc1)N1CC1c1ccccc1,117.85
COC(=O)[C@H]1C[C@]2(Sc3ccccc3)O[C@@]1(c1ccc(OC)cc1)c1c2cc(Cl)nc1Cl,c1ccc(SC23CCC(c4ccccc4)(O2)c2cnccc23)cc1,117.85
CC(C)(C)c1nn(-c2ccccc2)c(N)c1Cn1nnc2ccccc21,c1ccc(-n2cc(Cn3nnc4ccccc43)cn2)cc1,123.85
Cc1cc(Cn2nc(C)cc2C)c(O)c(Cn2nc(C)cc2C)c1,c1cc(Cn2cccn2)cc(Cn2cccn2)c1,124.85
CC(=O)Nc1ccc(OC(C)C)cc1,c1ccccc1,129.85
CC(=O)N1C(=O)[C@@](O)([C@H]2c3ccccc3O[C@@H]2Cl)c2ccccc21,O=C1Nc2ccccc2C1C1COc2ccccc21,132.85
COc1c(O)c(C)c2c(c1OC)OC(=O)[C@]2(Cc1ccccc1)C(C)=O,O=C1Oc2ccccc2C1Cc1ccccc1,138.85
O=[N+]([O-])c1cccc2c1cnn2[C@H]1C[C@H](O)[C@@H](CO)O1,c1ccc2c(c1)cnn2C1CCCO1,139.85
COC(=O)[C@@H]1C[C@@H]2CCCN2[C@@]12C(=O)c1cccc3cccc2c13,O=C1c2cccc3cccc(c23)C12CCC1CCCN12,144.85
Cc1ccc(S(=O)(=O)N2C/C(=C\c3cccc(Cl)c3)N(S(=O)(=O)c3ccc(C)cc3)c3ccccc32)cc1,O=S(=O)(c1ccccc1)N1CC(=Cc2ccccc2)N(S(=O)(=O)c2ccccc2)c2ccccc21,144.85
O=C(c1ccccc1)N(C(=O)c1ccccc1)c1ccc(Cl)cc1,O=C(c1ccccc1)N(C(=O)c1ccccc1)c1ccccc1,144.85
C[C@]12CCC(=O)C[C@H]1CC[C@@H]1[C@@H]2CC[C@]2(C)C(=O)CC[C@@H]12,O=C1CCC2C(CCC3C4CCC(=O)C4CCC23)C1,146.85
Cc1ccc([C@@H]2CC(=O)[C@@H](c3ccccc3)[C@H](c3ccc(C)cc3)N2)cc1,O=C1CC(c2ccccc2)NC(c2ccccc2)C1c1ccccc1,147.85
CC(=O)N1C(=O)[C@@]2(O[C@@H]3OC(C)=N[C@@]32c2ccccc2)c2ccccc21,O=C1Nc2ccccc2C12OC1OC=NC12c1ccccc1,150.85
COc1ccc(/C=C2\CN(S(=O)(=O)c3ccc(C)cc3)c3ccccc3N2S(=O)(=O)c2ccc(C)cc2)cc1,O=S(=O)(c1ccccc1)N1CC(=Cc2ccccc2)N(S(=O)(=O)c2ccccc2)c2ccccc21,151.85
O=C1N(c2ccccc2)C(=O)[C@]2(Cl)C=C(c3ccccc3)[C@]12Cl,O=C1C2C=C(c3ccccc3)C2C(=O)N1c1ccccc1,151.85
CC(=O)N1C(=O)[C@@H]([C@@]2(O)C(=O)N(C(C)=O)c3ccccc32)c2ccccc21,O=C1Nc2ccccc2C1C1C(=O)Nc2ccccc21,151.85
COC(=O)[C@]1(O)CC2=C(c3c1cc(OC)nc3Cl)N(C)CCC2,c1cc2c(cn1)C1=C(CCCN1)CC2,152.85
Cc1ccc(/C=C2\CN(S(=O)(=O)c3ccc(C)cc3)c3ccccc3N2S(=O)(=O)c2ccc(C)cc2)cc1,O=S(=O)(c1ccccc1)N1CC(=Cc2ccccc2)N(S(=O)(=O)c2ccccc2)c2ccccc21,154.85
CN(C)C1=C(C=C(c2ccc(F)cc2)c2ccc(F)cc2)C(=O)N(c2ccccc2)C1=O,O=C1C=C(C=C(c2ccccc2)c2ccccc2)C(=O)N1c1ccccc1,156.85
N#Cc1cc(N=CC=Cc2ccccc2)n(-c2c(Cl)cc(C(F)(F)F)cc2Cl)n1,C(=Cc1ccccc1)C=Nc1ccnn1-c1ccccc1,159.85
O=C1N(c2ccccc2)C(=O)[C@@]2(Cl)C(c3ccccc3)(c3ccccc3)C[C@@]12Cl,O=C1C2CC(c3ccccc3)(c3ccccc3)C2C(=O)N1c1ccccc1,159.85
C[C@]12CCC(=O)C=C1C(=O)C[C@@H]1[C@@H]2CC[C@@]2(C)[C@H]1CCC21OCCO1,O=C1C=C2C(=O)CC3C(CCC4C3CCC43OCCO3)C2CC1,161.85
CCOC(=O)[C@]12C[C@@H](c3ccccc3)c3ccccc3[C@H]1c1ccccc1OC2=O,O=C1Oc2ccccc2C2c3ccccc3C(c3ccccc3)CC12,161.85
COc1ccc(C=Cc2cccc(OC)c2O)cc1OC,C(=Cc1ccccc1)c1ccccc1,164.85
COc1cc([C@H]2OC[C@H]3[C@@H]2CO[C@@H]3c2ccc(OC(C)=O)c(OC)c2)ccc1OC(C)=O,c1ccc(C2OCC3C(c4ccccc4)OCC23)cc1,165.85
CC1=N[C@]2(c3ccccc3)Oc3c(c4ccccc4c4ccccc34)O[C@@H]2O1,C1=NC2(c3ccccc3)Oc3c(c4ccccc4c4ccccc34)OC2O1,165.85
COC(=O)[C@@H]1C[C@@H]2CSCN2[C@@]12C(=O)c1cccc3cccc2c13,O=C1c2cccc3cccc(c23)C12CCC1CSCN12,171.85
C[C@@H]1C(=O)C[C@H]2[C@]3(C)CC[C@@]2([C@H](C)C(=O)O)C(=O)[C@H]13,O=C1CC2C(=O)C3CCC2C3C1,172.85
COc1cc(-c2nnc3sc(-c4cccnc4)nn23)cc(OC)c1OC,c1ccc(-c2nnc3sc(-c4cccnc4)nn23)cc1,174.85
O=C(C=NO)Nc1ccccc1,c1ccccc1,174.85
Cn1c(=O)n(C)c(=O)n(C)c1=O,O=c1[nH]c(=O)[nH]c(=O)[nH]1,175.85
CC(=O)c1ccc(NC(=O)c2ccccc2)c(C(=O)c2ccccc2)c1,O=C(Nc1ccccc1C(=O)c1ccccc1)c1ccccc1,176.85
CCCCOc1c(-c2nnc(-c3ccc(Cl)cc3)o2)sc(-c2nnc(-c3ccc(Cl)cc3)o2)c1OCCCC,c1ccc(-c2nnc(-c3ccc(-c4nnc(-c5ccccc5)o4)s3)o2)cc1,177.85
O=C(O)C=Cc1ccc([N+](=O)[O-])cc1[N+](=O)[O-],c1ccccc1,178.85
COc1ccc(/C(C(=O)c2ccccc2)=C2/C(=O)N(C(C)=O)c3ccccc32)cc1,O=C1Nc2ccccc2C1=C(C(=O)c1ccccc1)c1ccccc1,179.85
Nn1c(Cc2ccc(Cl)cc2)n[nH]c1=O,O=c1[nH]nc(Cc2ccccc2)[nH]1,180.85
O=C1C=CC(c2ccccc2)(c2ccccc2)C[C@@H]1[C@@H](O)C(c1ccccc1)c1ccccc1,O=C1C=CC(c2ccccc2)(c2ccccc2)CC1CC(c1ccccc1)c1ccccc1,183.85
CC(=O)N1C(=O)C(=C(C#Cc2ccccc2)C(=O)c2ccccc2)c2ccccc21,O=C1Nc2ccccc2C1=C(C#Cc1ccccc1)C(=O)c1ccccc1,188.85
C[C@H](CCC(=O)O)[C@H]1CC[C@H]2[C@@H]3CC[C@H]4CC(=O)CC[C@]4(C)[C@H]3CC[C@]12C,O=C1CCC2C(CCC3C4CCCC4CCC23)C1,188.85
COC1(OC)c2ccccc2C(O)(c2ccccc2)c2ccccc21,c1ccc(C2c3ccccc3Cc3ccccc32)cc1,188.85
O=C1Nc2c(Cl)cccc2C1=O,O=C1Nc2ccccc2C1=O,189.85
CC(=O)O[C@@]12c3ccccc3N(C(C)=O)[C@@H]1O[C@@]21C(=O)N(C(C)=O)c2ccccc21,O=C1Nc2ccccc2C12OC1Nc3ccccc3C12,192.85
COC(=O)N[C@@H]1[C@@H](O)[C@H](O)[C@@H](CO)O[C@H]1O,C1CCOCC1,195.85
C[C@]12C=CC(=O)C=C1C(=O)C[C@@H]1[C@@H]2CC[C@@]2(C)[C@H]1CCC21OCCO1,O=C1C=CC2C(=C1)C(=O)CC1C2CCC2C1CCC21OCCO1,206.85
O=C(O[C@@H]1[C@@H]2O[C@H]3O[C@H]([C@@H](O)[C@@H]1O3)[C@@H]2O)c1ccccc1,O=C(OC1C2CC3CC1OC(O3)O2)c1ccccc1,208.85
O=C1CCCC2=C1[C@@H](c1cccc([N+](=O)[O-])c1)[C@@H]1C(=O)CCC[C@@]1(O)O2,O=C1CCCC2=C1C(c1ccccc1)C1C(=O)CCCC1O2,218.85
C[C@]12CCC(=O)C=C1C(=O)C[C@@H]1[C@@H]2CC[C@]2(C)C(=O)CC[C@@H]12,O=C1C=C2C(=O)CC3C4CCC(=O)C4CCC3C2CC1,221.85
COc1cc(OC)c(C(=O)C=Cc2cc3c(cc2[N+](=O)[O-])OCO3)c(OC)c1,O=C(C=Cc1ccc2c(c1)OCO2)c1ccccc1,223.85
Brc1cc(Br)c2c(c1)CN1CN2Cc2cc(Br)cc(Br)c21,c1ccc2c(c1)CN1CN2Cc2ccccc21,225.18
O=c1oc(-c2c(F)cccc2Cl)cc2ccccc12,O=c1oc(-c2ccccc2)cc2ccccc12,240.85
c1ccc([C@]23OO[C@](c4ccccc4)(c4ccccc42)c2ccccc23)cc1,c1ccc(C23OOC(c4ccccc4)(c4ccccc42)c2ccccc23)cc1,243.85
CC1(C)OC(=O)C(=CNc2nc3ccc(Cl)cc3s2)C(=O)O1,O=C1OCOC(=O)C1=CNc1nc2ccccc2s1,250.85
C[C@H](C(=O)O)[C@H]1CC[C@H]2[C@@H]3CC[C@H]4CC(=O)CC[C@]4(C)[C@H]3CC[C@]12C,O=C1CCC2C(CCC3C4CCCC4CCC23)C1,252.85
C[C@]12CC[C@H]3[C@@H](CCC4=CC(=O)CC[C@@]43C)[C@@H]1CC[C@@H]2C(=O)O,O=C1C=C2CCC3C4CCCC4CCC3C2CC1,253.85
CN1CC(c2ccccc2)(c2ccccc2)C(=O)c2c(cc(-c3ccccc3)c3ccccc23)C1=O,O=C1NCC(c2ccccc2)(c2ccccc2)C(=O)c2c1cc(-c1ccccc1)c1ccccc21,264.85
NC(=O)c1nccnc1C(N)=O,c1cnccn1,267.85
COC(=O)[C@H]1OC(c2ccc(OC)c(OC)c2)([C@@H](C)Br)O[C@@H]1C(=O)OC,c1ccc(C2OCCO2)cc1,97.35
COC(=O)[C@@H]1COS(=O)(=O)N1Cc1ccccc1,O=S1(=O)OCCN1Cc1ccccc1,-45.15
C1CN2CCN3CCN1C23,C1CN2CCN3CCN1C23,-14.65
CC1(C)CC(=O)[C@]2(C)C=C[C@H]1N(c1ccccc1)O2,O=C1CCC2C=CC1ON2c1ccccc1,56.85
c1ccc(CCNc2cccc3cccnc23)cc1,c1ccc(CCNc2cccc3cccnc23)cc1,57.6
COC(=O)C=Cc1ccccc1SC(C)(C)C,c1ccccc1,59.35
CCC1=CN(S(=O)(=O)c2ccc(C)cc2)C[C@@H]1CCc1cccc(C(=O)OC)c1,O=S(=O)(c1ccccc1)N1C=CC(CCc2ccccc2)C1,67.53
CC1=C[C@H](O)[C@H]2C[C@@H]1C2(C)C,C1=CC2CC(C1)C2,70.85
COC(=O)[C@H](C)On1c(C)csc1=S,S=c1[nH]ccs1,69.85
O=C(/C=C/c1ccc(Cl)cc1Cl)c1ccccc1,O=C(C=Cc1ccccc1)c1ccccc1,72.35
C=CCOc1cccc(OCC=Cc2ccccc2)c1Br,C(=Cc1ccccc1)COc1ccccc1,80.85
Nc1nccc(-c2ccncc2)n1,c1cc(-c2ccncn2)ccn1,81.35
CSc1nc(Cl)cc(N2CCCCC2)n1,c1cc(N2CCCCC2)ncn1,83.85
CO[C@H]1O[C@H](COC(=O)C(C)(C)C)[C@@H](O)[C@H](OC(=O)C(C)(C)C)[C@@H]1O,C1CCOCC1,89.85
COC(=O)c1ccc(OS(=O)(=O)c2ccc(C)cc2)cc1,O=S(=O)(Oc1ccccc1)c1ccccc1,90.35
C[N+](C)(C)C[C@@H](CC(=O)OCc1ccccc1)OC(=O)C=Cc1ccccc1,O=C(C=Cc1ccccc1)OCCC(=O)OCc1ccccc1,90.85
Cc1ccc(-n2ncccc2=O)cc1,O=c1cccnn1-c1ccccc1,97.85
Cc1ccc(C)c(-c2ccc([N+](=O)[O-])cc2)c1,c1ccc(-c2ccccc2)cc1,98.35
COc1ccc(C=Cc2cccc(OC)c2OC(C)=O)cc1OC,C(=Cc1ccccc1)c1ccccc1,101.35
C[C@H]1N=NC([C@H](C)C(C)(C)C)=Cc2ccccc21,C1=Cc2ccccc2CN=N1,102.35
Clc1ccccc1P(c1ccccc1)c1ccccc1,c1ccc(P(c2ccccc2)c2ccccc2)cc1,105.35
O=C1C2=C(C(=O)c3ccccc31)C1(CC1)C21CC1,O=C1C2=C(C(=O)c3ccccc31)C1(CC1)C21CC1,103.35
O=C(Cn1cncn1)c1ccc(F)cc1F,O=C(Cn1cncn1)c1ccccc1,105.35
CO[C@@H](C1=Cc2ccccc2[C@H](C)N=N1)C(C)(C)C,C1=Cc2ccccc2CN=N1,107.85
CCOC(=O)Cn1cnc2ncnc(Cl)c21,c1ncc2[nH]cnc2n1,108.35
COc1ccc([C@@H](O)[C@@H](CO)Oc2c(OC)cccc2OC)cc1OC,c1ccc(CCOc2ccccc2)cc1,110.85
Clc1ccc(C2(Cn3cncn3)OCCO2)c(Cl)c1,c1ccc(C2(Cn3cncn3)OCCO2)cc1,112.35
OC[C@]1(O)C[C@H](O)[C@H](O)CO1,C1CCOCC1,111.35
CC[C@H](C1=Cc2ccccc2[C@H](C)N=N1)C(C)(C)C,C1=Cc2ccccc2CN=N1,113.35
CSc1nc(Cl)c(-c2ccccc2)c(Cl)n1,c1ccc(-c2cncnc2)cc1,113.85
Cn1ccsc1=NC(=O)c1ccccc1,O=C(N=c1[nH]ccs1)c1ccccc1,113.85
Brc1ccccc1P(c1ccccc1)c1ccccc1,c1ccc(P(c2ccccc2)c2ccccc2)cc1,113.85
CCCCOc1ccc(-c2nn(CCC#N)c(=S)[nH]2)cc1,S=c1[nH]nc(-c2ccccc2)[nH]1,114.55
C#C[C@]1(OC)CC[C@H]2[C@@H]3CCc4cc(OC)ccc4[C@H]3CC[C@@]21C,c1ccc2c(c1)CCC1C2CCC2CCCC21,114.35
COc1cc2c(c(OC)c1OC)C(=O)[C@]1(OC)C=C[C@H]2N(c2ccccc2)O1,O=C1c2ccccc2C2C=CC1ON2c1ccccc1,114.35
CN1CCN(C2=C(Cl)C(=O)c3ccccc3C2=O)CC1,O=C1C=C(N2CCNCC2)C(=O)c2ccccc21,120.35
O=NN1CC[C@H]1C(=O)O,C1CNC1,115.35
CCOC(=O)c1c(SC)nn(C(=O)c2cccc(C)c2)c1C,O=C(c1ccccc1)n1cccn1,115.35
CC(=NOc1nc(F)c(F)c(F)c1F)c1ccccc1,C(=NOc1ccccn1)c1ccccc1,116.85
COc1cc2c(cc1OC)[C@@H](C(=O)c1ccc3c(c1OC)C=CC(C)(C)O3)CCO2,O=C(c1ccc2c(c1)C=CCO2)C1CCOc2ccccc21,118.35
ON=C(NN=C(Cl)C(F)(F)F)C(F)(F)F,,118.85
COc1cc(C=CC(=O)c2ccc3ccccc3c2)cc(OC)c1OC,O=C(C=Cc1ccccc1)c1ccc2ccccc2c1,119.35
O=C(O)CC[C@H]1CC[C@H](CCC(=O)O)C1=O,O=C1CCCC1,121.35
O=C1SCCN1C(=O)c1ccccc1,O=C1SCCN1C(=O)c1ccccc1,121.35
COc1cc(C=Cc2cc(C)cc(OC)c2O)ccc1O,C(=Cc1ccccc1)c1ccccc1,124.35
COC(=O)c1ccccc1NC(=O)CCC(=O)O,c1ccccc1,124.85
Clc1ccc(/C=N/CC/N=C/c2ccc(Cl)cc2)cc1,C(=NCCN=Cc1ccccc1)c1ccccc1,125.35
COC(=O)C1=C(C(=O)c2ccccc2)[C@@H]2C=C[C@H]1c1ccccc12,O=C(C1=CC2C=CC1c1ccccc12)c1ccccc1,127.35
CC(C)(C(=O)N1C(=O)C=CC1(C)C)C(=O)N1C(=O)C=CC1(C)C,O=C1C=CCN1C(=O)CC(=O)N1CC=CC1=O,128.35
O=C(Nc1ccc(F)cc1)c1c(O)c(F)c(F)c(F)c1F,O=C(Nc1ccccc1)c1ccccc1,130.35
C=C1[C@@H](c2ccccc2)[C@]2(Cl)C(=O)N(C)C(=O)[C@]12Cl,C=C1C2C(=O)NC(=O)C2C1c1ccccc1,134.35
CSc1ccccc1N=Cc1cc(C(C)(C)C)cc(C(C)(C)C)c1O,C(=Nc1ccccc1)c1ccccc1,135.35
O=CNC(c1ccccc1)c1ccccc1,c1ccc(Cc2ccccc2)cc1,135.85
CCn1c2ccc(Br)cc2c2cc(Br)ccc21,c1ccc2c(c1)[nH]c1ccccc12,139.35
CCOC(=O)Cn1cnc(=O)c2c1ncn2CC(=O)OCC,O=c1nc[nH]c2nc[nH]c12,139.85
Cc1ccc([C@H]2O[C@@H](c3ccc(C)cc3)[C@H](C)C(=O)[C@@H]2C)cc1,O=C1CC(c2ccccc2)OC(c2ccccc2)C1,140.35
O=C(C(C(=O)N1CCCCC1)c1ccccc1)N1CCCCC1,O=C(C(C(=O)N1CCCCC1)c1ccccc1)N1CCCCC1,144.35
O=C(c1ccccc1)N(Cc1ccccc1-c1ccccc1)C(=O)c1ccccc1,O=C(c1ccccc1)N(Cc1ccccc1-c1ccccc1)C(=O)c1ccccc1,148.35
O=c1c(=Cc2ccc3c(c2)OCO3)sc2n1CCCN=2,O=c1c(=Cc2ccc3c(c2)OCO3)sc2n1CCCN=2,151.35
O=C(C=Cc1ccc(Cl)c(Cl)c1)c1ccc2ccccc2c1,O=C(C=Cc1ccccc1)c1ccc2ccccc2c1,153.35
O=C(Nc1ccccc1)c1ccccc1[N+](=O)[O-],O=C(Nc1ccccc1)c1ccccc1,153.85
Cc1ccn[nH]c1=O,O=c1cccn[nH]1,153.85
CO[C@]12C(=O)CCc3cccc(c31)Oc1ccc3ccccc3c12,O=C1CCc2cccc3c2C1c1c(ccc2ccccc12)O3,154.35
Cc1ccc(S(=O)(=O)N(C)Cc2ccc(N)cc2)cc1,O=S(=O)(NCc1ccccc1)c1ccccc1,154.85
COC(=O)CN1C(=O)c2ccccc2[C@@]1(O)c1cccc([N+](=O)[O-])c1,O=C1NC(c2ccccc2)c2ccccc21,157.85
CC(C)(C)CC(C)(C)Nc1nc(N2CCOCC2)nc(N2CCOCC2)n1,c1nc(N2CCOCC2)nc(N2CCOCC2)n1,158.85
Cc1ccc(-n2c(-c3cccnc3)noc2=S)cc1,S=c1onc(-c2cccnc2)n1-c1ccccc1,159.35
CC(=NNc1cccc2cccnc12)c1cccs1,C(=NNc1cccc2cccnc12)c1cccs1,159.85
CCOc1ccc([C@]2(C(=O)N3CCC[C@H](C)[C@@H]3C)CC2(Cl)Cl)cc1,O=C(N1CCCCC1)C1(c2ccccc2)CC1,159.85
O=P1(NC2CCCCC2)Oc2ccccc2-c2ccccc2O1,O=P1(NC2CCCCC2)Oc2ccccc2-c2ccccc2O1,159.85
O=C(O)[C@@H]1C[C@@H]2C[C@H]1[C@@H](O)C2,C1CC2CCC1C2,161.35
COC(=O)[C@]12C=C[C@@H]3[C@H](c4ccccc41)[C@@]32C(=O)c1ccccc1,O=C(c1ccccc1)C12C3C=CC1C2c1ccccc13,162.35
CC(=O)C=Cc1cc(N(C)C)ccc1Cc1ccc(N(C)C)cc1I,c1ccc(Cc2ccccc2)cc1,164.35
Cc1ccc(C=C2CCC/C(=C\c3ccc(C)s3)C2=O)s1,O=C1C(=Cc2cccs2)CCCC1=Cc1cccs1,165.85
CCOP(=O)(c1ccc(OC)cc1)N1Cc2ccccc2C[C@@H]1C(=O)NO,O=[PH](c1ccccc1)N1CCc2ccccc2C1,167.1
O=C(O)C(=Cc1ccccc1F)c1ccccc1,C(=Cc1ccccc1)c1ccccc1,168.85
COC(=O)C1=C(C(=O)OC)[C@]2(CCl)c3ccccc3[C@H]1c1ccccc12,C1=CC2c3ccccc3C1c1ccccc12,168.85
CN[C@H]1CC[C@@]2(C)[C@@H](CC[C@@H]3[C@@H]2CC[C@]2(C)[C@@H]([C@H](C)N(C)C)CC[C@@H]32)C1,C1CCC2C(C1)CCC1C3CCCC3CCC21,172.35
NC(=O)Nc1ccc(-c2ccccc2)cc1,c1ccc(-c2ccccc2)cc1,173.85
N#Cc1ccc(Oc2ccnc3ccccc23)cc1C#N,c1ccc(Oc2ccnc3ccccc23)cc1,175.45
CN(C)C(=O)[C@H](c1ccccc1)[C@H](O)c1ccccc1,c1ccc(CCc2ccccc2)cc1,176.35
CC(C)OC(=O)C1=C(C(=O)O)[C@H]2c3ccccc3[C@@H]1c1ccccc12,C1=CC2c3ccccc3C1c1ccccc12,176.35
COC(=O)c1c(C(=O)OC)c(-c2ccccc2)c2c(Cl)nc(Cl)cc2c1Sc1ccccc1,c1ccc(Sc2ccc(-c3ccccc3)c3cnccc23)cc1,178.35
NS(=O)(=O)c1cc(C(=O)OCOC(=O)c2ccccc2)c(NCc2ccco2)cc1Cl,O=C(OCOC(=O)c1ccccc1NCc1ccco1)c1ccccc1,179.35
CC(=O)[C@H]1CC[C@H]2[C@@H]3CC=C4C[C@@H](OC(=O)CCC(=O)O)CC[C@]4(C)[C@H]3CC[C@]12C,C1=C2CCCCC2C2CCC3CCCC3C2C1,179.85
O=C(Cl)c1ccc2noc(-c3ccc(Cl)cc3)c2c1,c1ccc(-c2onc3ccccc23)cc1,180.35
COC(=O)C1=C(C(=O)OC)[C@]2(COC(=O)[C@H](C)NC(C)=O)c3ccccc3[C@H]1c1ccccc12,C1=CC2c3ccccc3C1c1ccccc12,180.35
C[C@]12CCC(=O)[C@H]3O[C@]31C[C@H]([C@]1(O)CC[C@]3(C)C(=O)CC[C@]34O[C@H]14)C2=O,O=C1C(C2CCC3C(=O)CCC34OC24)CC23OC2C(=O)CCC13,182.05
OC[C@@H]1N=C(c2ccccc2)O[C@H]1c1ccccc1,c1ccc(C2=NCC(c3ccccc3)O2)cc1,186.35
O=C(C(C(=O)N1CCOCC1)c1ccccc1)N1CCOCC1,O=C(C(C(=O)N1CCOCC1)c1ccccc1)N1CCOCC1,186.85
Nc1nc(Sc2ccc(Cl)cc2)c(-c2ccccc2)c(N2CCCCC2)n1,c1ccc(Sc2ncnc(N3CCCCC3)c2-c2ccccc2)cc1,188.85
C[C@@H]1C(=O)[C@H](C)[C@@H](c2ccc(Cl)cc2)O[C@H]1c1ccc(Cl)cc1,O=C1CC(c2ccccc2)OC(c2ccccc2)C1,190.35
O=C1CCCCCC/C1=C\c1ccccc1F,O=C1CCCCCCC1=Cc1ccccc1,192.35
CCOC(=O)c1cc2cc(C(F)(F)F)c(C(F)(F)F)cc2c(=O)o1,O=c1occc2ccccc12,192.85
O=C1c2c(Cl)c(Cl)c(Cl)c(Cl)c2[C@](O)(c2ccco2)N1CCCO,O=C1NC(c2ccco2)c2ccccc21,194.35
Cc1cc(O)c2c(c1)C(=O)c1cc(OC[C@H]3CO3)cc(O)c1C2=O,O=C1c2ccccc2C(=O)c2cc(OCC3CO3)ccc21,200.35
CC(C)(C)CC(C)(C)Nc1nc(Cl)nc(NC2CC(C)(C)NC(C)(C)C2)n1,c1ncnc(NC2CCNCC2)n1,200.85
CCOC(=O)C1=C(N)Oc2ccc3ccccc3c2[C@H]1c1ccc(C)cc1,C1=CC(c2ccccc2)c2c(ccc3ccccc23)O1,201.35
COC(=O)[C@]12c3ccccc3[C@]34c5ccccc5[C@H]1[C@@]32C(=O)O[C@@H]4C,O=C1OCC23c4ccccc4C4C(c5ccccc52)C143,202.85
CN[C@@H](C)[C@H]1[C@H](O)C[C@@]2(C)[C@@H]3CC[C@H]4C(C)(C)[C@@H](NC)CC[C@@]45C[C@@]35CC[C@]12C,C1CC2CCC34CC35CCCCC5CCC4C2C1,207.35
COc1c(O)ccc2c1C(=O)N1CCc3cc4c(cc3[C@@H]1C2)OCO4,O=C1c2ccccc2CC2c3cc4c(cc3CCN12)OCO4,208.85
COC(=O)[C@@]12[C@H]3c4c(c(-c5ccccc5)c5ccccc5c4-c4ccccc4)[C@@H]1C=C[C@]32C(=O)OC,C1=CC2C3c4c(c(-c5ccccc5)c5ccccc5c4-c4ccccc4)C1C23,209.85
CC(=O)N1CCN(CCN2C3=C(C(=O)CC(C)(C)C3)C(c3ccc(Cl)cc3)C3=C2CC(C)(C)CC3=O)CC1,O=C1CCCC2=C1C(c1ccccc1)C1=C(CCCC1=O)N2CCN1CCNCC1,212.85
C=C(C(=O)O)[C@H]1CC[C@H]2C(=CC[C@H]3C(C)(C)[C@H](O)CC[C@]23C)C1,C1=C2CCCCC2C2CCCCC2C1,218.35
COc1cc([C@@H](O)[C@H](CO)Oc2c(OC)cccc2OC)cc(OC)c1O,c1ccc(CCOc2ccccc2)cc1,217.35
COc1ccc(-c2oc3c(C)c(OC)cc(OC)c3c(=O)c2C)cc1OC,O=c1cc(-c2ccccc2)oc2ccccc12,217.35
COC(=O)C1=C(C)NC(C)=C(C(=O)On2nnc3ccccc32)[C@H]1c1ccc([N+](=O)[O-])cc1,O=C(On1nnc2ccccc21)C1=CNC=CC1c1ccccc1,217.35
CC(=O)N1C(=O)[C@]2(O[C@@]3(c4ccccc4)OC(c4ccccc4)=N[C@H]32)c2ccccc21,O=C1Nc2ccccc2C12OC1(c3ccccc3)OC(c3ccccc3)=NC12,218.85
COC(=O)C1=C(C(=O)OC)[C@@H]2C=C[C@H]1c1cc3ccccc3c(-c3ccccc3)c12,C1=CC2C=CC1c1cc3ccccc3c(-c3ccccc3)c12,219.35
CCc1nnc(N=Nc2c(-c3ccccc3)n(C)c3ccccc23)s1,c1ccc(-c2[nH]c3ccccc3c2N=Nc2nncs2)cc1,220.85
O=C(O)c1cccc2c1nnn2Cc1ccccc1,c1ccc(Cn2nnc3ccccc32)cc1,220.85
Cc1c(N=Cc2cc(Br)cc(Br)c2O)c(=O)n(-c2ccccc2)n1C,O=c1c(N=Cc2ccccc2)c[nH]n1-c1ccccc1,228.35
CC1(C)C=Cc2c(cc3oc4c(O)cccc4c(=O)c3c2O)O1,O=c1c2ccccc2oc2cc3c(cc12)C=CCO3,230.85
O=[N+]([O-])c1ccc(C=CC=CC=Cc2ccc([N+](=O)[O-])cc2)cc1,C(=CC=Cc1ccccc1)C=Cc1ccccc1,240.35
CC(=O)N1N=C(c2ccc3ccccc3c2)C[C@@H]1c1ccc(Cl)c(Cl)c1,c1ccc(C2CC(c3ccc4ccccc4c3)=NN2)cc1,242.35
CN(C)c1ccc(C=NNC(=O)c2cnccn2)cc1,O=C(NN=Cc1ccccc1)c1cnccn1,253.85
COC(=O)[C@H](O)[C@H]1C(C)(C)C(=O)[C@@H]2CC3=C4CC(=O)O[C@@H](c5ccoc5)[C@]4(C)CC[C@@H]3[C@@]1(C)C2=O,O=C1CC2=C3CC4C(=O)CCC(C4=O)C3CCC2C(c2ccoc2)O1,264.35
C[C@@H]1C(=O)[C@]23C[C@H]1CC[C@H]2[C@@]1(CCC[C@@]2(C)COC(=O)[C@H]21)COC3=O,O=C1OCC2CCCC3(COC(=O)C45CC(CCC43)CC5=O)C12,296.85
CO[C@@H]1O[C@@H](C(F)([N+](=O)[O-])[N+](=O)[O-])[C@@H](C(F)([N+](=O)[O-])[N+](=O)[O-])O1,C1COCO1,100.4
COC(=O)[C@H](CSSC[C@@H](C(=O)OC)N1C(=O)[C@@H]2[C@H](C1=O)[C@@H]1C=C[C@H]2C1)N1C(=O)[C@@H]2[C@H](C1=O)[C@@H]1C=C[C@H]2C1,O=C1C2C3C=CC(C3)C2C(=O)N1CCSSCCN1C(=O)C2C3C=CC(C3)C2C1=O,100.0
COc1cc([C@@H](O)[C@H](CO)Oc2c(OC)cccc2OC)cc(OC)c1OC,c1ccc(CCOc2ccccc2)cc1,105.0
CS[C@H]1C(=O)[C@@H]2CC[C@]3(C)[C@@H](OC(C)(C)C)CC[C@]13[C@H]2Cl,O=C1CC23CCCC2CCC1C3,108.5
Oc1ccccc1C=N[C@H]1CCCC[C@@H]1/N=C/c1ccccc1O,C(=NC1CCCCC1N=Cc1ccccc1)c1ccccc1,118.0
CCOC(=O)c1cc(-c2ccccc2)n(-c2ccc(Cl)cc2Cl)n1,c1ccc(-c2ccnn2-c2ccccc2)cc1,124.0
C#C[C@]1(O)C=C[C@](O)(C#C)C=C1,C1=CCC=CC1,125.0
O=C(O)C[C@]12C=C[C@@H]3C[C@H]4CC[C@H](CC1)[C@]432,C1=CC2CC3CCC4CCC1C243,127.0
COC(=O)COC(=O)c1ccc2c(O)c(C(=O)OC)oc2c1,c1ccc2occc2c1,130.0
O=C(c1ccc2c(c1O)CC=CC2)c1cccc2ccccc12,O=C(c1ccc2c(c1)CC=CC2)c1cccc2ccccc12,132.0
C[C@]12CC[C@@H]3O[C@@H]3[C@H]1CC[C@@H]1[C@@H]2CC[C@]2(C)C(=O)CC[C@@H]12,O=C1CCC2C1CCC1C2CCC2C1CCC1OC12,136.0
COC(=O)[C@]1(C(=O)O)[C@@H]2CCC[C@@H]21,C1CC2CC2C1,137.25
Oc1c(Br)ccc2cccnc12,c1ccc2ncccc2c1,139.5
O=C1C=C2C=C[C@@H]3C[C@@]2(O1)[C@H]1CCCCN31,O=C1C=C2C=CC3CC2(O1)C1CCCCN31,142.5
C[C@]1(O)C#CCCCCC#C[C@](C)(O)CC1,C1#CCCCCC#CCCCC1,144.0
Nc1ccc(/N=C/c2cccc([N+](=O)[O-])c2)cc1,C(=Nc1ccccc1)c1ccccc1,148.5
Cc1ccc(OP2(=S)Oc3ccc(Cl)cc3Sc3cc(Cl)ccc3O2)c(C)c1,S=P1(Oc2ccccc2)Oc2ccccc2Sc2ccccc2O1,149.0
O=C1CCCC[C@H]1P(=S)(c1ccccc1)c1ccccc1,O=C1CCCCC1P(=S)(c1ccccc1)c1ccccc1,150.0
O=C(O)[C@@H]1[C@H](C(=O)O)[C@H]2C=C[C@@H]1C2,C1=CC2CCC1C2,150.5
O[C@@H]1C#CCCCCC#C[C@@H](O)CC1,C1#CCCCCC#CCCCC1,154.5
C[C@]12CC[C@H]3O[C@H]3[C@@H]1CC[C@@H]1[C@@H]2CC[C@]2(C)C(=O)CC[C@@H]12,O=C1CCC2C1CCC1C2CCC2C1CCC1OC12,158.0
CN(C)CCNCc1cc([N+](=O)[O-])ccc1O,c1ccccc1,158.5
O=C(O)[C@@H]1[C@@H]2CC[C@@H](C2)[C@@H]1C(=O)O,C1CC2CCC1C2,160.5
CCOP(=O)(OCC)C(c1cc(C(C)(C)C)c(O)c(C(C)(C)C)c1)(P(=O)(OCC)OCC)P(=O)(OCC)OCC,c1ccccc1,164.5
O=C(NC(=S)Nc1ccc(Cl)cc1)c1ccc(-c2ccccc2)cc1,O=C(NC(=S)Nc1ccccc1)c1ccc(-c2ccccc2)cc1,165.0
Cc1ccc(S(=O)(=O)Nc2cc(N)c([N+](=O)[O-])cc2NS(=O)(=O)c2ccc(C)cc2)cc1,O=S(=O)(Nc1ccccc1NS(=O)(=O)c1ccccc1)c1ccccc1,165.0
O=C1c2ccccc2CC[C@H]1[C@H](O)c1ccc(Cl)cc1Cl,O=C1c2ccccc2CCC1Cc1ccccc1,172.0
COc1ccc2c(c1)CC[C@@H]1[C@@H]2CC[C@]2(C)[C@]3(OC(C)=O)C=C[C@]12C[C@]3(Cl)C#N,C1=CC23CCC1C2CCC1c2ccccc2CCC13,183.5
O=C(O)[C@H]1[C@H](C(=O)O)[C@H]2C=C[C@@H]1C2,C1=CC2CCC1C2,185.0
CC(C)/C=N/Nc1ccc([N+](=O)[O-])cc1[N+](=O)[O-],c1ccccc1,186.5
O=C1[C@@H](Oc2ccccc2)[C@@H](c2ccccc2)N1[C@@H](Sc1ccccc1)c1ccccc1,O=C1C(Oc2ccccc2)C(c2ccccc2)N1C(Sc1ccccc1)c1ccccc1,194.0
CN(C)P(=O)(N(C)C)n1c(N)nc2ccccc21,c1ccc2[nH]cnc2c1,199.5
NC(=O)N[C@@H]1O[C@H](CO)[C@@H](O)[C@H](O)[C@H]1O,C1CCOCC1,207.0
C[C@]12CC[C@H](O)[C@@H](O)[C@H]1CC[C@@H]1[C@@H]2CC[C@]2(C)C(=O)CC[C@@H]12,O=C1CCC2C1CCC1C3CCCCC3CCC21,221.0
C[C@]12CC[C@@H](O)[C@H](O)[C@@H]1CC[C@@H]1[C@@H]2CC[C@]2(C)C(=O)CC[C@@H]12,O=C1CCC2C1CCC1C3CCCCC3CCC21,233.0
N#Cc1c(N2CCCC2)nc(N)c2c(-c3ccccc3)cc(-c3ccccc3)nc12,c1ccc(-c2cc(-c3ccccc3)c3cnc(N4CCCC4)cc3n2)cc1,236.0
NC1=NC(=O)CS1,O=C1CSC=N1,250.0
CCc1c(O)c(=O)ccn1N1CCOCC1,O=c1ccn(N2CCOCC2)cc1,258.5
Cc1ccccc1C[C@@]12c3ccccc3[C@@H](c3cccc(Br)c31)c1c(C)ccc(C)c12,c1ccc(CC23c4ccccc4C(c4ccccc42)c2ccccc23)cc1,259.6
CC(C)(CC#N)CC#N,,29.7
CC(C)[C@H]1[C@H](O)[C@@]2(O)[C@@]3(C)C[C@]4(O)O[C@@]5([C@H](O)[C@@H](C)CC[C@]35O)[C@@]2(O)[C@]14C,C1CCC23OC4CC(C5CCC4C52)C3C1,306.0
C=C1C[C@H]1[C@H](O)C(=O)OC,C=C1CC1,41.5
CN(c1ccc(Cl)cc1)[N+](=O)[O-],c1ccccc1,45.5
Cc1ccc(S(=O)(=O)C#N)cc1,c1ccccc1,48.0
C[C@H]1C(=O)[C@H]2[C@@H](C[C@H]1C#N)C2(C)C,O=C1CCCC2CC12,54.5
C1=C2CCCN[C@@H]2[C@H]2C[C@@H]1[C@@H]1CCCCN1C2,C1=C2CCCNC2C2CC1C1CCCCN1C2,71.4
CC(/N=N/c1cc(Cl)cc(Cl)c1O)=C(\Cl)C(=O)OCCOCCOCCCl,c1ccccc1,71.5
C[C@H](C[C@H](I)C(C)(C)C)S(=O)(=O)c1ccccc1,c1ccccc1,74.0
CC(/N=N/c1cc(Cl)cc(Cl)c1O)=C(C(=O)N1CCOCC1)N1CCOCC1,O=C(C(=CN=Nc1ccccc1)N1CCOCC1)N1CCOCC1,76.5
CC(=O)O[C@]12CC[C@@H](C(C)(C)C)C[C@H]1O[C@@H]2c1c(F)c(F)c(F)c(F)c1F,c1ccc(C2OC3CCCCC32)cc1,83.0
COC[C@H]1CCCN1C(=S)SCC(=O)c1ccc(Br)cc1,O=C(CSC(=S)N1CCCC1)c1ccccc1,89.5
COc1ccc(C(=O)C=Cc2cccc(OC)c2OC)c(O)c1,O=C(C=Cc1ccccc1)c1ccccc1,99.5
C[C@]1(O)C#CCCCCCC#C[C@@](C)(O)CC1,C1#CCCCCCC#CCCCC1,100.0
O=C(/C=C/c1ccc2ccccc2c1)/C=C/c1ccc2ccccc2c1,O=C(C=Cc1ccc2ccccc2c1)C=Cc1ccc2ccccc2c1,243.5
O=C(/C=C/c1ccccc1[N+](=O)[O-])c1cccc(O)c1,O=C(C=Cc1ccccc1)c1ccccc1,188.0
COc1ccc(/C=C/C(=O)c2ccc(O)cc2)cc1,O=C(C=Cc1ccccc1)c1ccccc1,190.0
O=C(/C=C/c1ccc(O)c(O)c1)c1ccccc1,O=C(C=Cc1ccccc1)c1ccccc1,212.5
COc1ccc(C(=O)/C=C/c2ccc(Cl)cc2)cc1,O=C(C=Cc1ccccc1)c1ccccc1,87.0
O=C(/C=C/c1ccc2c(c1)OCO2)c1ccccc1,O=C(C=Cc1ccc2c(c1)OCO2)c1ccccc1,118.0
CC(=O)O[C@@H]1[C@@H](OC(C)=O)[C@H](C)O[C@H](C#N)[C@@H]1OC(C)=O,C1CCOCC1,129.5
O=C(O)/C(=C/c1ccccc1[N+](=O)[O-])c1ccccc1F,C(=Cc1ccccc1)c1ccccc1,212.5
O=C(O)/C(=C/c1ccc([N+](=O)[O-])cc1)c1ccc(F)cc1,C(=Cc1ccccc1)c1ccccc1,242.5
O=C(O)/C(=C/c1ccccc1)c1ccc([N+](=O)[O-])cc1,C(=Cc1ccccc1)c1ccccc1,227.5
O=C(O)/C(=C/c1ccccc1[N+](=O)[O-])c1ccccc1,C(=Cc1ccccc1)c1ccccc1,198.5
O=C(O)/C(=C/c1cccc([N+](=O)[O-])c1)c1ccccc1,C(=Cc1ccccc1)c1ccccc1,185.0
O=C(O)/C(=C/c1ccc([N+](=O)[O-])cc1)c1ccccc1,C(=Cc1ccccc1)c1ccccc1,215.5
OC12CC3CC(CC(C3)C1)C2,C1C2CC3CC1CC(C2)C3,289.95
CCCCCCCCCCc1ccc(N(NC(=O)OC(C)(C)C)C(=O)OC(C)(C)C)cc1CCCCCCCCCC,c1ccccc1,37.5
CCCCCCCCOc1ccc(N(NC(=O)OC(C)(C)C)C(=O)OC(C)(C)C)cc1OCCCCCCCC,c1ccccc1,56.0
CCCCCCCCCCOc1cc(N(NC(=O)OC(C)(C)C)C(=O)OC(C)(C)C)cc(OCCCCCCCCCC)c1OCCCCCCCCCC,c1ccccc1,56.0
CCCCCCCCCCSc1cc(N(NC(=O)OC(C)(C)C)C(=O)OC(C)(C)C)cc(SCCCCCCCCCC)c1SCCCCCCCCCC,c1ccccc1,50.5
CCCCCCCCCCCCSc1cc(N(NC(=O)OC(C)(C)C)C(=O)OC(C)(C)C)cc(SCCCCCCCCCCCC)c1SCCCCCCCCCCCC,c1ccccc1,50.0
CCCCCCSc1cc(N(NC(=O)OC(C)(C)C)C(=O)OC(C)(C)C)cc(SCCCCCC)c1SCCCCCC,c1ccccc1,74.5
CCCCCCCCOc1cc(N(NC(=O)OC(C)(C)C)C(=O)OC(C)(C)C)cc(OCCCCCCCC)c1OCCCCCCCC,c1ccccc1,73.5
CCCCCCCCSc1cc(N(NC(=O)OC(C)(C)C)C(=O)OC(C)(C)C)cc(SCCCCCCCC)c1SCCCCCCCC,c1ccccc1,51.5
O=C(C=Cc1ccc(O)cc1)c1ccc(O)cc1,O=C(C=Cc1ccccc1)c1ccccc1,205.5
CC(=O)[C@@]12O[C@@H]1C[C@H]1[C@@H]3CCC4=CC(=O)CC[C@]4(C)[C@H]3[C@H](O)C[C@@]12C,O=C1C=C2CCC3C(CCC4C3CC3OC34)C2CC1,205.5
O=C1CCCc2cc3c(c(CSc4ccccc4)c21)-c1ccccc1OC3,O=C1CCCc2cc3c(c(CSc4ccccc4)c21)-c1ccccc1OC3,91.0
CCCCc1c2c(cc3c1-c1ccccc1OC3)CCCC2=O,O=C1CCCc2cc3c(cc21)-c1ccccc1OC3,91.0
CCCCc1c2c(cc3c1-c1ccccc1OC3)CC(C)(C)CC2=O,O=C1CCCc2cc3c(cc21)-c1ccccc1OC3,87.0
C[C@]12C=CC(=O)C=C1CC[C@@H]1[C@@H]2CC[C@@]2(C)[C@H]1CC[C@]2(C)O,O=C1C=CC2C(=C1)CCC1C3CCCC3CCC21,165.0
O=C(O)c1ccccc1/N=N/c1ccc(O)cc1,c1ccc(N=Nc2ccccc2)cc1,206.0
C=C(CC1c2ccccc2C(=O)N1Cc1ccccc1)c1ccccc1,C=C(CC1c2ccccc2C(=O)N1Cc1ccccc1)c1ccccc1,70.5
O=C1c2ccccc2C(C2=CCCCC2)N1Cc1ccccc1,O=C1c2ccccc2C(C2=CCCCC2)N1Cc1ccccc1,110.5
O=S(=O)(Nc1ccccc1Cl)c1ccccc1,O=S(=O)(Nc1ccccc1)c1ccccc1,125.0
O=C1CCCc2cc3c(c(-c4ccccc4)c21)-c1cc(Cl)ccc1OC3,O=C1CCCc2cc3c(c(-c4ccccc4)c21)-c1ccccc1OC3,185.0
COc1cc(/C=N/c2ccccc2)ccc1O,C(=Nc1ccccc1)c1ccccc1,140.0
Clc1ccc(Cl)c(-c2cc(Cl)ccc2Cl)c1,c1ccc(-c2ccccc2)cc1,87.0
O=S(=O)(Nc1cccc(Cl)c1Cl)c1ccccc1,O=S(=O)(Nc1ccccc1)c1ccccc1,114.0
Clc1cc(-c2ccccc2)c(Cl)c(Cl)c1Cl,c1ccc(-c2ccccc2)cc1,91.0
Clc1ccc(C(c2ccccc2Cl)C(Cl)(Cl)Cl)cc1,c1ccc(Cc2ccccc2)cc1,74.2
Cc1ccc2c(c1)-c1c(cc3c(c1-c1ccccc1)C(=O)CC(C)(C)C3)CO2,O=C1CCCc2cc3c(c(-c4ccccc4)c21)-c1ccccc1OC3,199.0
O=C1Nc2ccccc2C[C@H]1c1ccccc1F,O=C1Nc2ccccc2CC1c1ccccc1,191.0
CN1C(=O)c2ccccc2C1C=C(c1ccccc1)c1ccccc1,O=C1NC(C=C(c2ccccc2)c2ccccc2)c2ccccc21,147.0
CN1C(=O)c2ccccc2C1C1=COCCC1,O=C1NC(C2=COCCC2)c2ccccc21,95.5
O=C(NC(c1ccccc1)C(O)C(=O)O)c1ccccc1,O=C(NCc1ccccc1)c1ccccc1,170.5
COC(C)CCO,,-85.0
O=C(O)Cc1ccc2c(c1)OCO2,c1ccc2c(c1)OCO2,128.5
CC(=O)O[C@H]1CC[C@@]2(C)C(=CC[C@@H]3[C@@H]2CC[C@]2(C)C(C(C)=O)=CC[C@@H]32)C1,C1=CC2CCC3C4CCCCC4=CCC3C2C1,173.0
CC(=O)C1=CC[C@H]2[C@@H]3CC(=O)C4=C[C@@H](O)CC[C@]4(C)[C@H]3CC[C@]12C,O=C1CC2C3CC=CC3CCC2C2CCCC=C12,169.0
Nc1ccc(CC(=O)O)cc1,c1ccccc1,200.0
O=S(=O)(Nc1ccc(Cl)cc1)c1ccccc1,O=S(=O)(Nc1ccccc1)c1ccccc1,121.5
O=[N+]([O-])c1ccc(NS(=O)(=O)c2ccccc2)cc1,O=S(=O)(Nc1ccccc1)c1ccccc1,138.2
O=[N+]([O-])c1ccc(C2OCCO2)cc1,c1ccc(C2OCCO2)cc1,86.0
Cc1ccc(N)cc1O,c1ccccc1,161.0
Oc1ncc(F)c(O)n1,c1cncnc1,283.0
S=c1nc[nH]c2nc[nH]c12,S=c1nc[nH]c2nc[nH]c12,314.0
CC1(C)CC(=O)c2c(cc3c(c2-c2ccccc2)-c2ccccc2OC3)C1,O=C1CCCc2cc3c(c(-c4ccccc4)c21)-c1ccccc1OC3,191.0
ClC1=C(Cl)[C@]2(Cl)[C@H]3C[C@H](Cl)[C@H](Cl)[C@H]3[C@@]1(Cl)C2(Cl)Cl,C1=CC2CC1C1CCCC21,106.0
COC(=O)C(C)NC(=O)COC(=O)CC1=CC=CC=CC1NC1=C(Cl)CC=CC=C1Cl,C1=CC=CC(NC2=CCC=CC=C2)C=C1,481.0
COC(=O)C(CC(C)C)NC(=O)COC(=O)CC1=CC=CC=CC1NC1=C(Cl)C=CC=CC1Cl,C1=CC=CC(NC2=CC=CC=CC2)C=C1,505.0
COC(=O)C1CCCN1C(=O)COC(=O)CC1=CC(NC2=C(Cl)C=CC=CC2Cl)C=CC=C1,O=C(CC1=CC(NC2=CC=CC=CC2)C=CC=C1)OCC(=O)N1CCCC1,449.0
COC(=O)C(NC(=O)COC(=O)CC1=CC(NC2=C(Cl)C=CC=CC2Cl)C=CC=C1)C(C)C,C1=CC=CC(NC2=CC=CC=CC2)C=C1,517.0
CC1(C)C=C(C(=O)O)C1,C1=CCC1,70.0
N=c1nc(O)c2ncn(COCCO)c2[nH]1,N=c1ncc2nc[nH]c2[nH]1,255.0
CC/N=c1/nc(Cl)[nH]/c(=N\C(C)C)[nH]1,N=c1nc[nH]c(=N)[nH]1,177.0
CC1=C(/C=C/C(C)=C/C=C/C(C)=C/C=C/C=C(C)/C=C/C=C(C)/C=C/C2=C(C)CCCC2(C)C)C(C)(C)CCC1,C(=CC=CC=CC=CC=CC1=CCCCC1)C=CC=CC=CC=CC1=CCCCC1,183.0
CC(C)(C)OC(=O)N[C@@H](CO)C(=O)O,,90.5
NC1CCC1,C1CCC1,-4.0
O=C(O)CNc1ccc(O)cc1,c1ccccc1,246.0
COc1ccc2c(c1)[C@@]13CCCC[C@@H]1[C@@H](C2)N(C)CC3,c1ccc2c(c1)CC1NCCC23CCCCC13,110.0
O=C(/C=C/c1ccccc1)/C=C/c1ccccc1,O=C(C=Cc1ccccc1)C=Cc1ccccc1,113.0
CCCCOc1cc(C(=O)NCCN(CC)CC)c2ccccc2n1,c1ccc2ncccc2c1,64.5
C/C=C/C#N,,-51.5
CCCCCCCCCCCCS[C@H](C(=O)Nc1cc(C)c(O)c(C)c1C)c1ccccc1,O=C(Cc1ccccc1)Nc1ccccc1,-144.25
O=C(O[C@@H]1Cc2c(O)cc(O)cc2O[C@@H]1c1cc(O)c(O)c(O)c1)c1cc(O)c(O)c(O)c1,O=C(OC1Cc2ccccc2OC1c1ccccc1)c1ccccc1,141.0
O=c1oc2c(O)c(O)cc3c(=O)oc4c(O)c(O)cc1c4c23,O=c1oc2cccc3c(=O)oc4cccc1c4c23,450.0
CCOC(=O)[C@@H]1C[C@@H]([C@H](C)NC(=O)OC(C)(C)C)[C@@H](O)[C@@H]1NC(=O)OC(C)(C)C,C1CCCC1,129.5
CCOC(=O)[C@@H]1C[C@@H](O)[C@@H]([C@H](C)NC(=O)OC(C)(C)C)[C@@H]1NC(=O)OC(C)(C)C,C1CCCC1,120.5
CCOC(=O)[C@@H]1CC[C@H](C(C)=O)[C@@H]1NC(=O)OC(C)(C)C,C1CCCC1,109.5
CCOC(=O)[C@H]1C[C@@H]([C@@H](C)NC(=O)OC(C)(C)C)[C@@H](O)[C@@H]1NC(=O)OC(C)(C)C,C1CCCC1,141.5
CCOC(=O)[C@H]1C[C@@H](O)[C@@H]([C@H](C)NC(=O)OC(C)(C)C)[C@@H]1NC(=O)OC(C)(C)C,C1CCCC1,144.5
CCc1occc(=O)c1O,O=c1ccocc1,162.0
O=C(O)Cc1c[nH]c2ccccc12,c1ccc2[nH]ccc2c1,168.5
CCOC(=O)Cc1c(C)n(C(=O)c2ccc(Cl)cc2)c2ccc(OC)cc12,O=C(c1ccccc1)n1ccc2ccccc21,96.0
CCOP(=S)(OCC)Oc1nc(Cl)n(C(C)C)n1,c1nc[nH]n1,25.0
O=[N+]([O-])O[C@H]1CO[C@H]2[C@@H]1OC[C@H]2O[N+](=O)[O-],C1CC2OCCC2O1,70.0
CC1=C[C@H](O)CC(C)(C)[C@H]1/C=C/C(C)=C/C=C/C(C)=C/C=C/C=C(C)/C=C/C=C(C)/C=C/C1=C(C)C[C@@H](O)CC1(C)C,C(=CC=CC=CC=CC=CC1C=CCCC1)C=CC=CC=CC=CC1=CCCCC1,196.0
O=c1cc(-c2ccc(O)c(O)c2)oc2cc(O)cc(O)c12,O=c1cc(-c2ccccc2)oc2ccccc12,329.5
C[C@]12CCC(=O)C[C@@H]1CC[C@@H]1[C@@H]2CC[C@@]2(C)[C@H]1CC[C@]2(C)O,O=C1CCC2C(CCC3C4CCCC4CCC23)C1,192.0
COCC(=O)N(c1c(C)cccc1C)C(C)C(=O)OC,c1ccccc1,72.0
ClC1(Cl)C2(Cl)C3(Cl)C4(Cl)C(Cl)(Cl)C5(Cl)C3(Cl)C1(Cl)C5(Cl)C24Cl,C1C2C3C4CC5C3C1C5C24,485.0
CN(C)c1ccc(/C=N/c2ccccc2)cc1,C(=Nc1ccccc1)c1ccccc1,99.0
Clc1ccc(/C=N/c2ccccc2)cc1,C(=Nc1ccccc1)c1ccccc1,63.05
CC(=O)Nc1nc(=O)c2ncn(COCCO)c2[nH]1,O=c1nc[nH]c2[nH]cnc12,217.0
CN1C(=O)CCC(N2C(=O)c3ccccc3C2=O)C1=O,O=C1CCC(N2C(=O)c3ccccc3C2=O)C(=O)N1,159.0
CCCN1C(=O)CCC(N2C(=O)c3ccccc3C2=O)C1=O,O=C1CCC(N2C(=O)c3ccccc3C2=O)C(=O)N1,136.0
CN(C)c1ccc(C=Nc2ccccc2)cc1,C(=Nc1ccccc1)c1ccccc1,96.0
CC(=O)Nc1nc(O)c2ncn(COCCOC(C)=O)c2n1,c1ncc2nc[nH]c2n1,204.0
C[C@]12CC[C@H]3[C@@H](CCC4=CC(=O)CC[C@@H]43)[C@@H]1CC[C@@H]2O,O=C1C=C2CCC3C4CCCC4CCC3C2CC1,112.0
COc1ccc2cc(C(C)CO)ccc2c1,c1ccc2ccccc2c1,87.0
COc1ccc2cc(C(C)COC(C)=O)ccc2c1,c1ccc2ccccc2c1,61.0
O=P(O)(O)CN(CP(=O)(O)O)CP(=O)(O)O,,200.0
CC(=O)OCCOCn1cnc2c(=O)nc(N)[nH]c21,O=c1nc[nH]c2[nH]cnc12,242.0
ClC(Cl)=C(Cl)c1c(Cl)c(Cl)c(Cl)c(Cl)c1Cl,c1ccccc1,95.0
Cc1ccc(C)n1-c1ccc(F)cc1,c1ccc(-n2cccc2)cc1,48.5
Cc1cc(C=O)c(C)n1-c1ccc(F)cc1,c1ccc(-n2cccc2)cc1,117.5
CCOC(=O)c1cc(C)n(-c2ccc(F)cc2)c1C,c1ccc(-n2cccc2)cc1,64.5
Cc1cc(C(=O)OCC(N)=O)c(C)n1-c1ccc(F)cc1,c1ccc(-n2cccc2)cc1,177.5
Cc1cc(/C=C2\SC(=Nc3ccccc3)N=C2O)c(C)n1-c1ccc(F)cc1,C1=NC(=Nc2ccccc2)SC1=Cc1ccn(-c2ccccc2)c1,277.5
Cc1cc(C(=O)NCC(N)=O)c(C)n1-c1ccc(F)cc1,c1ccc(-n2cccc2)cc1,194.0
Cc1ccc(-n2c(C)ccc2C)cc1,c1ccc(-n2cccc2)cc1,45.5
Cc1ccc(C)n1-c1ccc(C(F)(F)F)cc1,c1ccc(-n2cccc2)cc1,71.5
Cc1ccc(-n2c(C)cc(C=O)c2C)cc1,c1ccc(-n2cccc2)cc1,109.5
CCOC(=O)c1cc(C)n(-c2ccc(C)cc2)c1C,c1ccc(-n2cccc2)cc1,61.0
CCOC(=O)c1cc(C)n(-c2ccc(C(F)(F)F)cc2)c1C,c1ccc(-n2cccc2)cc1,67.5
Cc1cc(C=O)c(C)n1-c1ccc(C(F)(F)F)cc1,c1ccc(-n2cccc2)cc1,86.0
Cc1cc(C=O)c(C)n1-c1cc(C(F)(F)F)cc(C(F)(F)F)c1,c1ccc(-n2cccc2)cc1,95.5
CCOC(=O)c1ccc(-n2c(C)ccc2C)cc1,c1ccc(-n2cccc2)cc1,60.5
Cc1cc(/C=C2\SC(N(CC#N)c3ccccc3)=NC2=O)c(C)n1-c1ccc(C(F)(F)F)cc1,O=C1N=C(Nc2ccccc2)SC1=Cc1ccn(-c2ccccc2)c1,182.5
Cc1cc(/C=C2\S/C(=N\c3ccccc3)N(CC#N)C2=O)c(C)n1-c1ccc(C(F)(F)F)cc1,O=C1NC(=Nc2ccccc2)SC1=Cc1ccn(-c2ccccc2)c1,73.0
Cc1cc(C=O)c(C)n1-c1ccccn1,c1ccc(-n2cccc2)nc1,62.5
CC(=O)N(C1=NC(=O)/C(=C/c2cc(C)n(-c3ccc(C(F)(F)F)cc3)c2C)S1)c1ccccc1,O=C1N=C(Nc2ccccc2)SC1=Cc1ccn(-c2ccccc2)c1,310.0
CCOC(=O)c1ccc(-n2c(C)cc(C=O)c2C)cc1,c1ccc(-n2cccc2)cc1,113.0
O=C1CS/C(=N\c2ccccc2)N1c1ccccc1,O=C1CSC(=Nc2ccccc2)N1c1ccccc1,175.5
CC(=O)N(C1=NC(=O)/C(=C/c2cc(C)n(-c3ccccc3)c2C)S1)c1ccccc1,O=C1N=C(Nc2ccccc2)SC1=Cc1ccn(-c2ccccc2)c1,237.5
CC(=O)N(C1=NC(=O)/C(=C/c2cc(C)n(-c3ccc(C)cc3)c2C)S1)c1ccccc1,O=C1N=C(Nc2ccccc2)SC1=Cc1ccn(-c2ccccc2)c1,257.0
Cc1cc(/C=C2\SC(=Nc3ccccc3)N=C2O)c(C)n1-c1ccccn1,C1=NC(=Nc2ccccc2)SC1=Cc1ccn(-c2ccccn2)c1,277.0
Cc1cc(/C=C2\S/C(=N\c3ccccc3)N(c3ccccc3)C2=O)c(C)n1-c1ccc(C(F)(F)F)cc1,O=C1C(=Cc2ccn(-c3ccccc3)c2)SC(=Nc2ccccc2)N1c1ccccc1,226.5
CC(=O)NC(S)=Nc1ccccc1,c1ccccc1,166.5
Cc1cc(/C=C2\S/C(=N\c3ccccc3)N(C3CCCC3)C2=O)c(C)n1-c1ccc(C(F)(F)F)cc1,O=C1C(=Cc2ccn(-c3ccccc3)c2)SC(=Nc2ccccc2)N1C1CCCC1,71.5
OC1=NC(=Nc2ccccc2)S/C1=C\c1ccccc1,C1=NC(=Nc2ccccc2)SC1=Cc1ccccc1,260.5
Cc1c(C(=O)OCC(N)=O)cnn1-c1ccccc1,c1ccc(-n2cccn2)cc1,154.0
CCn1cc(C(=O)O)c(=O)c2cc3c(cc21)OCO3,O=c1cc[nH]c2cc3c(cc12)OCO3,315.0
C=CCOc1ccccc1OCC(O)CNC(C)C,c1ccccc1,111.85
Clc1ccc(Cl)c(-c2cc(Cl)c(Cl)cc2Cl)c1,c1ccc(-c2ccccc2)cc1,77.0
Clc1ccc(-c2ccc(Cl)c(Cl)c2Cl)cc1Cl,c1ccc(-c2ccccc2)cc1,117.0
Clc1ccc(-c2cc(Cl)c(Cl)cc2Cl)cc1Cl,c1ccc(-c2ccccc2)cc1,110.0
Clc1cc(Cl)c(-c2ccc(Cl)c(Cl)c2Cl)cc1Cl,c1ccc(-c2ccccc2)cc1,79.0
Clc1cc(Cl)c(-c2cc(Cl)c(Cl)cc2Cl)cc1Cl,c1ccc(-c2ccccc2)cc1,103.0
Oc1cc(Cl)c(-c2c(Cl)cc(Cl)cc2Cl)c(Cl)c1O,c1ccc(-c2ccccc2)cc1,113.0
Clc1cc(Cl)c(-c2cc(Cl)c(Cl)c(Cl)c2Cl)cc1Cl,c1ccc(-c2ccccc2)cc1,112.0
Clc1cc(-c2cc(Cl)c(Cl)c(Cl)c2Cl)c(Cl)c(Cl)c1Cl,c1ccc(-c2ccccc2)cc1,157.0
Clc1ccc(-c2ccc(Cl)cc2Cl)cc1,c1ccc(-c2ccccc2)cc1,58.0
Clc1ccc(-c2cc(Cl)ccc2Cl)cc1,c1ccc(-c2ccccc2)cc1,65.0
Clc1ccc(-c2ccccc2Cl)cc1,c1ccc(-c2ccccc2)cc1,44.0
C1=C\N=N/N=N\N=C/1,C1=CN=NN=NN=C1,146.0
NC(Cc1ccccc1)C(=O)O,c1ccccc1,186.0
CCCCC[C@H](O)/C=C/[C@H]1[C@H](O)CC(=O)[C@@H]1C/C=C\CCCC(=O)O,O=C1CCCC1,67.0
CC(=O)OC[C@H](C)CCC1=C(C)[C@H]2[C@H](C[C@H]3[C@@H]4CC=C5C[C@@H](OC(C)=O)CC[C@]5(C)[C@H]4CC[C@@]32C)O1,C1=CC2C(CC3C2CCC2C4CCCCC4=CCC23)O1,105.0
Cc1cc2nc3c(=O)[nH]c(=O)nc-3n(CC(O)C(O)C(O)CO)c2cc1C,O=c1nc2[nH]c3ccccc3nc-2c(=O)[nH]1,280.0
CCCC(=O)OCSc1ncnc2c1ncn2COC(=O)CCC,c1ncc2nc[nH]c2n1,69.0
COc1cc(/C=C/C(=O)O)cc(OC)c1O,c1ccccc1,195.0
CC1=C(CC(=O)O)c2cc(F)ccc2/C1=C\c1ccc([S+](C)[O-])cc1,C1=Cc2ccccc2C1=Cc1ccccc1,128.0
CC12CCC(=O)C=C1CCC1C2CCC2(C)C(OC(=O)c3ccccc3)CCC12,O=C1C=C2CCC3C(CCC4C(OC(=O)c5ccccc5)CCC43)C2CC1,195.0
CC12CCC(=O)C=C1CCC1C2CCC2(C)C(OC(=O)Cc3ccccc3)CCC12,O=C1C=C2CCC3C(CCC4C(OC(=O)Cc5ccccc5)CCC43)C2CC1,129.0
C[C@]12CC[C@H]3[C@@H](CCC4=CC(=O)CC[C@@]43C)[C@@H]1CC[C@@H]2OC(=O)CCc1ccccc1,O=C1C=C2CCC3C(CCC4C(OC(=O)CCc5ccccc5)CCC43)C2CC1,116.5
O=C(O)[C@H]1CC[C@H](C(=O)O)CC1,C1CCCCC1,308.0
CC1(C)C[C@@H](C(=O)O)[C@@H]1N,C1CCC1,155.0
CC(C)(C)OC(=O)NCC(=O)N(Cc1ccco1)C(C(=O)NCc1ccccc1)c1ccccc1,O=C(NCc1ccccc1)C(NCc1ccco1)c1ccccc1,147.0
C/C=C/C(=O)N(CCCCCCC)C(C(=O)NC(C)(C)C)c1cc2ccccc2c2ccccc12,c1ccc2c(c1)ccc1ccccc12,180.0
CN(C)c1ccc(C(C(=O)NC(C)(C)C)N(C)C(=O)CCCc2ccc3ccc4cccc5ccc2c3c45)cc1,O=C(CCCc1ccc2ccc3cccc4ccc1c2c34)NCc1ccccc1,194.0
Cc1ccc(C(C(=O)NC(C)(C)C)N(C)C(=O)CCCc2ccc3ccc4cccc5ccc2c3c45)cc1,O=C(CCCc1ccc2ccc3cccc4ccc1c2c34)NCc1ccccc1,141.0
CCCCNC(=O)C(c1cc(OC)cc(OC)c1)N(Cc1ccccc1)C(=O)C#Cc1ccccc1,O=C(C#Cc1ccccc1)N(Cc1ccccc1)Cc1ccccc1,138.0
CCCCNC(=O)C(c1cc2ccccc2c2ccccc12)N(Cc1ccco1)C(=O)Cc1ccccc1,O=C(Cc1ccccc1)N(Cc1ccco1)Cc1cc2ccccc2c2ccccc12,185.0
CC(C)(C)NC(=O)C(c1ccccc1)N(Cc1ccco1)C(=O)CNC(=O)OC(C)(C)C,c1ccc(CNCc2ccco2)cc1,203.0
COc1ccc(C(C(=O)NCc2ccccc2)N(Cc2ccc(C)o2)C(=O)CNC(=O)OC(C)(C)C)cc1OC,O=C(NCc1ccccc1)C(NCc1ccco1)c1ccccc1,177.0
C/C=C\C#N,,-72.6
