smiles,scaffold_smiles,label
O=C1Nc2cccc3cccc1c23,O=C1Nc2cccc3cccc1c23,-3.2547670983
O=Cc1ccc(Cl)cc1,c1ccccc1,-2.1770779444
c1cc(N(CC2CO2)CC2CO2)ccc1Cc1ccc(N(CC2CO2)CC2CO2)cc1,c1cc(N(CC2CO2)CC2CO2)ccc1Cc1ccc(N(CC2CO2)CC2CO2)cc1,-4.6620645831
C=Cc1cccc(C)c1,c1ccccc1,-3.1231503041
CCC1CCC(CCC(=O)O)C1,C1CCCC1,-3.286116314
CC12C=CC(=O)C=C1CCC1C2C(O)CC2(C)C1CC(O)C2(O)C(=O)CO,O=C1C=CC2C(=C1)CCC1C3CCCC3CCC21,-2.6645485391
O=C(c1ccc(F)cc1)c1ccc(F)cc1,O=C(c1ccccc1)c1ccccc1,-4.396652184700001
O=C(OCCCOCCCOC(=O)c1ccccc1)c1ccccc1,O=C(OCCCOCCCOC(=O)c1ccccc1)c1ccccc1,-4.595502563999999
CN(C)c1ccc(C=O)cc1,c1ccccc1,-2.2827688499
CC(=O)OC(C)(C)Cc1ccccc1,c1ccccc1,-2.3946499685
CC(C)(C)c1ccc(OCC2CO2)cc1,c1ccc(OCC2CO2)cc1,-3.4302388798
COCCCCC(=O)c1ccc(C(F)(F)F)cc1,c1ccccc1,-3.5440597008
CC(C)=CCC/C(C)=C\CO,,-2.3206011661000003
Cc1cc(Cl)ccc1OC(C)C(=O)O,c1ccccc1,-2.4660307863
FC(F)(F)c1cccc(Cl)c1,c1ccccc1,-3.4115138849
CCC(C)(CCC(C)C)C(=O)OCC1CO1,C1CO1,-3.5134687407
CC(C)CCCCCOC(=O)CCS,,-4.4543816995
CC1=CCC(=C(C)C)CC1,C=C1CC=CCC1,-4.2873429345
CCNCC(O)c1cccc(O)c1,c1ccccc1,-3.4541026398000003
ClCc1ccc(Cl)cc1Cl,c1ccccc1,-3.5129421932
C=C1CCC2CC1C2(C)C,C=C1CCC2CC1C2,-4.2923134549
CCCCCCCCCCCCOC(=O)C(C)O,,-4.6341446203
NO,,-0.763033718
C=CC(=O)OCCOc1ccccc1,c1ccccc1,-2.5636257131
C=CCCCCCCCCC(=O)O,,-3.5528261452
C[N+](C)(CCCNS(=O)(=O)CCC(F)(F)C(F)(F)C(F)(F)C(F)(F)C(F)(F)C(F)(F)F)CC(=O)[O-],,-4.0571851475
CCC(Cc1ccccc1)(C(=O)c1ccc(N2CCOCC2)cc1)N(C)C,O=C(CCc1ccccc1)c1ccc(N2CCOCC2)cc1,-4.7932278922
CC(C)CCCCCCc1ccc(O)cc1,c1ccccc1,-4.587250024599999
C=C(C)c1cccc(C(=C)C)c1,c1ccccc1,-4.4511392252
C=COC(=O)CCCCCC(C)(C)C,,-4.581332510899999
Cc1ccc(C(C)(C)C)cc1,c1ccccc1,-4.4720217682
O=C(O)C1CCCCC1,C1CCCCC1,-1.445031941
C(/C=C/c1ccccc1)=NCCCCCCN=C/C=C/c1ccccc1,C(=Cc1ccccc1)C=NCCCCCCN=CC=Cc1ccccc1,-3.8937390711
CC(C)(C)CC(C)(C)c1cc(Cc2cc(C(C)(C)CC(C)(C)C)cc(-n3nc4ccccc4n3)c2O)c(O)c(-n2nc3ccccc3n2)c1,c1cc(Cc2cccc(-n3nc4ccccc4n3)c2)cc(-n2nc3ccccc3n2)c1,-7.973715535399999
c1ccc2sc(SN3CCOCC3)nc2c1,c1ccc2sc(SN3CCOCC3)nc2c1,-3.8109627954
CC1(C)[C@H]2C[C@@H]3O[C@]3(C)[C@@H]1C2,C1C2CC1C1OC1C2,-2.5936884915
CCCN(CCC)C(=O)SCC,,-2.7031744039
C1CC(COCC2CO2)CCC1COCC1CO1,C1CC(COCC2CO2)CCC1COCC1CO1,-1.8357972344
O=[p+]1oc2ccccc2c2ccccc21,O=[p+]1oc2ccccc2c2ccccc21,-1.7796231349
C=COC(=O)c1ccccc1,c1ccccc1,-2.6229591952
COC(=O)c1ccc(C(C)(C)C)cc1,c1ccccc1,-3.7398163758
Cc1cccc(CC(C)(C)CO)c1,c1ccccc1,-2.8265354685000004
CC(=O)OC/C=C(/C)CCC=C(C)C,,-3.7549532157
CC1(C)[C@H]2CC=C(CCO)[C@@H]1C2,C1=CC2CC(C1)C2,-2.6959998037
CC1CC(=O)CC(C)(C)C1,O=C1CCCCC1,-1.6471414632
C=CC(=O)OCCOc1ccccc1-c1ccccc1,c1ccc(-c2ccccc2)cc1,-3.9515188418
O=C(CCS)OCC(COC(=O)CCS)(COC(=O)CCS)COC(=O)CCS,,-5.1231687481
Cc1cc(C(C)(C)c2cc(C)c(O)c(C)c2)cc(C)c1O,c1ccc(Cc2ccccc2)cc1,-4.952868802799999
CCCCCCCCCCCCCCCCCC(=O)OCC(COC(=O)CCCCCCCCCCCCCCCCC)OC(=O)CCCCCCCCCCCCCCCCC,,-5.4730005799
CCOC(=O)CC(C)CC(C)(C)C,,-3.8230431676
CCc1ccc(C)nc1,c1ccncc1,-1.0042604536
CC(C)[C@@H]1CC[C@@H](C)C[C@H]1OC(=O)[C@H](C)O,C1CCCCC1,-2.9799872046
C[C@]12C=CC(=O)C=C1CC[C@@H]1[C@@H]2[C@@H](O)C[C@@]2(C)[C@H]1CC[C@]2(O)C(=O)CO,O=C1C=CC2C(=C1)CCC1C3CCCC3CCC21,-3.1784471289
C=C(C)C(=O)OCCOc1ccccc1,c1ccccc1,-2.9526471698
CCCCOCCOCCOCc1cc2c(cc1CCC)OCO2,c1ccc2c(c1)OCO2,-4.1510889183
CF,,-0.1758743764999999
c1ccc(OCCOc2ccccc2)cc1,c1ccc(OCCOc2ccccc2)cc1,-3.9885265275
CCc1cc(Cc2cc(CC)c(N)c(CC)c2Cl)c(Cl)c(CC)c1N,c1ccc(Cc2ccccc2)cc1,-7.2780387128
CCCC(CCC)C(=O)O,,-1.8579774272
CCCCCC/C=C/C1CC(=O)OC1=O,O=C1CCC(=O)O1,-4.0217535152
CC1=CC[C@H]2C[C@@H]1C2(C)C,C1=CC2CC(C1)C2,-4.7725704235
C=C(F)C(F)(F)F,,-2.7599573667
O=c1ccc2ccccc2o1,O=c1ccc2ccccc2o1,-1.8860303607
C=C(C)C1CC=C(C)CC1,C1=CCCCC1,-3.8464965295
CC(=O)O[C@H]1C[C@H]2CC[C@@]1(C)C2(C)C,C1CC2CCC1C2,-3.0887781924
CCCC(=O)OC(C)(C)Cc1ccccc1,c1ccccc1,-4.1359426126
CCCOCC(C)OCC(C)O,,-0.0700526508
CC1(C)CC(N=C=O)CC(C)(CN=C=O)C1,C1CCCCC1,-4.1708247593
O=C(Oc1ccccc1)Oc1ccccc1,O=C(Oc1ccccc1)Oc1ccccc1,-4.2169166627
C=COC(=O)C(CC)CCCC,,-4.1519109764
C=C(C)C(=O)NCNC(=O)C(=C)C,,-1.1892367555
C1=C\CC/C=C\CC/1,C1=CCCC=CCC1,-2.9659771733
CCCCOC(=O)c1ccccc1C(=O)OCCCC,c1ccccc1,-4.3876832538
O=C(c1ccccc1)c1ccc(O)c(O)c1O,O=C(c1ccccc1)c1ccccc1,-3.3451078238
CCCCCCCCC/C=C/CC1CC(=O)OC1=O,O=C1CCC(=O)O1,-4.4255032449
C/C(=C\C(C)CC(C)CC(C)C)C1CC(=O)OC1=O,O=C1CCC(=O)O1,-4.4255032449
CCCCCCCCCC(=O)Oc1ccc(C(=O)O)cc1,c1ccccc1,-5.424547549700001
COc1ccc(/C=C/C(=O)OCCC(C)C)cc1,c1ccccc1,-5.4919252104
CCCCCCCCCCCCCCCC(=O)NCC(=O)O,,-5.593122621900001
C1=C\CC/C=C/CC/C=C\CC/1,C1=CCCC=CCCC=CCC1,-5.3651562541
N#Cc1ccccc1-c1ccc(CBr)cc1,c1ccc(-c2ccccc2)cc1,-6.6566491092
CCCCC(CC)CNC(=O)CCCCCC(C)C,,-5.731545252999999
CO[C@H]1C[C@H](OC2/C(C)=C/C[C@@H]3C[C@@H](C[C@]4(C=C[C@H](C)[C@@H](C5CCCCC5)O4)O3)OC(=O)[C@@H]3C=C(C)[C@@H](O)[C@H]4OC/C(=C\C=C\[C@@H]2C)[C@]43O)O[C@@H](C)C1O[C@H]1C[C@H](OC)[C@@H](O)[C@H](C)O1,O=C1OC2CC(CC=CC(OC3CCC(OC4CCCCO4)CO3)CC=CC=C3COC4CC=CC1C34)OC1(C=CCC(C3CCCCC3)O1)C2,-7.5558815137
c1ccc(-c2ccc(-c3ccccc3)cc2)cc1,c1ccc(-c2ccc(-c3ccccc3)cc2)cc1,-6.183335848
c1cc2ccc3cccc4ccc(c1)c2c34,c1cc2ccc3cccc4ccc(c1)c2c34,-6.1787966156
CCCCOC(=O)c1ccc(C(=O)OCCCC)cc1,c1ccccc1,-6.40319542
CCC(CC)CC1(C#N)CCCCC1,C1CCCCC1,-6.5873382321000005
COc1ccc(N2CCN(c3ccc([N+](=O)[O-])cc3)CC2)cc1,c1ccc(N2CCN(c3ccccc3)CC2)cc1,-6.9290130346000005
CC(C)CCCCCCCOC(=O)CCCCCCCCC(=O)OCCCCCCCC(C)C,,-7.2523945018
CCCCN(CCCC)c1ccc2c(c1)Oc1cc(C)c(Nc3ccccc3)cc1C21OC(=O)c2ccccc21,O=C1OC2(c3ccccc3Oc3ccc(Nc4ccccc4)cc32)c2ccccc21,-7.4042503575
O=Cc1cccc2c1OC(F)(F)O2,c1ccc2c(c1)OCO2,-2.1558333574
CCNc1cc(C#N)c(N)c2c1C(=O)c1ccccc1C2=O,O=C1c2ccccc2C(=O)c2ccccc21,-7.6382805905
CCCCC(CC)COC(=O)c1ccc(Nc2nc(Nc3ccc(C(=O)NC(C)(C)C)cc3)nc(Nc3ccc(C(=O)OCC(CC)CCCC)cc3)n2)cc1,c1ccc(Nc2nc(Nc3ccccc3)nc(Nc3ccccc3)n2)cc1,-8.1852587653
Cc1cccc(C)c1OCC(=O)O,c1ccccc1,-2.2566445306
CC(=O)c1ccc(O)cc1,c1ccccc1,-1.1383824511
CC(=O)/C=C/C=C(\C)CCC=C(C)C,,-3.2972120668
C=CN1CCN(C=C)C1=O,O=C1NCCN1,-1.1558864442
Nc1cc([N+](=O)[O-])ccc1O,c1ccccc1,-2.2056018566
O=c1[nH]c2ccc([N+](=O)[O-])cc2[nH]1,O=c1[nH]c2ccccc2[nH]1,-3.2740875474
Cc1ccc(S(=O)(=O)/C(C#N)=C/N2CC(=O)NC2=S)cc1,O=C1CN(C=CS(=O)(=O)c2ccccc2)C(=S)N1,-3.5292992951
CCc1occc(=O)c1O,O=c1ccocc1,-1.1759580204
COC(=O)Cc1ccccc1,c1ccccc1,-2.2114017234
Cc1c(Cl)cccc1[N+](=O)[O-],c1ccccc1,-3.2706864295
CCCCCCCl,,-3.1223887332
C=C(C)C(=O)OCC(F)(F)F,,-2.2684756839
CCCCCCC(C)=O,,-2.1536963273
CCCCC/C=C/CC(CC(=O)O)C(=O)O,,-2.4042405739
C/C=C/C(CCC)(C(=O)O)C(CCC)(CCC)C(=O)O,,-3.4953596006
C[C@H]1CC(=O)C=C2CC[C@H]3[C@@H]4CC[C@H](O)[C@@]4(C)CC[C@@H]3[C@]21C,O=C1C=C2CCC3C4CCCC4CCC3C2CC1,-3.5264225666000004
CC(C)(O)C(=O)c1ccc(Cc2ccc(C(=O)C(C)(C)O)cc2)cc1,c1ccc(Cc2ccccc2)cc1,-4.536378597
C=CC(=O)OCC1CC2CC1C1CCC(COC(=O)C=C)C21,C1CC2C3CCC(C3)C2C1,-4.4930858187
O=C(Nc1ccccc1)Nc1ccccc1NS(=O)(=O)c1ccccc1,O=C(Nc1ccccc1)Nc1ccccc1NS(=O)(=O)c1ccccc1,-4.5784028785
C=CC(=O)OCC(CC)CCCC,,-4.2832046138
CC(=O)OC1CC2CC1C1CCCC21,C1CC2C3CCC(C3)C2C1,-3.3380498278
CCS,,-0.8459165595999999
CCCCC(CC)COC(=O)OOC(=O)OCC(CC)CCCC,,-2.5951754429
CC(C)=CCC[C@@H](C)CC=O,,-3.243750947
CC(C)[C@@]12CC[C@@](C)(O1)[C@@H](O)C2,C1CC2CCC1O2,-0.288092629
CC(C)c1ccc(CCC=O)cc1,c1ccccc1,-3.3026567859
CCCCBr,,-2.1977641867
CCCOC(C)OCCc1ccccc1,c1ccccc1,-3.3841929036
COC(OC)C(C)(C)CC=C(C)C,,-3.3397616042
COC(C)(C)C1CC=C(C)CC1,C1=CCCCC1,-3.2966135776
O=[N+]([O-])c1cc(Cl)ccc1Cl,c1ccccc1,-3.3642253983
C#CC(C)(O)CC/C=C(\C)CC,,-2.3027678878
O=C1C=CC(=O)N1c1ccccc1,O=C1C=CC(=O)N1c1ccccc1,-2.3273175561
CC1=NN(c2ccc(C)cc2)C(=O)C1,O=C1CC=NN1c1ccccc1,-2.365667988
CC(=O)CC(C)(C)c1ccccc1,c1ccccc1,-2.337666283
CCCCCOC(=O)CC,,-2.2505224040000003
FC(F)=C(F)Cl,,-2.1609542979
CCCCCCCCCCCCOCCO,,-1.4593774078
NCCCCCCCCCCC(=O)O,,-2.4007753619
NC(=NCCCCCCN=C(N)N=C(N)Nc1ccc(Cl)cc1)N=C(N)Nc1ccc(Cl)cc1,C(=NC=NCCCCCCN=CN=CNc1ccccc1)Nc1ccccc1,-2.8005950876
C/C=C1\CC2C=CC1C2,C=C1CC2C=CC1C2,-3.1767964148
CCN(C(=O)N(CC)c1ccccc1)c1ccccc1,O=C(Nc1ccccc1)Nc1ccccc1,-3.5256277962
CCCCOC(=O)c1ccccc1N,c1ccccc1,-3.3830205262
O=C(OCc1ccccc1)c1ccccc1O,O=C(OCc1ccccc1)c1ccccc1,-4.4139224059
O=S(=O)(O)c1cccc2cc(Nc3ccccc3)cc(Nc3ccccc3)c12,c1ccc(Nc2cc(Nc3ccccc3)c3ccccc3c2)cc1,-4.6725029066
CCC(C)(OOC(C)(C)C)OOC(C)(C)C,,-4.4507609201
c1ccc(Sc2ccccc2)cc1,c1ccc(Sc2ccccc2)cc1,-4.3606078686
CCOCCCNS(=O)(=O)c1ccc(Oc2cc(O)c3c(c2N)C(=O)c2ccccc2C3=O)cc1,O=C1c2ccccc2C(=O)c2cc(Oc3ccccc3)ccc21,-4.7874700957
O=C1OC(=O)c2c(Cl)c(Cl)c(Cl)c(Cl)c21,O=C1OC(=O)c2ccccc21,-4.5531196112
CCO,,1.2336682179
COc1ccc(OC)cc1,c1ccccc1,-2.2455315279
c1ccc(CCOC2CCCCC2)cc1,c1ccc(CCOC2CCCCC2)cc1,-2.4180900548
C/C=C/C(=O)C1C(C)C=CCC1(C)C,C1=CCCCC1,-3.3963665007
O=C(OCC1CO1)c1ccc(C(=O)OCC2CO2)cc1,O=C(OCC1CO1)c1ccc(C(=O)OCC2CO2)cc1,-3.5579600556
CCCCC/C=C/CCC=O,,-3.301742894
Cc1cc(C)c(C)c(O)c1,c1ccccc1,-2.2522030039
CC(F)(F)F,,-2.043101387
CC(C)(O)C(=O)c1ccc(OCCO)cc1,c1ccccc1,-1.4699304792
CN=C=S,,-0.9832225904
CN(C(=O)N(C)c1ccccc1)c1ccccc1,O=C(Nc1ccccc1)Nc1ccccc1,-3.4975575811
O=C1CCCCCCCCCCC(=O)OCCO1,O=C1CCCCCCCCCCC(=O)OCCO1,-3.533758505
CC(C)CCCCCCCO,,-3.3243784972
CCOC(=O)C1OC1c1ccccc1,c1ccc(C2CO2)cc1,-2.4096512377
CC(C)CCCC(C)(C)O,,-2.2869836341
CCC(=O)OCc1ccccc1,c1ccccc1,-2.344979827
C#CC1(OC(C)=O)CCCCC1,C1CCCCC1,-2.352215179
CCN(CC)CC,,-0.1376829835
CCCCCCCC/C=C\CCCCCCCCNCCCNCCCN,,-3.7183913352
CSC,,-0.9312189022
Nc1cc(Cl)c(Cl)cc1Cl,c1ccccc1,-3.4359504856
Clc1cccc(C(Cl)(Cl)Cl)n1,c1ccncc1,-3.506108364
O=C(O)c1cc2ccccc2cc1O,c1ccc2ccccc2c1,-3.4172455835
CC(C)c1cccc(C(C)CC=O)c1,c1ccccc1,-3.6773468456
FC1CC(F)(F)C(F)(F)C1(F)F,C1CCCC1,-2.436880918
CCCCC,,-3.006984006
C/C=C/c1ccc(O)c(OC)c1,c1ccccc1,-2.3647374971
Cc1ccc(C=O)cc1C,c1ccccc1,-2.277035079
CCCCOC(C)=O,,-1.2199585633
Nc1ccc(-c2ccc(N)cc2S(=O)(=O)O)c(S(=O)(=O)O)c1,c1ccc(-c2ccccc2)cc1,-2.6919272706
COc1cc(C=O)cc([N+](=O)[O-])c1O,c1ccccc1,-2.4496899299
CCN(CC)c1cccc(NC(C)=O)c1,c1ccccc1,-2.4693780306
Cc1ccccc1N=C(N)Nc1ccccc1C,C(=Nc1ccccc1)Nc1ccccc1,-3.5338845835000003
CCCC(CC)COC(=O)CCc1cc(C(C)(C)C)c(O)c(C(C)(C)C)c1,c1ccccc1,-7.098737149600001
C=C1C2CCC3C2C(C)(C)CCCC13C,C=C1C2CCC3C1CCCCC23,-4.412762427200001
O=C(OCCc1ccccc1)c1ccccc1O,O=C(OCCc1ccccc1)c1ccccc1,-4.4891053349000005
CC(COC(=O)c1ccccc1)OC(=O)c1ccccc1,O=C(OCCOC(=O)c1ccccc1)c1ccccc1,-4.5673029377
CCC(C)(C)C1CCCCC1OC(C)=O,C1CCCCC1,-4.4462039036
N#CC(=C1CCCCC1)c1ccccc1,C(=C1CCCCC1)c1ccccc1,-4.4200239973
O=C(O)Cc1ccccc1Nc1c(Cl)cccc1Cl,c1ccc(Nc2ccccc2)cc1,-4.6202577876
O=[N+]([O-])c1ccc(CCc2ccc([N+](=O)[O-])cc2)cc1,c1ccc(CCc2ccccc2)cc1,-4.589885800199999
CC(C)(C)CC(C)(C)c1ccc(O)cc1,c1ccccc1,-4.4694622333
CCCCCCCCCc1ccc(O)cc1,c1ccccc1,-4.4980268403
COc1ccc(C(=O)Nc2ccc(C(N)=O)cc2)cc1[N+](=O)[O-],O=C(Nc1ccccc1)c1ccccc1,-4.6536052692
CC(C)=CCC/C(C)=C/CO,,-2.3519095035
COc1ccccc1OC,c1ccccc1,-1.3149750669
CCCCOCCOP(=O)(OCCOCCCC)OCCOCCCC,,-2.7785623319
CCCCCCOC,,-2.2450853258000003
O=[N+]([O-])c1cc(C(F)(F)F)ccc1Cl,c1ccccc1,-2.5337046723
C[C@H]1C[C@H]2[C@@H]3CCC4=CC(=O)C=C[C@]4(C)[C@@]3(F)[C@@H](O)C[C@]2(C)[C@@]1(O)C(=O)CO,O=C1C=CC2C(=C1)CCC1C3CCCC3CCC21,-3.7709815003
CC(C)c1ccc(C(C)CC=O)cc1,c1ccccc1,-3.4598629014
CC1=CC(C)C(CO)C(C)C1,C1=CCCCC1,-2.3711973931
C=CC(C)(O)CC/C=C(\C)CC,,-2.4091286640000003
O=C(OCC1CO1)c1ccc(C(=O)OCC2CO2)c(C(=O)OCC2CO2)c1,O=C(OCC1CO1)c1ccc(C(=O)OCC2CO2)c(C(=O)OCC2CO2)c1,-2.7622964758
CC1CC(C)(c2ccccc2)CO1,c1ccc(C2CCOC2)cc1,-2.4332379452
CCCCC(CC)C(=O)OCC,,-3.423291255
Oc1cccc2cccnc12,c1ccc2ncccc2c1,-2.3496052546
CCOc1ccccc1OCC,c1ccccc1,-2.41045076
C/C=C/C,,-1.9394650737
OCC(O)C(O)C(O)CO,,0.6252744890999999
C=CC(=C)C,,-2.0257332357
CCCCCCCC/C=C/CCCCCCCCNCCCNCCCNCCCN,,-3.8360757577
CC(C)CCCC(C)CCO,,-3.3932597866000003
CC(=O)c1ccccc1,c1ccccc1,-1.2803868403
CC/C=C(\C)C(O)CCCCC,,-3.4318638977
CCCCOC(=O)CCC,,-2.3610477791
O=C(O)c1ccccc1C(=O)O,c1ccccc1,-1.4245732761
O=CC1CCC2C3CCC(C3)C12,C1CC2C3CCC(C3)C2C1,-2.4199676473
Cc1cccc(C)c1O,c1ccccc1,-1.292396158
CCC(O)c1ccccc1,c1ccccc1,-2.3403675905
CC(=O)c1cccc(C(F)(F)F)c1,c1ccccc1,-2.4821079167
Nc1ccc(Cl)cc1Cl,c1ccccc1,-2.4171742578
CC(=O)O[C@@H]1C[C@@H]2CC[C@@]1(C)C2(C)C,C1CC2CCC1C2,-3.4963238418
NNS(=O)(=O)c1ccc(Oc2ccc(S(=O)(=O)NN)cc2)cc1,c1ccc(Oc2ccccc2)cc1,-3.7584891954
C=C/C=C/CC/C=C/CC,,-3.34190657
OC/C=C\CO,,0.8466851642000001
C=C(C)C(=O)OCCOCCOCCOCC,,-0.6030114261
CC(=O)OCC1=C(C(=O)O)N2C(=O)[C@@H](N)[C@H]2SC1,O=C1CC2SCC=CN12,-2.6489777217
CCCCCCCCCC(=O)O,,-3.4452161366000005
CC(C)C,,-2.977604072
CCCC,,-2.977604072
CC,,-2.6913820060000004
CC1(C)C2CC=C(CCC=O)C1C2,C1=CC2CC(C1)C2,-3.4657606101
O=C(O)Cc1ccc(O)cc1,c1ccccc1,-0.3990804112
COc1ccc(COC(C)=O)cc1,c1ccccc1,-2.4740066421
Nc1nc(N)nc(-c2ccccc2)n1,c1ccc(-c2ncncn2)cc1,-2.4941685135
C=CC(=O)OC1CCC(C(C)(C)C)CC1,C1CCCCC1,-3.539328096
C=Cc1cc(Br)ccc1Br,c1ccccc1,-4.5787304077
Cc1ccccc1NC(=O)c1cc2ccccc2cc1O,O=C(Nc1ccccc1)c1ccc2ccccc2c1,-4.6234419541000005
COC(=O)c1nc(Cl)c(Cl)nc1N,c1cnccn1,-4.5348386091
CCCCCCCC/C=C\CCCCCCCC(=O)N(CCCC)CCCC,,-4.788985440799999
C=C(C)C(=O)OC1CC2CCC1(C)C2(C)C,C1CC2CCC1C2,-4.5442204359
CCCCCCCCCOC(C)=O,,-4.4708606495
c1ccc2ccccc2c1,c1ccc2ccccc2c1,-4.3112256046
O=C(OC1CCCCC1)c1ccccc1O,O=C(OC1CCCCC1)c1ccccc1,-4.5540762927
C=C(C)[C@H]1CC=C(C)CC1,C1=CCCCC1,-4.346837785
CC/C=C\CCOC(=O)C/C=C\CC,,-4.5097094839
CC[C@]12CC[C@@H]3C4=C(CC[C@H]3[C@@H]1CC[C@@H]2O)CC(OC)=CC4,C1=CCC2=C(C1)CCC1C2CCC2CCCC21,-4.7025138257
CCCCCCCCCCCC(=O)OCC(O)CO,,-4.6602344394
COc1ccc(C(=O)c2ccccc2)c(O)c1,O=C(c1ccccc1)c1ccccc1,-4.5802538276
CC(=O)C1=C(C)C2CC3(C1)C(C)CCC3C2(C)C,C1=CC2CC3CCCC3(C1)C2,-4.6134788776
CCOC(=O)c1ccccc1,c1ccccc1,-2.3999022404
O=C(O)CCc1ccccc1,c1ccccc1,-1.4057514128
CC(C)=CCC/C(C)=C/C=O,,-2.4116682055000003
CCCCCCC1CCCC1=O,O=C1CCCC1,-3.4515155376
CC(C)=CCC(C)(C)C(=O)C(C)C,,-3.4892158636
C=Cc1ccc(O)c(C=C)c1,c1ccccc1,-3.3940626837
Nc1ccc(Cl)cc1O,c1ccccc1,-2.3906599281
CCOc1ccc(C(=O)O)cc1,c1ccccc1,-2.4548997462
Nc1c(Cl)cc(C(F)(F)F)cc1Cl,c1ccccc1,-3.591642752
CNCCCN1c2ccccc2CCc2ccccc21,c1ccc2c(c1)CCc1ccccc1N2,-3.6576170412
CC(C)(C)C(=O)C(Oc1ccc(Cl)cc1)n1ccnc1,c1ccc(OCn2ccnc2)cc1,-3.7030926455
CCCCCCCCC(O)CO,,-2.4785789552
CCC(C)C1CCCCC1=O,O=C1CCCCC1,-2.427057806
COc1cc(C=O)ccc1OC(=O)C(C)C,c1ccccc1,-2.5886676064
Cc1ccccc1,c1ccccc1,-2.2062982993
C[C@]12CC[C@H]3[C@@H](CCC4=CC(=O)C=C[C@@]43C)[C@@H]1CC[C@@H]2O,O=C1C=CC2C(=C1)CCC1C3CCCC3CCC21,-3.7003596507
CCc1ccc(CC(C)(C)C#N)cc1,c1ccccc1,-3.3513392636000003
ClCCCCCCCl,,-3.4346473299
CCC(=O)OC1C=CC2C3CCC(C3)C12,C1=CC2C3CCC(C3)C2C1,-3.5585927938
CCOc1ccccc1,c1ccccc1,-2.3318416428
C=CCOC(=O)C(C)(C)OC(=O)c1cc(-n2c(=O)cc(C(F)(F)F)n(C)c2=O)ccc1Cl,O=c1cc[nH]c(=O)n1-c1ccccc1,-4.676528089
C=CCOC(=O)COc1ccccc1,c1ccccc1,-2.5363732086
CNS(=O)(=O)c1cc(OC)c(N)cc1OC,c1ccccc1,-3.6510805625
NC(N)=O,,0.9578400994
O=c1[nH]c2ccccc2[nH]1,O=c1[nH]c2ccccc2[nH]1,-2.3927519971
C=CC(=O)OCCC(C)CCOC(=O)C=C,,-2.6214335505
Nc1cccc(Cl)c1,c1ccccc1,-1.3733684129
CC(=O)OC1CCC2CCCCC2C1,C1CCC2CCCCC2C1,-3.5605044152
CCCCCCCCCCCCCCC(C)c1cc(C)cc(C)c1O,c1ccccc1,-7.335707322699999
C1=CCCC1,C1=CCCC1,-2.1049144818000003
O=C(O)CC(CP1(=O)Oc2ccccc2-c2ccccc21)C(=O)O,O=[PH]1Oc2ccccc2-c2ccccc21,-2.8135095056
FC(F)(F)C(F)(F)F,,-2.4239072122
CC(C)=CCC/C(C)=C\CCC=O,,-3.5383035446
C=C(C)C(=O)Oc1ccccc1,c1ccccc1,-2.4948513605
CC1=C(C=O)C(C)(C)CC=C1,C1=CCCC=C1,-2.4650077569
CN(C)Cc1cc(C(C)(C)C)c(O)c(C(C)(C)C)c1,c1ccccc1,-2.7113870277
CC(=O)CC(C)(C)C1CCCCC1,C1CCCCC1,-3.5481536429
CC1CCC(C(C)C)C(O)C1,C1CCCCC1,-2.4880091207
Nc1ccc(Nc2ccccc2)cc1,c1ccc(Nc2ccccc2)cc1,-2.5631304762
CCC(C)C(=O)N(C)c1ccccc1,c1ccccc1,-1.5805795126
NC(=O)c1cccnc1,c1ccncc1,0.6121583154
Cc1cc(C)cc(O)c1,c1ccccc1,-1.3879839049
C=CC(=O)OCC(CC)(COC(=O)C=C)COC(=O)C=C,,-2.772789495
CC(C)CC(=O)CC(C)C,,-2.4540578458
C=CCc1ccc(OC)c(OC)c1,c1ccccc1,-2.5520132395
Nc1ccc2c(O)cc(S(=O)(=O)O)cc2c1,c1ccc2ccccc2c1,-2.6798855726
CCCCCC1=C(OC(C)=O)CCC1CC(=O)OC,C1=CCCC1,-3.7219886724
C=CC1CC=CCC1,C1=CCCCC1,-3.3351930307
COc1ccc([C@@H]2CC(=O)c3c(O)cc(O[C@@H]4O[C@H](CO[C@@H]5O[C@@H](C)[C@H](O)[C@@H](O)[C@H]5O)[C@@H](O)[C@H](O)[C@H]4O)cc3O2)cc1O,O=C1CC(c2ccccc2)Oc2cc(OC3CCCC(COC4CCCCO4)O3)ccc21,-5.0104856455
CCCCCCCC/C=C/CCCCCCCCN(CCO)CCO,,-4.7801182897
CCCCOC(=O)c1ccc(C(=O)OCCCC)c(C(=O)OCCCC)c1,c1ccccc1,-4.807173711
CCC(C)n1ncn(-c2ccc(N3CCN(c4ccc(O)cc4)CC3)cc2)c1=O,O=c1[nH]ncn1-c1ccc(N2CCN(c3ccccc3)CC2)cc1,-4.8285219564
CCCCCCCCCCCO,,-4.4804406676
C=CC(=O)OC1C[C@@H]2CC[C@@]1(C)C2(C)C,C1CC2CCC1C2,-4.5830924552
O=C1c2ccccc2C(=O)C1c1ccc2ccccc2n1,O=C1c2ccccc2C(=O)C1c1ccc2ccccc2n1,-4.7011861265
CCCCC(CC)COC(=O)OOC(C)(C)C,,-4.6599585126
C=C(C)C(=O)OC1CC(C)CC(C)(C)C1,C1CCCCC1,-4.5985985087
CC/C=C/CCOC(=O)c1ccccc1O,c1ccccc1,-4.6439814041
CC(C)[C@@H]1CC[C@@H](C)CC1=O,O=C1CCCCC1,-2.4918772305
COC(=O)c1ccc(C(=O)O)cc1[N+](=O)[O-],c1ccccc1,-2.6570018481
Cc1cc(C)cc(C)c1,c1ccccc1,-3.382657059
C=CC(=C)CCCC(C)(C)OC(C)=O,,-3.5974164985000003
Cc1ccc([N+](=O)[O-])cc1Cl,c1ccccc1,-3.5442781768
CCCN(CCC)CCC,,-2.4722202552000003
N,,1.4518068893
O=C1CCCCCN1C(=O)NCCCCCCNC(=O)N1CCCCCC1=O,O=C1CCCCCN1C(=O)NCCCCCCNC(=O)N1CCCCCC1=O,-3.9064006561
CC(C)CCOC(=O)CC(C)C,,-3.5540595352999995
CCCCCC(CO)CCC,,-3.5181985232
Nc1ccc(CCc2ccc(N)cc2)cc1,c1ccc(CCc2ccccc2)cc1,-3.6457005741
COC(=O)c1cccnc1,c1ccncc1,-0.4595508588
CC(C)(C)c1ccc(C(=O)O)cc1,c1ccccc1,-3.5779623367
Nc1cccc2ccc(S(=O)(=O)O)cc12,c1ccc2ccccc2c1,-1.6822793230000002
FC(F)C(F)(F)F,,-1.4164957907
Cc1cccc(O)c1C,c1ccccc1,-1.4241960776
Oc1c(I)cc(Cl)c2cccnc12,c1ccc2ncccc2c1,-1.8222562261
CCCCC(CC)C(=O)OOC(C)(C)C,,-3.6695176909
CC1C(C=O)CC2CC1C2(C)C,C1CC2CC(C1)C2,-3.5580403929
CC(C)(O)CCc1ccccc1,c1ccccc1,-1.5556396769999998
CC(=O)Oc1ccc([N+](=O)[O-])cc1,c1ccccc1,-2.5992568252
CC(=O)c1cc2ccccc2o1,c1ccc2occc2c1,-2.5484883965000003
CCC(O)COC1CCCCC1C(C)(C)C,C1CCCCC1,-3.698734262
CC1CCC(C(C)C)C(OO)C1,C1CCCCC1,-2.5888216416
CC(C)COC(=O)c1cc(N)c(Cl)c(N)c1,c1ccccc1,-2.738284824
O=C(c1ccccc1)C1(O)CCCCC1,O=C(c1ccccc1)C1CCCCC1,-2.6647801935
CCOc1nc2cccc(C(=O)O)c2n1Cc1ccc(-c2ccccc2-c2nn[nH]n2)cc1,c1ccc(-c2nn[nH]n2)c(-c2ccc(Cn3cnc4ccccc43)cc2)c1,-6.4977813968
Clc1nc(Cl)nc(Cl)n1,c1ncncn1,-2.6223388564
COc1cc(-c2cc(OC)cc(C(C)(C)C)c2O)c(O)c(C(C)(C)C)c1,c1ccc(-c2ccccc2)cc1,-6.7763112575
C[C@]1(Cn2ccnn2)[C@H](C(=O)O)N2C(=O)C[C@H]2S1(=O)=O,O=C1CC2N1CC(Cn1ccnn1)S2(=O)=O,-1.8384616763
CN(C=O)c1ccccc1,c1ccccc1,-1.4947809467
Nc1ccc(S(=O)(=O)O)cc1S(=O)(=O)O,c1ccccc1,-1.7700930025
CC(C)[C@@H]1CC[C@@H](C)C[C@@H]1O,C1CCCCC1,-2.5604043774000003
COc1ccc(C(=O)O)cc1[N+](=O)[O-],c1ccccc1,-2.6613195143
CC12C=CC(=O)C=C1CCC1C2CCC2(C)C(=O)CCC12,O=C1C=CC2C(=C1)CCC1C2CCC2C(=O)CCC21,-2.8204596094
CC(C)(C)C(=O)OCCc1ccccc1,c1ccccc1,-3.6752800895
CC(=O)OC(C)C1CCCCC1,C1CCCCC1,-3.5976237668
CC(=O)CCC1=C(C)CCCC1(C)C,C1=CCCCC1,-3.6550445763
CCCCCCO,,-1.382910122
CC(C)[C@@H]1CC[C@@H](C)C[C@H]1O,C1CCCCC1,-2.5706235426
CC/C(C)=C/CC/C(C)=C/C#N,,-3.5896411422
CCCCCCC1(C)CCC(=O)O1,O=C1CCCO1,-2.6432618239
COC(C)(C)C,,-0.3235268543
C[C@H]1CCC2(O)C(C)(C)C3CC[C@@]2(C)C1C3,C1CC2CC3CCC2C(C1)C3,-3.7259038203
c1ccc(CNCc2ccccc2)cc1,c1ccc(CNCc2ccccc2)cc1,-2.6876302374
Cc1cccc2n[nH]nc12,c1ccc2n[nH]nc2c1,-1.5169635388
Nc1cc([N+](=O)[O-])cc(S(=O)(=O)O)c1O,c1ccccc1,-1.7662055678
COC(=O)c1ccccc1C(=O)OC,c1ccccc1,-1.6861579246
CCCCCC1CCCC(=O)O1,O=C1CCCCO1,-1.6290322311
CCOC(=O)CC(=O)C(F)(F)F,,-1.6630244633000002
O=[N+]([O-])OCCOCCO[N+](=O)[O-],,-1.6904508209
CCCCCOC(=O)CCCC,,-3.6244813037
CC1=CC(=O)N(Cc2cccc(CN3C(=O)C=C(C)C3=O)c2)C1=O,O=C1C=CC(=O)N1Cc1cccc(CN2C(=O)C=CC2=O)c1,-3.9003349932
CC/C=C\CCOC(=O)c1ccccc1,c1ccccc1,-3.7048974167
COC(=O)c1ccc(C(=O)OC)c(N)c1,c1ccccc1,-3.7185037648
CCCC(CC)CCCCCCCN,,-3.6976259568
O=C(O)CCCCCCCCCCC(=O)O,,-3.7602414897
CC1(C)CCC2OC23C(C)(C)C2CCC13C2,C1CC2OC23CC2CCC3(C1)C2,-4.6529288002
CC(O)CSCCCCCCCCC(C)(C)C,,-4.7309406924
CCCCCCCCCCCC(=O)O,,-4.6195835711
CCCCc1nc(Cl)c(CO)n1Cc1ccc(-c2ccccc2-c2nn[nH]n2)cc1,c1ccc(-c2nn[nH]n2)c(-c2ccc(Cn3ccnc3)cc2)c1,-4.9450169862
CCCCC(CC)COC(=O)CS,,-4.635481621399999
CCC(C)(C)c1ccccc1,c1ccccc1,-4.5007459195
CC1=CCCC(C)(C)C1C(C)CCC=O,C1=CCCCC1,-4.6532020914
C=C1C2CCC(C2)C1(C)C,C=C1CC2CCC1C2,-4.4715404278
CC1=CCC(C(C)CC2CCCC2=O)CC1,O=C1CCCC1CCC1CC=CCC1,-4.6803670486
CCCCCCCCCC(=O)OC,,-4.6267485225
CCCCN(CCCC)C(=O)N(CCCC)CCCC,,-4.8205954965
CO[C@]1(C)CCC23C[C@@H]1C(C)(C)[C@@H]2CC[C@H]3C,C1CC2CC3CCCC3(C1)C2,-4.7401771795
COC1CCCCCCCCCCC1,C1CCCCCCCCCCC1,-4.6835903829
C=C1C2CCC(C)(OCC)C1CCC2(C)C,C=C1C2CCCC1CCC2,-4.7342962454
CCN(CC)C(=S)SSC(=S)N(CC)CC,,-4.8603775493
Cc1ccc(N2C(=O)c3cccc4c(N)ccc(c34)C2=O)c(C)c1,O=C1c2cccc3cccc(c23)C(=O)N1c1ccccc1,-4.8916555333
Cc1cc(C(C)(C)C)cc(C)c1CC#N,c1ccccc1,-4.7018118295
CC(C)(c1ccccc1)c1ccc(O[P@]2OCC3(CO[P@@](Oc4ccc(C(C)(C)c5ccccc5)cc4C(C)(C)c4ccccc4)OC3)CO2)c(C(C)(C)c2ccccc2)c1,c1ccc(Cc2ccc(OP3OCC4(CO3)COP(Oc3ccc(Cc5ccccc5)cc3Cc3ccccc3)OC4)c(Cc3ccccc3)c2)cc1,-7.2319734263
O=C1NC(=O)c2cccc3cccc1c23,O=C1NC(=O)c2cccc3cccc1c23,-4.6928315029
O=C1CCC2CCCCC2O1,O=C1CCC2CCCCC2O1,-0.5865603256
COC(=O)c1ccc(C)cc1,c1ccccc1,-2.5767203524
CC1CC(C)(C)OC(Cc2ccccc2)O1,c1ccc(CC2OCCCO2)cc1,-2.7446854432
Nc1ccccc1N,c1ccccc1,-0.4396098786999999
O=C1NS(=O)(=O)c2ccccc21,O=C1NS(=O)(=O)c2ccccc21,-1.6718324141
CC(C)CCCC(C)CC#N,,-3.5877591379
O=C1CCCCCN1C(=O)c1cccc(C(=O)N2CCCCCC2=O)c1,O=C1CCCCCN1C(=O)c1cccc(C(=O)N2CCCCCC2=O)c1,-3.9583461947
CC(=O)CC/C=C(\C)CCC=C(C)C,,-3.6974484249
C=CCOC(=O)CCCCC,,-2.6105517594
O=C(CCCCl)c1ccc(F)cc1,c1ccccc1,-2.7226339225
CC(C)OC(=O)CCC(=O)OC(C)C,,-1.7293168462
NC(=O)C(F)(F)F,,-1.4850227408
CCC(C)(C)C1CCC(=O)CC1,O=C1CCCCC1,-2.6568927779
Cc1ccc(S(C)(=O)=O)cc1[N+](=O)[O-],c1ccccc1,-2.7647010816
CCCCCCC#CC(=O)OC,,-3.6518876662
CCCCCCCCCCO,,-3.6312380365
O=P(c1ccccc1)(c1ccccc1)c1ccccc1,O=P(c1ccccc1)(c1ccccc1)c1ccccc1,-2.8774727952
COc1ccc(OC)c(Cl)c1,c1ccccc1,-2.6724024043
OCCOc1ccc2ccccc2c1,c1ccc2ccccc2c1,-2.7142946902
CCCCOc1ccccc1,c1ccccc1,-3.6132495633
O=C(OCCOCCOC(=O)c1ccccc1)c1ccccc1,O=C(OCCOCCOC(=O)c1ccccc1)c1ccccc1,-3.937488879
CCCCCCCC/C=C\CCCCCCCCNCCCN,,-3.9550420009
Clc1ccc(Cl)c(Cl)c1,c1ccccc1,-3.7024520783
Cc1c(OCC(F)(F)F)ccnc1CO,c1ccncc1,-1.7920737105000002
COC,,0.8843659201
COc1cc(/C=C/C(=O)O)cc(OC)c1OC,c1ccccc1,-2.830470194
BrCCCCBr,,-2.7902167817000003
c1ccc2c(c1)CCCC2,c1ccc2c(c1)CCCC2,-3.5673681389
CCCCOC(=O)CCCCC(=O)OCCCC,,-3.8681538696
CCOP(=O)(C(=O)c1c(C)cc(C)cc1C)c1ccccc1,O=C(c1ccccc1)[PH](=O)c1ccccc1,-3.9560819473
Cc1ccc(C(C)(C)C)c(O)c1,c1ccccc1,-2.672674663
COC(=O)c1ccc(C(=O)OC)c([N+](=O)[O-])c1,c1ccccc1,-2.8359048818
C=CC(=O)OCCCCCCOC(=O)C=C,,-2.8193366955
CCCCCCCCCC(=O)N(C)C,,-2.7681111795
Nc1ccc(N=Nc2ccccc2)cc1,c1ccc(N=Nc2ccccc2)cc1,-3.7597030757
CC1=CCC(CC#N)C1(C)C,C1=CCCC1,-2.6475372328
Cc1ccc(O)c(C(C)(C)C)c1,c1ccccc1,-2.6917536232
C=CCOc1nc(OCC=C)nc(OCC=C)n1,c1ncncn1,-2.8742257802
CCCCC(=O)O,,-0.490652149
CC(O)C(C)Cc1ccccc1,c1ccccc1,-1.6969729899
CCCCC(C(=O)OCC)C(=O)OCC,,-2.8164963969
CCCCCCCCCCCC1=NCCN1CCO,C1=NCCN1,-3.8986556211
FC(F)(F)c1ccc(Cl)cc1,c1ccccc1,-3.7276952246
Oc1ccc(-c2ccc(O)cc2)cc1,c1ccc(-c2ccccc2)cc1,-3.7423730992
C/C=C/OC1CCC(O/C=C/C)CC1,C1CCCCC1,-3.9037320907
O=C1CCCCCCCCCOCCCCCO1,O=C1CCCCCCCCCOCCCCCO1,-3.8838494997
CCCCCCCCCCC(C)CCCCCCCC,,-6.4511045339
NC(=O)N=NC(N)=O,,-3.5462434596
CC(C)(C)c1ccc(O)c(C(C)(C)C)c1,c1ccccc1,-3.7960463334
CC(C=O)Cc1ccc(C(C)(C)C)cc1,c1ccccc1,-3.7917820609
COc1ccc(C(=O)Nc2ccccc2)cc1N,O=C(Nc1ccccc1)c1ccccc1,-3.86580004
CCC(C)(C)Cl,,-2.5105450102
N#CCN(CC#N)CCN(CC#N)CC#N,,-2.8204043469
CC(C)(C)OOC(=O)c1ccccc1,c1ccccc1,-2.7764329492
CC(F)F,,-1.3147228436
CCC(C)(O)CCCC(C)C,,-2.6942897822000003
COc1ccc2[nH]c(=S)[nH]c2c1,S=c1[nH]c2ccccc2[nH]1,-2.7506819237
FC(F)(F)Br,,-2.6677709688
c1cc(OCC2CO2)c2ccc(OCC3CO3)cc2c1,c1cc(OCC2CO2)c2ccc(OCC3CO3)cc2c1,-3.9191737976
CC(C)=CCC/C(C)=C/COC=O,,-3.7461507617
CC(=O)/C=C/[C@H]1C(C)=CC[C@@H](C)C1(C)C,C1=CCCCC1,-3.8026769123
Nc1ccc(/C=C/c2ccc(N)cc2S(=O)(=O)O)c(S(=O)(=O)O)c1,C(=Cc1ccccc1)c1ccccc1,-4.0635303796
O=C(O)CCP(=O)(O)c1ccccc1,c1ccccc1,-0.8283051545000001
[O-][S+](Cc1ccccc1)Cc1ccccc1,c1ccc(C[SH+]Cc2ccccc2)cc1,-2.8588087212
CC(C)(C#N)N=NC(C)(C)C#N,,-2.7132509977
C=CC(=O)OCC(C)CC,,-2.6532064055
Clc1nc2ccccc2s1,c1ccc2scnc2c1,-2.7325883752
Clc1ccc2c(Cl)ccnc2c1,c1ccc2ncccc2c1,-2.8026246384
Nc1ccccc1S(=O)(=O)O,c1ccccc1,-1.7471686412
CC(=O)Nc1ccc(S(=O)(=O)Cl)cc1,c1ccccc1,-2.8772524161
CCC(=O)OC1C(C)CCCC1(C)C,C1CCCCC1,-3.8031812605
COC(=O)c1ccc(C(=O)OC)cc1,c1ccccc1,-3.796856222
CCCCCCCC1CCCC1=O,O=C1CCCC1,-3.7694416506
O=C(Cc1ccccc1)OCc1ccccc1,O=C(Cc1ccccc1)OCc1ccccc1,-3.863274879700001
CN(C)C(=S)SC(=S)N(C)C,,-2.8302990647
CC(C)=CCC[C@@H](C)CCO,,-2.7067344575
CCC(=O)C(C)CC=C(C)C,,-2.7010952437
Cc1cc(C)c(N)c(S(=O)(=O)O)c1,c1ccccc1,-1.8195435039
c1ccsc1,c1ccsc1,-1.4450110492
CC(C)(c1ccc(O)cc1)c1ccc(O)cc1,c1ccc(Cc2ccccc2)cc1,-2.8799222949
O=CC(Cl)(Cl)Cl,,-0.691340871
CCC(C)CO,,-0.4681010618999999
CC(C)CCO,,-0.4681010618999999
c1ccc2scnc2c1,c1ccc2scnc2c1,-1.6538265258000002
O=C(O)c1cccc([N+](=O)[O-])c1,c1ccccc1,-1.7459071723
O=c1[nH]c2ccccc2c(=O)o1,O=c1[nH]c2ccccc2c(=O)o1,-2.7354179060000003
O=C(c1ccccc1)C(O)c1ccccc1,O=C(Cc1ccccc1)c1ccccc1,-2.8497223519
CCCCCCCCO,,-2.6375931207
COC(=O)COc1nc(F)c(Cl)c(N)c1Cl,c1ccncc1,-3.9512810281
C=CC(C)(CCC=C(C)C)OC(C)=O,,-3.8157769203
CC(C)(C)c1cccc(C(C)(C)C)c1O,c1ccccc1,-4.7135873776
COc1ccc([C@@H]2CC(=O)c3c(O)cc(O[C@@H]4O[C@H](CO)[C@@H](O)[C@H](O)[C@H]4O[C@@H]4O[C@@H](C)[C@H](O)[C@@H](O)[C@H]4O)cc3O2)cc1O,O=C1CC(c2ccccc2)Oc2cc(OC3OCCCC3OC3CCCCO3)ccc21,-5.1858488331
CCCCC(CC)COC(C)=O,,-4.6451400046
CCCCCCCCC(C)C#N,,-4.6324209502
CCN1C(=O)C(C#N)=C(C)/C(=N\Nc2ccc(Cl)cc2[N+](=O)[O-])C1=O,O=C1C=CC(=NNc2ccccc2)C(=O)N1,-4.96733793
C=CCCCC(C)C,,-4.458990177
O=C1Cc2cc(CCCl)c(Cl)cc2N1,O=C1Cc2ccccc2N1,-4.7775740697
CCCCOCCOC(=O)CCCCC(=O)OCCOCCCC,,-4.9587331394
CC(c1ccccc1)c1ccccc1,c1ccc(Cc2ccccc2)cc1,-4.6925039386
Cc1ccccc1Cc1ccccc1,c1ccc(Cc2ccccc2)cc1,-4.6925039386
CC(=O)O[C@]1(C(C)=O)CC[C@H]2[C@@H]3CCC4=CC(=O)CC[C@@H]4[C@H]3CC[C@@]21C,O=C1C=C2CCC3C4CCCC4CCC3C2CC1,-4.9957539374
O=C(O)c1cc(Nc2ccccc2)c(C(=O)O)cc1Nc1ccccc1,c1ccc(Nc2ccc(Nc3ccccc3)cc2)cc1,-4.9857232877
O=C(/C=C/c1ccccc1)OCc1ccccc1,O=C(C=Cc1ccccc1)OCc1ccccc1,-4.8207960263
O=c1nc(-c2ccccc2)[nH]c(-c2ccccc2)n1,O=c1nc(-c2ccccc2)[nH]c(-c2ccccc2)n1,-5.4935852535
C=CC(C)(CCC=C(C)C)OC(=O)C(C)C,,-4.8105849842
Cc1cc(C)c(C(=O)P(=O)(c2ccccc2)c2ccccc2)c(C)c1,O=C(c1ccccc1)P(=O)(c1ccccc1)c1ccccc1,-5.010576791
CCCCC(CC)C(=O)OCC(C)(C)COC(=O)C(CC)CCCC,,-5.0206378696
CCOC(=O)C1C(C=C(C)C)C1(C)C,C1CC1,-4.7652682741
NC(=O)c1ccc(NC(=O)c2ccc([N+](=O)[O-])cc2)cc1,O=C(Nc1ccccc1)c1ccccc1,-4.9367254155
CC(=O)c1cc(C(C)(C)C)cc2c1CCC2(C)C,c1ccc2c(c1)CCC2,-4.8708662082
COc1cc(NS(=O)(=O)c2ccc(C)cc2)c2c(c1N)C(=O)c1ccccc1C2=O,O=C1c2ccccc2C(=O)c2c(NS(=O)(=O)c3ccccc3)cccc21,-5.1125700507
Cc1ccc(Nc2cc(C(=O)O)c(Nc3ccc(C)cc3)cc2C(=O)O)cc1,c1ccc(Nc2ccc(Nc3ccccc3)cc2)cc1,-5.0705134819
COc1cc(NC(=O)c2cc3ccccc3cc2O)c(OC)cc1Cl,O=C(Nc1ccccc1)c1ccc2ccccc2c1,-5.0622701458
C=C(C)C(=O)OCC(CC)CCCC,,-4.8059741607
CCCCC(CC)CCl,,-4.6808820955
NC(=O)c1ccc(NC(=O)c2ccc(N)cc2)cc1,O=C(Nc1ccccc1)c1ccccc1,-4.9156499936
C=CC(=O)OCCCCCCCCCCOC(=O)C=C,,-4.9608754545
C[C@H]1CC(=O)C[C@@H]2CC[C@H]3[C@@H]4CC[C@H](O)[C@@]4(C)CC[C@@H]3[C@]21C,O=C1CCC2C(CCC3C4CCCC4CCC23)C1,-5.0064289581
CC1(C)CC2(CC(C)(C)N1)OC1(CCCCCCCCCCC1)NC2=O,O=C1NC2(CCCCCCCCCCC2)OC12CCNCC2,-5.0846644385
CCC(C)(C)c1ccc(O)c(C(C)(C)CC)c1,c1ccccc1,-4.892804854
O=C(Cl)OCCOCCOC(=O)Cl,,-4.8865490032
OCc1cccc(Oc2ccccc2)c1,c1ccc(Oc2ccccc2)cc1,-2.8258731416
O=C1CCCCCCCCCCCN1,O=C1CCCCCCCCCCCN1,-2.8195043204
COC(=O)/C=C/c1ccccc1,c1ccccc1,-2.7343475301
CSc1cc(SC)c(N)c(C)c1N,c1ccccc1,-2.8569254583
C/C=C/c1ccc(OC)c(OC)c1,c1ccccc1,-2.7782267945
Cc1ccc2cccc(O)c2n1,c1ccc2ncccc2c1,-1.7306186153
C=CC(=O)OCCCOCC(C)(C)COCCCOC(=O)C=C,,-3.0495421403
CCCCCOC=O,,-1.6020599913
COC(=O)c1cccc(C(=O)OC)c1,c1ccccc1,-2.825819918
C=Cc1ccccc1,c1ccccc1,-2.5552696161000004
C=C(C)C(=O)OCCCCCC,,-3.7554210341
Clc1cc(Cl)c(Cl)nc1Cl,c1ccncc1,-3.8614246907
Nc1nc(-c2ccc3ccccc3c2)cs1,c1ccc2cc(-c3cscn3)ccc2c1,-4.849542252
CCCCCC(CO)Cc1ccccc1,c1ccccc1,-3.8432685623
CCCCCCCCCC=O,,-3.7255255026
CC(=O)OC/C=C(\C)CCC=C(C)C,,-3.8305001771
C=CC(C)CC/C=C(\C)CCC=O,,-3.7935760497
COC(=O)C(F)(F)F,,-0.6479837034
CCOc1cc(C=O)ccc1O,c1ccccc1,-1.7642022678
CC(=O)CCc1ccccc1,c1ccccc1,-1.7160179957
COc1cc(NC(=O)CC(C)=O)c(OC)cc1Cl,c1ccccc1,-2.9792447784
CC(=O)OC/C=C/c1ccccc1,c1ccccc1,-2.7927245342
CC(=O)Oc1ccc(C(C)(C)CC(C)(C)C)cc1C1C(=O)Oc2ccc(C(C)(C)CC(C)(C)C)cc21,O=C1Oc2ccccc2C1c1ccccc1,-6.6925825623
CCC(C)CCCC(C)(C)O,,-2.7493446847000005
Nc1cc(S(=O)(=O)O)ccc1O,c1ccccc1,-1.8297447369
C[C@]12CCC(=O)C=C1CC[C@@H]1[C@@H]2[C@@H](O)C[C@@]2(C)[C@H]1CC[C@]2(O)C(=O)CO,O=C1C=C2CCC3C4CCCC4CCC3C2CC1,-3.1121092438
CC1=CCC(CCC(C)CO)C1(C)C,C1=CCCC1,-3.8427464064
CCCCCCCCCCCC(=O)N(C)C,,-3.9093070505
CC(C)(C)C1CCC(O)CC1,C1CCCCC1,-3.1032621252
CCCCCCCCCCCCCCN(C)C,,-3.9356925608
CCCCl,,-1.4534068203
O=[N+]([O-])c1cccc(Cl)c1,c1ccccc1,-2.7612722995
CC(=O)c1ccc2ccccc2c1,c1ccc2ccccc2c1,-2.7964187192
CC(Cl)CCl,,-1.6216647134
CCNc1ccccc1,c1ccccc1,-1.6520779355
CC(C)CCOCCC(C)C,,-3.7601070667
Cc1ccc(Cl)c(Cl)c1,c1ccccc1,-3.7755457257
COc1cc(S(=O)(=O)Nc2ccccc2)c(OC)cc1N,O=S(=O)(Nc1ccccc1)c1ccccc1,-4.0576928644
CC(=O)CC(c1ccccc1)c1c(O)oc2ccccc2c1=O,O=c1c(Cc2ccccc2)coc2ccccc12,-3.0625087471
CC(C)COP(=O)(OCC(C)C)OCC(C)C,,-3.0021546468
COC(=O)c1ccccc1C,c1ccccc1,-1.7566476759
C=C(C)C,,-2.3290690398
C=C[C@@H](COC(C)=O)OC(C)=O,,-0.8176814122
Nc1cccc(O)c1,c1ccccc1,-0.6229628479
CCCc1nc(C)c2c(=O)nc(-c3cc(S(=O)(=O)N4CCN(CC)CC4)ccc3OCC)[nH]n12,O=c1nc(-c2cccc(S(=O)(=O)N3CCNCC3)c2)[nH]n2cncc12,-4.8438678664
CCCCCCCC/C=C/CCCCCCCC(=O)NCCCN(C)C,,-4.1492593891
Cc1c(Cl)cccc1Cl,c1ccccc1,-3.7919361419
O=C1CCCCCCCCCCC1,O=C1CCCCCCCCCCC1,-3.8458299965
C#CC(C)(O)CCC=C(C)C,,-1.7720804309
Cc1ccc(C(=O)O)cc1[N+](=O)[O-],c1ccccc1,-2.8480980227
COc1ccc(S(=O)(=O)O)cc1N,c1ccccc1,-0.8997243446
O=C(c1ccccc1)c1ccc(O)c(O)c1,O=C(c1ccccc1)c1ccccc1,-2.9226200497000003
CCCCC(CC)CN,,-1.7134804626
Cc1ccc(N)cc1Cl,c1ccccc1,-1.7531263116999998
O=c1c(O)c(-c2ccc(O)cc2O)oc2cc(O)cc(O)c12,O=c1cc(-c2ccccc2)oc2ccccc12,-3.0824090581
CC(c1ccc(O)cc1)(c1ccc(O)cc1)c1ccc(O)cc1,c1ccc(C(c2ccccc2)c2ccccc2)cc1,-4.086559757
Cc1ccc(Cl)cc1Cl,c1ccccc1,-3.8089694812
COC1OC(COS(=O)(=O)c2ccc(C)cc2)C2OC(C)(C)OC12,O=S(=O)(OCC1OCC2OCOC21)c1ccccc1,-4.1564425332
COc1ccccc1C,c1ccccc1,-2.6890833932
O=C(O)Cc1ccc(Cl)cc1Cl,c1ccccc1,-2.9191416399000003
N#Cc1ccc(Cl)cc1,c1ccccc1,-2.749354496
O=[N+]([O-])c1ccc(Cl)cc1,c1ccccc1,-2.8118286729000004
CC(C)c1ccc(C=O)cc1,c1ccccc1,-2.7852565821
C=C(C)C(=O)OCCCCOC(=O)C(=C)C,,-2.969024542
CCC(=O)c1cccc(Cl)c1,c1ccccc1,-1.8467055699
c1ccc(OCC2CO2)cc1,c1ccc(OCC2CO2)cc1,-1.7963921827
O=C(O)CCCCCCCC(=O)O,,-1.8944614494
O=C1CCCCCCCCCCOCCCCO1,O=C1CCCCCCCCCCOCCCCO1,-4.0179591997
CC(C)CCCC(C)CC=O,,-3.8064830067
S=C(Nc1ccccc1)Nc1ccccc1,S=C(Nc1ccccc1)Nc1ccccc1,-3.9716884266
C[C@]12CC[C@@H]3C4=C(CC[C@H]3[C@@H]1CCC2=O)CC(=O)CC4,O=C1CCC2=C(CCC3C2CCC2C(=O)CCC23)C1,-4.0549767292
CCCBr,,-1.7107562487
COc1ccc(Cl)cc1,c1ccccc1,-2.779325494
C[C@@H]1C[C@H]2[C@@H]3C[C@H](F)C4=CC(=O)C=C[C@]4(C)[C@H]3[C@@H](O)C[C@]2(C)[C@H]1C(=O)CO,O=C1C=CC2C(=C1)CCC1C3CCCC3CCC21,-3.2037371554000003
CNC(=O)N(c1ccccc1)c1ccccc1,c1ccc(Nc2ccccc2)cc1,-2.9839461582
Nc1ccccc1-c1ccccc1,c1ccc(-c2ccccc2)cc1,-2.8611137345
O=P(OCCCl)(OCCCl)OCC(CCl)(CCl)COP(=O)(OCCCl)OCCCl,,-3.4001753553
O=C(O)C1CCC(C(=O)O)CC1,C1CCCCC1,-0.8723707236
CCc1cccc2c(CCO)c[nH]c12,c1ccc2[nH]ccc2c1,-1.9153264103
C=CC(C)(CCC=C(C)C)OC(C)OCC,,-3.9764017843
O=C(c1ccccc1)c1ccccc1,O=C(c1ccccc1)c1ccccc1,-3.882202908
CCCC(=O)OC(C)C1CCCCC1,C1CCCCC1,-3.9207588975
CCC1(CC=C2CCCc3cc(OC)ccc32)C(=O)CCC1O,O=C1CCCC1CC=C1CCCc2ccccc21,-4.1227687236
CCC(C)c1ccccc1,c1ccccc1,-3.7586078484
CC(=O)OC(C)(C)C1CC=C(C)CC1,C1=CCCCC1,-3.931170339
C=CC(C)(O)CC/C=C(\C)CCC=C(C)C,,-3.9853522661
C=C(C)C(=O)OCCCCCCOC(=O)C(=C)C,,-4.0436629248
Nc1ccc(C(F)(F)F)cc1,c1ccccc1,-2.8473301434
C=C(C)C(=O)OCCOCCOCCCC,,-2.0159485066
Oc1ccc(C(c2ccc(O)cc2)(C(F)(F)F)C(F)(F)F)cc1,c1ccc(Cc2ccccc2)cc1,-3.1795029693
CC(=O)c1cccc2ccccc12,c1ccc2ccccc2c1,-2.8846346488
CC(C)c1ccc(N)cc1,c1ccccc1,-1.7858311962
COc1ccc(N)cc1,c1ccccc1,-0.7480293677
CCCCCO,,-0.6027996358
COc1ccc([N+](=O)[O-])cc1N,c1ccccc1,-1.8832793564
C=CCOC(=O)C(=C)C,,-1.7584817871
FC(F)(I)C(F)(F)C(F)(F)C(F)(F)I,,-3.314476262
CC(C)(C)c1cc(CO)cc(C(C)(C)C)c1O,c1ccccc1,-4.0127821042
CC(C)CCOCCc1ccccc1,c1ccccc1,-3.9337357827
O=Cc1c(O)ccc2ccccc12,c1ccc2ccccc2c1,-3.8935675896
Nc1nc(N)c(N=O)c(N)n1,c1cncnc1,-3.8454729507
Cl/C=C\CCl,,-1.706753006
CNC(=O)c1cc(Oc2ccc(NC(=O)Nc3ccc(Cl)c(C(F)(F)F)c3)cc2)ccn1,O=C(Nc1ccccc1)Nc1ccc(Oc2ccncc2)cc1,-6.6672950838
COCc1ccc(O)c(OC)c1,c1ccccc1,-1.8934476814
CCCCCC1COCCC1OC(C)=O,C1CCOCC1,-2.9987958883
Nc1ccc(N=Nc2ccccc2)c(N)c1,c1ccc(N=Nc2ccccc2)cc1,-2.9976655605
COc1ccc(O)c(C(C)(C)C)c1,c1ccccc1,-2.9274884417
C1CC(N2CCOCC2)CCN1,C1CC(N2CCOCC2)CCN1,-2.9027228224
O=Cc1cc(O)c(O)c([N+](=O)[O-])c1,c1ccccc1,-1.937833911
CCOC(=O)C(C)(C)c1ccccc1,c1ccccc1,-3.045838317
Cc1ccc(N)c([N+](=O)[O-])c1,c1ccccc1,-1.860061225
S=C=S,,-1.5594220963
COC(=O)c1ccccc1,c1ccccc1,-1.8117983509
CCCCCCCC(OC)OC,,-2.9180054187
C1CNCCNCCNCCN1,C1CNCCNCCNCCN1,-0.0310204156
C=CCCCCCCCCC=O,,-3.8931862
CC(C)Cc1ccc(C(C)C(=O)O)cc1,c1ccccc1,-3.992248354700001
CCNc1nc(NC(C)C)nc(SC)n1,c1ncncn1,-3.0470399572000004
COc1cccc(C(C)=O)c1,c1ccccc1,-1.8691073865
c1ccc2[nH]cnc2c1,c1ccc2[nH]cnc2c1,-1.769197233
O=c1[nH]c(=O)[nH]c(=O)[nH]1,O=c1[nH]c(=O)[nH]c(=O)[nH]1,-1.8076460763
O=c1[nH]c2ccccc2n1CCCCl,O=c1[nH]c2ccccc2[nH]1,-3.0203942687
Clc1ccccn1,c1ccncc1,-0.7541456686
Oc1cc(Cl)ccc1Cl,c1ccccc1,-1.9111656018
CCCCC(CC)COC(=O)CCCCCCCCC(=O)OCC(CC)CCCC,,-3.3290743264
C[C@]12CCC(=O)C=C1CC[C@@H]1[C@@H]2CC[C@@]2(C)[C@H]1CC[C@@]21CCC(=O)O1,O=C1C=C2CCC3C(CCC4C3CCC43CCC(=O)O3)C2CC1,-4.2250037793
C=C(C)C(=O)OCC(CC)(COC(=O)C(=C)C)COC(=O)C(=C)C,,-4.2262342969
Cc1cc(O)ccc1C(C)C,c1ccccc1,-2.854511354
COC1CC(C)CCC1C(C)C,C1CCCCC1,-3.9301744515
CC1=CCC2C(C1)C2(C)C,C1=CCC2CC2C1,-4.6704052705
O=C1CC/C=C\CCCCCCCCCC1,O=C1CCC=CCCCCCCCCCC1,-4.8831871131
Cc1ccccc1Oc1ccccc1C,c1ccc(Oc2ccccc2)cc1,-4.8439277143
CC(C)c1cccc2ccccc12,c1ccc2ccccc2c1,-4.7823935551
CCC(Cc1ccc(C)cc1)(C(=O)c1ccc(N2CCOCC2)cc1)N(C)C,O=C(CCc1ccccc1)c1ccc(N2CCOCC2)cc1,-5.1332331523
COc1ccc(C(=O)Nc2ccccc2)cc1[N+](=O)[O-],O=C(Nc1ccccc1)c1ccccc1,-4.9878258088
O=[N+]([O-])c1ccccc1-c1ccc(Cl)cc1,c1ccc(-c2ccccc2)cc1,-4.9372094561
CC(=O)C1(C)CC2=C(CCCC2(C)C)CC1C,C1CCC2=C(C1)CCCC2,-4.9417913147000005
Nc1cc(Cl)ccc1Oc1ccc(Cl)cc1Cl,c1ccc(Oc2ccccc2)cc1,-5.0452642864
CCCCCCOC(=O)CCCCC(=O)OCCCCCC,,-5.082600348500001
CC(=O)OC(C)(C)C1CCC(C)C2=C(C1)C(C)CC2,C1CCC2=C(CC1)CCC2,-5.022602512200001
CCCCC(CC)CCCCCC(C)CCCC(=O)O,,-5.0561178371
C#CC(C)(O)CCCC(C)CCCC(C)C,,-4.953059618999999
FC(F)=C(F)OC(F)(F)C(F)(F)F,,-4.9542967929
C=C(C)CC(C)(C)C,,-4.688326948
CC(C)(C)OOC(C)(C)C#CC(C)(C)OOC(C)(C)C,,-5.1145685291000005
CCCCCCC(CCCC)C(=O)O,,-4.959305966700001
CCCCC(CC)COC(=O)c1ccc(N)cc1,c1ccccc1,-5.0543936585
CCCCOC(=O)CCC(C)(OOC(C)(C)C)OOC(C)(C)C,,-5.1898813447
O=C1C(Cl)=C(Cl)C(=O)c2ccccc21,O=C1C=CC(=O)c2ccccc21,-5.0237764060000005
Clc1ccccc1C(Cl)(Cl)Cl,c1ccccc1,-5.0439330965
CCCCCCCCCCOC(C)=O,,-4.9857583021
C=CC(=O)OCCN(C)S(=O)(=O)C(F)(F)C(F)(F)C(F)(F)C(F)(F)F,,-5.3087460931
CCCCC(C#N)c1ccccc1,c1ccccc1,-3.6623544532
FC(F)(F)C(Cl)(Cl)Cl,,-4.3331923932
CC(C)CCCCCCCCCCO,,-5.0007940326
CCOc1ccccc1NC(=O)c1cc2ccccc2cc1O,O=C(Nc1ccccc1)c1ccc2ccccc2c1,-5.1866018088
CC(C)OC(=O)CCCCCCCCC(=O)OC(C)C,,-5.1559612143
CCCCCCOC(=O)c1ccccc1O,c1ccccc1,-5.0458782076
CCCCCCC(O)CCCCCCCCCCCO,,-5.1560946306
O=C1C(Cl)=C(Cl)C(=O)C(Cl)=C1Cl,O=C1C=CC(=O)C=C1,-5.0896861436
CCN(CCCl)c1ccc(C=O)cc1,c1ccccc1,-3.0334483747000003
CCC(=O)OCCC(C)C,,-2.8700736410000003
C=C[C@]1(C)CC[C@@H](C(C)(C)O)C[C@H]1C(=C)C,C1CCCCC1,-3.0592783722
C=CC(O)CCCCC,,-1.8219317146
FC(F)=C(F)C(F)(F)F,,-2.8887982833
CC[C@]12CC[C@@H]3c4ccc(OC)cc4CC[C@H]3[C@@H]1CC[C@@H]2O,c1ccc2c(c1)CCC1C2CCC2CCCC21,-4.875700653
CC(C)(C1CCC(O)CC1)C1CCC(O)CC1,C1CCC(CC2CCCCC2)CC1,-3.0976097488
CC(F)(F)Cl,,-1.7233908536000002
COC(=O)c1cc(C(=O)O)cc([N+](=O)[O-])c1,c1ccccc1,-2.0737299237
FCF,,-1.4374417919999998
CC(CN/C=C1/C=CC=CC1=O)N/C=C1/C=CC=CC1=O,O=C1C=CC=CC1=CNCCNC=C1C=CC=CC1=O,-3.172023424
CC(C)Oc1ccc(S(=O)(=O)c2ccc(O)cc2)cc1,O=S(=O)(c1ccccc1)c1ccccc1,-4.1714457851
O=C1c2ccccc2C(=O)c2c1ccc1[nH]c(-c3cc(Cl)c(-c4nc5c6c(ccc5[nH]4)C(=O)c4ccccc4C6=O)cc3Cl)nc21,O=C1c2ccccc2C(=O)c2c1ccc1[nH]c(-c3ccc(-c4nc5c6c(ccc5[nH]4)C(=O)c4ccccc4C6=O)cc3)nc21,-4.524775941100001
CC(=O)OCCC(C)CC(C)(C)C,,-3.9891678317
O=C(Cl)c1ccc(C(=O)Cl)cc1,c1ccccc1,-4.0287937791
C=C(C)C(=O)OCC1CCCO1,C1CCOC1,-0.9524550039
C[C@]12CC[C@H]3[C@@H](CCC4=CC(=O)CC[C@@H]43)[C@@H]1CCC2=O,O=C1C=C2CCC3C4CCC(=O)C4CCC3C2CC1,-3.1565006621
C=C(C)C(=O)OCc1ccccc1,c1ccccc1,-2.9682045412
CCOC(=O)OCC,,-0.7982097075
C/C=C/C(=O)C1=C(C)C=CCC1(C)C,C1=CCCC=C1,-3.0052489876
O=[N+]([O-])c1ccc(Cl)cc1Cl,c1ccccc1,-3.0091456414
C=C(C)[C@H]1CC=C(C)C(=O)C1,O=C1C=CCCC1,-1.9026536597
CCCCCCCCP(=O)(O)O,,-3.0148095518
C[C@]12CCC(=O)C=C1CC[C@@H]1[C@@H]2CC[C@]2(C)C(=O)CC(O)[C@@H]12,O=C1C=C2CCC3C4CCC(=O)C4CCC3C2CC1,-2.2130969417
COc1cc(Cl)c(OC)cc1N,c1ccccc1,-3.0061212915
CCCC(=O)OCCC(C)C,,-2.9328521233
O=S(=O)(O)CCCNC1CCCCC1,C1CCCCC1,-3.0802067631
CCCCC/C(C=O)=C/c1ccccc1,c1ccccc1,-3.0466584175
ClCCCBr,,-1.9401514115
OC(O)C(Cl)(Cl)Cl,,1.0371672978
O=C(O)c1cc(O)cc(C(=O)O)c1,c1ccccc1,-2.005111367
CC(C)OC(=O)CCCCC(=O)OC(C)C,,-3.1070289759
CCCCCC1(C)CCC(C)(C)C1=O,O=C1CCCC1,-4.0165337106
OC1CCCCCCCCCCC1,C1CCCCCCCCCCC1,-3.9891177261
OCCC(F)(F)C(F)(F)C(F)(F)C(F)(F)C(F)(F)C(F)(F)F,,-4.2870640225
CC1(C)CNCC(C)(C)C1OC(=O)CCCCCCCCC(=O)OC1C(C)(C)CNCC1(C)C,O=C(CCCCCCCCC(=O)OC1CCNCC1)OC1CCNCC1,-4.4077469895
C=CC(C)CCCC(C)(C)OC(C)=O,,-4.0301641261
CC(C)COC(=O)C1CCCCC1C(=O)OCC(C)C,C1CCCCC1,-4.1912351395
C=CC(=O)OC1CC(C)CC(C)(C)C1,C1CCCCC1,-4.0304470853
O=C(c1ccccc1)C1CCCCC1,O=C(c1ccccc1)C1CCCCC1,-4.014709734599999
O=P(OC(CCl)CCl)(OC(CCl)CCl)OC(CCl)CCl,,-4.3767049743
Clc1cccc(Cl)c1Cl,c1ccccc1,-4.003482074
COC(=O)c1c(C)cc(O)c(C)c1O,c1ccccc1,-4.037430925
CC1=CCC(O)(C(C)C)CC1,C1=CCCCC1,-1.9409970697
COc1ccc(OC)c([N+](=O)[O-])c1,c1ccccc1,-3.0173250803
CCCCNC(=O)OCC#CI,,-3.2033373628
O=c1nc([N+](=O)[O-])[nH][nH]1,O=c1nc[nH][nH]1,-0.8786253202
Cc1cc2[nH]c(=O)[nH]c2cc1N,O=c1[nH]c2ccccc2[nH]1,-1.9771384819
CC(C)(C)OOC(C)(C)C,,-2.9320403696
CCOC(=O)/C=C/c1ccccc1,c1ccccc1,-3.0130467638
O=c1[nH]sc2ccccc12,O=c1[nH]sc2ccccc12,-1.9472895459
CSc1ccc(C(=O)C(C)(C)N2CCOCC2)cc1,O=C(CN1CCOCC1)c1ccccc1,-4.1933811426
CC1(C)C2CCC3(C2)C1C(=O)CCC3(C)C,O=C1CCCC23CCC(CC12)C3,-4.0976122125
CCCCC(CC)C(=O)OOC(C)(C)CC,,-4.116871778
COC1(OC)CCCCCCCCCCC1,C1CCCCCCCCCCC1,-4.125654351600001
S=c1[nH]nc(SSc2n[nH]c(=S)s2)s1,S=c1[nH]nc(SSc2n[nH]c(=S)s2)s1,-3.2522133148
CCCCCCCC(C)=O,,-2.9303113789
Cc1ccc([N+](=O)[O-])cc1[N+](=O)[O-],c1ccccc1,-3.040285322
O=[N+]([O-])c1cc(O)ccc1NCCCO,c1ccccc1,-2.1105897103
CCCCCC1CC(=O)C=C(C)C1C(=O)OCC,O=C1C=CCCC1,-3.187166345
Cc1ccccc1C,c1ccccc1,-2.8191677601
Cc1ccc(C)cc1,c1ccccc1,-2.8191677601
O=C1NC(=O)C2=C1CCCC2,O=C1NC(=O)C2=C1CCCC2,-1.974517726
CC(C)C(=O)OCCc1ccccc1,c1ccccc1,-3.0797644375
CC(=O)/C=C/C1=C(C)CCCC1(C)C,C1=CCCCC1,-3.0798638184
CCCCCCCCCCN(C)C,,-4.0452878346
CCOC(=O)CCSP(=S)(OC(C)C)OC(C)C,,-4.2747784981
O=CCC/C=C1\CC2CC1C1CCCC21,C=C1CC2CC1C1CCCC21,-4.090187912699999
CCCCCCC(C)(C)S,,-3.9901601094
CC(C)=CCCC(C)CCOC=O,,-4.0559608323
CCCSP(=O)(OCC)Oc1ccc(Br)cc1Cl,c1ccccc1,-4.365622838
CCCCCCCCC(C)C=O,,-4.0270844645
COC(=O)C1CC(=O)C(C(=O)OC)CC1=O,O=C1CCC(=O)CC1,-4.1541956574
CN1COCN=C1N[N+](=O)[O-],C1=NCOCN1,-1.0022923277
O=c1nc[nH]c2c1ncn2C1OC(CO)C(O)C1O,O=c1nc[nH]c2c1ncn2C1CCCO1,-1.2298486435
Cc1ccc(C)c(O)c1C,c1ccccc1,-1.9355008883
Cc1cccc(C)c1,c1ccccc1,-2.8328690378
CCCCCCCC(=O)NCC(=O)O,,-2.1115375925
CC(=O)OC1C2(C)CCC(C2)C1(C)C,C1CC2CCC1C2,-3.8745968837
O=C(N[C@H](C(=O)O)C1CCCCC1)OCc1ccccc1,O=C(NCC1CCCCC1)OCc1ccccc1,-3.2854336032
C=CC(C)(O)/C=C/C1=C(C)CCCC1(C)C,C1=CCCCC1,-3.164147933
CCCCCC#CC(=O)OC,,-3.0091327736
Cc1cccc([N+](=O)[O-])c1C,c1ccccc1,-3.0033599893000003
O=C(Oc1ccccc1)c1ccccc1O,O=C(Oc1ccccc1)c1ccccc1,-3.1547687559
CC(=O)OCCC(C)CCC=C(C)C,,-4.095938730199999
C=CC(F)(F)C(F)(F)C(F)(F)C(F)(F)F,,-4.1979376007
O=C(Cc1ccccc1)OCCc1ccccc1,O=C(Cc1ccccc1)OCCc1ccccc1,-4.1887477927
C=CC(=O)OCC(CC)(COCC(CC)(COC(=O)C=C)COC(=O)C=C)COC(=O)C=C,,-4.4927855243
C=CC(=O)OCCn1c(=O)n(CCOC(=O)C=C)c(=O)n(CCOC(=O)C=C)c1=O,O=c1[nH]c(=O)[nH]c(=O)[nH]1,-2.4514194624
CC(C)c1ccc(C#N)cc1,c1ccccc1,-2.9887953027
C=CCOC(=O)c1ccccc1C(=O)OCC=C,c1ccccc1,-3.2211356868000003
NC(=Nc1ccccc1)Nc1ccccc1,C(=Nc1ccccc1)Nc1ccccc1,-2.1575163863
CC(C)(C)S,,-1.7878458675
CC1CC(O)CC(C)(C)C1,C1CCCCC1,-1.9916598479
CN(C)c1ccccc1,c1ccccc1,-1.9220736974
COc1cc([N+](=O)[O-])c(OC)cc1Cl,c1ccccc1,-3.1793123652999995
O=C/C=C/c1ccccc1,c1ccccc1,-1.9688182578
CN(CCO)S(=O)(=O)C(F)(F)C(F)(F)C(F)(F)C(F)(F)F,,-3.4036850425
CC12CCCC(C)(CC1)C2=NO,N=C1C2CCCC1CC2,-3.0741522071
CC(=O)Nc1ccc(O)cc1,c1ccccc1,-1.0333232127
C/C=C/C(=O)C1C(C)=CCCC1(C)C,C1=CCCCC1,-3.1378557654000003
Cc1cc([N+](=O)[O-])ccc1N,c1ccccc1,-3.0361524841
CCCCCCCCCO,,-3.0130118711
CCCOC(=O)C1CCCCC1C(=O)OCCC,C1CCCCC1,-3.2626917327
Cc1ccc2nc(-c3ccc(N)cc3)sc2c1S(=O)(=O)O,c1ccc(-c2nc3ccccc3s2)cc1,-4.3324994616
O=C1CCCCCCCCCCCC(=O)OCCO1,O=C1CCCCCCCCCCCC(=O)OCCO1,-4.2616951793
Oc1cc(Cl)ccc1Oc1ccc(Cl)cc1,c1ccc(Oc2ccccc2)cc1,-4.2393931239
C=C/C(C)=C/CC=C(C)C,,-3.9729302572
CC(CC(=O)OOC(C)(C)C)CC(C)(C)C,,-4.2100961015
Nc1nc(N)nc(Nc2nc(N)nc(N)n2)n1,c1ncnc(Nc2ncncn2)n1,-4.2253369782
CCCCOC(=O)CSCSCC(=O)OCCCC,,-4.3430778582
COC(=O)C1CC2(C(C)C)C=CC1(C)CC2,C1=CC2CCC1CC2,-4.2008661255
CC1CCCCC1,C1CCCCC1,-3.8459348013
CC(C)(OO)c1ccccc1,c1ccccc1,-1.0393798776
O=C(OCC1CCC2OC2C1)C1CCC2OC2C1,O=C(OCC1CCC2OC2C1)C1CCC2OC2C1,-1.2604846902
COC(=O)OC,,0.1852603514
C=C(C)C(=O)OC1CCCCC1,C1CCCCC1,-3.0885648226
CCC(=O)OCCc1ccccc1,c1ccccc1,-3.1174443354
CCCC(=O)OCc1ccccc1,c1ccccc1,-3.1174443354
CC(=O)Nc1ccc(N)c(S(=O)(=O)O)c1,c1ccccc1,-1.2318564393
NOS(=O)(=O)O,,0.0752827195
CC/C=C/CCOC(=O)OC,,-3.0698306477
C1=CC2CCC1C2,C1=CC2CCC1C2,-2.8477212054
Cc1ccc([N+](=O)[O-])c(C)c1,c1ccccc1,-3.0555996074
O=C(O)CSc1nc2ccccc2s1,c1ccc2scnc2c1,-3.2288979848
CC(C)(C)c1ccc(CCC=O)cc1,c1ccccc1,-3.1588329057
O=C(O)c1cc([N+](=O)[O-])cc([N+](=O)[O-])c1,c1ccccc1,-2.2076497234
CC1(C)CC(N(C=O)CCCCCCN(C=O)C2CC(C)(C)NC(C)(C)C2)CC(C)(C)N1,C(CCCNC1CCNCC1)CCNC1CCNCC1,-1.5399557687999998
NNC(N)=S,,-0.8457609068
CCCCC(CC)C1OCCO1,C1COCO1,-3.1195968677
CCC(C)(C)OOC(C)(C)CC,,-4.1004353388
CCC(=O)/C=C/C1=C(C)CCCC1(C)C,C1=CCCCC1,-4.187455475
CC(C)C(=O)OCC(C)(C)C(OC(=O)C(C)C)C(C)C,,-4.333139569
CCC(=O)OC1CCC(C(C)C)CC1,C1CCCCC1,-4.1734842136
CCC1(C)OOC(C)(CC)OOC(C)(CC)OO1,C1OOCOOCOO1,-4.3048554438
O[C@]12COC(c3ccccc3)O[C@@H]1[C@H]1OC(c3ccccc3)OC[C@H]1O2,c1ccc(C2OCC3OC4COC(c5ccccc5)OC4C3O2)cc1,-4.4379626594
CCOC(=O)C1=NN(c2ccccc2)C(=O)C1,O=C1CC=NN1c1ccccc1,-3.2553454425
C=CCCCCCC=O,,-1.9972521926
O=C(O)C(c1ccccc1)c1ccccc1,c1ccc(Cc2ccccc2)cc1,-3.2230398856
CC(C)OC(=O)Cl,,-0.9882911293
C=C(OC(C)=O)c1ccccc1,c1ccccc1,-2.1135953878
CCOC(=O)CC1(C)OCC(C)O1,C1COCO1,-2.1798872233
Clc1cccc(Cl)c1,c1ccccc1,-3.0721598007
Cc1ccccc1CCO,c1ccccc1,-1.042878011
Oc1ccc(Cl)c(O)c1,c1ccccc1,-1.070567643
C=C1C(O)CC2CC1C2(C)C,C=C1CCC2CC1C2,-2.09612479
CC(C)C1CCC(O)CC1,C1CCCCC1,-2.0680942751
O=[N+]([O-])c1ccc(Cl)c(Cl)c1,c1ccccc1,-3.2005181203
C=CC(=O)OCCCOCC(COCCCOC(=O)C=C)OCCCOC(=O)C=C,,-2.5527472821
CC(=O)Nc1ccc(S(=O)(=O)CCO)cc1,c1ccccc1,-2.3069323017
C#C,,-1.3364263766
CCC(=O)c1ccccc1,c1ccccc1,-2.0485000681
CC(C)(C)c1ccc(C=O)cc1,c1ccccc1,-3.1309552762
Nc1ccc2cc(S(=O)(=O)O)ccc2c1,c1ccc2ccccc2c1,-3.2696160575
CCCCC(CC)CO[N+](=O)[O-],,-4.1466934911
CCOC1CC(C)CC(C)(C)C1,C1CCCCC1,-4.1342944341
C=CC(=O)OCCCCCC(C)C,,-4.1706554665
O=C1c2ccccc2C(=O)N1SC1CCCCC1,O=C1c2ccccc2C(=O)N1SC1CCCCC1,-4.3237941723
Cc1cc(C)c(S(=O)(=O)NC2CCCCC2)c(C)c1Nc1ccc(Nc2c(C)cc(C)c(S(=O)(=O)NC3CCCCC3)c2C)c2c1C(=O)c1ccccc1C2=O,O=C1c2ccccc2C(=O)c2c(Nc3cccc(S(=O)(=O)NC4CCCCC4)c3)ccc(Nc3cccc(S(=O)(=O)NC4CCCCC4)c3)c21,-4.8187034651
Cc1cc(C(C)(C)C)c(O)c(C)c1CC#N,c1ccccc1,-4.2579024627
CCOP(=O)(Cc1cc(C(C)(C)C)c(O)c(C(C)(C)C)c1)OCC,c1ccccc1,-4.4728088442
CC(C)=CCCC(C)CC#N,,-3.104157036
CC(=O)Oc1ccccc1[N+](=O)[O-],c1ccccc1,-2.1855239105
CCOc1cc(NC(=O)c2ccccc2)c(OCC)cc1N,O=C(Nc1ccccc1)c1ccccc1,-2.4057571965
S=c1[nH]c2ccccc2s1,S=c1[nH]c2ccccc2s1,-3.1515048921
O=C1CCN(c2ccccc2)N1,O=C1CCN(c2ccccc2)N1,-1.1448233011
Cc1ccccc1CCl,c1ccccc1,-3.0813269237
C=C(C)c1ccccc1,c1ccccc1,-3.0080823215
C=CCc1ccc(O)c(OC)c1,c1ccccc1,-2.1531779235
Fc1cccc(F)c1,c1ccccc1,-2.0003579549
CC/C=C\CCOC(=O)C(C)C,,-3.1741873711
CC1C(C)(C)C2=C(C(=O)CCC2)C1(C)C,O=C1CCCC2=C1CCC2,-3.2653422506
CC(C)(c1ccc(OCCO)cc1)c1ccc(OCCO)cc1,c1ccc(Cc2ccccc2)cc1,-3.4517905533999995
CC(C)NC(C)C,,0.0362422138
C[C@@H]1O[C@@H](O[C@H]2[C@H](Oc3cc(O)c4c(c3)O[C@H](c3ccc(O)cc3)CC4=O)O[C@H](CO)[C@@H](O)[C@@H]2O)[C@H](O)[C@H](O)[C@H]1O,O=C1CC(c2ccccc2)Oc2cc(OC3OCCCC3OC3CCCCO3)ccc21,-2.7224387153
CC(C)COC(=O)c1ccccc1C(=O)OCC(C)C,c1ccccc1,-4.3838902648
C=C(C)C(=O)OCCOC(=O)NCCC(C)CC(C)(C)CNC(=O)OCCOC(=O)C(=C)C,,-4.619923834
CCC(CC)CC1(C(=O)O)CCCCC1,C1CCCCC1,-4.281694517
CCCCOC(=O)/C=C/C(=O)OCCCC,,-4.3135515372
C=C(C)C(=O)OCCOC(=O)C(=C)C,,-2.2613132646
O=C(OCc1ccccc1)c1ccc(O)cc1,O=C(OCc1ccccc1)c1ccccc1,-3.3249813225
N#C/C=C/c1ccccc1,c1ccccc1,-2.0829703418000003
Nc1cccc(S(=O)(=O)CCOS(=O)(=O)O)c1,c1ccccc1,-1.4238808493
CC(=O)/C=C/C1C(C)=CCCC1(C)C,C1=CCCCC1,-3.2586779358
CCOC=O,,0.1514941879
Nc1cc(S(=O)(=O)O)ccc1C(=O)O,c1ccccc1,-1.3156745209
NCCc1ccc(O)cc1,c1ccccc1,-1.1161078312
CCCCOCCOC(=O)c1ccccc1,c1ccccc1,-3.3224225356
COc1cc([N+](=O)[O-])ccc1N,c1ccccc1,-3.2045127381
O=C(O)CN(CCCN(CC(=O)O)CC(=O)O)CC(=O)O,,-1.4690725372
Oc1cc(F)c(F)c(F)c1,c1ccccc1,-0.1536096917
CCCCCC(=O)O,,-1.0522193787
CCCCOC(=O)CC(O)(CC(=O)OCCCC)C(=O)OCCCC,,-3.5452709716000004
CC(=O)OCC1CCC(C)=CC1C,C1=CCCCC1,-3.2503985577
CCCCC(CC)COC(=O)CC#N,,-3.2864784846
CC1(C)S[C@@H]2[C@H](NC(=O)[C@H](N)c3ccccc3)C(=O)N2[C@H]1C(=O)O,O=C(Cc1ccccc1)NC1C(=O)N2CCSC12,-1.5390164423
Nc1ccc(Cc2ccc(N)cc2)cc1,c1ccc(Cc2ccccc2)cc1,-2.2929334424000003
CCOc1ccc2c(c1)C(C)=CC(C)(C)N2,C1=Cc2ccccc2NC1,-3.332762335
CCCCCCCCC=O,,-3.1487064763
NCc1ccco1,c1ccoc1,1.0127047417
OCC(F)(F)F,,0.9998306582
CCOCCOCCOC(C)=O,,0.7539645195999999
OCCCCO,,1.0451691789
OCC(O)CO,,1.0357686635
OO,,0.4683422926
Cc1ccc(C(=O)O)c(O)c1,c1ccccc1,-1.1822691023
O=C(O)c1cc([N+](=O)[O-])ccc1O,c1ccccc1,-2.2627334080000003
Cc1ccc([N+](=O)[O-])cc1C,c1ccccc1,-3.1794512484
ClCc1ccccc1Cl,c1ccccc1,-3.2069094899
N#CCc1ccccc1,c1ccccc1,-3.0687460001
Cc1cc(Cc2cc(C)c(O)c(C)c2)cc(C)c1O,c1ccc(Cc2ccccc2)cc1,-3.4088248510000003
CCCCCCCCCCCCCO,,-3.3018240282
CCOC(=O)OC1CCCCC1C(C)(C)C,C1CCCCC1,-4.3211402828
CCCCCC(=O)OC(=O)CCCCC,,-4.296805043
CCCCCCCCCC(C)=O,,-4.2018206695
CC(C)(C)OOC(C)(C)c1ccccc1,c1ccccc1,-4.2909341502
CC(C)CCCCCOC(=O)CS,,-4.2850368969
C=CCCCCC=C,,-4.0232731502
CC(=O)O[C@@H]1CCCC[C@@H]1C(C)(C)C,C1CCCCC1,-4.2973358545
Oc1cc(Cl)ccc1Oc1ccc(Cl)cc1Cl,c1ccc(Oc2ccccc2)cc1,-4.4617160697000005
CCCCCCCCCCCCCCCCCC(=O)NCCCN(C)C,,-4.5666142382
CCCCCCCCCCCCO,,-4.9847464515
Nc1ccc(OP(=S)(Oc2ccc(N)cc2)Oc2ccc(N)cc2)cc1,S=P(Oc1ccccc1)(Oc1ccccc1)Oc1ccccc1,-5.3094071365
C=C(C)C(=O)OCCOc1ccc(C(C)(C)c2ccc(OCCOC(=O)C(=C)C)cc2)cc1,c1ccc(Cc2ccccc2)cc1,-5.3792018861
CC1(C)CCC[C@]2(C)[C@H]3CCO[C@]3(C)CC[C@@H]12,C1CCC2C(C1)CCC1OCCC12,-5.0994877858
CC1(C)CCCC2(C)C1CCC1(C)OCCC12,C1CCC2C(C1)CCC1OCCC12,-5.0994877858
CCCCC/C(=C\c1ccccc1)C(OCC)OCC,c1ccccc1,-5.1720565184
CC(=O)CC(=O)Nc1ccc(-c2ccc(NC(=O)CC(C)=O)c(C)c2)cc1C,c1ccc(-c2ccccc2)cc1,-5.3250182341
CC(=O)Nc1ccc(NC(=O)c2cc3ccccc3cc2O)cc1,O=C(Nc1ccccc1)c1ccc2ccccc2c1,-5.2503495118
Cc1ccc(Cl)cc1NC(=O)c1cc2ccccc2cc1O,O=C(Nc1ccccc1)c1ccc2ccccc2c1,-5.2385590319
CC(C)(C)NSc1nc2ccccc2s1,c1ccc2scnc2c1,-5.136722389
CCCC(=O)OCCC(C)CCC=C(C)C,,-5.142612080899999
COc1ccc(NC(=O)c2cc3ccccc3cc2O)cc1,O=C(Nc1ccccc1)c1ccc2ccccc2c1,-5.2632246549
CC(c1ccc(OC#N)cc1)c1ccc(OC#N)cc1,c1ccc(Cc2ccccc2)cc1,-5.2179508887
CCCCCCCCCCCC=O,,-5.0614595476
CCC1(C)Nc2cccc3cccc(c23)N1,c1cc2c3c(cccc3c1)NCN2,-3.2477605654
CCCCC(CC)C(=O)OCCOCCOCCOC(=O)C(CC)CCCC,,-5.4201521344
Nc1c(-c2nc3cc4c(cc3o2)C(=O)c2ccccc2C4=O)ccc2c1C(=O)c1ccccc1C2=O,O=C1c2ccccc2C(=O)c2cc(-c3nc4cc5c(cc4o3)C(=O)c3ccccc3C5=O)ccc21,-5.4964129822
CCOc1ccc(NC(=O)c2cc3ccccc3cc2O)cc1,O=C(Nc1ccccc1)c1ccc2ccccc2c1,-5.311540545400001
COc1cc(OC)c(NC(=O)c2cc3ccccc3cc2O)cc1Cl,O=C(Nc1ccccc1)c1ccc2ccccc2c1,-5.3775405806
O=C(Nc1cccc2c(=O)c3c(ccc4c5cc(NC(=O)c6ccccc6)c6c(=O)c7ccccc7c(=O)c6c5[nH]c43)c(=O)c12)c1ccccc1,O=C(Nc1cccc2c(=O)c3c(ccc4c5cc(NC(=O)c6ccccc6)c6c(=O)c7ccccc7c(=O)c6c5[nH]c43)c(=O)c12)c1ccccc1,-5.647161854
COc1ccc(C(=O)CSc2cccc(OC)c2)cc1,O=C(CSc1ccccc1)c1ccccc1,-5.284725265
O=C1c2ccccc2C(=O)c2c1ccc1c2[nH]c2ccc3c4ccccc4c(=O)c4ccc1c2c43,O=C1c2ccccc2C(=O)c2c1ccc1c2[nH]c2ccc3c4ccccc4c(=O)c4ccc1c2c43,-5.506567842999999
CC1(C)COP(=S)(OP2(=S)OCC(C)(C)CO2)OC1,S=P1(OP2(=S)OCCCO2)OCCCO1,-5.393383394500001
CC1=CCC(C(C)C)CC1,C1=CCCCC1,-5.0103439368
O=C(O)CCCCCNc1nc(NCCCCCC(=O)O)nc(NCCCCCC(=O)O)n1,c1ncncn1,-2.5423613079
C=CC(=O)OCCCCCCCC(C)C,,-5.1999126975
CCCCCCCCCC(C)C=O,,-5.151636178
CN(C)c1ccc(C(c2ccc(N(C)C)cc2)c2ccc(N(C)C)cc2)cc1,c1ccc(C(c2ccccc2)c2ccccc2)cc1,-5.458398412699999
O=C1c2cccc(Sc3ccccc3)c2C(=O)c2c(Sc3ccccc3)cccc21,O=C1c2cccc(Sc3ccccc3)c2C(=O)c2c(Sc3ccccc3)cccc21,-5.517335043099999
Cc1cc(C2(c3ccc(O)c(C)c3)CCCCC2)ccc1O,c1ccc(C2(c3ccccc3)CCCCC2)cc1,-5.3715223063
CCCCC(CC)COC(=O)/C=C/C(=O)OCC(CC)CCCC,,-5.4565752567
CC(C)(COC(=O)c1ccccc1)COC(=O)c1ccccc1,O=C(OCCCOC(=O)c1ccccc1)c1ccccc1,-5.4227803586
CCOCOC1CCCCCCCCCCC1,C1CCCCCCCCCCC1,-5.335319967699999
CC(C)(c1cc(Br)c(O)c(Br)c1)c1cc(Br)c(O)c(Br)c1,c1ccc(Cc2ccccc2)cc1,-5.6941064111
CC(C)CCOC(=O)c1ccccc1C(=O)OCCC(C)C,c1ccccc1,-5.444898910599999
O=P(Oc1ccccc1)(Oc1ccccc1)Oc1cccc(OP(=O)(Oc2ccccc2)Oc2ccccc2)c1,O=P(Oc1ccccc1)(Oc1ccccc1)Oc1cccc(OP(=O)(Oc2ccccc2)Oc2ccccc2)c1,-5.7380720068
c1ccc2c(c1)[nH]c1ccccc12,c1ccc2c(c1)[nH]c1ccccc12,-5.2104276195
O=C(OC1CCCCC1)c1ccccc1C(=O)OC1CCCCC1,O=C(OC1CCCCC1)c1ccccc1C(=O)OC1CCCCC1,-5.5126055421
CC(=O)OC1(C(C)=O)CCC2C3CCC4=CC(=O)CCC4(C)C3CCC21C,O=C1C=C2CCC3C4CCCC4CCC3C2CC1,-5.5668107327
CCCCCCCC/C=C/CCCCCCCC(=O)N(CCO)CCO,,-5.567720212
CCOC(=O)C(=Cc1ccc(C=C(C(=O)OCC)C(=O)OCC)cc1)C(=O)OCC,c1ccccc1,-5.6216352692
O=C(/C=C/c1ccccc1)OCCc1ccccc1,O=C(C=Cc1ccccc1)OCCc1ccccc1,-5.4019396274
CCCCCCCCCCCCCCCCCC(=O)NCCO,,-5.5152815814
O=C(Nc1ccc(Cl)cc1)c1cc2ccccc2cc1O,O=C(Nc1ccccc1)c1ccc2ccccc2c1,-5.4738386427
CCCCC(Cc1cc(C(C)(C)C)c(O)c(C(C)(C)C)c1)(C(=O)OC1CC(C)(C)N(C)C(C)(C)C1)C(=O)OC1CC(C)(C)N(C)C(C)(C)C1,O=C(OC1CCNCC1)C(Cc1ccccc1)C(=O)OC1CCNCC1,-5.8357203688
O=C(CBr)Nc1ccc(Cl)cc1C(=O)c1ccccc1F,O=C(c1ccccc1)c1ccccc1,-5.5693457861
CC(=O)OC1(C)CCC23CC1C(C)(C)[C@@H]2CC[C@H]3C,C1CC2CC3CCCC3(C1)C2,-5.4266410391
CCCCCCC(O)CCCCCCCCCCC(=O)O,,-5.4883700889
O=c1c2ccc3c(=O)n4c5ccccc5nc4c4ccc(c2c34)c2nc3ccccc3n12,O=c1c2ccc3c(=O)n4c5ccccc5nc4c4ccc(c2c34)c2nc3ccccc3n12,-5.633055848200001
CC(C)(c1ccc(OC#N)cc1)c1ccc(OC#N)cc1,c1ccc(Cc2ccccc2)cc1,-5.4695583775
CCCCCCCCCCCC#N,,-5.2899699473
O=S(=O)(c1ccc(Cl)cc1)c1ccc(Cl)cc1,O=S(=O)(c1ccccc1)c1ccccc1,-5.5236360799
CC(C)CCC(C)Nc1ccc(NC(C)CCC(C)C)cc1,c1ccccc1,-5.5751336546
CC(CO)C1CCCCCCCCCCC1,C1CCCCCCCCCCC1,-5.451794108500001
C=CCCCCCCCCC(=O)OC,,-5.3975153521
C[C@]12CC[C@@H]3c4ccc(O)cc4CC[C@H]3[C@@H]1CCC2=O,O=C1CCC2C1CCC1c3ccccc3CCC12,-5.5511481213
Cc1cc(C(C)(C)C)c(O)c(C(C)(C)C)c1,c1ccccc1,-5.462311288
CCC(C)c1cc(C(C)CC)c(O)c(C(C)CC)c1,c1ccccc1,-5.5497933448
c1ccc(Nc2ccc3ccccc3c2)cc1,c1ccc(Nc2ccc3ccccc3c2)cc1,-5.4959148461
CC(C)=CCCC(C)CCCC(C)C=O,,-5.496890424
CC(C)CCC(C)Nc1ccc(Nc2ccccc2)cc1,c1ccc(Nc2ccccc2)cc1,-5.6248375610000005
O=C1CCC/C=C\CCCCCCCCCC1,O=C1CCCC=CCCCCCCCCCC1,-5.560732278400001
COC1=CCC2=C(CCC3C2CCC2(C)C3CCC2(O)C#N)C1,C1=CCC2=C(C1)CCC1C2CCC2CCCC21,-5.6832424476
CC12CCC3C(CCC4C(C)(C)CCCC43C)(CO1)O2,C1CCC2C(C1)CCC13COC(CCC21)O3,-5.6453848366
CC1CCC(C(C)C)CC1,C1CCCCC1,-5.3545731075
CCCCCC(C)OC(=O)COc1ccc(Cl)c2cccnc12,c1ccc2ncccc2c1,-5.7479695323
CCCCCCCCCCCCCCCCCCN(CCO)CCO,,-5.7752741917
O=C1CCCCCCC/C=C\CCCCCCO1,O=C1CCCCCCCC=CCCCCCCO1,-5.629397554600001
COC(=O)c1ccc(NC(=O)c2cc(Cl)ccc2Cl)cc1N,O=C(Nc1ccccc1)c1ccccc1,-5.7900649855
Oc1c(-c2ccccc2)cccc1-c1ccccc1,c1ccc(-c2cccc(-c3ccccc3)c2)cc1,-5.6839101049
CC1(C)CC/C(=C\c2ccc(Cl)cc2)C1=O,O=C1CCCC1=Cc1ccccc1,-5.6715911936
CC(C)(C)c1cc(C(C)(CC(=O)OCCOC(=O)CC(C)(c2ccc(O)c(C(C)(C)C)c2)c2ccc(O)c(C(C)(C)C)c2)c2ccc(O)c(C(C)(C)C)c2)ccc1O,O=C(CC(c1ccccc1)c1ccccc1)OCCOC(=O)CC(c1ccccc1)c1ccccc1,-6.2014353624
CC(C)c1ccc(-c2ccccc2)cc1,c1ccc(-c2ccccc2)cc1,-5.609857774299999
CCc1cc(Cc2cc(CC)c(N)c(CC)c2)cc(CC)c1N,c1ccc(Cc2ccccc2)cc1,-5.8485879471
C=CC(=O)OCCOc1ccc(C(C)(C)c2ccc(OCCOC(=O)C=C)cc2)cc1,c1ccc(Cc2ccccc2)cc1,-5.999481603
CC(c1ccccc1)c1ccc(Nc2ccc(C(C)c3ccccc3)cc2)cc1,c1ccc(Cc2ccc(Nc3ccc(Cc4ccccc4)cc3)cc2)cc1,-5.9641687617
CCCCC(CC)COC(=O)c1ccccc1,c1ccccc1,-5.767784581
CC1CC(OC(=O)c2ccccc2O)CC(C)(C)C1,O=C(OC1CCCCC1)c1ccccc1,-5.816819421799999
COC(=O)c1ccc(C(=O)Nc2cc(Cl)ccc2Cl)cc1[N+](=O)[O-],O=C(Nc1ccccc1)c1ccccc1,-5.965154646
C/C=C(\C)C(=O)OCCC(C)CCC=C(C)C,,-5.7917926889
C=C(C)C(=O)OCCC(F)(F)C(F)(F)C(F)(F)C(F)(F)C(F)(F)C(F)(F)F,,-6.058168845700001
O=C1C=CC(=O)N1c1ccc(Cc2ccc(N3C(=O)C=CC3=O)cc2)cc1,O=C1C=CC(=O)N1c1ccc(Cc2ccc(N3C(=O)C=CC3=O)cc2)cc1,-5.9980085438
CCCCCCCCCCCCCCO,,-5.787142557
CC(C)c1ccc(OP(=O)(Oc2ccc(C(C)C)cc2)Oc2ccc(C(C)C)cc2)cc1,O=P(Oc1ccccc1)(Oc1ccccc1)Oc1ccccc1,-6.1371343954
c1ccc2sc(SNC3CCCCC3)nc2c1,c1ccc2sc(SNC3CCCCC3)nc2c1,-5.9171426801
CCOc1ccccc1NC(=O)C(=O)Nc1ccccc1CC,O=C(Nc1ccccc1)C(=O)Nc1ccccc1,-6.0175466725
O=C1CCCCCCCCCCCCCCO1,O=C1CCCCCCCCCCCCCCO1,-5.9037897228
Cc1ccc2oc(/C=C/c3nc4cc(C)ccc4o3)nc2c1,C(=Cc1nc2ccccc2o1)c1nc2ccccc2o1,-6.0004819491
CCN(CC)c1ccc(N=Nc2ccccc2)cc1,c1ccc(N=Nc2ccccc2)cc1,-5.9821152675
CCc1ccc2c(c1)C(=O)c1ccccc1C2=O,O=C1c2ccccc2C(=O)c2ccccc21,-5.9842424969
C=C(CC(C)(C)c1ccccc1)c1ccccc1,C=C(CCc1ccccc1)c1ccccc1,-6.0118424704
CCCCc1nc(Cl)c(CO)n1Cc1ccc(-c2ccccc2-c2nnn(C(c3ccccc3)(c3ccccc3)c3ccccc3)n2)cc1,c1ccc(C(c2ccccc2)(c2ccccc2)n2nnc(-c3ccccc3-c3ccc(Cn4ccnc4)cc3)n2)cc1,-6.4612511717
COC(=O)c1ccc(C(=O)OC)c(N=NC(C(C)=O)C(=O)Nc2ccc3[nH]c(=O)[nH]c3c2)c1,O=C(CN=Nc1ccccc1)Nc1ccc2[nH]c(=O)[nH]c2c1,-6.3140693713
CCCCCCCCCCC1CO1,C1CO1,-5.923156849500001
CCCCCCCCCCCCC1CO1,C1CO1,-5.9846848009
C1CC2C3CC(C2C1)C1(CCCO1)C3,C1CC2C3CC(C2C1)C1(CCCO1)C3,-5.941561120199999
Cc1cc(C)c(O)c(C(c2cc(C)cc(C)c2O)C(C)C)c1,c1ccc(Cc2ccccc2)cc1,-6.1673406199
COC(=O)c1cc(N=NC(C(C)=O)C(=O)Nc2ccc3[nH]c(=O)[nH]c3c2)cc(C(=O)OC)c1,O=C(CN=Nc1ccccc1)Nc1ccc2[nH]c(=O)[nH]c2c1,-6.3777384512
COc1ccc(-c2cc(=O)c3c(O)cc(O)cc3o2)cc1O,O=c1cc(-c2ccccc2)oc2ccccc12,-6.1987525576
C=CC(=O)OCCC(F)(F)C(F)(F)C(F)(F)C(F)(F)C(F)(F)C(F)(F)F,,-6.354159334099999
CC(C)CCCCCCCOP(OCCCCCCCC(C)C)Oc1ccccc1,c1ccccc1,-6.382029914199999
Cc1ccc2c(c1)C(=O)c1ccccc1C2=O,O=C1c2ccccc2C(=O)c2ccccc21,-6.1171462485
c1ccc(Nc2ccc(Nc3ccccc3)cc2)cc1,c1ccc(Nc2ccc(Nc3ccccc3)cc2)cc1,-6.239449641499999
COC(=O)c1ccc2cc(C(=O)OC)ccc2c1,c1ccc2ccccc2c1,-6.211736201
O=C1c2ccccc2C(=O)c2c(O)ccc(O)c21,O=C1c2ccccc2C(=O)c2ccccc21,-6.2534935167
CC(C)c1ccc2ccccc2c1C(C)C,c1ccc2ccccc2c1,-6.2301136188
COc1ccc(N2CCN(c3ccc(-n4cn[nH]c4=O)cc3)CC2)cc1,O=c1[nH]ncn1-c1ccc(N2CCN(c3ccccc3)CC2)cc1,-6.4889092646
O=C(Nc1ccc(Cl)cc1)Nc1ccc(Cl)c(Cl)c1,O=C(Nc1ccccc1)Nc1ccccc1,-6.4577264198
CC1CC(C)(C)CC(OOC(C)(C)C)(OOC(C)(C)C)C1,C1CCCCC1,-6.4806607684
C=C1CC/C=C(\C)CC[C@@H]2[C@@H]1CC2(C)C,C=C1CCC=CCCC2CCC12,-6.3372616649
CC(C)(c1ccccc1)C(C)(C)c1ccccc1,c1ccc(CCc2ccccc2)cc1,-6.4741688972
c1ccc(COc2ccc3ccccc3c2)cc1,c1ccc(COc2ccc3ccccc3c2)cc1,-6.4776739787
Cn1c(=O)cc2c3c(c(Br)ccc31)C(=O)c1ccccc1-2,O=C1c2ccccc2-c2cc(=O)[nH]c3cccc1c23,-6.6804453214
O=C(Nc1cccc([N+](=O)[O-])c1)c1cc2ccccc2cc1O,O=C(Nc1ccccc1)c1ccc2ccccc2c1,-6.6438656239
O=C(Oc1cc([N+](=O)[O-])c(Cl)cc1Cl)Oc1cc([N+](=O)[O-])c(Cl)cc1Cl,O=C(Oc1ccccc1)Oc1ccccc1,-6.8129074612
C1=CC(c2ccc(C3CC=CCC3)cc2)CCC1,C1=CC(c2ccc(C3CC=CCC3)cc2)CCC1,-6.5919290491
Cc1ccc(N/N=C2\C(=O)C=Cc3ccccc32)c(C)c1,O=C1C=Cc2ccccc2C1=NNc1ccccc1,-6.7054442976
CCCCCCCCCCCCCC(=O)OC,,-6.6497381608
CN(C)c1ccc(C(O)(c2ccc(N(C)C)cc2)c2ccc(Nc3ccccc3)c3ccccc23)cc1,c1ccc(Nc2ccc(C(c3ccccc3)c3ccccc3)c3ccccc23)cc1,-6.9891355524000005
O=C(Nc1ccccc1SSc1ccccc1NC(=O)c1ccccc1)c1ccccc1,O=C(Nc1ccccc1SSc1ccccc1NC(=O)c1ccccc1)c1ccccc1,-6.9782870605
CCCCCCCCCCCC(=O)N(CCCC)CCCC,,-7.016412076799999
COc1ccc([N+](=O)[O-])cc1OC(C)=O,c1ccccc1,-2.9466040673
Cc1ccc(C(=O)OOC(=O)c2ccc(C)cc2)cc1,O=C(OOC(=O)c1ccccc1)c1ccccc1,-6.798351882
Cc1cc(Cc2cc(C)cc(C3CCCCC3)c2O)c(O)c(C2CCCCC2)c1,c1cc(Cc2cccc(C3CCCCC3)c2)cc(C2CCCCC2)c1,-6.9790342734
CCCCC(CC)COC(=O)c1ccccc1C(=O)OCC(CC)CCCC,c1ccccc1,-6.9789083532000005
CC(C)c1ccccc1C(C)C,c1ccccc1,-6.6027992709
CC(C)c1cccc(C(C)C)c1,c1ccccc1,-6.6027992709
CCCCCCCC/C=C\CCCCCCCC(=O)NC(CO)C(O)CCCCCCCCCCCCCCC,,-6.4517618811
CCCCCCCCCCCCCCCC(=O)O,,-6.806908841
CC(=O)OC1=CCC2C3CCC(C3)C12,C1=CC2C3CCC(C3)C2C1,-3.0097265709
CCCCCCCC(=O)OCCCOC(=O)CCCCCCC,,-7.516526119400001
C=CCCC(=O)C1CCCC(C)(C)C1,C1CCCCC1,-4.7793105096
CCn1c2ccccc2c2ccccc21,c1ccc2c(c1)[nH]c1ccccc12,-6.813503151
CCN(CCOC(C)OCC(C)C)c1ccc(N=Nc2ccccc2)cc1,c1ccc(N=Nc2ccccc2)cc1,-7.0905037661
C(=C/CSc1nnc(-c2ccccc2)c(-c2ccccc2)n1)\CSc1nnc(-c2ccccc2)c(-c2ccccc2)n1,C(=CCSc1nnc(-c2ccccc2)c(-c2ccccc2)n1)CSc1nnc(-c2ccccc2)c(-c2ccccc2)n1,-7.025125554700001
COc1ccc(C(=O)CC(=O)c2ccc(C(C)(C)C)cc2)cc1,O=C(CC(=O)c1ccccc1)c1ccccc1,-7.060548154299999
COc1ccc(-c2cc(=O)c3c(O)cc(O[C@@H]4O[C@H](CO[C@@H]5O[C@@H](C)[C@H](O)[C@@H](O)[C@H]5O)[C@@H](O)[C@H](O)[C@H]4O)cc3o2)cc1O,O=c1cc(-c2ccccc2)oc2cc(OC3CCCC(COC4CCCCO4)O3)ccc12,-7.505541952200001
O=c1n(C[C@@H]2CO2)c(=O)n(C[C@@H]2CO2)c(=O)n1C[C@@H]1CO1,O=c1n(CC2CO2)c(=O)n(CC2CO2)c(=O)n1CC1CO1,-2.4688253265
COCCCn1c(=O)c2c(N)c3c(=O)c4ccccc4c(=O)c3c(N)c2c1=O,O=c1[nH]c(=O)c2cc3c(=O)c4ccccc4c(=O)c3cc12,-7.323792769
CCCCCCCCCCCCCCCCCCCCCC(=O)O,,-7.3281144602
O=C(OCCCc1ccccc1)c1ccccc1,O=C(OCCCc1ccccc1)c1ccccc1,-4.8009737888
CCCCCC(C)CO,,-2.5281270707
O=C1NC(=O)c2ccc3c4ccc5c6c(ccc(c7ccc1c2c73)c64)C(=O)NC5=O,O=C1NC(=O)c2ccc3c4ccc5c6c(ccc(c7ccc1c2c73)c64)C(=O)NC5=O,-7.591458633999999
Cc1ccc(Nc2ccc(O)c3c2C(=O)c2ccccc2C3=O)cc1,O=C1c2ccccc2C(=O)c2c(Nc3ccccc3)cccc21,-7.5491813124
CCC1(C/C=C2\CCCc3cc(OC)ccc32)C(=O)CCC1=O,O=C1CCC(=O)C1CC=C1CCCc2ccccc21,-4.172504242
CCCCCCCCCCCCCCCCCC,,-7.6275399492
CC(C)C1OC2(CCCC2)OCC1(C)C,C1COC2(CCCC2)OC1,-3.5242437705
CCCCC(CC)COC(=O)c1ccc(Nc2nc(Nc3ccc(C(=O)OCC(CC)CCCC)cc3)nc(Nc3ccc(C(=O)OCC(CC)CCCC)cc3)n2)cc1,c1ccc(Nc2nc(Nc3ccccc3)nc(Nc3ccccc3)n2)cc1,-8.2164783763
CCCCCCCCCCCCCCCC(=O)OC,,-7.8300382351
O=C(CC(CP1(=O)Oc2ccccc2-c2ccccc21)C(=O)OCCO)OCCO,O=[PH]1Oc2ccccc2-c2ccccc21,-4.4617795617
CC1(C)Nc2cccc3cccc(c23)N1,c1cc2c3c(cccc3c1)NCN2,-2.9298988951
CCN(CCOc1ccc(C2CCCCC2)cc1)c1ccc(C=C(C#N)C#N)c(C)c1,c1ccc(NCCOc2ccc(C3CCCCC3)cc2)cc1,-8.3860948559
CC(C)(C)c1cc(-c2cc(C(C)(C)C)cc(C(C)(C)C)c2O)c(O)c(C(C)(C)C)c1,c1ccc(-c2ccccc2)cc1,-6.889187496900001
COc1ccccc1N/N=C1\C(=O)C=Cc2ccccc21,O=C1C=Cc2ccccc2C1=NNc1ccccc1,-8.9260164319
CCCCCCCCCCCCCCCCCC(=O)OC,,-8.9978390846
CC(C)CCCCCCCOC(=O)c1ccccc1C(=O)OCCCCCCCC(C)C,c1ccccc1,-9.4195398078
C=CC(=O)OCCOCC(CC)(COCCOC(=O)C=C)COCCOC(=O)C=C,,-2.687445856
Oc1ccc(C(c2ccc(O)cc2)c2ccccn2)cc1,c1ccc(C(c2ccccc2)c2ccccn2)cc1,-4.523907797200001
O=C(O)c1ccccc1C(=O)c1ccc(-c2ccccc2)cc1,O=C(c1ccccc1)c1ccc(-c2ccccc2)cc1,-4.8282334666
O=[N+]([O-])N1CN([N+](=O)[O-])CN([N+](=O)[O-])CN([N+](=O)[O-])C1,C1NCNCNCN1,-4.8251168095
CCC(C)(C#N)N=NC(C)(C#N)CC,,-2.6961915261
N=NN=NC1=CCc2c(cccc2S(=O)(=O)Oc2ccc(C(=O)c3ccc(O)c(O)c3O)cc2)C1=O,O=C(c1ccccc1)c1ccc(OS(=O)(=O)c2cccc3c2CC=CC3=O)cc1,-5.1052907305
C=CC(=C)Cl,,-2.5509254551
C=CS(=O)(=O)CS(=O)(=O)C=C,,-3.9198954495
FC(F)(F)F,,-3.6703396281
CC(C)(c1ccccc1)c1ccc(O)cc1,c1ccc(Cc2ccccc2)cc1,-4.0964847072
CCCSc1nc(Cl)c([N+](=O)[O-])c(Cl)n1,c1cncnc1,-4.3869446244
COS(C)(=O)=O,,-0.0419214127999999
CCCCCCCCCCCCCCCCOC(=O)Oc1c(Cl)cc(C(=O)OCC)cc1Cl,c1ccccc1,-7.1338037886
O=C1NC2C=CC1C2,O=C1NC2C=CC1C2,0.9361608079
c1ccc(C2CCCCC2)cc1,c1ccc(C2CCCCC2)cc1,-4.3415022783
CC1=CCC2CC1C2(C)C,C1=CC2CC(C1)C2,-3.7725704235
CC(C)(c1ccc(OCC2CO2)cc1)c1ccc(OCC2CO2)cc1,c1cc(OCC2CO2)ccc1Cc1ccc(OCC2CO2)cc1,-4.7996200318
CCCCCCCCCCCCCCCCN(C)C,,-4.6524349135000005
CC1=C2CC(C=O)C(C1)C(C(C)C)C2,C1=C2CCC(C1)CC2,-3.8508542835
CCCCCCCCCCCCN(C)C,,-4.4261227438
Clc1ccc(Oc2cccc(Cl)c2)cc1,c1ccc(Oc2ccccc2)cc1,-5.3873553168
CCCCC(CC)C(=O)OCC(COCC(COC(=O)CCCCCC(C)C)(COC(=O)C(CC)CCCC)COC(=O)C(CC)CCCC)(COC(=O)CCCCCC(C)C)COC(=O)CCCCCC(C)C,,-7.323686796
CCC(=O)/C=C/C1C(C)=CCCC1(C)C,C1=CCCCC1,-3.9923409786
CC(=O)/C(C)=C\C1C(C)=CCCC1(C)C,C1=CCCCC1,-3.9923409786
CC(=O)O[C@@H]1C[C@H](C)CC[C@H]1C(C)C,C1CCCCC1,-3.9751165598
CC(=O)CC(=O)Nc1ccc(NC(=O)CC(C)=O)cc1,c1ccccc1,-3.1275010898000004
O=C(OCc1ccccc1)c1ccccc1,O=C(OCc1ccccc1)c1ccccc1,-4.1776244939
O=S(=O)(c1ccccc1)c1ccccc1,O=S(=O)(c1ccccc1)c1ccccc1,-4.1928799405
C=CC(=O)N1CCOCC1,C1COCCN1,0.8502575853000001
COCC(C)O,,1.0451691789
O=C(O)CS,,-1.9643492148
CCCCCCCCCCCCCCCCCCOC(=O)/C=C/C(=O)OCCCCCCCCCCCCCCCCCC,,-7.094152366
CCOC(=O)CN=C(c1ccccc1)c1ccccc1,N=C(c1ccccc1)c1ccccc1,-3.4270444492000003
Cc1cc(C(C)(C)C)c(OP2OCC3(CO2)COP(Oc2c(C(C)(C)C)cc(C)cc2C(C)(C)C)OC3)c(C(C)(C)C)c1,c1ccc(OP2OCC3(CO2)COP(Oc2ccccc2)OC3)cc1,-7.801238331
CCOC(=O)CC(NC1CCC(CC2CCC(NC(CC(=O)OCC)C(=O)OCC)C(C)C2)CC1C)C(=O)OCC,C1CCC(CC2CCCCC2)CC1,-5.0665338896
CCCCCCCCCCCC(=O)NCCC[N+](C)(C)CC(=O)[O-],,-3.1367509984
CN(C)CCOCCO,,-0.1244748796
Nc1ccc([N+](=O)[O-])c(N)c1,c1ccccc1,-2.1850914787
CCCCCCCCCCCCCCCC(=O)O[C@@H]1C[C@@H](C(=O)O)N(C(=O)CCCCCCCCCCCCCCC)C1,C1CCNC1,-5.7838757207
c1ccc(P(c2ccccc2)c2ccccc2)cc1,c1ccc(P(c2ccccc2)c2ccccc2)cc1,-6.201301100399999
C=CC(C)CCC=C(C)C,,-5.9645864462
CCCCC(CC)COC(=O)CSCC(=O)OCC(CC)CCCC,,-6.654998170599999
CC(C)=CCCc1ccc2c(c1)C(=O)c1ccccc1C2=O,O=C1c2ccccc2C(=O)c2ccccc21,-7.985818524400001
CCCCCCCCCOC(=O)c1ccccc1C(=O)OCCCCCCCC,c1ccccc1,-4.7809414151
CC(C)CCCCCCCCOCCCNCCC#N,,-3.618466492200001
CC(=O)OC[C@H]1CCC=C(CCC=C(C)C)C1,C1=CCCCC1,-4.9756247854
CC(=O)c1cc(Nc2nc(Nc3cc(C(C)=O)c(N)c4c3C(=O)c3ccccc3C4=O)nc(-c3ccccc3)n2)c2c(c1N)C(=O)c1ccccc1C2=O,O=C1c2ccccc2C(=O)c2c(Nc3nc(Nc4cccc5c4C(=O)c4ccccc4C5=O)nc(-c4ccccc4)n3)cccc21,-4.9504317948
CCCCCCCCCCCCCCCC(=O)OCC(O)CO,,-4.7267916006
CCCCCCCC/C=C\CCCCCCCC1=NCCN1CCO,C1=NCCN1,-3.8458307588
O=C(O[C@@H]1Cc2c(O)cc(O)cc2O[C@@H]1c1cc(O)c(O)c(O)c1)c1cc(O)c(O)c(O)c1,O=C(OC1Cc2ccccc2OC1c1ccccc1)c1ccccc1,-1.0591609316
CC/C=C/CCCCCCCCCCCCCCOCC,,-4.7999839607
N#CCc1ccc(Cl)cc1F,c1ccccc1,-2.5939062498
CC(CC(C)(C)C#N)c1ccccc1,c1ccccc1,-3.2350788163
CC(=O)OC1CCC(C(C)(C)C)CC1,C1CCCCC1,-3.6996406686
C[C@]12CCC(=O)C[C@@H]1CC[C@@H]1[C@@H]2CC[C@]2(C)[C@@H](O)CC[C@@H]12,O=C1CCC2C(CCC3C4CCCC4CCC23)C1,-4.9189988507
O=C(Nc1ccc(Cc2ccc(NC(=O)NC3CCCCC3)cc2)cc1)NC1CCCCC1,O=C(Nc1ccc(Cc2ccc(NC(=O)NC3CCCCC3)cc2)cc1)NC1CCCCC1,-5.142667396
Cc1ccc(N2C(=O)N(c3ccc(C)c(N=C=O)c3)C2=O)cc1N=C=O,O=C1N(c2ccccc2)C(=O)N1c1ccccc1,-5.0368259397
CCCCCCCCCCCC(=O)OCC(O)[C@H]1OC[C@@H](O)[C@@H]1O,C1CCOC1,-5.0625368604
COC(=O)CN(CC(=O)OC)c1ccc(N=Nc2ccc([N+](=O)[O-])cc2C#N)c(NC(C)=O)c1,c1ccc(N=Nc2ccccc2)cc1,-5.1935197379
Nc1ccc(N=Nc2cccc(N=Nc3ccc(N)cc3N)c2)c(N)c1,c1ccc(N=Nc2cccc(N=Nc3ccccc3)c2)cc1,-4.197152695
C/C=C/CC,,-2.5449048057
S,,-5.5325378146
CC(=O)OCCN(CCC#N)c1ccc(N=Nc2nc3ccc([N+](=O)[O-])cc3s2)cc1,c1ccc(N=Nc2nc3ccccc3s2)cc1,-4.3409088983
N#Cc1ccccc1/C=C/c1ccc(/C=C/c2ccccc2C#N)cc1,C(=Cc1ccc(C=Cc2ccccc2)cc1)c1ccccc1,-4.2206388586
N#CCCN(CCC#N)c1ccc(N=Nc2ccc([N+](=O)[O-])cc2Cl)cc1,c1ccc(N=Nc2ccccc2)cc1,-4.281954413
CC(=O)OCCN(CCC#N)c1ccc(N=Nc2ccc([N+](=O)[O-])cc2)cc1,c1ccc(N=Nc2ccccc2)cc1,-4.2803415835
CCN(CCC#N)c1ccc(N=Nc2c(Br)cc([N+](=O)[O-])cc2Br)cc1,c1ccc(N=Nc2ccccc2)cc1,-4.3812486892
CCN(CCC#N)c1ccc(N=Nc2ccc([N+](=O)[O-])cc2Cl)cc1,c1ccc(N=Nc2ccccc2)cc1,-4.2526115544
C=CCN(CC=C)c1cc(NC(C)=O)c(N=Nc2c(Cl)cc([N+](=O)[O-])cc2[N+](=O)[O-])cc1OC,c1ccc(N=Nc2ccccc2)cc1,-4.3881793818
CCOC(=O)C(C)OC(=O)c1cc(Oc2ccc(C(F)(F)F)cc2Cl)ccc1[N+](=O)[O-],c1ccc(Oc2ccccc2)cc1,-6.6230386723
CC(=O)O[C@H]1CC[C@H]2[C@@H]3CC[C@H]4CC(=O)C[C@H](C)[C@]4(C)[C@H]3CC[C@]12C,O=C1CCC2C(CCC3C4CCCC4CCC23)C1,-5.0925589945
CCCCCCCCCCCCCCCCCCCCCC(=O)OCC(O)CO,,-6.9187336597
C[C](C)C,,-4.3765465432
COc1cc(N=Nc2c(Br)cc([N+](=O)[O-])cc2[N+](=O)[O-])c(NC(C)=O)cc1N(CCOC(C)=O)CCOC(C)=O,c1ccc(N=Nc2ccccc2)cc1,-5.4951202425
CC(C)(C)c1cc(O)ccc1O,c1ccccc1,-1.220683278
COc1ccc(N)c([N+](=O)[O-])c1,c1ccccc1,-1.2257020372
CCOC(/C=C(\C)CCC=C(C)C)OCC,,-2.3547996853
S=c1[nH]c2ccccc2[nH]1,S=c1[nH]c2ccccc2[nH]1,-2.176687281
CCCCCCOCCCCCC,,-4.2703037605
N#CCCOCCN(CCC#N)c1ccc(N=Nc2ccc([N+](=O)[O-])cc2)cc1,c1ccc(N=Nc2ccccc2)cc1,-4.5937500267
CCCCN(c1nc(NCCCN(CCN(CCCNc2nc(N(CCCC)C3CC(C)(C)N(C)C(C)(C)C3)nc(N(CCCC)C3CC(C)(C)N(C)C(C)(C)C3)n2)c2nc(N(CCCC)C3CC(C)(C)N(C)C(C)(C)C3)nc(N(CCCC)C3CC(C)(C)N(C)C(C)(C)C3)n2)c2nc(N(CCCC)C3CC(C)(C)N(C)C(C)(C)C3)nc(N(CCCC)C3CC(C)(C)N(C)C(C)(C)C3)n2)nc(N(CCCC)C2CC(C)(C)N(C)C(C)(C)C2)n1)C1CC(C)(C)N(C)C(C)(C)C1,C(CNc1nc(NC2CCNCC2)nc(NC2CCNCC2)n1)CN(CCN(CCCNc1nc(NC2CCNCC2)nc(NC2CCNCC2)n1)c1nc(NC2CCNCC2)nc(NC2CCNCC2)n1)c1nc(NC2CCNCC2)nc(NC2CCNCC2)n1,-5.3590146681
CCN(CC)c1cc(NC(C)=O)c(N=Nc2c(Cl)cc([N+](=O)[O-])cc2[N+](=O)[O-])cc1OC,c1ccc(N=Nc2ccccc2)cc1,-4.6673277833
C1CCC2CCCCC2C1,C1CCC2CCCCC2C1,-4.1406777053
CCCCCCCC/C=C\CCCCCCCC(=O)OCC(C)OC(=O)CCCCCCC/C=C\CCCCCCCC,,-4.7817560925
O=C(Nc1cccc2c1C(=O)c1ccccc1C2=O)c1ccc(-c2ccc(N=Nc3ccc(-c4ccc(C(=O)Nc5cccc6c5C(=O)c5ccccc5C6=O)cc4)cc3)cc2)cc1,O=C(Nc1cccc2c1C(=O)c1ccccc1C2=O)c1ccc(-c2ccc(N=Nc3ccc(-c4ccc(C(=O)Nc5cccc6c5C(=O)c5ccccc5C6=O)cc4)cc3)cc2)cc1,-5.716458279299999
c1cc2ccc1CCc1ccc(cc1)CC2,c1cc2ccc1CCc1ccc(cc1)CC2,-5.169478497
O=C1c2ccccc2-c2ccc3c4ccc5c6c(ccc(c7ccc1c2c73)c64)C(=O)c1ccccc1-5,O=C1c2ccccc2-c2ccc3c4ccc5c6c(ccc(c7ccc1c2c73)c64)C(=O)c1ccccc1-5,-5.5133127462
COc1cc2c3c(ccc4c5ccc6c7c(cc(OC)c(c1c34)c75)-c1ccccc1C6=O)C(=O)c1ccccc1-2,O=C1c2ccccc2-c2ccc3c4ccc5c6c(ccc(c7ccc1c2c73)c64)C(=O)c1ccccc1-5,-5.5991706951
CCCCC[C@H](CCC)CCCO,,-5.1563604082
CC(C)(C)OOC1(OOC(C)(C)C)CCCCC1,C1CCCCC1,-5.386213837300001
CCCCCCCCCCCCCCCC(=O)OC/C=C(C)/C=C/C=C(C)/C=C/C1=C(C)CCCC1(C)C,C1=CCCCC1,-5.7200550602
C[C@@H](Oc1ccc(Oc2ccc(C(F)(F)F)cn2)cc1)C(=O)O,c1ccc(Oc2ccccn2)cc1,-2.6227956692
CCC(C)(C)OOC1(OOC(C)(C)CC)CCCCC1,C1CCCCC1,-5.4600374185
CC1=CC(C)(C)Nc2ccccc21,C1=Cc2ccccc2NC1,-5.238695803500001
CCCCCCCCCl,,-5.1722437893
CC(C)(C)CC(C)(C)c1ccc(O)c(-n2nc3ccccc3n2)c1,c1ccc(-n2nc3ccccc3n2)cc1,-5.5097937283
Cc1ccc(O)c(-n2nc3ccccc3n2)c1,c1ccc(-n2nc3ccccc3n2)cc1,-5.3526667277
CC(C)(C)c1cc(CCC(=O)OCCSCCOC(=O)CCc2cc(C(C)(C)C)c(O)c(C(C)(C)C)c2)cc(C(C)(C)C)c1O,O=C(CCc1ccccc1)OCCSCCOC(=O)CCc1ccccc1,-5.8081724723
Cc1cc(CCC(=O)OCCOCCOCCOC(=O)CCc2cc(C)c(O)c(C(C)(C)C)c2)cc(C(C)(C)C)c1O,O=C(CCc1ccccc1)OCCOCCOCCOC(=O)CCc1ccccc1,-5.7684649408
CCCCCCCCOc1ccc(C(=O)c2ccccc2)c(O)c1,O=C(c1ccccc1)c1ccccc1,-5.5137980476
CCCCCCC(CO)CCCC,,-5.2703037605
CCCCCCCCCCCCC(CO)CCCCCCCCCC,,-5.549815883300001
CCCCCCCCCCCCCCC(CO)CCCCCCCCCCCC,,-5.6135997753
CCCCC(CC)COCOCC(CC)CCCC,,-5.4353234735
CCCCCCCCC(CO)CCCCCC,,-5.3846168146
Cc1cc(-n2nc3ccc(Cl)cc3n2)c(O)c(C(C)(C)C)c1,c1ccc(-n2nc3ccccc3n2)cc1,-5.4994176265
CCc1cc(Cc2cc(CC)cc(C(C)(C)C)c2O)c(O)c(C(C)(C)C)c1,c1ccc(Cc2ccccc2)cc1,-5.5665093776
CCCCCCCCCCCCCCCCC(CO)CCCCCCCCCCCCCC,,-5.66920434
CCCCCCCCCCCCCCCCCCNC(=O)NCCCNC(=O)NCCCCCCCCCCCCCCCCCC,,-5.8229189425
CCCCC(CC)CNS(=O)(=O)c1ccc(N)cc1,c1ccccc1,-5.453967766799999
CC(C)(C)c1ccc2oc(-c3ccc(-c4nc5cc(C(C)(C)C)ccc5o4)s3)nc2c1,c1ccc2oc(-c3ccc(-c4nc5ccccc5o4)s3)nc2c1,-5.634046793
O=C1OC(=O)c2ccc3c4ccc5c6c(ccc(c7ccc1c2c73)c64)C(=O)OC5=O,O=C1OC(=O)c2ccc3c4ccc5c6c(ccc(c7ccc1c2c73)c64)C(=O)OC5=O,-5.5936426625
O=[N+]([O-])c1ccc(OP(=S)(Oc2ccc([N+](=O)[O-])cc2)Oc2ccc([N+](=O)[O-])cc2)cc1,S=P(Oc1ccccc1)(Oc1ccccc1)Oc1ccccc1,-5.6788341975
CC(C)CCCCCCCCCCOC(=O)c1ccccc1C(=O)OCCCCCCCCCCC(C)C,c1ccccc1,-5.724958731699999
CC(C)CCCCCCCCCCOC(=O)CCCCC(=O)OCCCCCCCCCCC(C)C,,-5.708288296799999
CCCCCCCCCCCCCCCCCCCCCCO,,-5.5140281479
CCCCCCCCCCCCOC(=O)CCSCCC(=O)OCCCCCCCCCCCC,,-5.711686621799999
CCOC(=O)c1ccc(N=CN(C)c2ccccc2)cc1,C(=Nc1ccccc1)Nc1ccccc1,-5.4507770249
CCCCCCCCCCCCCCCCOC(=O)OOC(=O)OCCCCCCCCCCCCCCCC,,-5.7565570001
CCCCCCCCCCCCCCCCCCCCO,,-5.4750243489
CCCCCCCCCCCCCCCCCCO,,-5.432168875
CCCCCCCCCCCC(=O)OC(C)C,,-5.384537990399999
CCCCCCCCCCCCCCCCCCCCCCCCO,,-5.549815883300001
CC/C=C/CCCCCCC,,-5.1883574821
C=COC(=O)CCCCCCCCCCC,,-5.3547996853
CCCCC(CC)C1CCON1CCOC(=O)NCCCCCCNC(=O)OCCN1OCCC1C(CC)CCCC,O=C(NCCCCCCNC(=O)OCCN1CCCO1)OCCN1CCCO1,-5.7905608237
COC(=O)CCc1cc(-n2nc3ccccc3n2)c(O)c(C(C)(C)C)c1,c1ccc(-n2nc3ccccc3n2)cc1,-6.849323575900001
CCCCCCCCCCCCCCCCCCNC(=O)Nc1ccc(Cc2ccc(NC(=O)NCCCCCCCCCCCCCCCCCC)cc2)cc1,c1ccc(Cc2ccccc2)cc1,-5.9429946413
CC(=O)Oc1c(C)c(C)c2c(c1C)CC[C@@](C)(CCC[C@H](C)CCC[C@H](C)CCCC(C)C)O2,c1ccc2c(c1)CCCO2,-5.7715452251
ICC1CCC(CI)CC1,C1CCCCC1,-5.7481975718
CC(C)(C)OOC(C)(C)c1ccc(C(C)(C)OOC(C)(C)C)cc1,c1ccccc1,-5.7371515873000005
CCCCCCCCCCCCCCCCCCSSCCCCCCCCCCCCCCCCCC,,-6.057758885499999
CCCCCCCCCCCCC(CCCCCCCCCC)C(=O)O,,-5.867639521599999
CCOc1ccccc1NC(=O)C(=O)Nc1ccc(CCCCCCCCCC(C)C)cc1,O=C(Nc1ccccc1)C(=O)Nc1ccccc1,-6.0994494699
CCCCC(CC)COC(=O)CC(C)CC(C)(C)C,,-5.9549769717
CCC(C)CCCOC(=O)CCc1cc(-n2nc3ccccc3n2)c(O)c(C(C)(C)C)c1,c1ccc(-n2nc3ccccc3n2)cc1,-6.1639401792
CS(=O)(=O)Oc1ccc(Nc2ccc(O)c3c2C(=O)c2ccccc2C3=O)cc1,O=C1c2ccccc2C(=O)c2c(Nc3ccccc3)cccc21,-6.214227984500001
CC(Cc1cccc(CC(C)c2ccc(O)cc2)c1)c1ccc(O)cc1,c1ccc(CCc2cccc(CCc3ccccc3)c2)cc1,-6.238635640399999
Cc1cccc(N(c2ccccc2)c2ccc(-c3ccc(N(c4ccccc4)c4cccc(C)c4)cc3)cc2)c1,c1ccc(N(c2ccccc2)c2ccc(-c3ccc(N(c4ccccc4)c4ccccc4)cc3)cc2)cc1,-6.4121983796
CN(C(=S)SSC(=S)N(C)c1ccccc1)c1ccccc1,S=C(Nc1ccccc1)SSC(=S)Nc1ccccc1,-6.2607699922
CCN(CC)c1ccc(N=Nc2c(C#N)cc([N+](=O)[O-])cc2[N+](=O)[O-])c(NC(C)=O)c1,c1ccc(N=Nc2ccccc2)cc1,-6.327772594400001
CCCCCCCCCCCC(=O)OCCOCC(OCCO)C1OCC(OCCO)C1OCCO,C1CCOC1,-6.417202563200001
CC(C)CCCCCCCCCCCCCCCO,,-6.256077615900001
CCCCCCCCCCCC(=O)OCC(COC(C)=O)OC(C)=O,,-6.378367614400001
CCCCCCCCCCCCCCCOC(=O)/C=C/C(=O)OCCCCCCCCCCCCCCC,,-6.5537875846
CCCCCCCCOC(=O)/C=C/C(=O)OCCCCCCCC,,-6.356030959
O=C=Nc1ccc(OP(=S)(Oc2ccc(N=C=O)cc2)Oc2ccc(N=C=O)cc2)cc1,S=P(Oc1ccccc1)(Oc1ccccc1)Oc1ccccc1,-6.4917192558000005
CC(C)CCCCCCCOC(=O)/C=C/C(=O)OCCCCCCCC(C)C,,-6.4222745911
CCCCCCCCCCCCOC(=O)/C=C/C(=O)OCCCCCCCCCCCC,,-6.4797384219000005
CCCCCCCC/C=C\CCCCCCCC(=O)OC(C)C,,-6.3351890163
[N-]=[N+]=C1C=Cc2c(cccc2S(=O)(=O)Oc2ccc(C(=O)c3ccccc3)c(OS(=O)(=O)c3cccc4c3C=CC(=[N+]=[N-])C4=O)c2OS(=O)(=O)c2cccc3c2C=CC(=[N+]=[N-])C3=O)C1=O,[N+]=C1C=Cc2c(cccc2S(=O)(=O)Oc2ccc(C(=O)c3ccccc3)c(OS(=O)(=O)c3cccc4c3C=CC(=[N+])C4=O)c2OS(=O)(=O)c2cccc3c2C=CC(=[N+])C3=O)C1=O,-6.820895006900001
CCCCCCC(O)CCCCCCCCCCC(=O)NCCNC(=O)CCCCCCCCCCC(O)CCCCCC,,-6.7352071916
O=c1oc(-c2ccc(-c3nc4ccccc4c(=O)o3)cc2)nc2ccccc12,O=c1oc(-c2ccc(-c3nc4ccccc4c(=O)o3)cc2)nc2ccccc12,-6.5170402935
CCCCCCCC/C=C\CCCCCCCCCCCC(N)=O,,-6.5283921465
O=C=Nc1ccc(C(c2ccc(N=C=O)cc2)c2ccc(N=C=O)cc2)cc1,c1ccc(C(c2ccccc2)c2ccccc2)cc1,-6.5650965952
CC(C)CCCCCCOC(=O)c1ccccc1C(=O)OCCCCCCC(C)C,c1ccccc1,-6.6218178985
CCCCC(CC)COC(=O)CCCCC(=O)OCC(CC)CCCC,,-6.5688749453
CC(C)CCCCCCCOC(=O)CCCCC(=O)OCCCCCCCC(C)C,,-6.6301043221
CC(C)CCCCCCOC(=O)CCCCC(=O)OCCCCCCC(C)C,,-6.6005678007
CCCCCCCCOCCCCCCCC,,-6.3846168146
C=COCCCCCCCCCCCCCCCCCC,,-6.4720818187
CCCCC(CC)COC(=O)C(C#N)=C(c1ccccc1)c1ccccc1,C=C(c1ccccc1)c1ccccc1,-6.5580902807
CCCC1CCC(C2CCC(c3ccc(-c4cc(F)c(F)c(F)c4)c(F)c3)CC2)CC1,c1ccc(-c2ccc(C3CCC(C4CCCCC4)CC3)cc2)cc1,-6.6360312962
CCCCCCCCCCC(CO)CCCCCCCC,,-6.4750243489
O=C1OC(=O)c2cccc3cccc1c23,O=C1OC(=O)c2cccc3cccc1c23,-6.2970532498
CC(C)(C)c1cc(CCC(=O)OCC(COC(=O)CCc2cc(C(C)(C)C)c(O)c(C(C)(C)C)c2)(COC(=O)CCc2cc(C(C)(C)C)c(O)c(C(C)(C)C)c2)COC(=O)CCc2cc(C(C)(C)C)c(O)c(C(C)(C)C)c2)cc(C(C)(C)C)c1O,O=C(CCc1ccccc1)OCC(COC(=O)CCc1ccccc1)(COC(=O)CCc1ccccc1)COC(=O)CCc1ccccc1,-7.0710180803
CC(C)(C)CC(C)(C)c1ccc(Nc2ccc(C(C)(C)CC(C)(C)C)cc2)cc1,c1ccc(Nc2ccccc2)cc1,-6.5951201849
CCCCCCCCCCCCCCCCCCCCCC(=O)NCCCN(C)C,,-6.6281415672
CCCCCCCCCCCCCCCCCCOCC[O],,-6.4963012647000005
Cc1cc(C)c(C(=O)P(=O)(C(=O)c2c(C)cc(C)cc2C)c2ccccc2)c(C)c1,O=C(c1ccccc1)P(=O)(C(=O)c1ccccc1)c1ccccc1,-6.6216674424
CCCCCCCCCCCC(=O)OOC(=O)CCCCCCCCCCC,,-6.6005678007
CCCCCCCCOC(=O)[C@@H](C)Oc1ccc(Cl)cc1C,c1ccccc1,-6.5143670911000005
CCCCCCCCC(=O)OCC(CC)(COC(=O)CCCCCCCC)COC(=O)CCCCCCCC,,-6.8410879515
CCC(C)(C)c1cc(O)c(C(C)(C)CC)cc1O,c1ccccc1,-6.495513117200001
CC1(C2CCC3C4=CC=C5CC6(CCC5(C)C4CCC32C)OCCO6)OCCO1,C1=C2CC3(CCC2C2CCC4C(CCC4C4OCCO4)C2=C1)OCCO3,-6.7001197149000005
CC(=O)O[C@H]1C[C@@H](C)CC[C@@H]1C(C)C,C1CCCCC1,-4.0668869332
CC(=O)Nc1cc(N(CCOC(C)=O)CCOC(C)=O)ccc1N=Nc1ccc([N+](=O)[O-])cc1Cl,c1ccc(N=Nc2ccccc2)cc1,-6.963714866599999
CCCCCCCCCCCCCCCCCC(=O)OCC(OC(=O)CCCCCCCCCCCCCCCCC)[C@H]1OC[C@@H](O)[C@@H]1OC(=O)CCCCCCCCCCCCCCCCC,C1CCOC1,-7.284910561499999
CCCCCCCCCCCCCCCC(=O)OCC(O)[C@H]1OC[C@@H](O)[C@@H]1O,C1CCOC1,-6.9058735609
CC(C)CCCCCCCCCCOC(=O)c1ccc(C(=O)OCCCCCCCCCCC(C)C)c(C(=O)OCCCCCCCCCCC(C)C)c1,c1ccccc1,-7.180237159600001
CCCCCCC(=O)OCC(COC(=O)CCCCCC)OC(=O)CCCCCC,,-6.9330922951
CCCCCCC(O)CCCCCCCCCCC(=O)OCC(COC(=O)CCCCCCCCCCC(O)CCCCCC)OC(=O)CCCCCCCCCCC(O)CCCCCC,,-7.273925855599999
CCCCC(CC)C(=O)OCC(COC(=O)C(CC)CCCC)OC(=O)C(CC)CCCC,,-6.97376589
CCCCCCCC/C=C\CCCCCCCC(=O)OCC(COC(=O)CCCCCCC/C=C\CCCCCCCC)OC(=O)CCCCCCC/C=C\CCCCCCCC,,-7.2481955094
CC(C)CCCCCOC(=O)CCCCC(=O)OCCCCCC(C)C,,-6.869904941000001
CCCCCCCCCCCCCCCCCCOCCCCCCCCCCCCCCCCCC,,-7.0195208893
CCCCCCC(=O)OCC(CC)(COC(=O)CCCCCC)COC(=O)CCCCCC,,-6.97376589
CCCCCCCC/C=C\CCCCCCCC(=O)OCC(C)(C)COC(=O)CCCCCCC/C=C\CCCCCCCC,,-7.102471438899999
CCCCCCCC(=O)OCC(C)(C)COC(=O)CCCCCCC,,-6.8531467823000005
CCCCCCCCCCCCCCCCCOC(=O)/C=C/C(=O)OCCCCCCCCCCCCCCCCC,,-7.0740773653
O=C(CBr)Nc1ccc(Cl)cc1C(=O)c1ccccc1Cl,O=C(c1ccccc1)c1ccccc1,-6.8888082879
CCC(COC(=O)CCCCCCCCCCCCCCC(C)C)(COC(=O)CCCCCCCCCCCCCCC(C)C)COC(=O)CCCCCCCCCCCCCCC(C)C,,-7.2711824653
CCCCCCCCCCCCCCCCCC(=O)OCCCCCCCC,,-6.8994921961
CCCCCCCCCCCCCCC1CO1,C1CO1,-6.6820204584
CC(C)(C)c1cc(CCC(=O)NNC(=O)CCc2cc(C(C)(C)C)c(O)c(C(C)(C)C)c2)cc(C(C)(C)C)c1O,O=C(CCc1ccccc1)NNC(=O)CCc1ccccc1,-7.04359803
CCCCCCC(=O)OCC(COC(=O)CCCCCC)(COC(=O)CCCCCC)COC(=O)CCCCCC,,-7.0680633512
CCCCCCCC/C=C\CCCCCCCC(=O)OCC(COC(=O)CCCCCCC/C=C\CCCCCCCC)(COC(=O)CCCCCCC/C=C\CCCCCCCC)COC(=O)CCCCCCC/C=C\CCCCCCCC,,-7.378019409199999
CC(C)CCCCCCCCCCCCCCC(=O)OCC(COC(=O)CCCCCCCCCCCCCCC(C)C)(COC(=O)CCCCCCCCCCCCCCC(C)C)COC(=O)CCCCCCCCCCCCCCC(C)C,,-7.3809427734
CCCCCCCC/C=C/CCCCCCCC(=O)OCC(CO)(CO)COC(=O)CCCCCCC/C=C/CCCCCCCC,,-7.1238862525
CCCCCCCCCCCC(=O)OCCC(C)C,,-6.733128222
CCCCC(=O)OCC(CO)(CO)COCC(CO)(CO)CO,,-6.8304564999
CC(C)c1cccc(C(C)C)c1N=C=Nc1c(C(C)C)cccc1C(C)C,C(=Nc1ccccc1)=Nc1ccccc1,-6.8604110817
CC(C)CCCCCCCOC(=O)CCCCCCCC(=O)OCCCCCCCC(C)C,,-6.971983320700001
CCCCCCCCCCCCCCOC(=O)/C=C/C(=O)OCCCCCCCCCCCCCC,,-7.0076009975
CCCCCCCCCCCCCCCCCCCCCC(N)=O,,-6.8320079078
CCCCCCCCCCCCCCCCCCCCCCOC(=O)CCCCCCCCCCCCCCCCCCCCC,,-7.1133991412
CCCCCCCC/C=C/CCCCCCCC(=O)OCCCCCCCCCCCC,,-6.9550061959
CCCCCCCCCCCCCCCCOC(=O)C(CC)CCCC,,-6.867639521599999
CCCCCCCCCCCC(=O)OCCCCCC,,-6.7550878414
CC(C)CCCCCCCCCCCCCCC(=O)OC(CO)CO,,-6.855595468500001
CCCCCCCC/C=C\CCCCCCCCCCCC(=O)OCCCCCCCC/C=C\CCCCCCCC,,-7.071179206900001
CCCCCCCC/C=C\CCCCCCCCOC(=O)CCCCCC/C=C\CCCCCCCCC,,-7.0277066834
CCCCCCCCOC(=O)CCCCCCC,,-6.709998828
CCCCCCCC/C=C\CCCCCCCC(=O)OCCCCCCCCCCCCCC,,-6.9812258596
CCCCC(CC)COC(=O)CC(CC(=O)OCC(CC)CCCC)(OC(C)=O)C(=O)OCC(CC)CCCC,,-7.057520046900001
CC(C)(c1ccccc1)c1cc(-n2nc3ccccc3n2)c(O)c(C(C)(C)c2ccccc2)c1,c1ccc(Cc2cc(Cc3ccccc3)cc(-n3nc4ccccc4n3)c2)cc1,-7.0488126213
Cc1cc(O)c(C(C)(C)C)cc1C(C)CC(c1cc(C(C)(C)C)c(O)cc1C)c1cc(C(C)(C)C)c(O)cc1C,c1ccc(CCC(c2ccccc2)c2ccccc2)cc1,-7.1341930505
CCCCC(CC)CNC(=O)c1ccc(N/N=C2\C(=O)N(C)C(=O)C(C#N)=C2C)cc1,O=C1C=CC(=NNc2ccccc2)C(=O)N1,-7.0248108563
CC1=C(C#N)C(=O)N(C)C(=O)/C1=N/Nc1ccc(Cl)c(Cl)c1,O=C1C=CC(=NNc2ccccc2)C(=O)N1,-6.9257837823
CC(C)(C)c1cc(Cn2c(=O)n(Cc3cc(C(C)(C)C)c(O)c(C(C)(C)C)c3)c(=O)n(Cc3cc(C(C)(C)C)c(O)c(C(C)(C)C)c3)c2=O)cc(C(C)(C)C)c1O,O=c1n(Cc2ccccc2)c(=O)n(Cc2ccccc2)c(=O)n1Cc1ccccc1,-7.2923086931
O=C(c1ccccc1)c1ccc(OCC(O)COc2ccc(C(=O)c3ccccc3)c(O)c2)cc1O,O=C(c1ccccc1)c1ccc(OCCCOc2ccc(C(=O)c3ccccc3)cc2)cc1,-7.1387547034
CN(C/C=C/C#CC(C)(C)C)Cc1cccc2ccccc12,c1ccc2ccccc2c1,-4.4645461779
CCCCCCCCCC(C)(C)SSC(C)(C)CCCCCCCCC,,-7.1279660508000005
CCCCC(CC)COC(=O)OCC(CC)CCCC,,-6.979936668500001
O=P(OCc1ccccc1)(OCc1ccccc1)OP(=O)(OCc1ccccc1)OCc1ccccc1,O=P(OCc1ccccc1)(OCc1ccccc1)OP(=O)(OCc1ccccc1)OCc1ccccc1,-7.2540426772
CC(C)(c1ccc(Oc2ccc(N)cc2)cc1)c1ccc(Oc2ccc(N)cc2)cc1,c1ccc(Oc2ccc(Cc3ccc(Oc4ccccc4)cc3)cc2)cc1,-7.191727219600001
CCN(CC)c1ccc2cc3c(oc2c1)c(C#N)c(=O)n1c2ccccc2nc31,O=c1cc2oc3ccccc3cc2c2nc3ccccc3n12,-7.2023327624
CCN(CC)c1ccc(N=Nc2c(C#N)cc(C)cc2C#N)c(NS(C)(=O)=O)c1,c1ccc(N=Nc2ccccc2)cc1,-7.2331050936
CC(=O)OCCN(CCOC(C)=O)c1ccc(N=Nc2ccc([N+](=O)[O-])cc2C#N)cc1,c1ccc(N=Nc2ccccc2)cc1,-7.300465045499999
FC(F)(F)C(F)(F)C(F)(F)C(F)(F)C(F)(F)C(F)(F)C(F)(F)C(F)(F)Br,,-7.3970339946
CCN(CCC#N)c1ccc(N=Nc2ccc([N+](=O)[O-])cc2)cc1,c1ccc(N=Nc2ccccc2)cc1,-7.208650928200001
Cc1cc(C)cc(N2C(=O)c3ccc4c5ccc6c7c(ccc(c8ccc(c3c48)C2=O)c75)C(=O)N(c2cc(C)cc(C)c2)C6=O)c1,O=C1c2ccc3c4ccc5c6c(ccc(c7ccc(c2c37)C(=O)N1c1ccccc1)c64)C(=O)N(c1ccccc1)C5=O,-7.4761487948
CCN(CCC(=O)OC)c1ccc(N=Nc2snc3ccc([N+](=O)[O-])cc23)cc1,c1ccc(N=Nc2snc3ccccc23)cc1,-7.315402454199999
CCCCCCCCCCCCCCOC(=O)CCCCCCCCCCCCC,,-7.3271074817
CCCC1CCC(c2ccc(-c3ccc(CC)cc3)cc2)CC1,c1ccc(-c2ccc(C3CCCCC3)cc2)cc1,-7.1853905644000005
Cc1cc(C)cc(OP(=O)(Oc2cc(C)cc(C)c2)Oc2cc(C)cc(C)c2)c1,O=P(Oc1ccccc1)(Oc1ccccc1)Oc1ccccc1,-7.312230264299999
CC1=C(/C=C/C(C)=C/C=C/C(C)=C/C=C/C=C(C)/C=C/C=C(C)/C=C/C2=C(C)CCCC2(C)C)C(C)(C)CCC1,C(=CC=CC=CC=CC=CC1=CCCCC1)C=CC=CC=CC=CC1=CCCCC1,-7.553792438099999
CCCCCCCC/C=C\CCCCCCCCCCCC(=O)NCCCCCCCCCCCCCCCCCC,,-7.770909422999999
NC(=CC(=O)[C@@H](Cc1ccccc1)N(Cc1ccccc1)Cc1ccccc1)Cc1ccccc1,O=C(C=CCc1ccccc1)C(Cc1ccccc1)N(Cc1ccccc1)Cc1ccccc1,-7.6633437338
CCCCCCCC/C=C\CCCCCCCCNC(=O)CCCCCCCCCCCCCCC,,-7.7040784145
CCCCCCCCCCCCCCCCCCNC(=O)CCc1cc(C(C)(C)C)c(O)c(C(C)(C)C)c1,c1ccccc1,-7.724189002
CC(C)(C)c1cc(CCC(=O)NCCCCCCNC(=O)CCc2cc(C(C)(C)C)c(O)c(C(C)(C)C)c2)cc(C(C)(C)C)c1O,O=C(CCc1ccccc1)NCCCCCCNC(=O)CCc1ccccc1,-7.8041135239
Nc1ccc(Cl)cc1C(=O)c1ccccc1Cl,O=C(c1ccccc1)c1ccccc1,-7.4250889383
O=P(Oc1ccccc1)(Oc1ccccc1)Oc1ccc(-c2ccc(OP(=O)(Oc3ccccc3)Oc3ccccc3)cc2)cc1,O=P(Oc1ccccc1)(Oc1ccccc1)Oc1ccc(-c2ccc(OP(=O)(Oc3ccccc3)Oc3ccccc3)cc2)cc1,-7.813287357
O=C1c2ccc3c4ccc5c6c(ccc(c7ccc(c2c37)C(=O)N1c1ccc(N=Nc2ccccc2)cc1)c64)C(=O)N(c1ccc(N=Nc2ccccc2)cc1)C5=O,O=C1c2ccc3c4ccc5c6c(ccc(c7ccc(c2c37)C(=O)N1c1ccc(N=Nc2ccccc2)cc1)c64)C(=O)N(c1ccc(N=Nc2ccccc2)cc1)C5=O,-7.8755092242
CCOc1cc2c(cc1NC(=O)c1ccccc1)Oc1c(NC(C)=O)c3c(c(NC(C)=O)c1=N2)Oc1cc(NC(=O)c2ccccc2)c(OCC)cc1N=3,O=C(Nc1ccc2c(c1)Oc1cc3c(cc1=N2)Oc1cc(NC(=O)c2ccccc2)ccc1N=3)c1ccccc1,-7.861382650099999
CCCCCCCCCCCCCCCCCCNC(=O)CCCCCCCCCCCCCCCCC,,-7.729153446000001
Cc1c(Cc2cc(C(C)(C)C)c(O)c(C(C)(C)C)c2)c(C)c(Cc2cc(C(C)(C)C)c(O)c(C(C)(C)C)c2)c(C)c1Cc1cc(C(C)(C)C)c(O)c(C(C)(C)C)c1,c1ccc(Cc2cc(Cc3ccccc3)cc(Cc3ccccc3)c2)cc1,-7.9814736459
CC(C)(c1ccccc1)c1ccc(Nc2ccc(C(C)(C)c3ccccc3)cc2)cc1,c1ccc(Cc2ccc(Nc3ccc(Cc4ccccc4)cc3)cc2)cc1,-7.782007082100001
CCN(CC)c1ccc2cc(-c3nc4cc(S(N)(=O)=O)ccc4o3)c(=O)oc2c1,O=c1oc2ccccc2cc1-c1nc2ccccc2o1,-7.8310984133
O=c1c2ccccc2c(=O)c2c1ccc1[nH]c3c(ccc4c(=O)c5ccccc5c(=O)c43)[nH]c12,O=c1c2ccccc2c(=O)c2c1ccc1[nH]c3c(ccc4c(=O)c5ccccc5c(=O)c43)[nH]c12,-7.946874563300001
CCCCC(CC)COCCCNC(=O)Nc1cccc2c(NC(=O)NCCCOCC(CC)CCCC)cccc12,c1ccc2ccccc2c1,-8.0680715196
Cc1cc(CCC(=O)OCC(C)(C)C2OCC3(CO2)COC(C(C)(C)COC(=O)CCc2cc(C)c(O)c(C(C)(C)C)c2)OC3)cc(C(C)(C)C)c1O,O=C(CCc1ccccc1)OCCC1OCC2(CO1)COC(CCOC(=O)CCc1ccccc1)OC2,-8.2677435641
CCN(CC)c1ccc2c(C#N)c(-c3nc4ccccc4s3)c(=O)oc2c1,O=c1oc2ccccc2cc1-c1nc2ccccc2s1,-8.0974343241
N#Cc1ccc(C=Cc2ccc(C=Cc3cccc(C#N)c3)cc2)cc1,C(=Cc1ccc(C=Cc2ccccc2)cc1)c1ccccc1,-8.123728845599999
COc1cc(-c2ccc(N=NC(C(C)=O)C(=O)Nc3ccccc3)c(OC)c2)ccc1N=NC(C(C)=O)C(=O)Nc1ccccc1,O=C(CN=Nc1ccc(-c2ccc(N=NCC(=O)Nc3ccccc3)cc2)cc1)Nc1ccccc1,-8.6167666964
CCCCC(CC)COP(=O)(OCC(CC)CCCC)OCC(CC)CCCC,,-8.85998044
CCCCCCOc1ccc(-c2nc(-c3ccccc3)nc(-c3ccccc3)n2)c(O)c1,c1ccc(-c2nc(-c3ccccc3)nc(-c3ccccc3)n2)cc1,-9.1518109699
CCCCCCCCCCC/C=C/C/C=C/CCCCCCCCCCCCCCCCCCCCNCCCCCCCCCCC/C=C/C/C=C/CCCCCCCCCCCCCCCCCCCC,,-9.7071062552
CCCCCC(CCC)COC(=O)c1ccccc1C(=O)OCC(CCC)CCCCC,c1ccccc1,-9.6499887292
CC1COc2ccccc2N1C(=O)C(Cl)Cl,c1ccc2c(c1)NCCO2,-3.8353901487
O=C(CO)CO,,1.0138642136
CC(C)c1ccc(S(=O)(=O)O)cc1,c1ccccc1,0.6127511139
N#Cc1ccc(N)cc1,c1ccccc1,-1.1429743647
O=C1OCCO1,O=C1OCCO1,0.9461910524
C=C(CC(=O)O)C(=O)O,,-0.2250282975
ClCC1CO1,C1CO1,-0.1473736792
N=C(c1ccccc1)c1ccccc1,N=C(c1ccccc1)c1ccccc1,-2.7811280063
O=S(=O)(O)CCCN1CCOCC1,C1COCCN1,0.4557825074
OCC[C@@H]1CCCCN1,C1CCNCC1,0.6427483546
CC(C)COC(=O)[C@@H](C)O,,-0.4128573351
CC1(C)CC(O)CC(C)(CN)C1,C1CCCCC1,0.488999371
O=S(=O)(O)C[C@@H](O)CNc1ccccc1,c1ccccc1,0.1187844902
C=C(C)C(=O)OCC1CO1,C1CO1,-0.4537890803
O=[N+]([O-])c1ccn[nH]1,c1cn[nH]c1,-1.2854728211
CCCCCCOC(CO)CO,,-1.0558122117
C=C[C@@](C)(/C=C/c1ccc(O)cc1)CCC=C(C)C,c1ccccc1,-6.3370173812
COC(C)(C)CCOC(C)=O,,-0.4390291979
NC(=O)NC1NC(=O)NC1=O,O=C1CNC(=O)N1,-1.5087824856999998
O=C1CCO1,O=C1CCO1,0.7104893861
CCC(=O)N(c1ccccc1)C1CCNCC1,c1ccc(NC2CCNCC2)cc1,-0.8352255084
CCCCCCCC(=O)OCC(O)CO,,0.1794741305
CN(C)C(=O)NC[C@@]1(C)C[C@H](NC(=O)N(C)C)CC(C)(C)C1,C1CCCCC1,-1.8938187529
NC(=O)CN(CC(=O)O)CC(=O)O,,-1.7635818574000002
O=C(O)CCSCCC(=O)O,,-0.7991431977
CCCCNP(N)(N)=S,,-0.7730339165000001
CC(C)CC1CC(C)(O)CCO1,C1CCOCC1,2.1376816201
Cc1cc(C)c(N)c(C)c1N,c1ccccc1,-0.8207163555
CC1(C)CC(=O)CC(C)(C)N1[O],O=C1CCNCC1,0.1034125496
Cc1ccc(O)cc1,c1ccccc1,-0.7015479053
Nc1ccn(C2OC(COP(=O)(O)O)C(O)C2O)c(=O)n1,O=c1ncccn1C1CCCO1,-1.1987753523
COC(=O)c1ccccc1N,c1ccccc1,-1.7338470451
CCNC(=S)OC(C)C,,-1.7447887835
CCOC(=O)c1ccc(O)c(O)c1,c1ccccc1,-1.8556550616
O=C(O)c1cc(C(=O)O)cc(C(=O)O)c1,c1ccccc1,-1.9422995529
COc1ccc(CCC#N)cc1OC,c1ccccc1,-1.9013447833
O=C1NC(=O)C2CCCC12,O=C1NC(=O)C2CCCC12,0.1553573817
C[C@]12CC[C@@H]3C4=C(CC[C@H]3[C@@H]1CC[C@@H]2O)CC(=O)CC4,O=C1CCC2=C(CCC3C2CCC2CCCC23)C1,-4.947028744
OCC(CO)(CBr)CBr,,-1.1304017512
C/C=C(\C)C(=O)OC1C(OC(C)=O)C2(CO)C(O)CC3(C)C(=CCC4C5(C)CCC(OC6OC(C(=O)O)C(OC7OC(CO)C(O)C(O)C7O)C(O)C6OC6OC(CO)C(O)C(O)C6O)C(C)(CO)C5CCC43C)C2CC1(C)C,C1=C2C3CCCCC3CCC2C2CCC3CC(OC4OCC(OC5CCCCO5)CC4OC4CCCCO4)CCC3C2C1,-1.1031036675
CC(N)C(=O)O,,0.2678986156
ON=C1CCCCC1,N=C1CCCCC1,-0.8495729560999999
O=C(O)C1CCCN1,C1CCNC1,1.1291356492
CN(C)C1CCCCC1,C1CCCCC1,-0.9774881423
NCCCCCCNC(=O)O,,-0.0952988049
C=CC(=O)OCCOCCOCC,,-0.181251006
N#CCCC#N,,0.1752408894
O=S(=O)(O)c1ccccc1,c1ccccc1,0.8489070931
Cc1cccc(S(=O)(=O)O)c1C,c1ccccc1,0.7779988658
O=C(O)C(=O)O,,0.0790172102
CCCCNCCO,,0.931102034
CNCCO,,1.1242964559
NCCO,,1.2140725315
CN(C)C=O,,1.1361123296
CCOC(=O)N(CC)c1ccccc1,c1ccccc1,0.8673994761
O=S(=O)(c1ccc(O)cc1)c1ccc(O)cc1,O=S(=O)(c1ccccc1)c1ccccc1,-2.3570247849
O=C(CCc1ccc(O)cc1)c1c(O)cc(O)cc1O[C@@H]1O[C@H](CO)[C@@H](O)[C@H](O)[C@H]1O,O=C(CCc1ccccc1)c1ccccc1OC1CCCCO1,-2.639897679
Cc1c(N)cccc1Cl,c1ccccc1,-2.1510663204
CC(=O)OCCc1ccccc1,c1ccccc1,-2.2317574452
O=C(O)CCCCC1CCSS1,C1CSSC1,-2.3750473352
Cc1ccccc1OCC1CO1,c1ccc(OCC2CO2)cc1,-2.2911044462
O=c1[nH]c2cc(Cl)ccc2n1C1CCNCC1,O=c1[nH]c2ccccc2n1C1CCNCC1,-2.6630758608
CC(CC=O)CC(C)(C)C,,-2.6759065954
Clc1ccccc1Cl,c1ccccc1,-3.0533857998
C/C=C/c1ccc(OC)cc1,c1ccccc1,-3.1255398769
Nc1nc2[nH]cc(CCc3ccc(C(=O)O)cc3)c2c(=O)[nH]1,O=c1[nH]cnc2[nH]cc(CCc3ccccc3)c12,-3.5742890365
CCOC(=O)N(c1ccccc1)c1ccccc1,c1ccc(Nc2ccccc2)cc1,-3.9692395593
Nc1ccc(OCc2cccc(F)c2)c(Cl)c1,c1ccc(COc2ccccc2)cc1,-4.6932923336000005
O=C1c2ccccc2C(=O)C1c1nc2ccccc2c(Br)c1O,O=C1c2ccccc2C(=O)C1c1ccc2ccccc2n1,-4.8670972664
CC(C)CCCC(C)CCCC(C)CCCCC(C)CCCC(C)CCCC(C)C,,-5.1490404299
CCCCCCCCCCCCCCC/C=C/CC(CC(=O)O)C(=O)O,,-6.9644458512
CCCCCCCCCCCCCCCCOc1ccccc1C(=O)CC(=O)Nc1nc(-c2ccccc2)cs1,O=C(CC(=O)c1ccccc1)Nc1nc(-c2ccccc2)cs1,-4.8472795348
CC(=O)OCCOC(C)C,,-0.1657752416
CC(CC(=O)O)CC(C)(C)C(=O)O,,-0.2790374966
O=C(O)c1cc(S(=O)(=O)O)ccc1O,c1ccccc1,0.6554902722
O=C1NCCN1CCO,O=C1NCCN1,0.8776773261
Nc1ccc(OCCO)c(N)c1,c1ccccc1,-0.2337041755
C=C(C)C(=O)O,,0.0562733679
C=C(C)C(=O)OC(=O)C(=C)C,,-0.1967597116
OCCNCCO,,0.9577927941
C=CC(=O)OCCOCCOCCOCCOC(=O)C=C,,-0.5000132962
COCCOCCOC,,0.8454562496
C/C=C/C(=O)O,,0.0381751458
C=C(C)CCO,,0.0190678934
Cc1ccc(N)cc1,c1ccccc1,-1.0477452605
CCOc1ccccc1O,c1ccccc1,-1.1714515037
C=CC(=O)OCC1(CC)COCOC1,C1COCOC1,-1.3330548746
COc1cc(C=O)ccc1O,c1ccccc1,-1.2280265929
BrCBr,,-1.2858947125
C#CC(C)(C)N,,1.0316559884
CC(O)CNCC(C)O,,0.815044373
C1N2CN3CN1CN(C2)C3,C1N2CN3CN1CN(C2)C3,0.7924026819
CCC1CO1,C1CO1,0.080542298
O=C1CCCCC1,O=C1CCCCC1,-0.0573697280999999
CC(C)(CO)CO,,0.901422988
CCOC(C)=O,,-0.025404461
O=C1CCCCCN1,O=C1CCCCCN1,0.8601209136
C=CCNCC=C,,-0.0790069571
COP(=O)(CCC(=O)NCO)OC,,1.5784906741
O=S(=O)(O)c1cc(Nc2nc(Nc3ccccc3)nc(N(CCO)CCO)n2)ccc1/C=C/c1ccc(Nc2nc(Nc3ccccc3)nc(N(CCO)CCO)n2)cc1S(=O)(=O)O,C(=Cc1ccc(Nc2ncnc(Nc3ccccc3)n2)cc1)c1ccc(Nc2ncnc(Nc3ccccc3)n2)cc1,-1.0592793487
N#CCCCCC#N,,-0.1309124421
CC(=O)CC(=O)Nc1ccccc1,c1ccccc1,-1.2990810635
CCCCC(CC)(CO)CO,,-1.2603343364
CI,,-1.2145838492
CC/C=C(\C)C=O,,-1.0573697281
O=c1oc(=O)c2cc3c(=O)oc(=O)c3cc12,O=c1oc(=O)c2cc3c(=O)oc(=O)c3cc12,-1.4062217243
CCCCOC(=O)CCC(C)=O,,-1.306674746
CC1CCC2C(=O)OC(=O)C2C1,O=C1OC(=O)C2CCCCC12,-1.3015260488
Cc1cccc(C)c1N,c1ccccc1,-1.167514488
COC(=O)C1CCC(C(=O)OC)CC1,C1CCCCC1,-1.3871946661
NC(=O)c1ccc(N)cc1,c1ccccc1,-1.2255453859
Cn1c(=O)c2[nH]cnc2n(C)c1=O,O=c1[nH]c(=O)c2[nH]cnc2[nH]1,-1.3525852601
CN(C)Cc1ccccc1,c1ccccc1,-1.2279188258
ClC(Cl)Cl,,-1.1738343117
C=CC(=O)OCC1CCCO1,C1CCOC1,-0.2954517157
CCOC1=C(O)C(=O)O[C@@H]1[C@@H](O)CO,O=C1C=CCO1,0.5809706515999999
COC(=O)/C=C\C(=O)OC,,-0.2672048758999999
Cc1cc(O)ccc1O,c1ccccc1,-0.2074175173999999
CNC(=O)NC,,0.9386362339
COCCC(=O)OC,,0.8026937067000001
C=COCCCCO,,-0.18999534
C=CC(=O)O,,0.0059673299
CN,,1.3686434782
C=CC(=O)OC1C=CC2C3CCC(C3)C12,C1=CC2C3CCC(C3)C2C1,-3.7081424715
NC(=O)[C@@H]1CCCN1,C1CCNC1,0.7853597575
c1nc[nH]n1,c1nc[nH]n1,1.0058274476
Oc1ccc(O)cc1,c1ccccc1,-0.1967366109
NC(CC(=O)O)C(=O)O,,-1.2293181874
Nc1ccc(Nc2ccc([N+](=O)[O-])cc2S(=O)(=O)O)cc1,c1ccc(Nc2ccccc2)cc1,-1.5982895297
C1=COCCC1,C1=COCCC1,-1.0383982131
CCCCCCC(O)CO,,-1.2899752166
CCN(C(C)C)C(C)C,,-1.2416022633
CC(C)OC(=O)C(F)(F)F,,-1.336078753
O=C(O)/C=C/C(=O)O,,-1.2196294277
Cc1ccc(N(CC(C)O)CC(C)O)cc1,c1ccccc1,-1.5038218002
CCOS(=O)(=O)OCC,,-1.3429497185
O=CO,,1.1758552936
CCCCCCCCCCCC[N+](C)(C)CC(O)CS(=O)(=O)[O-],,0.2865181043
Cc1ccc([N+](=O)[O-])cc1S(=O)(=O)O,c1ccccc1,0.4924399529
O=C(O)[C@H](O)c1ccccc1Cl,c1ccccc1,-0.4390279004999999
CCCCO,,-0.0504090528
CC(C)=CCO,,-0.128994642
NCCCCCCN,,0.7389034055
c1c[nH]cn1,c1c[nH]cn1,0.9683905422
CCC(C)(C)OO,,-0.2165945745
NCCc1ccccc1,c1ccccc1,-0.2823811698
CC1(C)CC(O)CC(C)(C)N1[O],C1CCNCC1,0.5627035438
O=C1CCC(=O)O1,O=C1CCC(=O)O1,-0.2016662739
OCC(CO)(CO)CO,,-0.3416163866
CC(C)C(=O)OC(=O)C(C)C,,0.5917902317
CC1(C)C(O)C(C)(C)C1O,C1CCC1,-0.3736775878
O=C1c2ccccc2C(=O)c2c(NCCCOCCOCCO)ccc(NCCCOCCOCCO)c21,O=C1c2ccccc2C(=O)c2ccccc21,0.0571886956
CC(=O)O,,1.0017178079
O=C(O)CCC(=O)C(=O)O,,0.6148800726
C=C(C)C=O,,-0.0675110058
CC(C)C=O,,-0.0798261768
CC(C)OP(=S)(S)OC(C)C,,-0.5528547078
CNC(=O)C(C)(C(C)C)C(C)C,,-1.3948677058
O=C(Cl)Cl,,-1.1608458422
O=C(O)CC1(CC(=O)O)CCCCC1,C1CCCCC1,-1.4722340504
NCC(=O)N[C@@H](CCC(N)=O)C(=O)O,,-0.194310278
CCSC,,-1.0569732819
O=Cc1ccccc1,c1ccccc1,-1.2095723109
CCC(C)(OO)OOC(C)(CC)OO,,-1.5077732457
CN[C@@H](C)[C@@H](O)c1ccccc1,c1ccccc1,-1.4051913165
CCOC(=O)C(C)C,,-1.2554968887
O=C1OC(=O)c2ccccc21,O=C1OC(=O)c2ccccc21,-1.3644249332
Cl/C=C/Cl,,-1.1871803856999998
c1ccc2ncccc2c1,c1ccc2ncccc2c1,-1.325093551
CCN1CCCCC1,C1CCNCC1,-1.2757105223
Cc1ccc(N)c(S(=O)(=O)O)c1,c1ccccc1,-1.4942009905000002
O=C1NCCN1,O=C1NCCN1,0.8402733738
CC(=O)OCC(COC(C)=O)OC(C)=O,,-0.5754367043
CC1(C)CO1,C1CO1,-0.0945494336
CCCCCCOC1O[C@H](CO)[C@@H](O)[C@H](O)[C@H]1O,C1CCOCC1,-0.6586987459
O=C(O)CC(O)(CC(=O)O)C(=O)O,,0.4768431239
Nc1ncn[nH]1,c1nc[nH]n1,0.8326929954000001
O=c1n(CCO)c(=O)n(CCO)c(=O)n1CCO,O=c1[nH]c(=O)[nH]c(=O)[nH]1,0.3403663284
OC1COC(O)C(O)C1O,C1CCOCC1,0.5778808511
CC(C)(CO)C(O)C(=O)NCCCO,,0.4376764540999999
O=C(O)C(O)C(O)C(=O)O,,0.5718478438
O=P(O)(O)CN(CCCCCCN(CP(=O)(O)O)CP(=O)(O)O)CCCCCCN(CP(=O)(O)O)CP(=O)(O)O,,-0.0877655775
COC(=O)CC(C(C)=O)C(=O)OC,,-0.5248348408
C(CCOCC1CO1)COCC1CO1,C(CCOCC1CO1)COCC1CO1,-0.5608137387
NCCC(=O)O,,0.7865480445999999
CCC(C)NCCO,,0.6667009336999999
CN=C(NCC1CCOC1)N[N+](=O)[O-],C1CCOC1,-0.5694147178
CCOCCC(=O)OCC,,-0.4317085178
CNC1CCCCC1,C1CCCCC1,-0.3214680129
COC(=O)CC#N,,-0.2636316857
CCOC(=O)CC#N,,-0.3276124069
CC(C#N)CCC#N,,-0.3155007402
CCCCOCC(C)O,,-0.4052379668
O=c1occo1,O=c1occo1,0.7770765429000001
Cc1ncoc1C#N,c1cocn1,-0.324555733
CC(C)(C)NC(=O)[C@@H]1C[C@@H]2CCCC[C@H]2CN1,C1CCC2CNCCC2C1,-2.1616093611
OCCCCCCO,,1.6264407184
C=C(C)C(=O)OCCN(C)C,,0.5024815492
CCOP(=O)(OCC)OCC,,0.4385265234
O=C1CCC(C(=O)O)N1,O=C1CCCN1,-0.4042589172
CCCC=O,,-0.1590074228
C1CCSC1,C1CCSC1,-1.1819174748
CC(=O)Oc1ccccc1,c1ccccc1,-1.3735951622999998
CCCl,,-1.0507488092
Clc1cc(Cl)ncn1,c1cncnc1,-1.4172531143
Cc1ccc(N)c(C)c1,c1ccccc1,-1.3352536727
Nc1ccccc1Cl,c1ccccc1,-1.3575741458
NP(N)(=O)Oc1ccccc1,c1ccccc1,-1.4876534031
CC(CN)CCCN,,-1.3272487005
Cn1c(N)cc(=O)n(C)c1=O,O=c1cc[nH]c(=O)[nH]1,-1.4535787311
C/C=C/CCC1CCCC(=O)O1,O=C1CCCCO1,-1.4887262913
CCCOC(=O)/C(O)=C/Oc1ccccc1,c1ccccc1,-1.6225463588
Nc1cc(=O)nc(N)[nH]1,O=c1cc[nH]cn1,-1.378146596
Cc1ccc(N)c(Cl)c1O,c1ccccc1,-1.4815528695
[N-]=[N+]=C1C(=O)NC(=O)NC1=O,[N+]=C1C(=O)NC(=O)NC1=O,-1.4717570191
C=CC(=O)OC(C)COCC(C)OC(=O)C=C,,-1.6682980883
O=C(O)c1ccncc1,c1ccncc1,-1.3759670992
OC1CSC(O)CS1,C1CSCCS1,-1.4690382322
CC(=O)CCCCCl,,-1.4155738757
CC1=NN(c2ccc(S(=O)(=O)O)cc2)C(=O)C1,O=C1CC=NN1c1ccccc1,-1.6926402974
Cc1ccccc1S(N)(=O)=O,c1ccccc1,-1.5259868531
CC1CC(NC(N)=O)NC(=O)N1,O=C1NCCCN1,-1.5314234319
Nc1cccc(C(F)(F)F)c1,c1ccccc1,-1.5081956214
NC1CCC(CC2CCC(N)CC2)CC1,C1CCC(CC2CCCCC2)CC1,-1.6240034803
COc1ccc(OC)c(NC(C)=O)c1,c1ccccc1,-1.5915498548
Nc1ncccc1O,c1ccncc1,-0.3461061519
C=CN1CCCCCC1=O,O=C1CCCCCN1,-0.4507860761
CC(=O)OC/C=C(\C)C=O,,-0.4607939818
CCC(CO)(CO)C(=O)O,,0.5168038544
CC(C)CC(=O)O,,-0.3279248515
CCCCC(=O)N(Cc1ccc(-c2ccccc2-c2nn[nH]n2)cc1)[C@H](C(=O)O)C(C)C,c1ccc(-c2ccccc2-c2nn[nH]n2)cc1,-2.7359260939
OCCN(CCO)c1ccccc1,c1ccccc1,-0.5833809314
CCOC(=O)OC,,-0.3444506814
CCCCOC(=O)CO,,-0.4583389122
COC(=O)CCl,,-0.372767961
Oc1ccccc1O,c1ccccc1,0.6123418909
CCN(O)CC,,0.7036319098
C=C(C)C(=O)OCCOC(=O)CCC(=O)O,,-0.706708916
CCC(C)C(=O)O,,-0.3559535751
Cc1cn(C2CC(O)C(CO)O2)c(=O)[nH]c1=O,O=c1ccn(C2CCCO2)c(=O)[nH]1,-0.7420620876999999
Cc1ncc(CN)c(N)n1,c1cncnc1,0.4903065627
CN(C)CCCNCCCN(C)C,,0.3558508036
C[C@H](N)c1ccccc1,c1ccccc1,-0.4601924093
NC(=O)CC[C@H](N)C(=O)O,,-0.5483114193999999
CC[C@H](C)[C@H](N)C(=O)O,,-0.5029538568
O=C1C=CC(=O)O1,O=C1C=CC(=O)O1,0.6181158071
C[C@H]1CO1,C1CO1,0.8380333836
CCOCCCC(C)OCCOCC(C)CO,,-0.790860844
CC(N)c1ccccc1,c1ccccc1,-0.4813817083
C=CC(=O)OCCOC(=O)NCCCC,,-1.6348405969
Cc1cc(C)cc(N)c1,c1ccccc1,-1.4022004623
CC1(C)CC(=O)CC(C)(C#N)C1,O=C1CCCCC1,-1.5404977204
N[C@@H](C(=O)O)c1ccccc1,c1ccccc1,-1.5082784056999998
CC(C)c1nn(C(=O)NC(C)(C)C)c(=O)n1N,O=c1[nH]cn[nH]1,-1.7188473974
CC(=O)CCc1ccc(O)cc1,c1ccccc1,-1.5520409413
Nc1cc(Cl)nc(C(=O)O)c1Cl,c1ccncc1,-0.0042500518
O=[N+]([O-])c1cc(N(CCO)CCO)ccc1NCCO,c1ccccc1,-1.7953855716
Oc1ccc(Cl)cc1Cl,c1ccccc1,-1.5589830837
COC(=O)C=C(C)C,,-1.4140004112
CC1=NN(c2cccc(S(=O)(=O)O)c2)C(=O)C1,O=C1CC=NN1c1ccccc1,-1.7718215434
CC(=O)OCC=C(C)C,,-1.4743213171
CCCCCCCC(=O)N(C)C,,-1.6002483409
CCCCCC(C)=O,,-1.4333383705
CCCC(C)C=O,,-1.3774493615
O=C1OC(=O)C2CCCCC12,O=C1OC(=O)C2CCCCC12,-1.5647364969
C=CCOCC(CC)(CO)COCC=C,,-1.7182484471
CCCCNCCCC,,-1.5039654481
C=CC(=O)OC(C)COCC(C)OCC(C)OC(=O)C=C,,-1.8755690909
C[C@@H]1CO1,C1CO1,0.8380333836
CCCCN(CCO)CCCC,,-1.6367385713999998
Cc1ccc(C(N)=O)cc1N,c1ccccc1,-0.5767319197
OCc1cncs1,c1cscn1,0.5257355357
CC(=O)N1C[C@@H](O)C[C@H]1C(=O)O,C1CCNC1,0.3449927217
Cc1ccc(N)cc1N,c1ccccc1,-0.5071845321
Cc1cc(N)ccc1N,c1ccccc1,-0.5071845321
CCCCOC(=O)/C=C\C(=O)O,,-0.6677809794
Cc1ccc(NCCO)cc1O,c1ccccc1,-0.6550553282
O=C(O)C1CC(O)CN1,C1CCNC1,0.4399221153
C=CC(C)C(=O)OCC,,-1.5763108556999998
CNC(=S)NN,,-0.465572855
O=S(=O)(O)c1ccc2ccccc2c1,c1ccc2ccccc2c1,0.230443278
C=C(CC(=O)OC)C(=O)OC,,-0.653770318
OCCOCCOc1ccccc1,c1ccccc1,-0.7165256146
CC(CC=O)CCCC(C)(C)O,,-0.6921365673000001
CCCNCCC,,-0.461082427
Nc1ccccc1,c1ccccc1,-0.4250168953
CCc1nccnc1C,c1cnccn1,0.4445107882999999
C=CC(=O)NCNC(=O)C=C,,-0.6552426764
O=C(O)C(=O)[C@@H](O)[C@H](O)[C@@H](O)CO,,0.2373207652
C[N+]1([O-])CCOCC1,C1COCC[NH2+]1,0.4563099285
Nc1ccc(F)cc1,c1ccccc1,-0.5272743845000001
CC(=O)C1CCOC1=O,O=C1CCCO1,0.3975093207
CC1=C(O)C(=O)C(C)O1,O=C1C=COC1,0.3906698962
CC(C)C(O)C(C)(C)CO,,-0.6667259261999999
CCCCC(CC)COC(=O)[C@H](C)O,,-2.6735257097
O=C1CCCC1,O=C1CCCC1,0.5536775573
COC=O,,0.6985937788
CC1C=CCC2C(=O)OC(=O)C12,O=C1OC(=O)C2CC=CCC12,-0.7362684615999999
C=C(C)C(=O)NC(C)C,,-0.6201428843
CCOCCOC(C)(C)C,,-0.6879152253
COC(C)CCOC(C)=O,,-0.6877845281999999
N=C(N)S(=O)O,,-0.5567928158
CC(C)C(=O)OOC(C)(C)C,,-1.6070025668
COC(Cc1ccccc1)OC,c1ccccc1,-1.6296186709
c1ccc2c(c1)CC1COCOC21,c1ccc2c(c1)CC1COCOC21,-1.6560932729
COc1cc(CC(C(C)=O)C(C)=O)ccc1O,c1ccccc1,-1.7863659491
OC[C@H]1NC[C@H](O)[C@@H](O)[C@@H]1O,C1CCNCC1,0.4043520428
CCOC(=O)C(Cl)C(=O)OCC,,-1.7209723549
C=C(C)C(=O)OCCOCCOCCOC(=O)C(=C)C,,-1.9005552518
CC1CC(CC2CCC(N)C(C)C2)CCC1N,C1CCC(CC2CCCCC2)CC1,-1.8210383613
Cc1ccc(C)c(O)c1,c1ccccc1,-1.5375827569
Nc1ncnc2c1ncn2C1OC(COP(=O)(O)O)C(O)C1O,c1ncc2ncn(C3CCCO3)c2n1,-1.9953026194
ClCC(Cl)Cl,,-1.5811040628
Cc1cc(O)c(C)c(C)c1O,c1ccccc1,-1.6383266335
Nc1ccc(S(=O)(=O)CCOS(=O)(=O)O)cc1,c1ccccc1,-1.9051186702
C=CCn1c(=O)n(CC=C)c(=O)n(CC=C)c1=O,O=c1[nH]c(=O)[nH]c(=O)[nH]1,-1.8526019693
COC(=O)c1nccnc1N,c1cnccn1,-1.6422660516999998
Nc1nc(N)nc(N)n1,c1ncncn1,-1.5592150485
NC(N)=N[N+](=O)[O-],,-1.4858424644
Nc1ccccc1C(F)(F)F,c1ccccc1,-1.6756867087
CC(=O)N1CCN(c2ccc(O)cc2)CC1,c1ccc(N2CCNCC2)cc1,-1.817914488
c1cc(N(CC2CO2)CC2CO2)ccc1OCC1CO1,c1cc(N(CC2CO2)CC2CO2)ccc1OCC1CO1,-1.9192347247
CNCc1cccc2ccccc12,c1ccc2ccccc2c1,-1.7150988877000002
COc1ccccc1NC(=O)CC(C)=O,c1ccccc1,-1.8059055211
CC(C)OC(C)C,,-1.5165927583
CC(C)Br,,-1.598518701
Cc1ccc(S(N)(=O)=O)cc1,c1ccccc1,-1.7421953353
CCSCC,,-1.4680248268
CC(=O)CCC=C(C)C,,-1.6210489706
CCCCOCCOCCOCCCC,,-1.862006084
C=C(C)C1CCC(C)CC1O,C1CCCCC1,-1.7111123645
COc1ccc(C)cc1N,c1ccccc1,-1.6601758755
Nc1ccc(Cl)cc1,c1ccccc1,-1.628640918
CCC(=O)CC(C)CC,,-1.630817582
FC(F)Cl,,-1.4597341592
OCC#CCO,,1.5363390032
O=C(O)CCC(C(=O)O)N(CC(=O)O)CC(=O)O,,0.0436038038999999
C=C(C)OC(C)=O,,-0.5277513782
O=C1OC(=O)C2CC=CCC12,O=C1OC(=O)C2CC=CCC12,-0.7139217719
Cc1cc(C)[nH]n1,c1cn[nH]c1,-0.5204744976
CCC12CC[C@H]3[C@@H](CCC4=CC(=O)CC[C@@H]43)[C@@H]1CCC2=O,O=C1C=C2CCC3C4CCC(=O)C4CCC3C2CC1,-3.7327198893
N[C@@H](COP(=O)(O)O)C(=O)O,,-0.8149408723
CC(C)(C)C(=O)O,,-0.5635618856
CC1(C)CC(O)CC(C)(C)N1CCO,C1CCNCC1,-0.8598205529
C#CCN(CC)CC,,-0.6020131225
O=[N+]([O-])C(Br)(CO)CO,,0.1271308568
Cc1ncc[nH]1,c1c[nH]cn1,0.5121363664999999
C1CCOCOC1,C1CCOCOC1,0.4107896597
CC(=O)C=C(C)C,,-0.560826234
Oc1ccc(Cl)cc1,c1ccccc1,-0.6876597172
C=C(C)C#N,,-0.4067085165999999
Cc1ccccc1O,c1ccccc1,-0.6190130172999999
C=C(C)C(=O)OCC[N+](C)(C)CCCS(=O)(=O)[O-],,0.9627399696
OCCOc1ccccc1,c1ccccc1,-0.742461176
CC(=O)NNC(C)=O,,0.3286681761
CCOC(=O)C(C)C1CCCCC1,C1CCCCC1,-3.3274567494
C=CC(=O)OCCN(C)C,,0.2243106848
CC1COC(=O)O1,O=C1OCCO1,0.371232292
COc1ccc(CO)cc1,c1ccccc1,-0.7447271456
C#CC1(O)CCCCC1,C1CCCCC1,-0.7048960629000001
O=C(O)c1ccc2c(c1)C(=O)OC2=O,O=C1OC(=O)c2ccccc21,-0.8961963145999999
CC(C)(CO)COC(=O)C(C)(C)CO,,0.0682018165
NNC(=O)NN,,0.4145585536
CCCC(C)O,,-0.2541408245
Cc1cccc(O)c1,c1ccccc1,-0.662918503
CS,,-0.3148794359
CCCC1CO1,C1CO1,-0.57344678
Oc1ccccc1Cl,c1ccccc1,-0.7538392019
Clc1ccc(Br)cc1Cl,c1ccccc1,-1.0114935501
CCCCN(C)C,,-0.6670324644
CC(=O)CC(=O)OCCOC(=O)CC(C)=O,,-0.0337559002999999
C1OCOCO1,C1OCOCO1,0.3717171259
CCC(CO)(CO)COCC(CC)(CO)CO,,-1.076302279
COC(=O)CCS,,-0.7575876082999999
Cc1[nH]cnc1CO,c1c[nH]cn1,0.2683337666
C=CC=O,,0.5693792548
C=C(C)C(N)=O,,0.3753911904
CC1=CC(=O)CC(C)(C)C1=O,O=C1C=CC(=O)CC1,-0.8779041501
OCCOCC#CCOCCO,,0.7589618218
O=C(O)c1cc([N+](=O)[O-])cc([N+](=O)[O-])c1O,c1ccccc1,-1.057125752
OCCc1ccccc1,c1ccccc1,-0.7859239136
C=COC(C)=O,,-0.6339227122
N#Cc1ccccc1O,c1ccccc1,-0.7749656265
O=C(O)c1ccccc1,c1ccccc1,-1.619929844
O=c1cc(O)nc[nH]1,O=c1ccnc[nH]1,-1.5871611222
O=COCc1ccccc1,c1ccccc1,-1.6731198028999998
CCCCOCC,,-1.5499606595
CCOC(=O)/C(=N/Nc1ccc([N+](=O)[O-])cc1)C(=O)c1nn2c(nc(=O)c3ccccc32)s1,O=C(C=NNc1ccccc1)c1nn2c(nc(=O)c3ccccc32)s1,-2.2216330999
Cc1ccccc1N=C(N)N=C(N)N,c1ccccc1,-1.8422414993
C=CC1(C)CCC(C(C)(C)O)O1,C1CCOC1,-1.7997284582
CC(=O)CC(=O)Nc1ccccc1C,c1ccccc1,-1.8501922609
CC(C)C(NC(N)=O)NC(N)=O,,-1.8096943587
FC(F)CCl,,-0.9229632085
CC(C)(O)c1cccc(C(C)(C)O)c1,c1ccccc1,-1.8635330455
CCc1cccc(C)c1N,c1ccccc1,-1.7061271762
COc1ccc(NC(=O)CC(C)=O)cc1,c1ccccc1,-1.9014771833
CC1OCC(c2ccccc2)O1,c1ccc(C2COCO2)cc1,-1.805450609
CCCC1CC(=O)C=C(C)C1,O=C1C=CCCC1,-1.7725870938
CC(=O)Oc1ccc(C#N)cc1,c1ccccc1,-1.7990172934
O=C(O)CC[C@@H](C(=O)O)N1C(=O)c2ccccc2C1=O,O=C1NC(=O)c2ccccc21,-1.4463316859
C=C(Cl)Cl,,-1.5885809265000002
CC1=CC(=O)[C@@H](C(C)C)CC1,O=C1C=CCCC1,-1.7882436903
CC1(C)S[C@@H]2[C@H](N)C(=O)N2[C@H]1C(=O)O,O=C1CC2SCCN12,-1.9440451079
Sc1ccccc1Cl,c1ccccc1,-1.7800351331
Nc1nccnc1C(=O)O,c1cnccn1,-1.7631595965
CN(C)Cc1ccccc1Cl,c1ccccc1,-1.8493554218
C=CCOC(=O)OCCOCCOC(=O)OCC=C,,-2.0652647201
C=CCCCCCCO,,-1.7442328638
O=S(=O)(Cl)c1ccccc1,c1ccccc1,-1.88532188
CC1CCC(C(C)C)C(OCC(O)CO)C1,C1CCCCC1,-2.0063585886
COc1ccc(C=O)cc1O,c1ccccc1,-1.8262432451
Cc1ccc(C=O)cc1,c1ccccc1,-1.7237015325
Nc1ccc(O)cc1[N+](=O)[O-],c1ccccc1,-1.8337646505
O=[N+]([O-])c1ccccc1O,c1ccccc1,-1.8029142358
CC1=CC(C)C(C=O)C(C)C1,C1=CCCCC1,-1.8440637235
CCCCC[C@H]1CCC(=O)O1,O=C1CCCO1,-1.8552940397
CC(=O)COc1c(C)cccc1C,c1ccccc1,-1.9185447839
COc1ccc(OC)c(N)c1,c1ccccc1,-1.8588690394
CC(=O)CC(=O)Nc1ccc(C)cc1C,c1ccccc1,-1.9900786823
COc1ccc(C)cc1NC(C)=O,c1ccccc1,-1.931164755
CC1=NN(c2ccccc2)C(=O)C1,O=C1CC=NN1c1ccccc1,-1.9250852844
CCCCCCC=O,,-1.7501244285
C=CC(=O)OC(C)(C)C,,-1.8045937153
CC(O)C(=O)N(C)C,,1.6302351258
O=C(O)c1cccc2cccc(-c3cccc4cccc(C(=O)O)c34)c12,c1ccc2c(-c3cccc4ccccc34)cccc2c1,-2.2334403365
C=CC(=O)OCC(C)C,,-1.8067597771
CC(CC=O)c1ccccc1,c1ccccc1,-1.86983286
Cc1cc(O)ccc1N,c1ccccc1,-1.7894220529
COC(=O)C(=O)c1ccccc1,c1ccccc1,-1.9142373478
Cc1c(O)cccc1O,c1ccccc1,0.1927727267
C=CC(C)(C)O,,0.351057238
COc1cc(Nc2c(C#N)cnc3cc(OCCCN4CCN(C)CC4)c(OC)cc23)c(Cl)cc1Cl,c1ccc(Nc2ccnc3cc(OCCCN4CCNCC4)ccc23)cc1,-4.8795513261000005
C/C=N/O,,0.4958194622
CCC(OCCCOC)OC(C)=O,,-0.0168484647
C/C=C\C=O,,0.4120163187
CC1OC1C,C1CO1,0.3972950779
CCOc1ccc(N)cc1,c1ccccc1,-0.8608353259999999
N#CCC(=O)c1ccccc1Cl,c1ccccc1,-2.1751395948
C=C(C)C(=O)OCCOC(=O)CC(C)=O,,-1.0636822045
O=C1OCc2ccccc21,O=C1OCc2ccccc21,-0.8627210528
CC1=NN(c2cccc(S(=O)(=O)O)c2)C(=N)C1,N=C1CC=NN1c1ccccc1,-1.1387882185
O=C1CCN(Cc2ccccc2)CC1,O=C1CCN(Cc2ccccc2)CC1,-1.0169828584
COC(=O)/C=C(\C)N,,-0.8059235439
OC(C(F)(F)F)C(F)(F)F,,0.020110333
CC(=O)OCCOC(C)=O,,0.068474963
O=C(C(Cl)(Cl)Cl)C(Cl)(Cl)Cl,,-1.1797979201
CCCCOP(=O)(O)OCCCC,,-1.0872511921
C=COC,,-0.5310304973
C=C(C)C(=O)OCCOCC,,-0.9674738601
CCOC(=O)C(Cl)C(C)=O,,-0.9859492465
CCN(CC)CC(C)O,,0.1021113643
CC(N)=S,,0.3363395335
COCC(C)OC(C)=O,,0.0830232388
CCCCOCCOCCOCOCCOCCOCCCC,,-1.3016357757
CC1OC(=O)C(C)OC1=O,O=C1COC(=O)CO1,-0.9360258625
ClCBr,,-0.8891641024
NC(=O)c1ccccc1N,c1ccccc1,-0.9139223167
CC/C=C\CCO,,-0.7858548038
COC1CCC=CO1,C1=COCCC1,-0.853333105
CCCCCCCCCc1ccc(OCCOCCO)cc1,c1ccccc1,-0.3045102393
CC(C)C(C(=O)O)N1CCCNC1=O,O=C1NCCCN1,-1.1028619258
C=CC(C#N)OC(C)=O,,-0.8986939452
CC1CCCCC1O,C1CCCCC1,-0.864495868
CC(O)COc1ccccc1,c1ccccc1,-1.0034177306
CN(CC(=O)O)C(=N)N,,-0.9387416733
Cc1ccccc1N,c1ccccc1,-0.8539252345
CCCCC(CC)COCCCN,,-1.096509119
CC(C)CC=O,,-0.7590833569
C=CC(=O)OCCOC,,0.0439416783999999
CN(C)C(N)=O,,0.2124315669
O=C(O)C(O)c1ccccc1,c1ccccc1,-0.0321269405
CC1(C)NC(=O)NC1=O,O=C1CNC(=O)N1,0.0384738201
O=P(O)(O)c1ccccc1,c1ccccc1,-1.0269230581
CC(=O)CC(C)C,,-0.8514795392
COc1ccccc1N,c1ccccc1,-0.9443240129
C=COCCOCCOC=C,,-1.0530702077
c1cn[nH]c1,c1cn[nH]c1,1.2878896498
C=C(C)C(=O)OC(C)CO,,-0.0449315461
Cc1ccc2c(c1)OCC(=O)CO2,O=C1COc2ccccc2OC1,-1.1141554489
CCOC(=O)c1ccnc(C(=O)OCC)c1,c1ccncc1,-1.2184148997
CC(C)(O)C(=O)c1ccccc1,c1ccccc1,-1.0915320913
CC1=CCC2C(=O)OC(=O)C2C1,O=C1OC(=O)C2CC=CCC12,-1.0999943697
CCC(C)C=O,,-0.8212312637000001
CC(C)CN(C=O)CC(C)C,,-1.082666634
Cn1c(N)c(NC=O)c(=O)n(C)c1=O,O=c1cc[nH]c(=O)[nH]1,-1.1831208545999998
C=CCOCC1CO1,C1CO1,0.049756882
CCOC(=O)CC1(C)OCCO1,C1COCO1,-0.1448235929
COC(=O)CCC(=O)OC,,-0.0752231636
O=C(OCC1CO1)C1CC=CCC1C(=O)OCC1CO1,O=C(OCC1CO1)C1CC=CCC1C(=O)OCC1CO1,-1.3401088604
N#Cc1ccc(O)c(O)c1,c1ccccc1,-1.0235160951
C=C(C)C(=O)OCCOCCOCCOCCOC(=O)C(=C)C,,-1.4186392601
Nc1ccc(S(=O)(=O)O)cc1,c1ccccc1,-1.1412730253
COC1CCCC1,C1CCCC1,-0.9037886388
Nc1ccc(S(=O)(=O)O)cc1N,c1ccccc1,-1.1812163945
O=N/C=C1\C=CC=CN1,C=C1C=CC=CN1,-1.0004518583
O=C1NC(=O)C2CC=CCC12,O=C1NC(=O)C2CC=CCC12,-1.0930914177
CC1=CC(=O)CC(C)(C)C1,O=C1C=CCCC1,-1.0613582209
Cc1cccc(N)c1,c1ccccc1,-0.9508352475
CCN(CC)c1ccc(C(c2ccc(N(CC)CC)cc2)c2c(S(=O)(=O)O)ccc3ccc(S(=O)(=O)O)cc23)cc1,c1ccc(C(c2ccccc2)c2cccc3ccccc23)cc1,-0.6984761494
CCC(C)(C)O,,0.1266596907
NC(N)=S,,0.188516266
Oc1cccc(O)c1,c1ccccc1,1.0034883278
C=CCOCC(CC)(CO)CO,,-0.1997551773
CSCCC(O)C#N,,-0.0765411499
CC(C)=CC=O,,0.1165037469
C#CC(C)(O)CC(C)C,,-1.0365979243
O=CC1CC=CCC1,C1=CCCCC1,-0.9775501681
O=C1CC(=O)NC(=O)N1,O=C1CC(=O)NC(=O)N1,-1.0486616392
OCCCCCCCl,,-1.0824421952
N#CCCCCCCC#N,,-1.0810922867
CC(C)C1(C)N=C(c2ncccc2C(=O)O)NC1=O,O=C1CN=C(c2ccccn2)N1,-1.3640293861
CC/C=C\C#N,,-0.8598992117
c1ccc(C2=NCCN2)cc1,c1ccc(C2=NCCN2)cc1,-1.1265180752
OCC1CC2CC1C1CCC(CO)C21,C1CC2C3CCC(C3)C2C1,-1.2515054899
O=C(O)[C@H](O)c1ccccc1,c1ccccc1,-0.1416667622
COC1OC(CO)C(O)C(O)C1O,C1CCOCC1,0.7452125491
CC1CCOC1,C1CCOC1,0.0901312493
C=CSC(C)O,,0.0054931194
C[N+](=O)[O-],,0.2335017655
C#CC(C)(O)CC,,0.0167319924
NNC(=O)CCCCC(=O)NN,,-0.2324579511
COCCOC,,1.0451691789
C1COCCO1,C1COCCO1,1.0549945152
CN1CCCC1=O,O=C1CCCN1,1.0037817508
CNC(N)=O,,1.1302814392
OCCSCCO,,0.9129678895
OCCOCCO,,0.9741986662
C=C(C)C(=O)OCCN1CCNC1=O,O=C1NCCN1,0.7028481462999999
NCCNCCO,,0.9823282162
CN(CCO)CCO,,0.9238549272
OCCOCCOCCO,,0.8234052513
OCCN(CCO)CCO,,0.8262602859999999
OCCCl,,1.0941285967
N#CCC(=O)O,,1.0702644103
C=CC(=O)OCCO,,0.9351079333
CC(O)C#N,,1.1482586908
C#CC(C)(C)O,,1.0751110617
CC(C)(C)N,,1.1358509819
CC(C)(C)O,,1.1300470117
Cc1ccccn1,c1ccncc1,1.0309150604
OCCS,,1.1071488253
CN(C)CCCO,,0.9864676175
O=S(=O)(O)c1ccc(O)cc1,c1ccccc1,0.7590091939
C=CC(=O)OCCCCO,,0.8411251015000001
CC(=O)N(C)C,,1.0598721633
CC(C#N)NC=O,,1.0083088579
CCNCC,,1.1358509819
CNC(C)=O,,1.1361123296
C1CN1,C1CN1,1.3658352118
CCC(O)CO,,1.0451691789
C[C@H](O)[C@@H](C)O,,1.0451691789
NC1CCCCC1,C1CCCCC1,1.0035890328
NC1CC1,C1CC1,1.2433943163
O=C(Cl)C(=O)Cl,,0.8964494062999999
NC=O,,1.3463919758
CS(=O)(=O)O,,1.0172449791
COC(=O)COCO,,0.9204425284
CNN,,1.3365535082
O=C1CCCCO1,O=C1CCCCO1,0.9994921725
CCCC(O)CO,,0.9823448956
OCCCCCO,,0.9823448956
CC(N)CN,,1.1300235759
CCC(=O)O,,1.1303048889
O=C(O)C(F)(F)F,,0.9430113455
O=S1(=O)CCCO1,O=S1(=O)CCCO1,-0.0868756938
Nc1cccc(S(=O)(=O)O)c1,c1ccccc1,-1.2051065795
O=C(O)c1cc(Br)nn1-c1ncccc1Cl,c1ccc(-n2cccn2)nc1,-1.4489346424
CCC(C)(C)OC,,-0.9795636765
CC(=O)C(O)c1ccccc1,c1ccccc1,-1.1766034244
COC(OC)OC,,-1.0258013338
OCC(CBr)(CBr)CBr,,-2.2261095189
Nc1cc(Cl)c(Cl)cc1S(=O)(=O)O,c1ccccc1,-2.1052106917
c1ccc(-c2ncc[nH]2)cc1,c1ccc(-c2ncc[nH]2)cc1,-1.8893830404
O=[N+]([O-])c1ccccc1NCCO,c1ccccc1,-1.9933265855
Cc1oncc1C(=O)O,c1cnoc1,-1.0553611102
CC1=CCC(C)C(C)C1=O,O=C1C=CCCC1,-1.8852669619
CCCCC(CC)COCC(O)CO,,-2.0550171187
NC(=O)c1ccc(Cl)c(N)c1,c1ccccc1,-1.976703976
COc1cc(NS(=O)(=O)c2ccccc2)c2c(c1N)C(=O)c1ccccc1C2=O,O=C1c2ccccc2C(=O)c2c(NS(=O)(=O)c3ccccc3)cccc21,-2.3558504459000003
c1cc(OCC2CO2)cc(N(CC2CO2)CC2CO2)c1,c1cc(OCC2CO2)cc(N(CC2CO2)CC2CO2)c1,-2.1925611892
c1ccccc1,c1ccccc1,-1.6423088751
CC1(C)CC(NCCCCCCNC2CC(C)(C)NC(C)(C)C2)CC(C)(C)N1,C(CCCNC1CCNCC1)CCNC1CCNCC1,-2.350745656
CC(C)CC(C)(O)C#CC(C)(O)CC(C)C,,-2.1243507639
C=CC(=O)OCCCC,,-1.8773408513
CCCCOCc1ccc(O)c(OC)c1,c1ccccc1,-2.0948968063
Nc1nc(CC(=O)O)cs1,c1cscn1,-1.9816731181
N#CC1(N2CCCCC2)CCN(Cc2ccccc2)CC1,c1ccc(CN2CCC(N3CCCCC3)CC2)cc1,-2.2459922106
CCN(CC)c1cccc(O)c1,c1ccccc1,-2.0112787971
O=[N+]([O-])OCC(CO[N+](=O)[O-])O[N+](=O)[O-],,-2.1520684654
COC(=O)C=C1CCCC1,C=C1CCCC1,-1.9425722692
CP(=O)(Oc1ccccc1)Oc1ccccc1,O=[PH](Oc1ccccc1)Oc1ccccc1,-2.2017086736
Fc1ccccc1,c1ccccc1,-1.7924097659
NCC(F)F,,0.5225303771
CC(=O)OCC1OC(OC(C)=O)C(OC(C)=O)C(OC(C)=O)C1OC(C)=O,C1CCOCC1,-2.4153529113
CC(C)(CO)Cc1ccccc1,c1ccccc1,-2.0423138216
c1ccc(C2CO2)cc1,c1ccc(C2CO2)cc1,-1.9065411213
CC(C)(C)OOC(=O)C(C)(C)C,,-2.067961594
CC/C=C\CC1=C(C)CCC1=O,O=C1C=CCC1,-2.0452383746
O=Cc1ccccc1Cl,c1ccccc1,-1.9805722205
CCC(C)c1ccccc1O,c1ccccc1,-2.0123777929
CCCCCCCCN(CCO)CCO,,-2.1910376032
O=C(O)c1cc(C(=O)O)cc([N+](=O)[O-])c1,c1ccccc1,-2.178419855
CCOC(=O)NS(=O)(=O)c1ccc(C)cc1,c1ccccc1,-2.2430987475
CCOC(OCC)OCC,,-2.040520296
CCCCCCCCC(=O)N(C)C,,-2.1440495587
Cc1cc(-c2ccc(N=C=O)c(C)c2)ccc1N=C=O,c1ccc(-c2ccccc2)cc1,-2.308127519
CC(=O)/C=C/c1ccccc1,c1ccccc1,-2.050971343
O=C1NC(=O)C(c2ccc(O)cc2)N1,O=C1NC(=O)C(c2ccccc2)N1,-2.1731049195
Nc1ccc(NCCO)c([N+](=O)[O-])c1,c1ccccc1,-2.1910899756
CC(O)CC(C)(C)c1ccccc1,c1ccccc1,-2.1472867242
Oc1cccc2ccccc12,c1ccc2ccccc2c1,-2.0619739225
Nc1cccc(Cl)c1Cl,c1ccccc1,-2.1303847013
Cc1ccc(Cl)cc1N,c1ccccc1,-2.0718850743
CC(=O)N(CCN(C(C)=O)C(C)=O)C(C)=O,,-2.2792257347
CC1CCC(C(C)C)C2(C1)OCC(CO)O2,C1CCC2(CC1)OCCO2,-2.2793855347
CCOC(=O)Cc1ccccc1,c1ccccc1,-2.1362024863
[N-]=[N+]=O,,-1.5643997258000002
CCCCc1nc(C=O)c(Cl)[nH]1,c1c[nH]cn1,-2.1991273723
CC/C=C\CCOC(C)=O,,-2.111500803
CCCCn1c(O)c(C#N)c(C)cc1=O,O=c1cccc[nH]1,-2.2729907436000003
CCCc1ccc(O)c(OC)c1,c1ccccc1,-2.1792905928
C=CC(Cl)CCl,,-2.0555103791
CCCCCCCCN1CCCC1=O,O=C1CCCN1,-2.2577490108
CC/C(CC(C)CC)=N\O,,-2.1307281267
C=C(Br)C(F)(F)F,,-2.2385851258
COc1ccc(CC(C)C=O)cc1,c1ccccc1,-2.24666187
C=CC(=O)NC(C)(C)CC(C)(C)C,,-2.2588292445
FCC(F)(F)F,,-2.0087278867
Cc1cc(N)c(S(=O)(=O)O)cc1Cl,c1ccccc1,-2.3456971252
CCOC(=O)C1OC1(C)c1ccccc1,c1ccc(C2CO2)cc1,-2.3143750058
Nc1ccc(Cl)cc1C(F)(F)F,c1ccccc1,-2.2934813757
CC(C)(C)c1ccccc1O,c1ccccc1,-2.1899589144
C=CC(C)CCCC(C)(C)O,,-2.2212072407
CC(C=O)Cc1ccc2c(c1)OCO2,c1ccc2c(c1)OCO2,-2.3134381403
CCC(C)Cl,,-2.0012638712
CC(C)=CC1CC(C)CCO1,C1CCOCC1,-2.2244457918
CCCCC(CC)CO,,-2.1604718659
CC/C(C)=C/CCC(C)=O,,-2.1925860364
O=C(O)c1ccc(C(=O)O)o1,c1ccoc1,-2.2396237358
O=C(O)c1cccc(Cl)c1Cl,c1ccccc1,-2.3316729189
Cc1cc(S(=O)(=O)O)c(N)cc1Cl,c1ccccc1,-2.4061778726
CC(=O)CC(=O)Nc1ccccc1Cl,c1ccccc1,-2.4065360765
CC(=O)Oc1ccc(Br)cc1,c1ccccc1,-2.4166041571
Nc1cccc2cccc(N)c12,c1ccc2ccccc2c1,-2.3071228572
C=CC=C,,-1.8668457003
N#Cc1ccc(C(F)(F)F)cc1[N+](=O)[O-],c1ccccc1,-2.4707735629
CCC/C=C(/C=O)CC,,-2.2559578736000003
CCCCC(C=O)CC,,-2.2628407967
CC(CC(=O)O)CC(C)(C)C,,-2.3542209788
CC(=O)CC(=O)Nc1ccc2[nH]c(=O)[nH]c2c1,O=c1[nH]c2ccccc2[nH]1,-2.522680786
Nc1ccc2[nH]c(=O)[nH]c2c1,O=c1[nH]c2ccccc2[nH]1,-2.3347829023
CCCCC1OC(C)CC(C)(C)O1,C1COCOC1,-2.4532973596
CC(C)C(=O)c1ccccc1,c1ccccc1,-2.35661526
Nc1cc([N+](=O)[O-])cc(C(=O)O)c1O,c1ccccc1,-2.4907790333
CNS(=O)(=O)c1cc(OC)c(N)cc1C,c1ccccc1,-2.5769433589
CC(C)(C)c1ccc(O)cc1,c1ccccc1,-2.3914008137
C=C(Cl)C(Cl)CCl,,-2.4244542069
CCOC(=O)C(C)CC,,-2.3364163689
CC(C)(C)C1CCC(=O)CC1,O=C1CCCCC1,-2.4173816076
CC1(C)[C@@H]2CC[C@]1(C)[C@H](O)C2,C1CC2CCC1C2,-2.4205583952
Nc1ccc(Cl)c(Cl)c1,c1ccccc1,-2.4461379538
CCCCOCCOCCOC(=O)CCCCC(=O)OCCOCCOCCCC,,-2.8821848864
COc1ccc(C)cc1,c1ccccc1,-2.3395421013
c1ccc2c(NCCCN3CCOCC3)cccc2c1,c1ccc2c(NCCCN3CCOCC3)cccc2c1,-2.702803349
Oc1ccccc1-c1ccccc1,c1ccc(-c2ccccc2)cc1,-2.5067117536000003
CCC(C)(C)c1ccccc1O,c1ccccc1,-2.4912242204
C[C@@H]1[C@@H](CN)C[C@H]2C[C@@H]1C2(C)C,C1CC2CC(C1)C2,-2.5159153811
CC(C)=CCCC(C)C=O,,-2.4478585415
O=C(O)CN(CCN(CC(=O)O)CC(=O)O)CC(=O)O,,-2.7667755992000003
C=C[C@H]1CN2CCC1C[C@H]2[C@H](O)c1ccnc2ccc(OC)cc12,c1ccc2c(CC3CC4CCN3CC4)ccnc2c1,-2.8121429703
C=C[C@H]1CN2CC[C@H]1C[C@@H]2[C@@H](O)c1ccnc2ccc(OC)cc12,c1ccc2c(CC3CC4CCN3CC4)ccnc2c1,-2.8121429703
CCCCCCCCCCCC(=O)N(C)CC(=O)O,,-2.7346414392
CC(C)COC(=O)[C@H](C)Cl,,-2.5175442498
C/C(C=O)=C/c1ccccc1,c1ccccc1,-2.4747186153
C=C1CCOC(C=C(C)C)C1,C=C1CCOCC1,-2.5104223592
CCCC(C)C(=O)OCC,,-2.4896905423
C=C(C)C(=O)OC(C)(C)C,,-2.4863755076
C=COCCCC,,-2.3379408202
CCCCNS(=O)(=O)c1ccccc1,c1ccccc1,-2.6757824138
C=CC1(C)CCCC(C)(C)O1,C1CCOCC1,-2.5359872782
CC1=Nc2ccc(C(=O)O)cc2C1(C)C,C1=Nc2ccccc2C1,-2.6625890537
CC(=O)OC1CCCCC1C,C1CCCCC1,-2.5502978569
O=[N+]([O-])c1ccccc1Cl,c1ccccc1,-2.5639664909
CCCCC(CC)COC(=O)C(C)O,,-2.6735257097
Brc1ccccc1,c1ccccc1,-2.568561457
Cc1ccc([N+](=O)[O-])cc1,c1ccccc1,-2.5149437885
C=CCc1ccc(OC(C)=O)c(OC)c1,c1ccccc1,-2.7015911491000004
CC=C(C)C,,-2.2331509446
OC[C@@H]1CO[C@@](Cn2cncn2)(c2ccc(Cl)cc2Cl)O1,c1ccc(C2(Cn3cncn3)OCCO2)cc1,-2.9059550684
C=C(C)C(=O)OCCCC,,-2.5443674546
COc1ccc(CCC(=O)c2c(O)cc(O[C@@H]3O[C@H](CO)[C@@H](O)[C@H](O)[C@H]3O[C@@H]3O[C@@H](C)[C@H](O)[C@@H](O)[C@H]3O)cc2O)cc1O,O=C(CCc1ccccc1)c1ccc(OC2OCCCC2OC2CCCCO2)cc1,-3.1851035311
CC(CCO)CC(C)(C)C,,-2.5570799155
O=[N+]([O-])c1ccc(Cl)cc1O,c1ccccc1,-2.6373771386
Clc1ccccc1,c1ccccc1,-2.4493202347
CCOC(=O)N1C(=O)c2ccccc2C1=O,O=C1NC(=O)c2ccccc21,-2.7387726333
CC(CCO)CCc1ccccc1,c1ccccc1,-2.6600258381
Fc1ccc(C(c2ccc(F)cc2)N2CCNCC2)cc1,c1ccc(C(c2ccccc2)N2CCNCC2)cc1,-2.8786010762
Cc1ccc(NCCO)c([N+](=O)[O-])c1,c1ccccc1,-2.7474051676
C=COC1CCCCC1,C1CCCCC1,-2.5825419737
C=COCCCCOC=C,,-2.6477435098
Nc1ccc2cc(S(=O)(=O)O)cc(O)c2c1,c1ccc2ccccc2c1,-2.8833112394
O=S(=O)(O)c1ccc2nc(-c3ccccc3)[nH]c2c1,c1ccc(-c2nc3ccccc3[nH]2)cc1,-2.9611061362
COc1ccc2c(c1)CCCC2,c1ccc2c(c1)CCCC2,-2.7477385243
Nc1cccc2c(N)cccc12,c1ccc2ccccc2c1,-2.7678536958
CC(O)CCC1CCCCC1,C1CCCCC1,-2.7673615716000004
CCCCOCOCCCC,,-2.8068769998
C=C[C@H]1CN2CC[C@H]1C[C@@H]2[C@@H](O)c1ccnc2ccccc12,c1ccc2c(CC3CC4CCN3CC4)ccnc2c1,-3.0887236136
CC1(C)COC(=O)C2CC=CCC2C(=O)OC1,O=C1OCCCOC(=O)C2CC=CCC12,-3.0041810563
CC(C)[C@H]1CC[C@@H](C)CC1O,C1CCCCC1,-2.8302608531
COC(=O)C1C(C)=CCCC1(C)C,C1=CCCCC1,-2.9085159963
C#CC(C)(C)C,,-2.6135564252
CC(C)C(=O)OCCOc1ccccc1,c1ccccc1,-3.0263435366
CC1=C(C(=O)O)N2C(=O)C(N)C2SC1,O=C1CC2SCC=CN12,-3.0453554133
Cc1ccc(C(N)=O)c(O)c1,c1ccccc1,-2.9170001587
O=C1Cc2ccc(Cl)cc2N1,O=C1Cc2ccccc2N1,-2.9689885527
C=CC(C)(C#N)Cc1ccccc1,c1ccccc1,-3.0006167172
CCCCOC(=O)/C=C\C(=O)OCCCC,,-3.1280341619
N[C@@H](CSSC[C@H](N)C(=O)O)C(=O)O,,-3.1599219868
CCCCC(CC)C(=O)OC,,-2.9898040042000003
C1=CCCCC1,C1=CCCCC1,-2.7104664382
O=c1[nH]c2ccccc2c(=O)n1CCO,O=c1[nH]c(=O)c2ccccc2[nH]1,-3.1128936428
CCCCCCC[C@H]1CCC(=O)O1,O=C1CCCO1,-3.0668187599000003
C=CCCC,,-2.6756730859
CCCCC(CC)COCC1CO1,C1CO1,-3.1148651615
OC(Cn1ccnc1)c1ccc(Cl)cc1Cl,c1ccc(CCn2ccnc2)cc1,-3.2640078237
CCCCC(CC)COP(=O)(O)OCC(CC)CCCC,,-3.3623020198
NCCCCCCCCCCCC(=O)O,,-3.1963980912
CC(C)CC1CC(C)CCO1,C1CCOCC1,-3.0799294807
C1CN(SSN2CCOCC2)CCO1,C1CN(SSN2CCOCC2)CCO1,-3.2596343038
Fc1cc(Br)cc(F)c1F,c1ccccc1,-3.2102979357
S=C(SN1CCOCC1)N1CCOCC1,S=C(SN1CCOCC1)N1CCOCC1,-3.2913006621
CCC(=O)N(c1ccccc1)C1CCN(Cc2ccccc2)CC1,c1ccc(CN2CCC(Nc3ccccc3)CC2)cc1,-3.4150433898
Cc1cc(C)c(O)c(C(C)(C)C)c1,c1ccccc1,-3.1719091991000004
Cc1cccc2[nH]c(=S)[nH]c12,S=c1[nH]c2ccccc2[nH]1,-3.13627918
CCCCCCCCCCC=O,,-3.1520232011
FC(F)(F)c1ccc(Cl)c(Cl)c1,c1ccccc1,-3.2679824907
CC(O)COc1ccc(C(C)(C)c2ccc(OCC(C)O)cc2)cc1,c1ccc(Cc2ccccc2)cc1,-3.499700952
CCC(C)Br,,-3.1114780979
CC(C)COC(=O)Cc1ccccc1,c1ccccc1,-3.2710471955
C[C@]12CCC(=O)C=C1CC[C@@H]1[C@@H]2CC[C@@]2(C)[C@H]1CCC2(O)C#CCO,O=C1C=C2CCC3C4CCCC4CCC3C2CC1,-3.526033775
Cc1ccc(Cl)cc1,c1ccccc1,-3.1023856768
C=CC1CC2C=CC1C2,C1=CC2CCC1C2,-3.0798864018
CC(C)CCC(C)(O)C#CC(C)(O)CCC(C)C,,-3.4375252922
Nc1cccc(S(=O)(=O)c2cccc(N)c2)c1,O=S(=O)(c1ccccc1)c1ccccc1,-3.5118956043000003
CCOC(=O)C1=C(C)C=CCC1(C)C,C1=CCCC=C1,-3.411619706
CCCCCCCCCCCCCCCCN,,-3.5835100427
CCCCCCCCCCCCCCCCCCN,,-3.6312456144
N#Cc1cccc([N+](=O)[O-])c1C#N,c1ccccc1,-2.9373448418
O=c1[nH]c2ccccc2c(=O)n1CCCl,O=c1[nH]c(=O)c2ccccc2[nH]1,-3.5747994393
C=CCCC(=O)C1=CCCC(C)(C)C1,C1=CCCCC1,-3.5342474855000003
C=C(OCC)C1C(C)(C)CC(=O)CC1(C)C,O=C1CCCCC1,-3.6433442829
O=[N+]([O-])c1cc(Cl)cc(Cl)c1,c1ccccc1,-3.5843334863
SC1CCCCC1,C1CCCCC1,-3.3672139557
Cc1cccc(C)c1NC(=O)CN1CCNCC1,O=C(CN1CCNCC1)Nc1ccccc1,0.4432827885
NS(=O)(=O)c1ccc(Cl)s1,c1ccsc1,-3.2959363681
CC(C)N(C(=O)CO)c1ccc(F)cc1,c1ccccc1,-1.1786398993
C=CCOC(=O)CCCCCC,,-3.5976237668
CCCCCCCc1ccc(O)cc1,c1ccccc1,-3.6597017052
CCCCCCCCCc1ccc(OCC(=O)O)cc1,c1ccccc1,-3.8425967597
CCCCCCCCCC(C)(C)SSc1n[nH]c(=S)s1,S=c1[nH]ncs1,-3.9885639112
CC1=CCC(/C=C\C(C)C(C)O)C1(C)C,C1=CCCC1,-3.7860287034
C=CCc1cc(C(C)(C)c2ccc(O)c(CC=C)c2)ccc1O,c1ccc(Cc2ccccc2)cc1,-3.9963835519
CC(C)CC1(C)OCC(CO)O1,C1COCO1,-0.7059803773000001
FS(F)(F)(F)(F)F,,-3.6731547352
CC(C)CCCCCN(CCCCCC(C)C)CCCCCC(C)C,,-4.0572475801
c1ccc(CN2CCC(Nc3ccccc3)CC2)cc1,c1ccc(CN2CCC(Nc3ccccc3)CC2)cc1,-3.9542229462
O=C(O)C(CCBr)(c1ccccc1)c1ccccc1,c1ccc(Cc2ccccc2)cc1,-4.0694912575
CC12CCC(=O)C=C1C=CC1C2CCC2(C)C1CCC21CCC(=O)O1,O=C1C=C2C=CC3C(CCC4C3CCC43CCC(=O)O3)C2CC1,-4.1007061575
C=C(C)C(=O)OCC(F)(F)C(F)(F)C(F)(F)C(F)F,,-4.0459673488
CC(C)(C)CCCCC(=O)O,,-2.4750431492
COCc1ccc(-c2ccc(COC)cc2)cc1,c1ccc(-c2ccccc2)cc1,-4.0023686333
CCCCCCCCCCCCCCOC(=O)OOC(=O)OCCCCCCCCCCCCCC,,-4.3499005787
C1=CC2C3C=CC(C3)C2C1,C1=CC2C3C=CC(C3)C2C1,-3.8202211698
CC(=O)CCCC(C)CCCC(C)C,,-4.0051761335
C1=C\CCCCCC/1,C1=CCCCCCC1,-3.770339988
CN(C)C(=S)SSC(=S)N(C)C,,-4.1161961212
CN1C(C)(C)CC(OC(=O)CC(C(=O)OC2CC(C)(C)N(C)C(C)(C)C2)C(CC(=O)OC2CC(C)(C)N(C)C(C)(C)C2)C(=O)OC2CC(C)(C)N(C)C(C)(C)C2)CC1(C)C,O=C(CC(C(=O)OC1CCNCC1)C(CC(=O)OC1CCNCC1)C(=O)OC1CCNCC1)OC1CCNCC1,-4.672731896
CCOC(=O)C1=C(COCCN2C(=O)c3ccccc3C2=O)NC(C)=C(C(=O)OC)C1c1ccccc1Cl,O=C1c2ccccc2C(=O)N1CCOCC1=CC(c2ccccc2)C=CN1,-4.5011269518
C=CCOC(=O)CCC1CCCCC1,C1CCCCC1,-4.0624492536000005
CCOc1nc(NC)nc(NC(=O)NS(=O)(=O)c2ccccc2C(=O)OC)n1,O=C(Nc1ncncn1)NS(=O)(=O)c1ccccc1,-4.387910768899999
Cc1cc(Cc2ccc(N)c(C)c2)ccc1N,c1ccc(Cc2ccccc2)cc1,-4.1506087086
CCCCNC(=S)N(CCCC)CCCC,,-4.1840665057
CCCCC(CC)CNCC(CC)CCCC,,-4.2367225564
Nc1ccc(Cc2ccc(N)c(Cl)c2)cc1Cl,c1ccc(Cc2ccccc2)cc1,-4.2868907228
CC1=CCC(/C=C/C(C)(C)C(C)O)C1(C)C,C1=CCCC1,-4.2167463336
CC(CC(C)(C)C)CP(=O)(O)CC(C)CC(C)(C)C,,-4.366128471100001
NS(=O)(=O)c1ccc(NC(=S)Nc2ccc(F)cc2)cc1,S=C(Nc1ccccc1)Nc1ccccc1,-2.9899599684
CCOC(=O)c1nn(-c2ccc(OC)cc2)c2c1CCN(c1ccc(N3CCCCC3=O)cc1)C2=O,O=C1CCCCN1c1ccc(N2CCc3cnn(-c4ccccc4)c3C2=O)cc1,-4.6282058436
O=C1CN(O)C(c2ccccc2Cl)=c2cc(Cl)ccc2=N1,O=C1CNC(c2ccccc2)=c2ccccc2=N1,-4.4653328209
CCCCCC,,-3.9441703352
N#CNC(N)=NCCCCCCN=C(N)NC#N,,-4.4346903729000005
C=CC(C)(CCC=C(C)C)OC(=O)CC,,-4.3823578934
COC1=Cc2ccccc2Nc2ccccc21,C1=Cc2ccccc2Nc2ccccc21,-4.5144193944
C=CC(C)(O)CCCC(C)CCCC(C)CCCC(C)C,,-4.7086538251
CC[C@]12CCC3=C(CCc4cc(OC)ccc43)[C@@H]1CCC2=O,O=C1CCC2C3=C(CCC12)c1ccccc1CC3,-4.772922847
COC1=CCC2=C(CC[C@@H]3[C@@H]2CC[C@]2(C)[C@@H](O)CC[C@@H]32)C1,C1=CCC2=C(C1)CCC1C2CCC2CCCC21,-4.7610719313
CCC1(C/C=C2/CCCc3cc(OC)ccc32)C(=O)CCC1=O,O=C1CCC(=O)C1CC=C1CCCc2ccccc21,-4.838817118500001
CC(=O)OC1N=C(c2ccccc2Cl)c2cc(Cl)ccc2NC1=O,O=C1CN=C(c2ccccc2)c2ccccc2N1,-5.028666922799999
COC1=CCC2=C(CCC3C2CCC2(C)C(=O)CCC32)C1,O=C1CCC2C1CCC1C3=C(CC=CC3)CCC12,-4.9798745042000006
c1ccc(Nc2cccc3ccccc23)cc1,c1ccc(Nc2cccc3ccccc23)cc1,-4.8638916314
O=C(OCCOC(=O)c1ccccc1)c1ccccc1,O=C(OCCOC(=O)c1ccccc1)c1ccccc1,-5.0700925015
CC1=CCCC2(C)C(OC=O)C(C)CCC12C,C1=CC2CCCCC2CC1,-5.0311421132
COC(=O)CCc1cc(C(C)(C)C)c(O)c(C(C)(C)C)c1,c1ccccc1,-5.1235829068
C1=CCC(C2OCC3(CO2)COC(C2CC=CCC2)OC3)CC1,C1=CCC(C2OCC3(CO2)COC(C2CC=CCC2)OC3)CC1,-5.2397354439
CCC(C)C(C)C(C)CCc1ccc(O)cc1,c1ccccc1,-5.1824053879
CC[C@]12CC[C@@H]3C4=C(CC[C@H]3[C@@H]1CCC2=O)CC(OC)=CC4,O=C1CCC2C1CCC1C3=C(CC=CC3)CCC12,-5.363817292
CC(C)CCCCCCCOC(=O)c1ccc(C(=O)OCCCCCCCC(C)C)c(C(=O)OCCCCCCCC(C)C)c1,c1ccccc1,-5.7065739478
CC(=O)CCCC(C)CCCC(C)CCCC(C)C,,-5.4746775177
CC(=O)OC[C@H]1O[C@H](O[C@]2(COC(C)=O)O[C@H](COC(=O)C(C)C)[C@@H](OC(=O)C(C)C)[C@@H]2OC(=O)C(C)C)[C@H](OC(=O)C(C)C)[C@@H](OC(=O)C(C)C)[C@@H]1OC(=O)C(C)C,C1CCC(OC2CCCO2)OC1,-6.0735348087
O=C(CC(=O)c1ccccc1)c1ccccc1,O=C(CC(=O)c1ccccc1)c1ccccc1,-5.6579029620000005
CC1=C/C(=N\Nc2ccccc2[N+](=O)[O-])C(=O)C=C1,O=C1C=CC=CC1=NNc1ccccc1,-5.7475958635
CCCCCCCCCCCCCCCCCCCCCCOC(=O)CCCCCCCCC(=O)OCCCCCCCCCCCCCCCCCCCCCC,,-6.405660228
C=C1CC2C(CCC3(C)C2CCC3(OC(C)=O)C(C)=O)C2(C)CCC(=O)C=C12,C=C1CC2C3CCCC3CCC2C2CCC(=O)C=C12,-6.1077931611
CCCCN(CCCC)C(=S)SCSC(=S)N(CCCC)CCCC,,-6.2405235691
CCOC(=O)c1nn(-c2ccc(OC)cc2)c2c1CCN(c1ccc([N+](=O)[O-])cc1)C2=O,O=C1c2c(cnn2-c2ccccc2)CCN1c1ccccc1,-6.6187193264
CCCCCCCCCCCCCCCCCCOCCCN(C)C,,-6.852054029800001
COc1ccc(C(=O)c2ccccc2O)c(O)c1,O=C(c1ccccc1)c1ccccc1,-7.2738841077
O=C1CCCCCN1C(=O)Nc1ccc(Cc2ccc(NC(=O)N3CCCCCC3=O)cc2)cc1,O=C1CCCCCN1C(=O)Nc1ccc(Cc2ccc(NC(=O)N3CCCCCC3=O)cc2)cc1,-7.763261261599999
Cc1ccc(Sc2ccc(C(=O)c3ccccc3)cc2)cc1,O=C(c1ccccc1)c1ccc(Sc2ccccc2)cc1,-7.6154082599
CC(C(C)(C)C)C(C)(C)SSSC(C)(C)C(C)C(C)(C)C,,-9.129966133
NC(CO)CO,,0.9744271172
NC(CO)(CO)CO,,0.7906283690000001
OCCCOCC(OCCCO)C(OCCCO)C(OCCCO)C(COCCCO)OCCCO,,0.053341445
Cc1cc(=O)n2[nH]cnc2n1,O=c1ccnc2nc[nH]n12,-1.3471955313
NCCCCCCCCCCN,,1.5277010030000002
CC1CO1,C1CO1,0.8325704879000001
C=CC(=O)NCOCCCC,,-0.6536630282
Br,,-0.3762292432999999
CC(O)C(=O)NCCO,,1.3070323786
OCC1CCCO1,C1CCOC1,0.3887739198
CC(=O)CC(C)=O,,0.1864485079
COC(=O)CC(=O)OC,,0.0273419683
CN(C)C(=N)N(C)C,,0.9386229258
O=C(CS)OCC(O)CO,,0.7793742068
OCCOCCOCCOCCO,,0.7116903978
CC(CCO)CCO,,0.927470714
CO,,1.4942803838999998
O=S1(=O)CCCC1,O=S1(=O)CCCC1,-0.079806903
C=C(C)C(=O)OCCO,,-0.1144208137
COC(C)(C)CCO,,-0.072529286
CC(C)CCCCCC(=O)NCCCCCC(=O)O,,-2.7708536118
CCCCCCCCC(=O)O,,-2.7221977641
O=C(O)c1ccc2cc(O)ccc2c1,c1ccc2ccccc2c1,-3.2789428853
C=Cc1ccc(C(C)(C)C)cc1,c1ccccc1,-4.5633510279000005
Cc1cc(C)cc(C(=O)Cl)c1,c1ccccc1,-3.3292897203
c1ccc(-c2cnc(-c3ccccc3)o2)cc1,c1ccc(-c2cnc(-c3ccccc3)o2)cc1,-5.5532102962
CCC(N)(CO)CO,,0.9015785325
N[C@@H]1CCCC[C@@H]1N,C1CCCCC1,0.8890064826
O=c1n(CC2CO2)c(=O)n(CC2CO2)c(=O)n1CC1CO1,O=c1n(CC2CO2)c(=O)n(CC2CO2)c(=O)n1CC1CO1,-1.495423095
CN(C)Cc1cc(CN(C)C)c(O)c(CN(C)C)c1,c1ccccc1,0.5055163708
O=C(O)COCCOCC(=O)O,,0.6709250275
C=C(C)C(=O)NCOC,,0.7919653131000001
CCCCNC1CC(C)(C)NC(C)(C)C1,C1CCNCC1,0.5746150304
CC(C)(C)OO,,0.8846472262999999
CC(O)CN(CC(C)O)C(=O)CCCCC(=O)N(CC(C)O)CC(C)O,,0.2109933627
O=C(O)CCS,,0.754917543
CC1(C)COC(=O)C1O,O=C1CCCO1,0.6515307225
CN(C)CCOCCN(C)CCO,,0.4764657364
N#CN,,1.1245149893000002
NCCN1CCNC1=O,O=C1NCCN1,0.6335459397
CC(C)(CO)[C@@H](O)C(=O)NCCCO,,0.3944261529
CN(C)CCCN1CN(CCCN(C)C)CN(CCCN(C)C)C1,C1NCNCN1,0.1642130702
CC(O)CN(CC(C)O)CC(C)O,,0.4173208759
CC1(O)CC(C)(O)OO1,C1COOC1,0.5714408419
NCCNCCNCCNCCNCCN,,0.3327787326
CN(C)CCCNC1CC(C)(C)NC(C)(C)C1,C1CCNCC1,0.316191362
CC(CCN)CC(C)(C)CN,,0.4781562172999999
O=C(O)CO,,0.5960163257
N#CCN(CC#N)CC#N,,-1.6475578342
CC(=O)OC(C)C,,-0.5467680909
C=C(COC(C)=O)COC(C)=O,,-0.7796166704
Cc1ccccc1OP(=S)(S)Oc1ccccc1C,S=[PH](Oc1ccccc1)Oc1ccccc1,-1.0605299646
CCCC(CCC)CCCC1COCCN1CCO,C1COCCN1,0.9642581623
O[C@@H]1CO[C@H]2[C@@H]1OC[C@@H]2O,C1CC2OCCC2O1,1.1774501829
NCc1ccc(CN)cc1,c1ccccc1,1.1750718055
COC1COC2C(OC)COC12,C1CC2OCCC2O1,1.0599918174
CCCCCCCCCCCCN(CCCN)CCCN,,-0.1977113735
CC(C=O)(CO)CO,,0.9289333763
CN(C)CCCN,,0.9906298514
CCC1(CO)COCOC1,C1COCOC1,0.8350942171
CC(C)(C)CCCCCCCC(=O)O,,-2.1113969493
CN1CCCN(C)C1=O,O=C1NCCCN1,0.8921966739
OCC1CN2CCN1CC2,C1CN2CCN1CC2,0.8470942954
CN1CCN(C)CC1,C1CNCCN1,0.9423643206
CCOCCOCCOC,,0.8291459354999999
CCN1CCCC1=O,O=C1CCCN1,0.9463070612
C=CC(=O)OCCCO,,0.8855791863
Cn1ccnc1,c1c[nH]cn1,1.0856251051
CC(O)CN(CCCN(C)C)CCCN(C)C,,0.6101059749000001
NCCOCCN,,0.9823282162
COCCOCCOCCOCCOC,,0.6530976581
COCCOCCOCCOC,,0.7490240663
CC1CNCC(C)O1,C1COCCN1,0.9386380084
CC(CCC(=O)O)C(=O)O,,0.8352249534999999
O=C(O)CC(=O)C(=O)O,,0.8791925338
OCC(O)COCC(O)CO,,0.7794395395
O=C(NCNC(=O)NC1C(=O)NC(=O)N1CO)NC1C(=O)NC(=O)N1CO,O=C(NCNC(=O)NC1NC(=O)NC1=O)NC1NC(=O)NC1=O,0.4108359647999999
NCC(O)CO,,1.0404339534
Cc1ccn[nH]1,c1cn[nH]c1,1.0856251051
CC(=O)CC(N)=O,,0.9952273665
O=C1OCC(CO)O1,O=C1OCCO1,0.9277942328
CC(=O)N1CCOCC1,C1COCCN1,0.8888753261
OCCOCC(COCCO)OCCO,,0.6492617384
CC(=O)CC(=O)N(C)C,,0.8888753261
CN(C)CCCNC=O,,0.8854190372
CNC=O,,1.2286477338
CN(CCCN)CCCN,,0.8378838589000001
CC(=O)OCCOCCOCCOC(C)=O,,0.6303241084000001
CCOC(=O)N1CCC(=O)CC1,O=C1CCNCC1,0.7665063868
CCCNCC,,1.0546594571
NC(=O)c1ccc[n+](C2OC(COP(=O)([O-])OP(=O)(O)OCC3OC(n4cnc5c(N)ncnc54)C(O)C3O)C(O)C2O)c1,O=[PH](OCC1CCC(n2cnc3cncnc32)O1)O[PH](=O)OCC1CCC([n+]2ccccc2)O1,0.1782048937999999
O=C1CCCCCO1,O=C1CCCCCO1,0.9425469123
O=C1CCCO1,O=C1CCCO1,1.0650472922
C1CCNCC1,C1CCNCC1,1.0698153477
C#CCO,,1.2513159198
OCCCO,,1.1186438786
OCc1cccnc1,c1ccncc1,0.9620638041
CC(C)COC(C)(C)C,,0.8852856245999999
CC1(C)CC(O)CC(C)(C)N1,C1CCNCC1,-0.1966099864
NCCN1CCNCC1,C1CNCCN1,-0.1112860428999999
CC(C)OCCO,,-0.0176551044
NC(=O)CCNCCO,,-0.1211098882
COP(C)(=O)OC,,-0.0936877841
CO[P+](=O)OC,,-0.0375898256999999
O=C(C(F)(F)C(F)(F)F)C(F)(C(F)(F)F)C(F)(F)F,,-1.4997434273
C=CCCCCCCCCC(=O)N(CCO)CCO,,-2.7615135856
C=CC(C)(CCC=C(C)C)OC=O,,-4.0405904263
O=C(Nc1ccnc(=O)[nH]1)c1ccccc1,O=C(Nc1ccnc(=O)[nH]1)c1ccccc1,-5.1596802151
Nc1c(I)c(C(=O)O)c(I)c(C(=O)O)c1I,c1ccccc1,-1.569622787
O=C(O)/C=C\C(=O)OCCOCCOCCOC(=O)/C=C\C(=O)O,,0.1595325622
O=C1Cc2cccc(F)c2N1,O=C1Cc2ccccc2N1,-2.2251369084
CC(C)CCCCCCCOCCCNCCCN,,-3.2048809276
CCCCCCC(=O)OCC(CC)(CO)COC(=O)CCCC,,-5.982567027000001
CCOC(=O)C1CCC(C(=O)OCC)CC1,C1CCCCC1,-2.2512731137
ClCCCN1CCOCC1,C1COCCN1,0.7860892979999999
Cc1cc(O)n(CCC(=O)O)c(=O)c1C#N,O=c1cccc[nH]1,-1.4436540675999998
Cc1cc(O)n(CCC(=O)O)c(=O)c1C(N)=O,O=c1cccc[nH]1,-1.6024488726
CCCCCCCC(=O)NCCCC[C@H](N)C(=O)O,,0.0575708237
O=S(=O)(NS(=O)(=O)C(F)(F)F)C(F)(F)F,,0.4541441757
CCCCCCCC/C=C\CCCCCCCCOCCO,,-2.4949028287
CC(C)(C)c1cc(CCC(=O)O)cc(-n2nc3ccccc3n2)c1O,c1ccc(-n2nc3ccccc3n2)cc1,-5.53070544
CCCCCCC(O)CCCCCCCCCCC(=O)OCC(O)CO,,-3.3974324562
CCN(CC)C1=C[C@@H]2Oc3cc(N(CC)CC)c(C)cc3C(c3ccccc3C(=O)OC)=C2C=C1C,C1=CC2=C(c3ccccc3)c3ccccc3OC2C=C1,-7.6872220822
CCOC(=O)CC(NC1CCC(CC2CCC(NC(CC(=O)OCC)C(=O)OCC)CC2)CC1)C(=O)OCC,C1CCC(CC2CCCCC2)CC1,-3.7440777388
CC(CC(C)(C)C)CC(C)(C)CC(C)(C)C,,-3.3549684893
COCC(NC(C)=O)C(=O)NCc1ccccc1,c1ccccc1,-3.3984573794
CCCCOCC(C)OCC(C)O,,-0.6530596225
CCCCCCCCCCCCCCCCCCC(=O)O,,-3.775990335
CCOC(C)(C)CC,,-1.4719350107
CC(CO)CC(C)c1ccccc1,c1ccccc1,-2.3469160768
Nc1c(Oc2ccccc2)cc(O)c2c1C(=O)c1ccccc1C2=O,O=C1c2ccccc2C(=O)c2cc(Oc3ccccc3)ccc21,-4.2192268325
CCn1nc2cc(-c3cc4c5c(n(CC)nc5c3)-c3ccccc3C4=O)cc3c2c1-c1ccccc1C3=O,O=C1c2ccccc2-c2[nH]nc3cc(-c4cc5c6c([nH]nc6c4)-c4ccccc4C5=O)cc1c23,-4.3931837232
O=c1c2ccccc2c(=O)c2c1ccc1c2[nH]c2c3c(=O)c4ccccc4c(=O)c3c3[nH]c4c(ccc5c(=O)c6ccccc6c(=O)c54)c3c12,O=c1c2ccccc2c(=O)c2c1ccc1c2[nH]c2c3c(=O)c4ccccc4c(=O)c3c3[nH]c4c(ccc5c(=O)c6ccccc6c(=O)c54)c3c12,-4.5096151077
O=C1c2ccccc2-c2ccc3c4c([N+](=O)[O-])cc5c6c(ccc(c7ccc1c2c73)c64)C(=O)c1ccccc1-5,O=C1c2ccccc2-c2ccc3c4ccc5c6c(ccc(c7ccc1c2c73)c64)C(=O)c1ccccc1-5,-4.3992383437
CCOc1ccc(Nc2ccc(S(=O)(=O)N(C)C)cc2[N+](=O)[O-])cc1,c1ccc(Nc2ccccc2)cc1,-4.2617516212
O=C(Nc1cc2c3cc(NC(=O)c4ccccc4)c4c(=O)c5ccccc5c(=O)c4c3[nH]c2c2c(=O)c3ccccc3c(=O)c12)c1ccccc1,O=C(Nc1cc2c3cc(NC(=O)c4ccccc4)c4c(=O)c5ccccc5c(=O)c4c3[nH]c2c2c(=O)c3ccccc3c(=O)c12)c1ccccc1,-4.5222231174
O=c1c2ccccc2c2cc3ccc4c(=O)c5c(Br)c(Br)ccc5c5cc6ccc1c2c6c3c45,O=c1c2ccccc2c2cc3ccc4c(=O)c5ccccc5c5cc6ccc1c2c6c3c45,-4.4504277175
COc1ccc(C(CN(C)C)C2(O)CCCCC2)cc1,c1ccc(CC2CCCCC2)cc1,0.2567187446
C=CC(=O)OCCCCCCCCCCCC,,-4.3809109776
C=CC(=O)OCCCCCCCCCCCCCC,,-4.428848848
O=C1OC(=O)C2C1C1(Cl)C(Cl)=C(Cl)C2(Cl)C1(Cl)Cl,O=C1OC(=O)C2C3C=CC(C3)C12,-5.1712348525
COc1cc(N=Nc2c(Cl)cc([N+](=O)[O-])cc2[N+](=O)[O-])c(NC(C)=O)cc1N(CCOC(C)=O)CCOC(C)=O,c1ccc(N=Nc2ccccc2)cc1,-5.4630997896
COC(=O)c1sc(N)c(C#N)c1C,c1ccsc1,-4.9917376214
CCCCCCCCCCCCCCCCCCP(=O)(OC)OC,,-5.529966163099999
CCCCCCCC/C=C\CCCCCCCC(=O)NCC(C)O,,-5.530921640800001
CC(C)(O)C(=O)c1ccc(C2(C)CC(C)(C)c3cc(C(=O)C(C)(C)O)ccc32)cc1,c1ccc(C2CCc3ccccc32)cc1,-5.9372904598
CC(C)(O)C(=O)c1ccc(C2(C)CC(C)(C)c3ccc(C(=O)C(C)(C)O)cc32)cc1,c1ccc(C2CCc3ccccc32)cc1,-5.9638494884
C=CC(=C)CC/C=C(\C)CCC=C(C)C,,-6.3103895185
Cc1cccc(C)c1OP(=O)(Oc1cccc(OP(=O)(Oc2c(C)cccc2C)Oc2c(C)cccc2C)c1)Oc1c(C)cccc1C,O=P(Oc1ccccc1)(Oc1ccccc1)Oc1cccc(OP(=O)(Oc2ccccc2)Oc2ccccc2)c1,-6.8367531336
CCCCC1CCC(C2CCC(=O)CC2)CC1,O=C1CCC(C2CCCCC2)CC1,-6.3736456351
CC(C)CCCCCCCCCCOC(=O)CSCc1cc(C(C)(C)C)c(O)c(C(C)(C)C)c1,c1ccccc1,-6.7895895249
Nc1ccc(C2(c3ccc(N)c(Cl)c3)c3ccccc3-c3ccccc32)cc1Cl,c1ccc(C2(c3ccccc3)c3ccccc3-c3ccccc32)cc1,-6.9044856274
O=C1c2c(Cl)c(Cl)c(Cl)c(Cl)c2C2=Nc3cccc4cccc(c34)N12,O=C1c2ccccc2C2=Nc3cccc4cccc(c34)N12,-7.1336144776
O=C1C(=C2Nc3ccccc3C=C2O)C(=O)c2ccccc21,O=C1C(=C2C=Cc3ccccc3N2)C(=O)c2ccccc21,-7.0463600735
Cc1cc(C(C)(C)C)c(O)c(C)c1Cn1c(=O)n(Cc2c(C)cc(C(C)(C)C)c(O)c2C)c(=O)n(Cc2c(C)cc(C(C)(C)C)c(O)c2C)c1=O,O=c1n(Cc2ccccc2)c(=O)n(Cc2ccccc2)c(=O)n1Cc1ccccc1,-7.5440264742
CCc1cc(C)cc(CC)c1Nc1ccc(Nc2c(CC)cc(C)cc2CC)c2c1C(=O)c1ccccc1C2=O,O=C1c2ccccc2C(=O)c2c(Nc3ccccc3)ccc(Nc3ccccc3)c21,-7.423828912
CCc1cccc(C)c1Nc1ccc(Nc2c(C)cccc2CC)c2c1C(=O)c1ccccc1C2=O,O=C1c2ccccc2C(=O)c2c(Nc3ccccc3)ccc(Nc3ccccc3)c21,-7.3753013985
O=c1c2cccc3cccc(c32)c2nc3cccc4cccc(c43)n12,O=c1c2cccc3cccc(c32)c2nc3cccc4cccc(c43)n12,-7.204596088300001
CCCCCCCCSCc1cc(C)c(O)c(CSCCCCCCCC)c1,c1ccccc1,-7.3271136165
CCCCCCCCSc1nc(Nc2cc(C(C)(C)C)c(O)c(C(C)(C)C)c2)nc(SCCCCCCCC)n1,c1ccc(Nc2ncncn2)cc1,-7.469064653099999
CCCCCCCCCCCCCCCCOC(C)=O,,-7.397152994400001
CCCCC(CC)COC(=O)CCC(=O)OCC(CC)CCCC,,-7.835715931
CC(C)(C)c1cc(Cc2cc(C(C)(C)C)c(O)c(C(C)(C)C)c2)cc(C(C)(C)C)c1O,c1ccc(Cc2ccccc2)cc1,-8.6280505595
CCCCCCCC(=O)OOC(=O)CCCCCCC,,-7.6118931699
BrC1CC(Br)CC(Br)CC(Br)CC(Br)CC(Br)C1,C1CCCCCCCCCCC1,-6.9904281999
c1ccc2cc3ccccc3cc2c1,c1ccc2cc3ccccc3cc2c1,-6.4448105798
O=C(Nc1cc(Cl)c(NC(=O)C2=Cc3ccccc3/C(=N\Nc3cc(Cl)ccc3Cl)C2=O)cc1Cl)C1=Cc2ccccc2/C(=N/Nc2cc(Cl)ccc2Cl)C1=O,O=C(Nc1ccc(NC(=O)C2=Cc3ccccc3C(=NNc3ccccc3)C2=O)cc1)C1=Cc2ccccc2C(=NNc2ccccc2)C1=O,-8.1508681249
CCCCCCCCCCCCS,,-7.573831768200001
O=C1c2ccccc2C(=O)c2ccccc21,O=C1c2ccccc2C(=O)c2ccccc21,-6.0397604981
C=COC(=O)CCCCC(C)(C)C,,-7.1224610466
Cc1cc(O)c(C2CCCCC2)cc1C(C[C@H](C)c1cc(C2CCCCC2)c(O)cc1C)c1cc(C2CCCCC2)c(O)cc1C,c1cc(CCC(c2cccc(C3CCCCC3)c2)c2cccc(C3CCCCC3)c2)cc(C2CCCCC2)c1,-7.396502026799999
FC(F)(F)C1(F)C(F)(F)C(F)(F)C(F)(F)C(F)(C(F)(F)F)C1(F)F,C1CCCCC1,-7.602120788300001
FC1(F)C(F)(F)C(F)(F)C2(F)C(F)(F)C(F)(F)C(F)(F)C(F)(F)C2(F)C1(F)F,C1CCC2CCCCC2C1,-7.6647115323
FC(F)(F)C(F)(F)C(F)(F)C(F)(F)C(F)(F)C(F)(F)C(F)(F)C(F)(F)F,,-7.6415256675
CC(C)(C)N(Sc1nc2ccccc2s1)Sc1nc2ccccc2s1,c1ccc2sc(SNSc3nc4ccccc4s3)nc2c1,-8.3629378574
Brc1c(Br)c(Br)c(CCc2c(Br)c(Br)c(Br)c(Br)c2Br)c(Br)c1Br,c1ccc(CCc2ccccc2)cc1,-9.1299878036
CCCCC(CC)COC(=O)c1ccc(C(=O)OCC(CC)CCCC)cc1,c1ccccc1,-8.9896322186
CC(C)(C)c1ccc(O[P@]2OCC3(CO[P@@](Oc4ccc(C(C)(C)C)cc4C(C)(C)C)OC3)CO2)c(C(C)(C)C)c1,c1ccc(OP2OCC3(CO2)COP(Oc2ccccc2)OC3)cc1,-6.813060611
Cc1ccc(C(=O)OC(C)C)cc1N=Nc1c(O)c(C(=O)Nc2cc(Cl)c(NC(=O)c3cc4ccccc4c(N=Nc4cc(C(=O)OC(C)C)ccc4C)c3O)cc2Cl)cc2ccccc12,O=C(Nc1ccc(NC(=O)c2cc(N=Nc3ccccc3)c3ccccc3c2)cc1)c1cc(N=Nc2ccccc2)c2ccccc2c1,-7.0074879806
Cc1ccccc1NC(=O)C1=Cc2ccccc2/C(=N\Nc2cc(Cl)c(Cl)cc2Cl)C1=O,O=C(Nc1ccccc1)C1=Cc2ccccc2C(=NNc2ccccc2)C1=O,-7.69430966
CC(=O)C(N=Nc1ccc(C)cc1[N+](=O)[O-])C(=O)Nc1ccc(Cl)cc1,O=C(CN=Nc1ccccc1)Nc1ccccc1,-7.6052980935
COc1cc(OC)c(NC(=O)C2=Cc3ccccc3/C(=N\Nc3cc(C(=O)Nc4ccc(C(N)=O)cc4)ccc3OC)C2=O)cc1Cl,O=C(Nc1ccccc1)C1=Cc2ccccc2C(=NNc2cccc(C(=O)Nc3ccccc3)c2)C1=O,-7.8662401992
COc1cc(NC(=O)C2=Cc3ccccc3/C(=N/Nc3cc(C(=O)Nc4ccccc4)ccc3OC)C2=O)c(OC)cc1Cl,O=C(Nc1ccccc1)C1=Cc2ccccc2C(=NNc2cccc(C(=O)Nc3ccccc3)c2)C1=O,-7.8465603387
C=CC(=O)OCc1c(Br)c(Br)c(Br)c(Br)c1Br,c1ccccc1,-7.806077004
COc1ccccc1N=NC(C(C)=O)C(=O)Nc1ccc2[nH]c(=O)[nH]c2c1,O=C(CN=Nc1ccccc1)Nc1ccc2[nH]c(=O)[nH]c2c1,-7.6305993261
[P],,-6.566718008
COc1cc(NC(=O)C(N=Nc2ccc(-c3ccc(N=NC(C(C)=O)C(=O)Nc4cc(OC)c(Cl)cc4OC)c(Cl)c3)cc2Cl)C(C)=O)c(OC)cc1Cl,O=C(CN=Nc1ccc(-c2ccc(N=NCC(=O)Nc3ccccc3)cc2)cc1)Nc1ccccc1,-8.0045326037
CC1=NN(c2ccccc2)C(=O)C1N=Nc1ccccc1,O=C1C(N=Nc2ccccc2)C=NN1c1ccccc1,-7.5414466266
CCCCC(CC)COC(=O)c1c(Br)c(Br)c(Br)c(Br)c1C(=O)OCC(CC)CCCC,c1ccccc1,-5.949075231
FC(F)(F)N1C(F)(F)C(F)(F)OC(F)(F)C1(F)F,C1COCCN1,-5.5960586261000005
CCN(CC)S(=O)(=O)c1ccc(OC)c(N/N=C2/C(=O)C(C(=O)Nc3cc(Cl)c(OC)cc3OC)=Cc3ccccc32)c1,O=C(Nc1ccccc1)C1=Cc2ccccc2C(=NNc2ccccc2)C1=O,-7.9052553562
CC(=O)C(N=Nc1ccc(Cl)cc1[N+](=O)[O-])C(=O)Nc1ccccc1Cl,O=C(CN=Nc1ccccc1)Nc1ccccc1,-7.721757870399999
CNS(=O)(=O)c1cc(OC)c(N/N=C2\C(=O)C(C(=O)Nc3ccc4[nH]c(=O)[nH]c4c3)=Cc3ccccc32)cc1OC,O=C(Nc1ccc2[nH]c(=O)[nH]c2c1)C1=Cc2ccccc2C(=NNc2ccccc2)C1=O,-7.8916361395
O=c1c2ccc3c4c(ccc(c24)c2nc4ccccc4n12)c(=O)n1c2ccccc2nc31,O=c1c2ccc3c4c(ccc(c24)c2nc4ccccc4n12)c(=O)n1c2ccccc2nc31,-7.7579945848
Cc1cc(C)c(Nc2ccc(Nc3c(C)cc(C)cc3C)c3c2C(=O)c2ccccc2C3=O)c(C)c1,O=C1c2ccccc2C(=O)c2c(Nc3ccccc3)ccc(Nc3ccccc3)c21,-7.8250730454
CC(C)C1CCCCC1,C1CCCCC1,-5.3116265943
CCCCCCCCCCCCCCCCCCn1c(=O)c2ccc3sc4ccccc4c4ccc(c1=O)c2c34,O=c1[nH]c(=O)c2ccc3c4ccccc4sc4ccc1c2c43,-7.966789170299999
CCC(C)CCCC(C)CCCC(C)C,,-6.61539022
CCN1C(=O)C(C#N)=C(C)/C(=N/Nc2ccccc2[N+](=O)[O-])C1=O,O=C1C=CC(=NNc2ccccc2)C(=O)N1,-6.815976001
CC(=O)C(N=Nc1cc(C(=O)Nc2cc(Cl)ccc2C)ccc1Cl)C(=O)Nc1cc(C)c(NC(=O)C(N=Nc2cc(C(=O)Nc3cc(Cl)ccc3C)ccc2Cl)C(C)=O)cc1C,O=C(CN=Nc1cccc(C(=O)Nc2ccccc2)c1)Nc1ccc(NC(=O)CN=Nc2cccc(C(=O)Nc3ccccc3)c2)cc1,-7.263233538400001
CCCC(Cl)CCCC(Cl)CCC(Cl)CCC(Cl)CCC(Cl)CCCC(Cl)CCC,,-7.9658105639
Cc1ccccc1OP(Oc1ccccc1C)Oc1ccccc1C,c1ccc(OP(Oc2ccccc2)Oc2ccccc2)cc1,-7.779843060399999
Cc1ccc2[nH]c3cc4c(=O)c5cc(C)ccc5[nH]c4cc3c(=O)c2c1,O=c1c2ccccc2[nH]c2cc3c(=O)c4ccccc4[nH]c3cc12,-7.7837785588
O=C(Nc1ccccc1)C1=Cc2ccccc2/C(=N\Nc2cc(Cl)ccc2Cl)C1=O,O=C(Nc1ccccc1)C1=Cc2ccccc2C(=NNc2ccccc2)C1=O,-7.9073894624
CC(=O)C(N=Nc1ccc(-c2ccc(N=NC(C(C)=O)C(=O)Nc3ccc(C)cc3)c(Cl)c2)cc1Cl)C(=O)Nc1ccc(C)cc1,O=C(CN=Nc1ccc(-c2ccc(N=NCC(=O)Nc3ccccc3)cc2)cc1)Nc1ccccc1,-8.1019307222
O=C(c1ccc(Oc2ccccc2)cc1)c1ccc(C(=O)c2ccc(Oc3ccccc3)cc2)cc1,O=C(c1ccc(Oc2ccccc2)cc1)c1ccc(C(=O)c2ccc(Oc3ccccc3)cc2)cc1,-7.973611776
COc1ccc(/C=C2/N=C(c3ccc(C4=N/C(=C/c5ccc(OC)cc5)C(=O)O4)cc3)OC2=O)cc1,O=C1OC(c2ccc(C3=NC(=Cc4ccccc4)C(=O)O3)cc2)=NC1=Cc1ccccc1,-6.9835711537
CCOC(=O)c1ccc2sc3ccccc3c(=O)c2c1,O=c1c2ccccc2sc2ccccc12,-6.756602506799999
CCCCC(CC)COC(=O)C1CCC(C(=O)OCC(CC)CCCC)CC1,C1CCCCC1,-6.926267992300001
CC(C)CCCCCCCCCCCCCCCOC(=O)CCCCCCCCCCCCCCC(C)C,,-7.0864973463
CC1CCCCCCCCCCCCC(=O)C1,O=C1CCCCCCCCCCCCCC1,-5.7438651202
CC(C)c1ccc(C(C)C)cc1,c1ccccc1,-6.6027992709
CC1=NN(c2ccccc2)C(=O)/C1=C/C1C(=O)N(c2ccccc2)N=C1C,O=C1C(=CC2C=NN(c3ccccc3)C2=O)C=NN1c1ccccc1,-7.8822713548
Cc1cc([N+](=O)[O-])ccc1N/N=C1\C(=O)C(C(=O)Nc2ccccc2C)=Cc2ccccc21,O=C(Nc1ccccc1)C1=Cc2ccccc2C(=NNc2ccccc2)C1=O,-7.981147656799999
CC1=NN(c2ccccc2)C(=O)/C1=N/Nc1ccc(-c2ccc(N/N=C3/C(=O)N(c4ccccc4)N=C3C)c(Cl)c2)cc1Cl,O=C1C(=NNc2ccc(-c3ccc(NN=C4C=NN(c5ccccc5)C4=O)cc3)cc2)C=NN1c1ccccc1,-8.1416267302
COC(=O)c1ccc(C(=O)Nc2cc(Cl)ccc2Cl)cc1N/N=C1\C(=O)C(C(=O)Nc2ccccc2OC)=Cc2ccccc21,O=C(Nc1ccccc1)C1=Cc2ccccc2C(=NNc2cccc(C(=O)Nc3ccccc3)c2)C1=O,-8.1750686223
CCCCNc1ccc(NCCCC)c2c1C(=O)c1ccccc1C2=O,O=C1c2ccccc2C(=O)c2ccccc21,-7.9318570783
C/C(=C\CO)CCC[C@H](C)CCC[C@H](C)CCCC(C)C,,-4.8617411072
CCCCCCCCCCCCCCCCCCCN,,-5.8571242399
S=P(Oc1ccccc1)(Oc1ccccc1)Oc1ccccc1,S=P(Oc1ccccc1)(Oc1ccccc1)Oc1ccccc1,-6.9546943469
O=C(Cn1cnc([N+](=O)[O-])n1)Nc1cc(C(F)(F)F)ccc1Cl,O=C(Cn1cncn1)Nc1ccccc1,-5.968106766699999
CC(C)(C)CCCCC1(C(=O)OC(C)(C)CC(C)(C)C)OO1,C1OO1,-6.9712344191
O=c1c2ccccc2[nH]c2cc3c(=O)c4c(Cl)c(Cl)ccc4[nH]c3cc12,O=c1c2ccccc2[nH]c2cc3c(=O)c4ccccc4[nH]c3cc12,-7.0666256459
N#CCCN(CCC#N)c1ccc(N=Nc2c(Cl)cc([N+](=O)[O-])cc2Cl)cc1,c1ccc(N=Nc2ccccc2)cc1,-7.115252612100001
CCCCC(CC)C(=O)OOC(C)(C)CC(C)(C)C,,-5.9495319098
CC(C)CCC[C@@H](C)[C@H]1CC[C@H]2[C@@H]3CC=C4C[C@@H](O)CC[C@]4(C)[C@H]3CC[C@]12C,C1=C2CCCCC2C2CCC3CCCC3C2C1,-7.1001953639
FC(F)(F)C(F)(F)C(F)(F)C(F)(F)C(F)(F)C(F)(F)CCI,,-7.1886381337000005
CC(C)C(C)(C)C(C)(C)C(C)(C)S,,-7.7118329776
COc1ccc(C(=O)Nc2ccccc2)cc1N/N=C1\C(=O)C(C(=O)Nc2cc(Cl)ccc2OC)=Cc2ccccc21,O=C(Nc1ccccc1)C1=Cc2ccccc2C(=NNc2cccc(C(=O)Nc3ccccc3)c2)C1=O,-8.1844134651
Nc1c(OCCOC(=O)Oc2ccccc2)cc(O)c2c1C(=O)c1ccccc1C2=O,O=C(OCCOc1ccc2c(c1)C(=O)c1ccccc1C2=O)Oc1ccccc1,-8.0544153113
CCCCCCCCCCCCCCCCCCCCCC(=O)OCC(CO)(CO)COC(=O)CCCCCCCCCCCCCCCCCCCCC,,-8.3487503358
CC1=NN(c2ccc(C)cc2)C(=O)C1N=Nc1ccc(-c2ccc(N=NC3C(=O)N(c4ccc(C)cc4)N=C3C)c(Cl)c2)cc1Cl,O=C1C(N=Nc2ccc(-c3ccc(N=NC4C=NN(c5ccccc5)C4=O)cc3)cc2)C=NN1c1ccccc1,-8.2698850372
O=c1c2ccccc2c2ccc3sc4ccccc4c4ccc1c2c34,O=c1c2ccccc2c2ccc3sc4ccccc4c4ccc1c2c34,-7.9828073074
CC(=O)OCCOc1ccc(C(C)(C)c2ccc(OCCOC(C)=O)cc2)cc1,c1ccc(Cc2ccccc2)cc1,-8.0585030279
CNS(=O)(=O)c1cc(OC)c(N/N=C2\C(=O)C(C(=O)Nc3ccc4[nH]c(=O)[nH]c4c3)=Cc3ccccc32)cc1C,O=C(Nc1ccc2[nH]c(=O)[nH]c2c1)C1=Cc2ccccc2C(=NNc2ccccc2)C1=O,-8.2171679788
O=C1C=Cc2ccccc2/C1=N/Nc1ccc([N+](=O)[O-])cc1Cl,O=C1C=Cc2ccccc2C1=NNc1ccccc1,-7.9969982826
Cc1ccc(N/N=C2\C(=O)C=Cc3ccccc32)c([N+](=O)[O-])c1,O=C1C=Cc2ccccc2C1=NNc1ccccc1,-7.9690613395
CCCCOC(=O)c1ccccc1N/N=C1\C(=O)C(C(=O)Nc2ccc3[nH]c(=O)[nH]c3c2)=Cc2ccccc21,O=C(Nc1ccc2[nH]c(=O)[nH]c2c1)C1=Cc2ccccc2C(=NNc2ccccc2)C1=O,-8.2138073561
CC(C)CCCCCCCCCCCCCCC(=O)OCC(COC(=O)CCCCCCCCCCCCCCC(C)C)OC(=O)CCCCCCCCCCCCCCC(C)C,,-8.4587601408
CCCCC(CC)COC(=O)c1ccc(C(=O)OCC(CC)CCCC)c(C(=O)OCC(CC)CCCC)c1,c1ccccc1,-8.2520983426
COc1ccccc1NC(=O)C1=Cc2ccccc2/C(=N/Nc2ccc(C(N)=O)cc2)C1=O,O=C(Nc1ccccc1)C1=Cc2ccccc2C(=NNc2ccccc2)C1=O,-8.1667842337
CCCCC(CC)C(=O)OOC(C)(C)CCC(C)(C)OOC(=O)C(CC)CCCC,,-7.188496044500001
Cc1cc(O)c(C(C)(C)C)cc1Sc1cc(C(C)(C)C)c(O)cc1C,c1ccc(Sc2ccccc2)cc1,-7.112066324
CC(C)(c1cc(Br)c(OCC2CO2)c(Br)c1)c1cc(Br)c(OCC2CO2)c(Br)c1,c1cc(OCC2CO2)ccc1Cc1ccc(OCC2CO2)cc1,-7.3953018986
CC(=O)Nc1ccc(NC(=O)C2=Cc3ccccc3/C(=N/Nc3cc(C(N)=O)ccc3Cl)C2=O)cc1,O=C(Nc1ccccc1)C1=Cc2ccccc2C(=NNc2ccccc2)C1=O,-7.304443806799999
C=C(C#N)C(=O)OCC,,-6.717139790499999
Nc1ccc(-c2ccc(N)c3c2C(=O)c2ccccc2C3=O)c2c1C(=O)c1ccccc1C2=O,O=C1c2ccccc2C(=O)c2c1cccc2-c1cccc2c1C(=O)c1ccccc1C2=O,-6.293710562799999
CCCCC(CC)COC(=O)OOC(C)(C)CC,,-6.088238680599999
CCOC(F)(C(F)(F)C(F)(F)C(F)(F)F)C(F)(C(F)(F)F)C(F)(F)F,,-7.2887340171
CCCCCCCCCCCCCCCCCCOC(=O)CCc1cc(C(C)(C)C)c(O)c(C(C)(C)C)c1,c1ccccc1,-8.2701498682
CC(=O)C(N=Nc1cc(Cl)c(-c2cc(Cl)c(N=NC(C(C)=O)C(=O)Nc3ccc(C)cc3C)cc2Cl)cc1Cl)C(=O)Nc1ccc(C)cc1C,O=C(CN=Nc1ccc(-c2ccc(N=NCC(=O)Nc3ccccc3)cc2)cc1)Nc1ccccc1,-8.4626870474
COc1ccccc1NC(=O)C(N=Nc1ccc(-c2ccc(N=NC(C(C)=O)C(=O)Nc3ccccc3OC)c(Cl)c2)cc1Cl)C(C)=O,O=C(CN=Nc1ccc(-c2ccc(N=NCC(=O)Nc3ccccc3)cc2)cc1)Nc1ccccc1,-8.4235961938
O=S(=O)(O)c1ccccc1N=C1C=CC(=C(c2ccc(Nc3ccccc3)cc2)c2ccc(Nc3ccccc3)cc2)C=C1,C1=CC(=C(c2ccc(Nc3ccccc3)cc2)c2ccc(Nc3ccccc3)cc2)C=CC1=Nc1ccccc1,-8.3771050883
COCCOCCCn1c(=O)c2c(N)c3c(=O)c4ccccc4c(=O)c3c(N)c2c1=O,O=c1[nH]c(=O)c2cc3c(=O)c4ccccc4c(=O)c3cc12,-8.2650486602
Nc1c(Oc2ccccc2)c(Oc2ccccc2)c(N)c2c1C(=O)c1ccccc1C2=O,O=C1c2ccccc2C(=O)c2cc(Oc3ccccc3)c(Oc3ccccc3)cc21,-8.2716565948
CCOC(=O)C1=NN(c2ccccc2)C(=O)C1N=Nc1ccc(-c2ccc(N=NC3C(=O)N(c4ccccc4)N=C3C(=O)OCC)c(Cl)c2)cc1Cl,O=C1C(N=Nc2ccc(-c3ccc(N=NC4C=NN(c5ccccc5)C4=O)cc3)cc2)C=NN1c1ccccc1,-8.5265601286
C=C(C)C(=O)OCCCCCCCC(C)C,,-6.0559466089
COc1ccccc1NC(=O)C(N=Nc1ccc(Cl)cc1[N+](=O)[O-])C(C)=O,O=C(CN=Nc1ccccc1)Nc1ccccc1,-7.3063783536
O=C(Nc1cc(Cl)c(NC(=O)C2=Cc3ccccc3/C(=N\Nc3cc(C(F)(F)F)ccc3Cl)C2=O)cc1Cl)C1=Cc2ccccc2/C(=N/Nc2cc(C(F)(F)F)ccc2Cl)C1=O,O=C(Nc1ccc(NC(=O)C2=Cc3ccccc3C(=NNc3ccccc3)C2=O)cc1)C1=Cc2ccccc2C(=NNc2ccccc2)C1=O,-7.6922433716
Cc1cccc(Cc2ccccc2)c1Cc1ccccc1,c1ccc(Cc2ccccc2Cc2ccccc2)cc1,-7.179920248999999
CC(=O)C(N=Nc1ccccc1C(=O)O)C(=O)Nc1ccc2[nH]c(=O)[nH]c2c1,O=C(CN=Nc1ccccc1)Nc1ccc2[nH]c(=O)[nH]c2c1,-7.330901470700001
CC(=O)C(N=Nc1ccccc1OCCOc1ccccc1N=NC(C(C)=O)C(=O)Nc1ccc2[nH]c(=O)[nH]c2c1)C(=O)Nc1ccc2[nH]c(=O)[nH]c2c1,O=C(CN=Nc1ccccc1OCCOc1ccccc1N=NCC(=O)Nc1ccc2[nH]c(=O)[nH]c2c1)Nc1ccc2[nH]c(=O)[nH]c2c1,-7.634485568300001
O=C(Nc1ccc2[nH]c(=O)[nH]c2c1)C1=Cc2ccccc2/C(=N/Nc2cc(Cl)ccc2Cl)C1=O,O=C(Nc1ccc2[nH]c(=O)[nH]c2c1)C1=Cc2ccccc2C(=NNc2ccccc2)C1=O,-7.461800321799999
C1CCCCCCCCCCC1,C1CCCCCCCCCCC1,-7.0220260604
CCCCCCOC(=O)c1ccccc1C(=O)c1ccc(N(CC)CC)cc1O,O=C(c1ccccc1)c1ccccc1,-7.3952335385
CCCCOC(=O)C1C(C(=O)OCCCC)C2(Cl)C(Cl)=C(Cl)C1(Cl)C2(Cl)Cl,C1=CC2CCC1C2,-7.5095589026
O=C1c2ccccc2C2=Nc3cccc4cccc(c34)N12,O=C1c2ccccc2C2=Nc3cccc4cccc(c34)N12,-7.255740326000001
O=c1c2cc(Cl)ccc2[nH]c2cc3c(=O)c4cc(Cl)ccc4[nH]c3cc12,O=c1c2ccccc2[nH]c2cc3c(=O)c4ccccc4[nH]c3cc12,-7.4198053963
CC(=O)C(N=Nc1ccccc1C(F)(F)F)C(=O)Nc1ccc2[nH]c(=O)[nH]c2c1,O=C(CN=Nc1ccccc1)Nc1ccc2[nH]c(=O)[nH]c2c1,-7.455526832999999
Cc1ccc(C(=O)OCCCl)cc1N/N=C1/C(=O)C(C(=O)Nc2cc(C)c(NC(=O)C3=Cc4ccccc4/C(=N/Nc4c(C)cccc4C(=O)OCCCl)C3=O)cc2C)=Cc2ccccc21,O=C(Nc1ccc(NC(=O)C2=Cc3ccccc3C(=NNc3ccccc3)C2=O)cc1)C1=Cc2ccccc2C(=NNc2ccccc2)C1=O,-7.814241028500001
CC(=O)C(N=Nc1ccc(Cl)cc1[N+](=O)[O-])C(=O)Nc1ccc2[nH]c(=O)[nH]c2c1,O=C(CN=Nc1ccccc1)Nc1ccc2[nH]c(=O)[nH]c2c1,-7.473779876699999
C=C(C)C(=O)OCCCCCCCCCCOC(=O)C(=C)C,,-6.3502060506
O=c1c2cc3[nH]c4c(Cl)cccc4c(=O)c3cc2[nH]c2c(Cl)cccc12,O=c1c2ccccc2[nH]c2cc3c(=O)c4ccccc4[nH]c3cc12,-6.4573217576
CC(=O)C(N=Nc1ccc(C)cc1[N+](=O)[O-])C(=O)Nc1ccccc1,O=C(CN=Nc1ccccc1)Nc1ccccc1,-7.4179683662
CCCCCCCCCC(=O)OOC(=O)CCCCCCCCC,,-6.4497523604
Cc1ccccc1NC(=O)C1=Cc2ccccc2/C(=N/Nc2ccc(Cl)cc2[N+](=O)[O-])C1=O,O=C(Nc1ccccc1)C1=Cc2ccccc2C(=NNc2ccccc2)C1=O,-7.5632144901
CCOc1ccccc1NC(=O)C1=Cc2ccccc2/C(=N\Nc2ccc(C(N)=O)cc2)C1=O,O=C(Nc1ccccc1)C1=Cc2ccccc2C(=NNc2ccccc2)C1=O,-7.581973548400001
Cc1ccc([N+](=O)[O-])cc1N/N=C1\C(=O)C(C(=O)Nc2ccccc2)=Cc2ccccc21,O=C(Nc1ccccc1)C1=Cc2ccccc2C(=NNc2ccccc2)C1=O,-7.5579677799
CC(=O)C(N=Nc1ccc([N+](=O)[O-])cc1)C(=O)Nc1ccc2[nH]c(=O)[nH]c2c1,O=C(CN=Nc1ccccc1)Nc1ccc2[nH]c(=O)[nH]c2c1,-7.5255403409
O=C(Nc1ccc(NC(=O)C2=Cc3ccccc3/C(=N\Nc3cc(Cl)ccc3Cl)C2=O)c(Cl)c1)C1=Cc2ccccc2/C(=N\Nc2cc(Cl)ccc2Cl)C1=O,O=C(Nc1ccc(NC(=O)C2=Cc3ccccc3C(=NNc3ccccc3)C2=O)cc1)C1=Cc2ccccc2C(=NNc2ccccc2)C1=O,-7.869298263099999
C=C(C)C(=O)OCCCCCCCCCCCCOC(=O)C(=C)C,,-7.484220297999999
CC(=O)C(N=Nc1ccc(C(=O)Nc2ccc(C(N)=O)cc2)cc1)C(=O)Nc1ccc2[nH]c(=O)[nH]c2c1,O=C(CN=Nc1ccc(C(=O)Nc2ccccc2)cc1)Nc1ccc2[nH]c(=O)[nH]c2c1,-6.672808805599999
CCOc1ccc(NC(=O)C(N=Nc2ccc(-c3ccc(N=NC(C(C)=O)C(=O)Nc4ccc(OCC)cc4)c(Cl)c3)cc2Cl)C(C)=O)cc1,O=C(CN=Nc1ccc(-c2ccc(N=NCC(=O)Nc3ccccc3)cc2)cc1)Nc1ccccc1,-7.830582616799999
S=C(SSSSSSC(=S)N1CCCCC1)N1CCCCC1,S=C(SSSSSSC(=S)N1CCCCC1)N1CCCCC1,-7.6317322062
O=c1c2ccccc2[nH]c2cc3c(=O)c4ccccc4[nH]c3cc12,O=c1c2ccccc2[nH]c2cc3c(=O)c4ccccc4[nH]c3cc12,-7.481773695499999
CC(=O)C(N=Nc1cc(C(=O)Nc2cccc(Cl)c2C)ccc1Cl)C(=O)Nc1cc(Cl)c(NC(=O)C(N=Nc2cc(C(=O)Nc3cccc(Cl)c3C)ccc2Cl)C(C)=O)cc1C,O=C(CN=Nc1cccc(C(=O)Nc2ccccc2)c1)Nc1ccc(NC(=O)CN=Nc2cccc(C(=O)Nc3ccccc3)c2)cc1,-7.9717711074
COc1ccc(C(=O)Nc2ccccc2)cc1N/N=C1\C(=O)C(C(=O)Nc2cc(Cl)ccc2C)=Cc2ccccc21,O=C(Nc1ccccc1)C1=Cc2ccccc2C(=NNc2cccc(C(=O)Nc3ccccc3)c2)C1=O,-7.7520707385
CCCCCCCCOC(=O)c1ccccc1C(=O)OCc1ccccc1,O=C(OCc1ccccc1)c1ccccc1,-8.2876520693
COc1ccc(N=NC(C(C)=O)C(=O)Nc2ccccc2OC)c([N+](=O)[O-])c1,O=C(CN=Nc1ccccc1)Nc1ccccc1,-8.3082430527
COc1ccc(C(=O)Nc2ccccc2)cc1N/N=C1\C(=O)C(C(=O)Nc2ccc3[nH]c(=O)[nH]c3c2)=Cc2ccccc21,O=C(Nc1ccc2[nH]c(=O)[nH]c2c1)C1=Cc2ccccc2C(=NNc2cccc(C(=O)Nc3ccccc3)c2)C1=O,-8.4790833317
CC(C)(C)CC(C)(C)N(c1ccccc1)c1cccc2ccccc12,c1ccc(Nc2cccc3ccccc23)cc1,-8.2900385416
COc1ccccc1NC(=O)C1=Cc2ccccc2/C(=N\Nc2cc(Cl)ccc2Cl)C1=O,O=C(Nc1ccccc1)C1=Cc2ccccc2C(=NNc2ccccc2)C1=O,-8.4645677849
CC(C)(C)c1cc(CCC(=O)OCCNC(=O)C(=O)NCCOC(=O)CCc2cc(C(C)(C)C)c(O)c(C(C)(C)C)c2)cc(C(C)(C)C)c1O,O=C(CCc1ccccc1)OCCNC(=O)C(=O)NCCOC(=O)CCc1ccccc1,-8.6670954079
CCCCCCCCCCCCCCCCCC(=O)OC(CCCCCC)CCCCCCCCCCC(=O)OCCCCCCCCCCCCCC(C)C,,-8.755372465299999
Cc1c(C)c2c(c(C)c1O)CC[C@@](C)(CCC[C@H](C)CCC[C@H](C)CCCC(C)C)O2,c1ccc2c(c1)CCCO2,-8.520248661
Cc1c(O)cc2c(c1C)OC(C)(CCCC(C)CCCC(C)CCCC(C)C)CC2,c1ccc2c(c1)CCCO2,-8.5058697258
CCCCCCCC/C=C\CCCCCCCC(=O)OCC(CC)(CO)COC(=O)CCCCCCC/C=C\CCCCCCCC,,-8.7211960386
CC(=O)C(N=Nc1ccc(-c2ccc(N=NC(C(C)=O)C(=O)Nc3ccccc3C)c(Cl)c2)cc1Cl)C(=O)Nc1ccccc1C,O=C(CN=Nc1ccc(-c2ccc(N=NCC(=O)Nc3ccccc3)cc2)cc1)Nc1ccccc1,-8.9148440789
CCCCC(CC)CNS(=O)(=O)c1ccc(N=Nc2c(C)c(C#N)c(=O)n(CCCC)c2O)cc1,O=c1ccc(N=Nc2ccccc2)c[nH]1,-8.797313426799999
O=C(Nc1cccc2c(NC(=O)C3=Cc4ccccc4/C(=N\Nc4cccc(Cl)c4Cl)C3=O)cccc12)C1=Cc2ccccc2/C(=N/Nc2cccc(Cl)c2Cl)C1=O,O=C(Nc1cccc2c(NC(=O)C3=Cc4ccccc4C(=NNc4ccccc4)C3=O)cccc12)C1=Cc2ccccc2C(=NNc2ccccc2)C1=O,-9.227651248
CC(=O)C(N=Nc1ccc(-c2ccc(N=NC(C(C)=O)C(=O)Nc3ccccc3)c(Cl)c2)cc1Cl)C(=O)Nc1ccccc1,O=C(CN=Nc1ccc(-c2ccc(N=NCC(=O)Nc3ccccc3)cc2)cc1)Nc1ccccc1,-9.1969385027
FC(F)(F)C(F)(F)C(F)(F)N(C(F)(F)C(F)(F)C(F)(F)F)C(F)(F)C(F)(F)C(F)(F)F,,-9.1359660934
CC(=O)C(N=Nc1ccc(-c2ccc(N=NC(C(C)=O)C(=O)Nc3ccc(C)cc3C)c(Cl)c2)cc1Cl)C(=O)Nc1ccc(C)cc1C,O=C(CN=Nc1ccc(-c2ccc(N=NCC(=O)Nc3ccccc3)cc2)cc1)Nc1ccccc1,-9.2920103659
CCOC(=O)OCCOc1cc(O)c2c(c1N)C(=O)c1ccccc1C2=O,O=C1c2ccccc2C(=O)c2ccccc21,-9.2195295624
CC(C)(c1cc(Br)c(OCC(Br)CBr)c(Br)c1)c1cc(Br)c(OCC(Br)CBr)c(Br)c1,c1ccc(Cc2ccccc2)cc1,-9.8164351053
CC(C)CCCCCCCCCCCCCCCOC(=O)CC(O)C(=O)OCCCCCCCCCCCCCCCC(C)C,,-7.992627598799999
CCCCCCCCCCOC(=O)C(CC)CCCC,,-8.1939864578
CC(CCOC(=O)CC(C)CC(C)(C)C)CC(C)(C)C,,-8.2779665867
CCCCCCCCCCCCCCCCCC(=O)OCCCCCCCCCCCCCC,,-8.983050454099999
CCCCCCCC(=O)CC(=O)c1ccccc1,c1ccccc1,-5.8836966949
Cc1cc(Cl)cc2c1C(=O)/C(=C1/Sc3cc(Cl)cc(C)c3C1=O)S2,O=C1C(=C2Sc3ccccc3C2=O)Sc2ccccc21,-7.9319837821
COc1ccc(N/N=C2\C(=O)C=Cc3ccccc32)c([N+](=O)[O-])c1,O=C1C=Cc2ccccc2C1=NNc1ccccc1,-7.9911025111
Cc1cc(Cc2cc(C)cc(C3(C)CCCCC3)c2O)c(O)c(C2(C)CCCCC2)c1,c1cc(Cc2cccc(C3CCCCC3)c2)cc(C2CCCCC2)c1,-8.146786216599999
O=c1c2cc(Br)c3cccc4c(=O)c5cc(Br)c6cccc1c6c5-c2c34,O=c1c2ccc3cccc4c(=O)c5ccc6cccc1c6c5-c2c34,-7.6331990421
Cc1cc2c(cc1NNC1C(=O)NC(=O)NC1=O)=NC(=O)N=2,O=C1N=c2ccc(NNC3C(=O)NC(=O)NC3=O)cc2=N1,-6.4891402338
Cc1ccc(Nc2nc(Nc3ccc(C)cc3)c(N=Nc3ccccc3C(F)(F)F)c(C)c2C#N)cc1,c1ccc(N=Nc2ccc(Nc3ccccc3)nc2Nc2ccccc2)cc1,-7.7171571443
CN1C(=O)c2ccc3c4ccc5c6c(ccc(c7ccc(c2c37)C1=O)c64)C(=O)N(C)C5=O,O=C1NC(=O)c2ccc3c4ccc5c6c(ccc(c7ccc1c2c73)c64)C(=O)NC5=O,-7.7185099927
COCCCN1C(=O)c2ccc3c(=O)n4c5ccc(C)cc5nc4c4ccc(c2c34)C1=O,O=C1NC(=O)c2ccc3c4c2c1ccc4c(=O)n1c2ccccc2nc31,-6.7715099068
O=C(N=NNc1cc(Cl)c(-c2ccc(-c3cc(Cl)c(NN=NC(=O)c4cc5ccccc5cc4O)cc3Cl)cc2)cc1Cl)c1cc2ccccc2cc1O,O=C(N=NNc1ccc(-c2ccc(-c3ccc(NN=NC(=O)c4ccc5ccccc5c4)cc3)cc2)cc1)c1ccc2ccccc2c1,-8.0871707055
CCCCCCCOCC(COCCCCCCC)(COCCCCCCC)COCCCCCCC,,-7.94522478
C=CCN(CC=C)c1cc(NC(C)=O)c(N=Nc2c(Br)cc([N+](=O)[O-])cc2[N+](=O)[O-])cc1OC,c1ccc(N=Nc2ccccc2)cc1,-7.0093328393
O=C1/C(=C2/Nc3ccccc3C2=O)Nc2ccccc21,O=C1C(=C2Nc3ccccc3C2=O)Nc2ccccc21,-6.7197753001
CCCCCCCCCCCCCC(=O)OC(C)C,,-6.733128222
CCCCCCCCCc1cccc(Nc2cccc(CCCCCCCCC)c2)c1,c1ccc(Nc2ccccc2)cc1,-7.9260469847
CCOC(=O)C(C#N)=C(c1ccccc1)c1ccccc1,C=C(c1ccccc1)c1ccccc1,-7.7440158853
CC(C)(C)c1cc(CCC(=O)OCCCCCCOC(=O)CCc2cc(C(C)(C)C)c(O)c(C(C)(C)C)c2)cc(C(C)(C)C)c1O,O=C(CCc1ccccc1)OCCCCCCOC(=O)CCc1ccccc1,-8.1064832759
CC(C)(C)c1ccc(OP(Oc2ccc(C(C)(C)C)cc2C(C)(C)C)Oc2ccc(C(C)(C)C)cc2C(C)(C)C)c(C(C)(C)C)c1,c1ccc(OP(Oc2ccccc2)Oc2ccccc2)cc1,-8.1118919859
COC(=O)CCN(CCC(=O)OC)c1ccc(N=Nc2c(Cl)cc([N+](=O)[O-])cc2Br)cc1,c1ccc(N=Nc2ccccc2)cc1,-7.1002216252
COc1cc(N=Nc2ccc([N+](=O)[O-])cc2)ccc1NN=C1C=CC(=O)C=C1,O=C1C=CC(=NNc2ccc(N=Nc3ccccc3)cc2)C=C1,-6.9639720065
CC(=O)OCCN(CCC#N)c1ccc(N=Nc2c(Cl)cc([N+](=O)[O-])cc2Cl)cc1,c1ccc(N=Nc2ccccc2)cc1,-7.0514245951
CCCC(c1cc(C(C)(C)C)c(O)cc1C)c1cc(C(C)(C)C)c(O)cc1C,c1ccc(Cc2ccccc2)cc1,-7.9806713528
CCCCCCCCCCCCCCCCCCOC(=O)CCSCCC(=O)OCCCCCCCCCCCCCCCCCC,,-8.2324757883
CCCCC(CC)COC(=O)/C=C\C(=O)OCC(CC)CCCC,,-6.9758197173
CCN(CC)c1ccc(N=Nc2c(Cl)cc([N+](=O)[O-])cc2[N+](=O)[O-])c(NC(C)=O)c1,c1ccc(N=Nc2ccccc2)cc1,-7.1158852536
N#CCCN(CCOC(=O)c1ccccc1)c1ccc(N=Nc2ccc([N+](=O)[O-])cc2)cc1,O=C(OCCNc1ccc(N=Nc2ccccc2)cc1)c1ccccc1,-7.1697361359
CCN(CC)c1ccc(N=Nc2c(C#N)cc([N+](=O)[O-])cc2C#N)c(NC(C)=O)c1,c1ccc(N=Nc2ccccc2)cc1,-8.1027530485
CCCCCCCCCCCC(=O)OCC(C)C,,-7.9318475776
CCCCCCCC/C=C/CCCCCCCC(=O)OCCC(C)C,,-8.0701647483
O=S(=O)(F)C(F)(F)C(F)(F)C(F)(F)C(F)(F)F,,-6.0423843487
Fc1ccc(Cc2ccc(F)cc2)cc1,c1ccc(Cc2ccccc2)cc1,-6.912156136599999
CC(=O)C(N=Nc1cc(C(=O)Nc2cc(C(F)(F)F)ccc2Oc2ccc(Cl)cc2)ccc1Cl)C(=O)Nc1cc(Cl)c(NC(=O)C(N=Nc2cc(C(=O)Nc3cc(C(F)(F)F)ccc3Oc3ccc(Cl)cc3)ccc2Cl)C(C)=O)cc1C,O=C(CN=Nc1cccc(C(=O)Nc2ccccc2Oc2ccccc2)c1)Nc1ccc(NC(=O)CN=Nc2cccc(C(=O)Nc3ccccc3Oc3ccccc3)c2)cc1,-7.6916832495
COC(=O)CCN(CCC(=O)OC)c1ccc(N=Nc2ccc([N+](=O)[O-])cc2[N+](=O)[O-])c(NC(C)=O)c1,c1ccc(N=Nc2ccccc2)cc1,-7.3328313355
CC(Br)(CBr)COc1c(Br)cc(C(C)(C)c2cc(Br)c(OCC(C)(Br)CBr)c(Br)c2)cc1Br,c1ccc(Cc2ccccc2)cc1,-7.6864910333
CC(C)(C)c1ccc(OC(=O)c2cc(C(C)(C)C)c(O)c(C(C)(C)C)c2)c(C(C)(C)C)c1,O=C(Oc1ccccc1)c1ccccc1,-7.3410901182
CCN(CC)c1ccc(N=Nc2c(Br)cc([N+](=O)[O-])cc2[N+](=O)[O-])c(NC(C)=O)c1,c1ccc(N=Nc2ccccc2)cc1,-7.379569278300001
O=C(OOC(=O)c1ccc(Cl)cc1Cl)c1ccc(Cl)cc1Cl,O=C(OOC(=O)c1ccccc1)c1ccccc1,-8.2787650296
CCCCC(CC)CN(CC(CC)CCCC)CC(CC)CCCC,,-8.2475792783
O=C1c2ccc3c4ccc5c6c(ccc(c7ccc(c2c37)C(=O)N1CCc1ccccc1)c64)C(=O)N(CCc1ccccc1)C5=O,O=C1c2ccc3c4ccc5c6c(ccc(c7ccc(c2c37)C(=O)N1CCc1ccccc1)c64)C(=O)N(CCc1ccccc1)C5=O,-8.4761487948
CCCCCCCCCCCCCCCCCc1ncc[nH]1,c1c[nH]cn1,-7.214642713
C=C(C)C(=O)OCCCOc1ccc(C(C)(C)c2ccc(OCCCOC(=O)C(=C)C)cc2)cc1,c1ccc(Cc2ccccc2)cc1,-7.4564753884
CC(=O)OCCN(CCOC(C)=O)c1ccc(N=Nc2sc([N+](=O)[O-])cc2[N+](=O)[O-])cc1,c1ccc(N=Nc2cccs2)cc1,-7.547293505
O=C1c2c(Cl)c(Cl)c(Cl)c(Cl)c2C(=O)C1c1ccc2cccc(N3C(=O)c4c(Cl)c(Cl)c(Cl)c(Cl)c4C3=O)c2n1,O=C1c2ccccc2C(=O)C1c1ccc2cccc(N3C(=O)c4ccccc4C3=O)c2n1,-7.7273960926
CCN(CC)c1ccc(N=Nc2c(C#N)cc([N+](=O)[O-])cc2C#N)c(C)c1,c1ccc(N=Nc2ccccc2)cc1,-7.472819969600001
CCCCCCCCCCCCCC(=O)OCC(O)CO,,-7.397875398099999
CCN(CC)c1ccc2cc(-c3nc4cc(Cl)ccc4o3)c(=O)oc2c1,O=c1oc2ccccc2cc1-c1nc2ccccc2o1,-7.4876332175
CCCCCCCCCOC(=O)c1ccc(C(=O)OCCCCCCCCC)c(C(=O)OCCCCCCCCC)c1,c1ccccc1,-6.757182205
Cc1ccc(Cl)cc1N/N=C1\C(=O)C(C(=O)Nc2cc(C)c(NC(=O)C3=Cc4ccccc4/C(=N\Nc4cc(Cl)ccc4C)C3=O)cc2C)=Cc2ccccc21,O=C(Nc1ccc(NC(=O)C2=Cc3ccccc3C(=NNc3ccccc3)C2=O)cc1)C1=Cc2ccccc2C(=NNc2ccccc2)C1=O,-7.678196263899999
O=C1c2ccccc2C(=O)c2c(Nc3nc(Nc4cccc5c4C(=O)c4ccccc4C5=O)nc(-c4ccccc4)n3)cccc21,O=C1c2ccccc2C(=O)c2c(Nc3nc(Nc4cccc5c4C(=O)c4ccccc4C5=O)nc(-c4ccccc4)n3)cccc21,-7.77786597
CNC(=O)/C(C#N)=c1\[nH]c(=C2C(=O)NC(=O)NC2=O)c2ccccc12,C=c1[nH]c(=C2C(=O)NC(=O)NC2=O)c2ccccc12,-7.5280099033
CC1=Nn2c(nc3ccccc3c2=O)/C1=N/Nc1ccc(Cl)cc1[N+](=O)[O-],O=c1c2ccccc2nc2n1N=CC2=NNc1ccccc1,-7.5829344883
O=C1NC(=O)C(=c2[nH]c(=C3C(=O)NC(=O)NC3=O)c3ccccc23)C(=O)N1,O=C1NC(=O)C(=c2[nH]c(=C3C(=O)NC(=O)NC3=O)c3ccccc23)C(=O)N1,-7.5649937324
CC(=O)OC/C=C(C)/C=C/C=C(C)/C=C/C1=C(C)CCCC1(C)C,C1=CCCCC1,-7.5165300857
CCC(=O)OC/C=C(C)/C=C/C=C(C)/C=C/C1=C(C)CCCC1(C)C,C1=CCCCC1,-7.534689739199999
CCCCCCCCCCCCCC(=O)OCC(COC(=O)CCCCCCCCCCCCC)OC(=O)CCCCCCCCCCCCC,,-8.6470570009
CCCCCC1CCC(c2ccc(CCC)cc2)CC1,c1ccc(C2CCCCC2)cc1,-6.7725704235
CCC(C)(C)c1cc(-n2nc3ccccc3n2)c(O)c(C(C)(C)CC)c1,c1ccc(-n2nc3ccccc3n2)cc1,-8.545917916
CC(=O)C(N=Nc1ccc(-c2ccc(N=NC(C(C)=O)C(=O)NN)c(Cl)c2)c(Cl)c1)C(=O)NN,c1ccc(-c2ccccc2)cc1,-8.7052973925
O=c1c2ccccc2c(=O)c2c1ccc1c3ccc4c(=O)c5c(ccc6c7ccc8c(=O)c9ccccc9c(=O)c8c7[nH]c65)c(=O)c4c3[nH]c12,O=c1c2ccccc2c(=O)c2c1ccc1c3ccc4c(=O)c5c(ccc6c7ccc8c(=O)c9ccccc9c(=O)c8c7[nH]c65)c(=O)c4c3[nH]c12,-8.8106451034
C=C(C)C(=O)OCCCCCCCCCCCC,,-8.4055410062
C=C(C)C(=O)OCCCCCCCCCCCCCCCCCC,,-8.5296561698
O=C1c2c(O)ccc(Nc3ccccc3)c2C(=O)c2c([N+](=O)[O-])ccc(O)c21,O=C1c2ccccc2C(=O)c2c(Nc3ccccc3)cccc21,-8.6461429905
CCCCCCCCCCCCCCCCOC(=O)CCCCCCCCCCCCCCC,,-8.754650095399999
CC(C)(C)c1ccc(OC(=O)c2cc(C(C)(C)C)c(O)c(C(C)(C)C)c2)c(C2C(=O)Oc3ccc(C(C)(C)C)cc32)c1,O=C(Oc1ccccc1C1C(=O)Oc2ccccc21)c1ccccc1,-8.848512616699999
CC1=C(C#N)C(=O)N(C)C(=O)/C1=N\Nc1cccc(OS(=O)(=O)c2ccccc2)c1,O=C1C=CC(=NNc2cccc(OS(=O)(=O)c3ccccc3)c2)C(=O)N1,-8.782716219400001
CCCCC(CC)C(=O)OCC(COC(=O)C(CC)CCCC)(COC(=O)C(CC)CCCC)COC(=O)C(CC)CCCC,,-9.2047594175
CCCCCCCC/C=C/CCCCCCCCO[P+](=O)OCCCCCCCC/C=C/CCCCCCCC,,-9.5344195865
Brc1c(Br)c(Br)c(Oc2c(Br)c(Br)c(Br)c(Br)c2Br)c(Br)c1Br,c1ccc(Oc2ccccc2)cc1,-9.9818960396
CCCCCCCCCCCCCCCCCCC1CC(=O)N(CCNCCNCCNCCN2C(=O)CC(CCCCCCCCCCCCCCCCCC)C2=O)C1=O,O=C1CCC(=O)N1CCNCCNCCNCCN1C(=O)CCC1=O,-10.2347171749
ClCc1ccc(-c2ccc(CCl)cc2)cc1,c1ccc(-c2ccccc2)cc1,-10.098913562
CCC(CC)O[N+](=O)[O-],,-2.4522
O=Cc1cc(O)cc(Br)c1,c1ccccc1,-3.2502
CCC(O)(COC(N)=O)c1ccccc1,c1ccccc1,-0.9227
CC(O)C(=O)O,,1.0454
C[C@]12CC[C@@H]3c4ccc(O)cc4CC[C@H]3[C@@H]1CC[C@@H]2O,c1ccc2c(c1)CCC1C2CCC2CCCC21,-4.8789
O=C(O)c1c(Cl)cccc1Cl,c1ccccc1,-1.1309
O=C(O)c1c(Cl)ccc(Cl)c1Cl,c1ccccc1,-1.4666
O=C1CCC(N2C(=O)c3ccccc3C2=O)C(=O)N1,O=C1CCC(N2C(=O)c3ccccc3C2=O)C(=O)N1,-2.6758
COC(=O)[C@H]1[C@H]2C[C@@H]3c4[nH]c5cc(OC)ccc5c4CCN3C[C@H]2C[C@@H](OC(=O)c2cc(OC)c(OC)c(OC)c2)[C@@H]1OC,O=C(OC1CCC2CC3c4[nH]c5ccccc5c4CCN3CC2C1)c1ccccc1,-3.9208
O=C(Nc1ccc([N+](=O)[O-])cc1Cl)c1cc(Cl)ccc1O,O=C(Nc1ccccc1)c1ccccc1,-5.3106
NCCc1c[nH]c2ccc(O)cc12,c1ccc2[nH]ccc2c1,-0.945
O=C(O)c1cc(Cl)c(Cl)cc1Cl,c1ccccc1,-2.4446
O=C(O)c1ccc(Cl)cc1Cl,c1ccccc1,-2.6003
O=c1[nH]cc(Br)c(=O)[nH]1,O=c1cc[nH]c(=O)[nH]1,-2.3698
CNC[C@H](O)c1ccc(O)c(O)c1,c1ccccc1,-3.0077
CCCc1cc(=O)[nH]c(=S)[nH]1,O=c1cc[nH]c(=S)[nH]1,-2.1504
CN(CCCl)CCCl,,-1.1141
C#C[C@]1(OC(C)=O)CC[C@H]2[C@@H]3CCC4=CC(=O)CC[C@@H]4[C@H]3CC[C@@]21C,O=C1C=C2CCC3C4CCCC4CCC3C2CC1,-4.8041
CC(=O)S[C@@H]1CC2=CC(=O)CC[C@]2(C)[C@H]2CC[C@@]3(C)[C@@H](CC[C@@]34CCC(=O)O4)[C@H]12,O=C1C=C2CCC3C(CCC4C3CCC43CCC(=O)O3)C2CC1,-4.2773
S=P(N1CC1)(N1CC1)N1CC1,S=P(N1CC1)(N1CC1)N1CC1,0.0018
COP(=O)(OC)C(O)C(Cl)(Cl)Cl,,-0.3315
NC(CS)C(=O)O,,0.3597
Clc1ccc(C(c2ccccc2Cl)C(Cl)Cl)cc1,c1ccc(Cc2ccccc2)cc1,-6.5052
CN1CCC[C@H]1c1cccnc1,c1cncc(C2CCCN2)c1,0.7898
O=c1[nH]c(=O)n(C2CC(O)C(CO)O2)cc1I,O=c1ccn(C2CCCO2)c(=O)[nH]1,-2.2481
Cc1cccc(N=Nc2ccc(N(C)C)cc2)c1,c1ccc(N=Nc2ccccc2)cc1,-5.7769
CC(C)OP(=O)(F)OC(C)C,,-1.0777
Cc1cc(=O)[nH]c(=S)[nH]1,O=c1cc[nH]c(=S)[nH]1,-2.4259
NCCCC(=O)O,,1.1006
C[C@@]12C(=O)OC(=O)[C@]1(C)[C@H]1CC[C@@H]2O1,O=C1OC(=O)C2C3CCC(O3)C12,-3.8156
Nc1ncnc2c1ncn2C1OC(COP(=O)(O)OP(=O)(O)OP(=O)(O)O)C(O)C1O,c1ncc2ncn(C3CCCO3)c2n1,0.2948
CCOP(=S)(OCC)Oc1ccc2c(C)c(Cl)c(=O)oc2c1,O=c1ccc2ccccc2o1,-5.3835
NCCCCC(N)C(=O)O,,0.8351
O=P(O)(O)OCC(O)CO,,0.7643
C=CCN=C=S,,-1.6953
CN(C)N,,1.2211
CCOC(=O)C1(c2ccccc2)CCN(C)CC1,c1ccc(C2CCNCC2)cc1,-1.8861
O=C(CO)[C@@H](O)[C@H](O)[C@H](O)CO,,0.6353
OC[C@H]1O[C@@](CO)(O[C@H]2O[C@H](CO)[C@@H](O)[C@H](O)[C@H]2O)[C@@H](O)[C@@H]1O,C1CCC(OC2CCCO2)OC1,0.7878
CC(O)CO,,1.1186
C#C[C@]1(O)CC[C@H]2[C@@H]3CCc4cc(O)ccc4[C@H]3CC[C@@]21C,c1ccc2c(c1)CCC1C2CCC2CCCC21,-4.4192
NC(N)=NS(=O)(=O)c1ccc(N)cc1,c1ccccc1,-1.9885
ClC1=C(Cl)C2(Cl)C3C(Cl)C(Cl)CC3C1(Cl)C2(Cl)Cl,C1=CC2CC1C1CCCC21,-6.8644
CCC(=O)O[C@H]1CC[C@H]2[C@@H]3CCC4=CC(=O)CC[C@]4(C)[C@H]3CC[C@]12C,O=C1C=C2CCC3C4CCCC4CCC3C2CC1,-5.3669
C[C@]12CC[C@@H]3c4ccc(O)cc4CC[C@H]3[C@@H]1CC[C@H]2O,c1ccc2c(c1)CCC1C2CCC2CCCC21,-4.8441
CN=C1CN(O)C(c2ccccc2)=c2cc(Cl)ccc2=N1,N=C1CNC(c2ccccc2)=c2ccccc2=N1,-2.1757
CN1CCN(CCCN2c3ccccc3Sc3ccc(Cl)cc32)CC1,c1ccc2c(c1)Sc1ccccc1N2CCCN1CCNCC1,-4.3979
CCN(CC)C(=O)c1cccnc1,c1ccncc1,0.7490000000000001
O=c1ccc2ccccc2[nH]1,O=c1ccc2ccccc2[nH]1,-2.1394
Nc1ccc(S(=O)(=O)Nc2cnc3ccccc3n2)cc1,O=S(=O)(Nc1cnc2ccccc2n1)c1ccccc1,-4.6026
Cc1ccccc1OCC(O)CO,c1ccccc1,-1.1887
Cc1cc(O)ccc1Cl,c1ccccc1,-1.5704
CSCCC(N)C(=O)O,,-0.6593
OCC(S)CS,,-0.1547
O=P(O)(O)OC1OC(CO)C(O)C(O)C1O,C1CCOCC1,0.5848
O=NN1CCOCC1,C1COCCN1,0.9351
NC(Cc1ccc(O)c(O)c1)C(=O)O,c1ccccc1,-1.5959
NCCCCCC(=O)O,,0.5854
CC(N)=O,,1.5808
CN(C)[C@@H]1C(=O)/C(=C(\N)O)C(=O)[C@@]2(O)C(=O)C3=C(O)c4c(O)cccc4[C@@](C)(O)[C@H]3C[C@@H]12,C=C1C(=O)CC2CC3Cc4ccccc4C=C3C(=O)C2C1=O,-3.284
ClC1=C(Cl)C2(Cl)C3C4CC(C5OC45)C3C1(Cl)C2(Cl)Cl,C1=CC2CC1C1C3CC(C4OC34)C21,-6.2908
COc1ccc2c(c1)N(C[C@H](C)CN(C)C)c1ccccc1S2,c1ccc2c(c1)Nc1ccccc1S2,-4.2155
Cc1cccc(Nc2ccccc2C(=O)O)c1C,c1ccc(Nc2ccccc2)cc1,-4.0815
CC(C)(N)C(=O)O,,0.2453
C/C=C(/C)C(=O)O[C@H]1CC[C@@]2(C)[C@@H]3CC[C@H]4[C@]5(O)C[C@H](O)[C@@]6(O)[C@@H](CN7C[C@@H](C)CC[C@H]7[C@@]6(C)O)[C@]5(O)C[C@@]42O[C@]13O,C1CCN2CC3C(CCC4C3CC35OC6CCCC3C6CCC45)CC2C1,-3.0163
COC(=O)C1=CCCN(C)C1,C1=CCNCC1,0.8091
CNC(=O)Oc1cccc(C(C)C)c1,c1ccccc1,-3.3567
CCC(C)C(C)(COC(N)=O)COC(N)=O,,-2.366
COc1cc2c(c(OC)c1OC)-c1ccc(OC)c(=O)cc1[C@@H](NC(C)=O)CC2,O=c1cccc2c(c1)CCCc1ccccc1-2,-0.9482
N[C@@H](Cc1cc(I)c(O)c(I)c1)C(=O)O,c1ccccc1,-2.8583
c1cnc2c(c1)ccc1cccnc12,c1cnc2c(c1)ccc1cccnc12,-1.826
Cc1ncc(CO)c(C=O)c1O,c1ccncc1,0.4758
CC(=O)N/N=C/c1ccc([N+](=O)[O-])o1,c1ccoc1,-2.5958
CC(C)=O,,1.236
C[S+](C)[O-],,1.1072
CN1C(=O)[C@]23CC4=CC=C[C@H](O)[C@H]4N2C(=O)[C@@]1(CO)SS3,O=C1C2NC(=O)C3(CC4=CC=CCC4N13)SS2,-3.6687
C#C[C@]1(O)CC[C@H]2[C@@H]3CCC4=CC(=O)CC[C@@H]4[C@H]3CC[C@@]21C,O=C1C=C2CCC3C4CCCC4CCC3C2CC1,-4.6271
O=c1nc[nH]c2nc[nH]c12,O=c1nc[nH]c2nc[nH]c12,-2.2888
OCC1OC(OC2C(CO)OC(O)C(O)C2O)C(O)C(O)C1O,C1CCC(OC2CCCOC2)OC1,0.3577
Oc1c(Cl)cc(Cl)c(Cl)c1Cc1c(O)c(Cl)cc(Cl)c1Cl,c1ccc(Cc2ccccc2)cc1,-3.4634
O=[N+]([O-])c1ccc(F)c([N+](=O)[O-])c1,c1ccccc1,-2.6677
CC(=O)N(O)CCCCCNC(=O)CCC(=O)N(O)CCCCCNC(=O)CCC(=O)N(O)CCCCCN,,-1.6695
NC(Cc1cnc[nH]1)C(=O)O,c1c[nH]cn1,-0.5314
Nc1ccnc(=O)[nH]1,O=c1nccc[nH]1,-1.1426
C[C@H]1O[C@@H](O[C@H]2[C@@H](O)C[C@H](O[C@H]3[C@@H](O)C[C@H](O[C@H]4CC[C@@]5(C)[C@H](CC[C@@H]6[C@@H]5CC[C@]5(C)[C@@H](C7=CC(=O)OC7)CC[C@]65O)C4)O[C@@H]3C)O[C@@H]2C)C[C@H](O)[C@@H]1O,O=C1C=C(C2CCC3C2CCC2C4CCC(OC5CCC(OC6CCC(OC7CCCCO7)CO6)CO5)CC4CCC23)CO1,-5.2926
COc1ccc(C(c2ccc(OC)cc2)C(Cl)(Cl)Cl)cc1,c1ccc(Cc2ccccc2)cc1,-6.5386
O=C1c2ccccc2C(=O)c2c1ccc(O)c2O,O=C1c2ccccc2C(=O)c2ccccc21,-2.7785
Nc1ncnc2nc[nH]c12,c1ncc2[nH]cnc2n1,-2.1179
NS(=O)(=O)c1cc2c(cc1C(F)(F)F)NC(Cc1ccccc1)NS2(=O)=O,O=S1(=O)NC(Cc2ccccc2)Nc2ccccc21,-3.5913
CCC1NC(=O)c2cc(S(N)(=O)=O)c(Cl)cc2N1,O=C1NCNc2ccccc21,-3.2859
C,,-2.8629
C#N,,1.5682
C#CC,,-1.0417
CCN,,1.346
C=NO,,0.5768
C1CO1,C1CO1,1.356
BrC(Br)Br,,-1.9113
CC(C)I,,-2.0843
CC(C)N,,1.2283
IC(I)I,,-3.5952
CC1CN1,C1CN1,1.2434
CC(C)(O)C#N,,1.07
FC(F)(F)CCl,,-1.1098
O=C(O)C(Br)(Br)Br,,-0.1713
CC(=O)C(C)(C)C,,-0.7219
CC(Cl)(Cl)C(=O)O,,0.5455
CC(O)C(Cl)(Cl)Cl,,-0.7574
O=C(O)C(F)(F)Cl,,0.8845
FC(F)(Cl)C(Cl)(Cl)Cl,,-3.3093
FC(Cl)(Cl)C(F)(Cl)Cl,,-3.2301
CC12CCC(CC1=O)C2(C)C,O=C1CC2CCC1C2,-1.9784
O=C1NC(=O)C(O)(C2(O)C(=O)NC(=O)NC2=O)C(=O)N1,O=C1NC(=O)C(C2C(=O)NC(=O)NC2=O)C(=O)N1,-1.9942
CC1(C)O[C@@H]2C[C@H]3[C@@H]4CCC5=CC(=O)C=C[C@]5(C)[C@@]4(F)[C@@H](O)C[C@]3(C)[C@]2(C(=O)CO)O1,O=C1C=CC2C(=C1)CCC1C2CCC2C1CC1OCOC12,-4.3158
CC(C)(CO)[N+](=O)[O-],,1.4681
CC(Cl)C(Cl)(Cl)C(O)O,,-0.8666
ClC1=C(Cl)C2(Cl)C3C(Cl)C=CC3C1(Cl)C2(Cl)Cl,C1=CC2C3C=CC(C3)C2C1,-6.3168
COc1ccc2c3c1O[C@H]1[C@@H](O)C=C[C@H]4[C@@H](C2)N(C)CC[C@@]341,C1=CC2C3Cc4cccc5c4C2(CCN3)C(C1)O5,-1.5219999999999998
CCOc1ccc2c3c1O[C@H]1[C@@H](O)C=C[C@H]4[C@@H](C2)N(C)CC[C@@]341,C1=CC2C3Cc4cccc5c4C2(CCN3)C(C1)O5,-2.079
Cc1cc(C(O)(c2ccc(N)cc2)c2ccc(N)cc2)ccc1N,c1ccc(C(c2ccccc2)c2ccccc2)cc1,-3.0272
OC(c1ccccc1)(c1ccccc1)c1ccccc1,c1ccc(C(c2ccccc2)c2ccccc2)cc1,-2.2596
CC1(c2ccccc2)C(=O)NC(=O)NC1=O,O=C1NC(=O)C(c2ccccc2)C(=O)N1,-2.4581
O=C1OC(c2ccc(O)cc2)(c2ccc(O)cc2)c2ccccc21,O=C1OC(c2ccccc2)(c2ccccc2)c2ccccc21,-2.9008
C=CCC1(CC(C)C)C(=O)NC(=O)NC1=O,O=C1CC(=O)NC(=O)N1,-2.1193
NS(=O)(=O)c1cc(C2(O)NC(=O)c3ccccc32)ccc1Cl,O=C1NC(c2ccccc2)c2ccccc21,-3.4507
CC(CO)(CO)[N+](=O)[O-],,0.7724
CCC(C)(O)CC,,-0.38
CCOP(=O)(C#N)N(C)C,,-0.2186
CCCCOC(=O)CC(CC(=O)OCCCC)(OC(C)=O)C(=O)OCCCC,,-4.9058
CCOC(=O)CC(O)(CC(=O)OCC)C(=O)OCC,,-0.6285
CCC(CO)(CO)CO,,0.8723
O=[N+]([O-])OCC(CO[N+](=O)[O-])(CO[N+](=O)[O-])CO[N+](=O)[O-],,-3.8664
CCC(C)(CC)OC(N)=O,,-1.5599
Cc1ccc(OP(=O)(Oc2ccc(C)cc2)Oc2ccc(C)cc2)cc1,O=P(Oc1ccccc1)(Oc1ccccc1)Oc1ccccc1,-6.0892
CCCC(C)(COC(N)=O)COC(=O)NC(C)C,,-2.9384
CCCCOP(=O)(CCCC)OCCCC,,-2.6995
COP(=S)(OC)SCc1nc(N)nc(N)n1,c1ncncn1,-3.069
C=CC(C)(O)CCC=C(C)C,,-1.9871
BrCC(Br)Br,,-2.7272
CC(Br)CBr,,-2.1498
CC(C)CN,,1.1359
C=C(Cl)CCl,,-1.7128
CC(=O)CCl,,-0.012
CC(O)CN,,1.1243
CCC(Cl)Cl,,-1.6217
O=C(O)CBr,,1.1002
CC(=O)OO,,1.1189
O=C(O)C(Cl)Cl,,0.8896
CC(C)(CO)C(O)C(=O)NCCC(=O)O,,0.6591
CC1(C)OC(=O)C[C@@H]1C(=O)O,O=C1CCCO1,-1.2449
CC(C)c1nnc(NS(=O)(=O)c2ccc(N)cc2)s1,O=S(=O)(Nc1nncs1)c1ccccc1,-3.4141
CC(C)(OOC(C)(C)c1ccccc1)c1ccccc1,c1ccc(COOCc2ccccc2)cc1,-5.7692
CCC(C)(C)c1ccc(O)cc1,c1ccccc1,-2.9902
CC(=O)C1CC[C@H]2[C@@H]3CCC4=CC(=O)CC[C@]4(C)[C@H]3[C@H](O)C[C@]12C,O=C1C=C2CCC3C4CCCC4CCC3C2CC1,-3.8202
CN1C(=O)CCS(=O)(=O)C1c1ccc(Cl)cc1,O=C1CCS(=O)(=O)C(c2ccccc2)N1,-2.0394
CC(=O)c1c(C)c([N+](=O)[O-])c(C(C)(C)C)c([N+](=O)[O-])c1C,c1ccccc1,-5.1901
C[C@H](CCC(=O)O)[C@H]1CC[C@H]2[C@@H]3[C@H](O)C[C@@H]4C[C@H](O)CC[C@]4(C)[C@H]3C[C@H](O)[C@]12C,C1CCC2C(C1)CCC1C3CCCC3CCC21,-3.3682
O=C1c2ccccc2C(=O)c2c(O)c(O)cc(O)c21,O=C1c2ccccc2C(=O)c2ccccc21,-4.6024
CC(=O)CC(c1ccc(Cl)cc1)c1c(O)oc2ccccc2c1=O,O=c1c(Cc2ccccc2)coc2ccccc12,-5.836
O=C(O)c1ccccc1C(c1ccc(O)cc1)c1ccc(O)cc1,c1ccc(C(c2ccccc2)c2ccccc2)cc1,-3.2626
Cc1ccc2c(c1N)C(=O)c1ccccc1C2=O,O=C1c2ccccc2C(=O)c2ccccc21,-5.8541
O=C1c2cccc(S(=O)(=O)O)c2C(=O)c2c1cccc2S(=O)(=O)O,O=C1c2ccccc2C(=O)c2ccccc21,1.2572
CN1CCN(C(c2ccccc2)c2ccccc2)CC1,c1ccc(C(c2ccccc2)N2CCNCC2)cc1,-2.4255
CC(C)(C)C(=O)C1C(=O)c2ccccc2C1=O,O=C1CC(=O)c2ccccc21,-4.107
C[C@H]1C[C@@H]2[C@H]([C@@H](O)C[C@@]3(C)[C@H]2CC[C@]3(O)C(=O)CO)[C@@]2(C)C=CC(=O)C=C12,O=C1C=CC2C(=C1)CCC1C3CCCC3CCC21,-3.4942
C[C@H](CCC(=O)O)[C@H]1CC[C@H]2[C@@H]3CC[C@@H]4C[C@H](O)CC[C@]4(C)[C@H]3C[C@H](O)[C@]12C,C1CCC2C(C1)CCC1C3CCCC3CCC21,-3.9544
Cn1ccc(=O)c2ccccc21,O=c1cc[nH]c2ccccc12,-0.9818
C=C(C)[C@H]1Cc2c(ccc3c2O[C@@H]2COc4cc(OC)c(OC)cc4[C@@H]2C3=O)O1,O=C1c2ccc3c(c2OC2COc4ccccc4C12)CCO3,-6.2949
O=P(O)(O)O[C@H]1[C@H](OP(=O)(O)O)[C@@H](OP(=O)(O)O)[C@H](OP(=O)(O)O)[C@@H](OP(=O)(O)O)[C@H]1OP(=O)(O)O,C1CCCCC1,0.1804
Cc1cc2nc3c(=O)[nH]c(=O)nc-3n(CC(O)C(O)C(O)CO)c2cc1C,O=c1nc2[nH]c3ccccc3nc-2c(=O)[nH]1,-3.6478
c1ccc(-c2ccccc2-c2ccccc2)cc1,c1ccc(-c2ccccc2-c2ccccc2)cc1,-5.2692
C=CC1CN2CCC1CC2C(=O)c1ccnc2ccc(OC)cc12,O=C(c1ccnc2ccccc12)C1CC2CCN1CC2,-5.0313
O=C1c2ccc(O)cc2C(=O)c2ccc(O)cc21,O=C1c2ccccc2C(=O)c2ccccc21,-5.8892
O=C(Oc1ccccc1)c1ccccc1C(=O)Oc1ccccc1,O=C(Oc1ccccc1)c1ccccc1C(=O)Oc1ccccc1,-6.5891
CCCCCCCCCCOC(=O)c1ccccc1C(=O)OCCCCCCCCCC,c1ccccc1,-9.3076
COc1c2c(cc3oc(=O)ccc13)OC(C)(C)C=C2,O=c1ccc2cc3c(cc2o1)OCC=C3,-3.81
Cn1c(=O)c2[nH]c(Cl)nc2n(C)c1=O,O=c1[nH]c(=O)c2[nH]cnc2[nH]1,-1.5075
O=C(O)c1ccccc1C(=O)c1ccc(Cl)cc1,O=C(c1ccccc1)c1ccccc1,-2.7171
Cc1cccc(NC(=O)c2ccccc2C(=O)O)c1,O=C(Nc1ccccc1)c1ccccc1,-2.407
Nc1ccc(S(=O)(=O)O)c2cc(S(=O)(=O)O)ccc12,c1ccc2ccccc2c1,-0.2592
Nc1ccc(S(=O)(=O)O)c2ccc(S(=O)(=O)O)cc12,c1ccc2ccccc2c1,-1.643
N#CC(c1ccccc1)c1ccccc1,c1ccc(Cc2ccccc2)cc1,-2.9437
O=C(O)c1cccc2cccnc12,c1ccc2ncccc2c1,-1.7447
COc1cc(C=O)cc(OC)c1OC,c1ccccc1,-2.1195
CC(C)CCOC(=O)c1ccccc1O,c1ccccc1,-3.1572
O=C(OCCO)c1ccccc1O,c1ccccc1,-1.1567
CC(=O)N[C@@H](Cc1c[nH]c2ccccc12)C(=O)O,c1ccc2[nH]ccc2c1,-2.3122
Clc1ncnc2nc[nH]c12,c1ncc2[nH]cnc2n1,-1.4901
Cc1cc(OC(=O)N(C)C)n(-c2ccccc2)n1,c1ccc(-n2cccn2)cc1,-2.0886
Cc1cccc(Cl)c1O,c1ccccc1,-0.7739
Oc1cccc(O)c1O,c1ccccc1,0.6043
Brc1c(Br)c(Br)c(Br)c(Br)c1Br,c1ccccc1,-9.5374
O=c1n(Cl)c(=O)n(Cl)c(=O)n1Cl,O=c1[nH]c(=O)[nH]c(=O)[nH]1,-1.2871
Oc1c(Cl)cc(Cl)cc1Cl,c1ccccc1,-2.3924
CC(=O)c1cccs1,c1ccsc1,-0.9549
O=[N+]([O-])c1ccc(O)cc1C(F)(F)F,c1ccccc1,-1.6172
CCC(C)c1cc([N+](=O)[O-])cc([N+](=O)[O-])c1O,c1ccccc1,-3.6646
NC(=O)c1ccccc1C(N)=O,c1ccccc1,-2.4371
O=C(O)Cc1ccccc1C(=O)O,c1ccccc1,-1.0515
Nc1ccc(Cl)cc1[N+](=O)[O-],c1ccccc1,-2.5380000000000003
O=[N+]([O-])c1cc(Cl)ccc1O,c1ccccc1,-3.0902
O=C1OC(C(O)C(O)CO)C(O)C1O,O=C1CCCO1,0.3348
Cc1cc(O)c(C(C)C)cc1Cl,c1ccccc1,-2.2664
Brc1cccc2ccccc12,c1ccc2ccccc2c1,-4.3468
C1CCN2C[C@@H]3C[C@@H](CN4CCCC[C@@H]34)[C@H]2C1,C1CCN2CC3CC(CN4CCCCC34)C2C1,-1.8871
C=C(C)C(=O)C(=CC(=O)O)OC,,-0.9299
O=C1OC(CO)C(O)C(O)C1O,O=C1CCCCO1,0.5201
CN(C)c1ccc(C(=O)c2ccc(N(C)C)cc2)cc1,O=C(c1ccccc1)c1ccccc1,-2.8267
c1ccc2nccnc2c1,c1ccc2nccnc2c1,0.7051
Nc1ccc2ccccc2c1,c1ccc2ccccc2c1,-2.8795
CN(C)CCN(Cc1cccs1)c1ccccn1,c1ccc(NCc2cccs2)nc1,-2.6383
Oc1ccc(-c2ccccc2)cc1O,c1ccc(-c2ccccc2)cc1,-2.0659
c1ccc(-c2cccc(-c3ccccc3)c2)cc1,c1ccc(-c2cccc(-c3ccccc3)c2)cc1,-5.183
Oc1cc2ccccc2cc1O,c1ccc2ccccc2c1,-2.7377
CCN(CCO)c1ccccc1,c1ccccc1,-1.9171
Nc1ccc2cc3ccc(N)cc3nc2c1,c1ccc2nc3ccccc3cc2c1,0.3783
CC(=O)c1ccc(-c2ccccc2)cc1,c1ccc(-c2ccccc2)cc1,-3.3104
O=[N+]([O-])c1ccc(-c2ccccc2)cc1,c1ccc(-c2ccccc2)cc1,-5.2094
COc1ccc(OC)c(C=O)c1,c1ccccc1,-2.3202
O=C(O)c1ccc2ccccc2n1,c1ccc2ncccc2c1,-1.0911
Cc1ccc2ccc(C)nc2c1,c1ccc2ncccc2c1,-1.9424
C=CCN(CC=C)C(=O)CCl,,-0.9452
O=C(O)CCCOc1cc(Cl)c(Cl)cc1Cl,c1ccccc1,-3.8294
CC(=O)CC(=O)c1ccccc1,c1ccccc1,-2.6268
O=C(OC(=O)c1ccccc1)c1ccccc1,O=C(OC(=O)c1ccccc1)c1ccccc1,-4.3546
CC(C)OC(=O)COc1ccc(Cl)cc1Cl,c1ccccc1,-3.848
CC(C)COC(=O)c1ccc(N)cc1,c1ccccc1,-2.9437
CCOc1ccc(C(=O)OCCN(CC)CC)cc1,c1ccccc1,-2.7145
CCCCOC(=O)COc1ccc(Cl)cc1Cl,c1ccccc1,-3.78
Cc1cc(Cl)ccc1OCCCC(=O)O,c1ccccc1,-3.678
O=C(OCCOc1ccc(Cl)cc1Cl)c1ccccc1,O=C(OCCOc1ccccc1)c1ccccc1,-3.8118
CCCC(O)C(CC)CO,,-0.5418
CCC(CC)C(=O)OCCOCCOCCOC(=O)C(CC)CC,,-3.2386
C/C(N=O)=C(\C)NO,,-2.2868
Cc1ccc(N)cc1C,c1ccccc1,-1.5036
Oc1ccc(Cl)c(Cl)c1,c1ccccc1,-1.2458
CCOC(=O)C(=O)OCC,,-0.6085
OCC(Br)CBr,,-0.6222
ClCC(Cl)CCl,,-1.9255
CCC(N)CO,,1.0499
OCC(O)CCl,,0.9565
CC/C(C)=N/O,,0.0599
CC1CCCO1,C1CCOC1,0.2069
CC(OP(C)(=O)F)C(C)(C)C,,-0.9383
CC(C)N(CCO)C(C)C,,-1.0829
CC(=O)N[C@H](C(=O)O)C(C)C,,-0.3599
Oc1c(Cl)cc(Cl)cc1Sc1cc(Cl)cc(Cl)c1O,c1ccc(Sc2ccccc2)cc1,-4.9495
CCCC(C)C(=O)O,,-0.889
CCOC(=O)C(C)O,,0.9276
CC(C)COC(=O)C(C)C,,-2.1590000000000003
OCc1ccco1,c1ccoc1,1.0083
CC(C)(C)c1ccc(O)c(O)c1,c1ccccc1,-1.9197
CC1=CC[C@H](C(C)(C)O)CC1,C1=CCCCC1,-2.337
O=S(=O)(Cl)c1ccc(I)cc1,c1ccccc1,-4.2686
CC(O)c1ccccc1,c1ccccc1,-1.7969
ClC(Cl)c1ccccc1,c1ccccc1,-2.809
O=C(O)c1ccccn1,c1ccncc1,0.892
O=C(OC[C@H]1O[C@@H](Oc2ccccc2CO)[C@H](O)[C@@H](O)[C@@H]1O)c1ccccc1,O=C(OCC1CCCC(Oc2ccccc2)O1)c1ccccc1,-2.8925
COC(=O)c1cc(O)c(O)c(O)c1,c1ccccc1,-1.2399
Nc1c(Cl)cc([N+](=O)[O-])cc1Cl,c1ccccc1,-4.4709
O=C(O)c1cc(=O)cc(C(=O)O)o1,O=c1ccocc1,-1.1097
C=C(C)C1CC=C(C)C(=O)C1,O=C1C=CCCC1,-2.0628
CCC(C)c1ccc(O)cc1,c1ccccc1,-2.1945
CC1=CCC(C(C)C)=CC1,C1=CCC=CC1,-4.1958
O=C(O)c1ccc(C(=O)O)cc1,c1ccccc1,-4.0444
CCN(CC)CCO,,0.9311
N#Cc1ccncc1,c1ccncc1,-0.4154
N#Cc1cccnc1,c1ccncc1,0.1128
OCC1CCCCO1,C1CCOCC1,0.9349
CCN1CCOCC1,C1COCCN1,0.9386
CC(Oc1cccc(Cl)c1)C(=O)O,c1ccccc1,-2.2232
CN1[C@@H]2CC[C@H]1CC(OC(=O)[C@H](CO)c1ccccc1)C2,O=C(Cc1ccccc1)OC1CC2CCC(C1)N2,-1.91
Oc1ccc(Cc2ccccc2)cc1,c1ccc(Cc2ccccc2)cc1,-3.4009
O=C(Nc1ccccc1)Nc1ccccc1,O=C(Nc1ccccc1)Nc1ccccc1,-3.1508
CCc1cc(CC)cc(CC)c1,c1ccccc1,-7.0641
CCN(CC)CN(CC)CC,,-0.1995
CC(O)CN(CCN(CC(C)O)CC(C)O)CC(C)O,,0.534
C=CCN(CC=C)CC=C,,-1.7395
CCCCN(CCCC)CCCC,,-3.1157
BrCCc1ccccc1,c1ccccc1,-3.6757
CNCc1ccccc1,c1ccccc1,0.9166
CC(=O)Nc1ccc(C)cc1,c1ccccc1,-2.0946
CC(=O)Nc1ccc(/C=N/NC(N)=S)cc1,c1ccccc1,-3.429
Cc1ccc(S(=O)(=O)O)cc1,c1ccccc1,0.5564
CCOCCOC(=O)/C=C/c1ccc(OC)cc1,c1ccccc1,-2.6995
OCC(O)COc1ccc(Cl)cc1,c1ccccc1,-1.3067
CCCCCCCCCCc1ccccc1,c1ccccc1,-7.959
OCC1CCC(CO)O1,C1CCOC1,0.8789
C#CC(O)CCC,,-0.4121
CCOC(=O)CCl,,-0.8005
COC(=O)CC(C)=O,,0.6341
CCC(C)OC(C)=O,,-1.2727
CCCC(=O)OCCOC(=O)CCC,,-2.6069
COCCOC(=O)CCCCC(=O)OCCOC,,-1.2665
CCCCCCC(=O)OCC,,-2.7369
CCCCCCCC(=O)OCC,,-3.3907
CCCCC(=O)CC,,-1.4242
O=C1CNC(=O)CN1,O=C1CNC(=O)CN1,-0.8312
CC(O)COC(C)CO,,0.8723
CCCCCC(=O)CC,,-1.693
COC(=O)CCCCCCCCC(=O)OC,,-3.2831
C#CCBr,,-0.9022
C#CCC,,-1.2753
CCCS,,-1.6021
ClCCBr,,-1.3177
C=CCCl,,-1.3562
C=CCN,,1.2434
NCCN,,1.2211
C=CCO,,1.236
OCCO,,1.2071
O=CC=O,,1.2363
NCCS(=O)(=O)O,,-0.1906
O=S(=O)(O)CCO,,0.8992
CC(O)CC(C)(C)O,,0.9275
CC(C)OP(C)(=O)F,,0.8536
CCOP(=O)(OCC)OP(=O)(OCC)OCC,,0.5373
NC(=O)OCC(Cl)(Cl)Cl,,-1.2843
COC(C)(C)CC(C)=O,,0.3326
CC(C)CCBr,,-2.886
CC(O)CCO,,1.0452
CC(O)CC=O,,1.055
N#CCC(N)=O,,0.1893
CCCC(=O)O,,-0.1669
CNCC(=O)O,,0.5273
CN(C)CCO,,1.0499
CC(C)CC(C)C,,-4.2605
CC(C)CC(C)O,,-0.7945
CC(=O)OC(C)=O,,0.0702
C=C1C=CC(=O)O1,C=C1C=CC(=O)O1,-0.9827
CCOP(=O)(OCC)Oc1cc(C)[nH]n1,c1cn[nH]c1,-2.3696
Cc1cccc(Cl)c1,c1ccccc1,-3.5228
CC1OC(C)OC(C)OC(C)O1,C1OCOCOCO1,-2.8997
CCOC(=O)CC(C)C,,-1.8135
Cc1cc(C)nc(C)c1,c1ccncc1,-0.5394
CC(=O)OC(C)CC(C)C,,-2.0451
Cc1ccncc1,c1ccncc1,1.0309
Sc1ccccc1,c1ccccc1,-2.1204
Cc1cccnc1,c1ccncc1,1.0309
CN1CCOCC1,C1COCCN1,0.995
CC1CNCCN1,C1CNCCN1,0.6378
Cc1cnccn1,c1cnccn1,1.0263
CCCCOC(=O)CCCCCCCCC(=O)OCCCC,,-3.8955
CCOCCOC(=O)CCCCC(=O)OCCOCC,,-2.065
CCC#CC(C)O,,-0.4121
C=COCC(C)C,,-1.5236
BrCCCBr,,-2.0747
C/C=C\CC,,-2.5384
CCCCN,,1.1359
N#CCCO,,1.1483
CCCCS,,-2.1792
NNCCO,,1.1186
COCCO,,1.1186
CC(=O)OCC(C)C,,-1.2657
CC(C)=NNC(N)=O,,-0.2674
CCCCCCCCCC(=O)OCC,,-4.1006
CCOC(=O)CCCCCCCCC(=O)OCC,,-3.5091
CC(C)CCOC=O,,-1.5206
COCCOC(C)=O,,0.9276
ClCCCCCl,,-0.92
ClC/C=C/CCl,,-2.1675
CCCCCN,,1.0597
CCCCCS,,-2.8248
C=COCCCl,,-2.3951
CCOCCO,,1.0452
C1CNCCN1,C1CNCCN1,1.0648
C1COCCN1,C1COCCN1,1.0599
CC[C@@H](C)N[C@@H](C)CC,,-1.769
O=C(O)COCC(=O)O,,0.4927
CCCCCCC(=O)O,,-1.6646
CCOCCOC(C)=O,,0.2716
O=C(O)CCCCCCCCC(=O)O,,-2.3059
O=[N+]([O-])OCCOCCOCCO[N+](=O)[O-],,-1.561
NCCNCCN,,0.9864
COCCOCCO,,0.9203
CCCCCCCCC,,-5.7657
CCOCCOCCO,,0.8723
ClCCOCOCCCl,,-1.3461
CCCCOCCOC(C)=O,,-1.2504
ClCCOCCOCCCl,,-0.9955
CCCCOCCOCCO,,0.7899
COCCOCCOCCO,,0.7846
CCOCCOCCOCC,,0.7899
CCOCCOCCOCCO,,0.7490000000000001
CCCCCCOCCOCCO,,-1.0490000000000002
CCCCCCCCCCCCCCCCCCCC,,-8.1724
CNC(=O)Oc1ccccc1OC(C)C,c1ccccc1,-2.0512
CN(C)P(=O)(F)N(C)C,,0.8121
O=C(O)C1C(C(=O)O)C2(Cl)C(Cl)=C(Cl)C1(Cl)C2(Cl)Cl,C1=CC2CCC1C2,-2.0457
CC(N)(CO)CO,,0.9782
CCC(CC)(CO)CO,,0.1798
CCCCCCCCOP(=O)(Oc1ccccc1)Oc1ccccc1,O=[PH](Oc1ccccc1)Oc1ccccc1,-6.4131
COP(=O)(Oc1ccccc1)Oc1ccccc1,O=[PH](Oc1ccccc1)Oc1ccccc1,-2.1209
O=P(OCCCl)(OCCCl)OCCCl,,-1.6105
CCNC(=O)CSP(=S)(OC)OC,,-1.4567
CNC(=O)O/N=C/C(C)(C)SC,,-1.4991
CC(=O)CO,,1.1303
C=C(C)OC,,1.142
FC(F)=C(F)F,,-2.8001
CC1(C)C(=O)NC(=O)N1CO,O=C1CNC(=O)N1,0.8009
O=S(=O)(c1ccc(Cl)cc1)c1cc(Cl)c(Cl)cc1Cl,O=S(=O)(c1ccccc1)c1ccccc1,-6.6594
Nc1ccc(O)c2c1C(=O)c1ccccc1C2=O,O=C1c2ccccc2C(=O)c2ccccc21,-3.824
O=C1c2cccc(S(=O)(=O)O)c2C(=O)c2cccc(S(=O)(=O)O)c21,O=C1c2ccccc2C(=O)c2ccccc21,0.2572
Nc1ccc2c(c1)C(=O)c1ccccc1C2=O,O=C1c2ccccc2C(=O)c2ccccc21,-6.1366
COCCOC(=O)c1ccccc1C(=O)OCCOC,c1ccccc1,-1.5213
CCCCCCCCOC(=O)c1ccccc1C(=O)OCCCCCCCC,c1ccccc1,-7.2493
COc1ccc2c(c1OC)C(=O)OC2C1c2cc3c(cc2CCN1C)OCO3,O=C1OC(C2NCCc3cc4c(cc32)OCO4)c2ccccc21,-4.1065
CCNc1cccc2ccccc12,c1ccc2ccccc2c1,-3.1922
CC1(C)C(=O)N(Cl)C(=O)N1Cl,O=C1CNC(=O)N1,-2.5955
O=[N+]([O-])c1ccc(Cl)cc1C(F)(F)F,c1ccccc1,-3.3533
CCOP(=S)(OCC)Oc1ccc(=O)n(-c2ccccc2)n1,O=c1cccnn1-c1ccccc1,-3.5319
O=[N+]([O-])c1ccc(Nc2ccc(O)cc2)c([N+](=O)[O-])c1,c1ccc(Nc2ccccc2)cc1,-5.444
O=S(=O)(O)c1cc(O)c2cc(Nc3ccccc3)ccc2c1,c1ccc(Nc2ccc3ccccc3c2)cc1,-1.9763
Cc1cc(OC(=O)N(C)C)n(C(C)C)n1,c1cn[nH]c1,0.6752
Cc1cc(Cc2cc(C)cc(C(C)(C)C)c2O)c(O)c(C(C)(C)C)c1,c1ccc(Cc2ccccc2)cc1,-7.2311
CCCCN(CCN(CCCC)C(=O)N1CCOCC1)C(=O)N1CCOCC1,O=C(NCCNC(=O)N1CCOCC1)N1CCOCC1,0.0985
OC(c1ccccc1)c1ccc(Cl)cc1,c1ccc(Cc2ccccc2)cc1,-3.4886
CNc1ccccc1C(=O)O,c1ccccc1,-2.8784
Cc1cc(-c2ccc(N)c(C)c2)ccc1N,c1ccc(-c2ccccc2)cc1,-2.213
COc1ccc(C=O)cc1OC,c1ccccc1,-1.4199
CCOc1ccc(C=O)cc1OC,c1ccccc1,-2.1913
Oc1ccc(Cl)cc1Cc1ccccc1,c1ccc(Cc2ccccc2)cc1,-3.1666
c1ncc2[nH]cnc2n1,c1ncc2[nH]cnc2n1,0.6194
c1ccc2sc(SSc3nc4ccccc4s3)nc2c1,c1ccc2sc(SSc3nc4ccccc4s3)nc2c1,-4.5218
C=C/C=C\CC1=C(C)[C@@H](OC(=O)[C@@H]2[C@@H](C=C(C)C)C2(C)C)CC1=O,O=C1C=CC(OC(=O)C2CC2)C1,-6.2155
C=C/C=C\CC1=C(C)[C@@H](OC(=O)[C@@H]2[C@@H](/C=C(\C)C(=O)OC)C2(C)C)CC1=O,O=C1C=CC(OC(=O)C2CC2)C1,-4.6168
CCCOC(=O)c1cc(O)c(O)c(O)c1,c1ccccc1,-1.7827
O=[N+]([O-])N1CN([N+](=O)[O-])CN([N+](=O)[O-])C1,C1NCNCN1,-3.5706
CN(C)C(=O)OC1=CC(=O)CC(C)(C)C1,O=C1C=CCCC1,-0.8477
c1ccc(NNc2ccccc2)cc1,c1ccc(NNc2ccccc2)cc1,-2.9210000000000003
OCCNc1ccccc1,c1ccccc1,-0.4745
O=C(O)CCC(=O)OOC(=O)CCC(=O)O,,-0.8471
CCCCCCCCC(=O)OCC,,-3.8007
C=CC(=C)CCC=C(C)C,,-4.3861
CC(=O)CC(C)(C)O,,0.9349
CCCCCCCCOC(=O)CCCCC(=O)OCCCCCCCC,,-5.6768
CC(O)CNCCN,,0.9275
CC(=O)OCCC(C)C,,-1.8135
O=C(O)CSCC(=O)O,,0.4255
CCCCCCCC=O,,-2.3598
CCCCOCCOCCOC(C)=O,,-0.8188
CCCCCCCCCC,,-6.4372
CCCCCCCCCCCCN,,-3.3759
CC(C)(N)CO,,1.0499
FC(F)(Br)C(F)(F)Br,,-4.9376
CC1(C)[C@@H](C(=O)O)CC[C@@]1(C)C(=O)O,C1CCCC1,-1.4207
CC(=O)OC[C@H]1O[C@@](COC(C)=O)(O[C@H]2O[C@H](COC(C)=O)[C@@H](OC(C)=O)[C@H](OC(C)=O)[C@H]2OC(C)=O)[C@@H](OC(C)=O)[C@@H]1OC(C)=O,C1CCC(OC2CCCO2)OC1,-2.8726
C#CC1(OC(N)=O)CCCCC1,C1CCCCC1,-1.8253
OCC(CO)(CO)COCC(CO)(CO)CO,,-1.9582
O=P(OCC(Br)CBr)(OCC(Br)CBr)OCC(Br)CBr,,-4.9405
CCOP(=O)(OCC)SCCSCC,,-2.1112
CC1(C)CC(=O)CC(=O)C1,O=C1CCCC(=O)C1,-1.5276
CCCC1OC1(CC)C(N)=O,C1CO1,-1.1745
NC(=O)NO,,1.1189
CC(=O)C(=O)O,,1.0552
CN1C(=O)OC(C)(C)C1=O,O=C1COC(=O)N1,-0.4568
Nc1ccc(S(=O)(=O)NC(=O)c2ccccc2)cc1,O=C(NS(=O)(=O)c1ccccc1)c1ccccc1,-2.9501
O=C1CCC(=O)N1Br,O=C1CCC(=O)N1,-1.0831
O=C1CCC(=O)N1Cl,O=C1CCC(=O)N1,-0.9702
C[C@H](CCC(=O)O)[C@H]1CC[C@H]2[C@@H]3[C@@H](O)C[C@@H]4C[C@H](O)CC[C@]4(C)[C@H]3CC[C@]12C,C1CCC2C(C1)CCC1C3CCCC3CCC21,-4.2929
COc1ccc2c(c1OC)C(=O)O[C@@H]2[C@H]1c2c(cc3c(c2OC)OCO3)CCN1C,O=C1OC(C2NCCc3cc4c(cc32)OCO4)c2ccccc21,-3.1393
O=C1c2ccccc2C(=O)c2c(O)cccc21,O=C1c2ccccc2C(=O)c2ccccc21,-4.4213
O=C(O)c1c([N+](=O)[O-])cc([N+](=O)[O-])cc1[N+](=O)[O-],c1ccccc1,-1.0977
Oc1ccc(Cl)c2cccnc12,c1ccc2ncccc2c1,-3.9756
O=[N+]([O-])c1cc(C2CCCCC2)c(O)c([N+](=O)[O-])c1,c1ccc(C2CCCCC2)cc1,-4.2492
O=C(O)c1cc(-c2ccccc2)nc2ccccc12,c1ccc(-c2ccc3ccccc3n2)cc1,-3.1926
O=C(O)c1ccccc1C(=O)Nc1cccc2ccccc12,O=C(Nc1cccc2ccccc12)c1ccccc1,-3.1633
Oc1cc(O)c2ccccc2c1,c1ccc2ccccc2c1,-1.9493
O=C1C2CC=CCC2C(=O)N1SC(Cl)(Cl)Cl,O=C1NC(=O)C2CC=CCC12,-4.7704
O=C1c2ccccc2C(=O)N1SC(Cl)(Cl)Cl,O=C1NC(=O)c2ccccc21,-5.569
O=C(O)CCCc1c[nH]c2ccccc12,c1ccc2[nH]ccc2c1,-2.9101
Cc1cc(O)c(Cl)c(C)c1Cl,c1ccccc1,-2.9801
O=C(O)c1cc(I)cc(I)c1O,c1ccccc1,-3.307
CC(=O)Oc1ccccc1C(=O)Oc1ccccc1,O=C(Oc1ccccc1)c1ccccc1,-4.1077
Nc1ccc(-c2ccc(Cl)cc2)cc1,c1ccc(-c2ccccc2)cc1,-4.6383
c1ccc(N=NNc2ccccc2)cc1,c1ccc(N=NNc2ccccc2)cc1,-2.596
CCOc1ccc([N+](=O)[O-])cc1N,c1ccccc1,-3.2113
Cc1cc(C)c(N)cc1C,c1ccccc1,-1.9549
CCCCOC(=O)C(C)O,,-0.5629
NNc1cccc(S(=O)(=O)O)c1,c1ccccc1,-0.8275
NCc1ccc(S(N)(=O)=O)cc1,c1ccccc1,0.321
OCc1ccccc1O[C@@H]1O[C@H](CO)[C@@H](O)[C@H](O)[C@H]1O,c1ccc(OC2CCCCO2)cc1,-0.8547
O=C(O)CN(CC(=O)O)CC(=O)O,,-0.5101
O=Cc1ccc(O)c(O)c1,c1ccccc1,-1.3402
NC(Cc1cccs1)C(=O)O,c1ccsc1,-0.8356
CCN(CCO)CCO,,0.8755
O=C1OC(CN2CCOCC2)CN1/N=C/c1ccc([N+](=O)[O-])o1,O=C1OC(CN2CCOCC2)CN1N=Cc1ccco1,-2.6359
CCNC(=O)Nc1ncc([N+](=O)[O-])s1,c1cscn1,-2.8578
c1ccc(CNCCNCc2ccccc2)cc1,c1ccc(CNCCNCc2ccccc2)cc1,-1.7865
C=CCc1ccc(OC)cc1,c1ccccc1,-2.9209
O=C(O)CCC1CCCC1,C1CCCC1,-1.7691
CCCCOC(=O)CCC(=O)OCCCC,,-3.0006
CCOC(=O)/C=C\C(=O)OCC,,-1.0899
CCOC(=O)CCCCC(=O)OCC,,-1.6795
COP(=O)(OC)O/C(C)=C/C(=O)N(C)C,,0.6249
O=C(O)CCI,,-0.43
O=C(O)CC(=O)O,,0.8652
O=C1CSC(=S)N1,O=C1CSC(=S)N1,-1.7723
O=c1cc[nH]c(=S)[nH]1,O=c1cc[nH]c(=S)[nH]1,-2.2573
O=c1cccc[nH]1,O=c1cccc[nH]1,1.0218
CC(=O)NCCO,,0.9867
NC(=S)NNC(N)=S,,-1.7965
CCCCCCOC(C)=O,,-2.451
CCCCCCNCCCCCC,,-3.1574
CCCCOCCOCCOCCO,,0.6855
O=C1C2(Cl)C3(Cl)C4(Cl)C(Cl)(Cl)C5(Cl)C3(Cl)C1(Cl)C5(Cl)C24Cl,O=C1C2C3C4CC5C3C1C5C42,-5.2594
O=C(O)CC1(CC(=O)O)OCOC1=O,O=C1COCO1,-0.611
O=C(O)CF,,1.1077
CC(O)C(N)C(=O)O,,0.067
Cc1c(C(N)=O)cc([N+](=O)[O-])cc1[N+](=O)[O-],c1ccccc1,-2.3525
NS(=O)(=O)c1cc2c(cc1C(F)(F)F)NC=NS2(=O)=O,O=S1(=O)N=CNc2ccccc21,-0.8186
c1ccc2[nH]c(-c3cscn3)nc2c1,c1ccc2[nH]c(-c3cscn3)nc2c1,-3.6048
O=S(=O)(O)OCCOc1ccc(Cl)cc1Cl,c1ccccc1,-0.0601
O=C(O)c1cc(O)c(O)c(O)c1,c1ccccc1,-1.1552
CCOc1ccc(NC(N)=O)cc1,c1ccccc1,-2.173
CN(C)P(=O)(OP(=O)(N(C)C)N(C)C)N(C)C,,0.5433
Nc1nc(=O)c(O[C@@H]2O[C@H](CO)[C@@H](O)[C@H](O)[C@H]2O)c(N)[nH]1,O=c1nc[nH]cc1OC1CCCCO1,-1.4832
O=NN(CCCl)C(=O)NCCCl,,-1.7285
C1COC2(C1)CCCO2,C1COC2(C1)CCCO2,-0.1078
c1ccc2c(c1)-c1ccc3ccc4cccc5cc-2c1c3c45,c1ccc2c(c1)-c1ccc3ccc4cccc5cc-2c1c3c45,-9.1627
c1ccc2c(c1)ccc1[nH]c3ccc4ccccc4c3c12,c1ccc2c(c1)ccc1[nH]c3ccc4ccccc4c3c12,-6.6277
c1ccc2c(c1)ccc1ccc3ccccc3c12,c1ccc2c(c1)ccc1ccc3ccccc3c12,-7.8207
c1ccc2c(c1)-c1cccc3cc4c(ccc5ccccc54)c-2c13,c1ccc2c(c1)-c1cccc3cc4c(ccc5ccccc54)c-2c13,-8.4806
c1cc2c3c(c1)ccc1cccc(c13)C2,c1cc2c3c(c1)ccc1cccc(c13)C2,-5.2379
c1ccc2c3c(ccc2c1)-c1cccc2cccc-3c12,c1ccc2c3c(ccc2c1)-c1cccc2cccc-3c12,-8.004
c1ccc2c(c1)-c1cccc3c1c-2cc1ccccc13,c1ccc2c(c1)-c1cccc3c1c-2cc1ccccc13,-8.2259
c1ccc2cc3c(cc2c1)-c1cccc2cccc-3c12,c1ccc2cc3c(cc2c1)-c1cccc2cccc-3c12,-8.4989
c1ccc2c3c(ccc2c1)Sc1ccc2ccccc2c1N3,c1ccc2c3c(ccc2c1)Sc1ccc2ccccc2c1N3,-7.9081
c1ccc2c3c(ccc2c1)Nc1ccc2ccccc2c1S3,c1ccc2c3c(ccc2c1)Nc1ccc2ccccc2c1S3,-6.8786
c1ccc2c(c1)Nc1c(ccc3ccccc13)S2,c1ccc2c(c1)Nc1c(ccc3ccccc13)S2,-5.8957
c1ccc2c(c1)Nc1ccc3ccccc3c1S2,c1ccc2c(c1)Nc1ccc3ccccc3c1S2,-6.5727
c1ccc2c(c1)ccc1nc3c(ccc4ccccc43)cc12,c1ccc2c(c1)ccc1nc3c(ccc4ccccc43)cc12,-6.2447
c1ccc2c(c1)cnc1ccccc12,c1ccc2c(c1)cnc1ccccc12,-2.7763
c1ncc2n[nH]nc2n1,c1ncc2n[nH]nc2n1,-0.2319
C1CN2CCN1CC2,C1CN2CCN1CC2,0.6033
c1cnoc1,c1cnoc1,0.3827
c1ccnnc1,c1ccnnc1,1.0964
c1cncnc1,c1cncnc1,1.0964
C1CCCCCC1,C1CCCCCC1,-3.5149
CCOP(=S)(OCC)Oc1cnccn1,c1cnccn1,-2.338
CCN(CC)C(=O)/C(Cl)=C(/C)OP(=O)(OC)OC,,0.5233
CCOP(=S)(OCC)OCCSCC,,-3.634
C1OC1C1CO1,C1OC1C1CO1,1.065
N[C@@H](Cc1cc(Br)c(O)c(Br)c1)C(=O)O,c1ccccc1,-1.9281
CC[S+]([O-])CCSP(=O)(OC)OC,,0.6086
NN,,1.4942
CCN1C[C@]2(COC)[C@H](O)C[C@H](OC)[C@]34C1[C@H]([C@H](OC)[C@H]23)[C@]1(OC(C)=O)[C@H]2[C@@H](OC(=O)c3ccccc3)[C@](O)(C[C@H]24)[C@@H](OC)[C@@H]1O,O=C(OC1C2CCC3C4CC5C6CCCC5(C(C2)C31)C4NC6)c1ccccc1,-3.3187
C#CC(C)(CC)OC(N)=O,,-0.9456
FC(F)(F)C(Cl)Cl,,-1.8623
CCOP(=O)(O/C=C/Cl)OCC,,-1.3316
CCC(C)n1c(=O)[nH]c(C)c(Br)c1=O,O=c1cc[nH]c(=O)[nH]1,-2.5057
Cc1[nH]c(=O)n(C(C)C)c(=O)c1Br,O=c1cc[nH]c(=O)[nH]1,-2.0604
CNC(=O)Oc1cc(C)c(N(C)C)c(C)c1,c1ccccc1,-3.3469
CCC(C)C(N)C(=O)O,,-0.5033
O=C(O)c1cc(Cl)ccc1O,c1ccccc1,-1.237
Fc1cccc2ccccc12,c1ccc2ccccc2c1,-3.4527
CC(=O)Nc1ccc(F)cc1C,c1ccccc1,-1.3593
CC(=O)Nc1ccc(C)cc1F,c1ccccc1,-1.7403
Fc1cc(F)c(F)cc1F,c1ccccc1,-2.3757
CCCC[C@H](N)C(=O)O,,-1.0387
O=C(/C=C/c1ccc(O)c(O)c1)O[C@@H]1C[C@](O)(C(=O)O)C[C@@H](O)[C@H]1O,O=C(C=Cc1ccccc1)OC1CCCCC1,-0.9473
CC(C)CC(N)C(=O)O,,-1.0456
CP(=O)(F)OC1CCCCC1,C1CCCCC1,-1.6875
Fc1ccccc1CCl,c1ccccc1,-2.541
Fc1ccccc1Cl,c1ccccc1,-2.4157
Fc1ccc(I)cc1,c1ccccc1,-3.1257
CCF,,-1.3477
Cn1cncc1C[C@H](N)C(=O)O,c1c[nH]cn1,0.0727
OCCF,,1.1934
CC(C)NP(=O)(F)NC(C)C,,-0.3574
CC(O)C(F)(F)F,,0.3094
FC(F)(F)C(F)(Cl)Cl,,-3.0961
O=C(O)C(F)F,,1.0176
C[C@]12CCC(=O)C=C1CC[C@@H]1[C@@H]2C(=O)C[C@]2(C)C(=O)CC[C@@H]12,O=C1C=C2CCC3C4CCC(=O)C4CC(=O)C3C2CC1,-3.4843
CCCc1cc(F)ccc1O,c1ccccc1,-1.887
NC(=O)N(CCO)/N=C/c1ccc([N+](=O)[O-])o1,c1ccoc1,-2.6852
O=C(O)c1ccccc1C(F)(F)F,c1ccccc1,-1.5978
C#C[C@]1(O)CC[C@H]2[C@@H]3CCC4=CC(=O)CC[C@]4(C)[C@H]3CC[C@@]21C,O=C1C=C2CCC3C4CCCC4CCC3C2CC1,-5.6576
C[C@H](CCC(=O)O)[C@H]1CC[C@H]2[C@@H]3CC[C@@H]4C[C@H](O)CC[C@]4(C)[C@H]3CC[C@]12C,C1CCC2C(C1)CCC1C3CCCC3CCC21,-6.0
C[C@]12CC[C@H]3[C@@H](CCC4=CC(=O)CC[C@@H]43)[C@@H]1CC[C@@H]2O,O=C1C=C2CCC3C4CCCC4CCC3C2CC1,-1.9484
CC1=C2[C@@H](O)[C@@H]3[C@H](C)C(=O)O[C@@H]3C[C@H](C)[C@H]2CC1=O,O=C1C=C2CC3CC(=O)OC3CCC2C1,-1.945
CC(=O)NCc1c(I)c(NC(C)=O)c(I)c(C(=O)O)c1I,c1ccccc1,-2.3208
CC[C@H](C)[C@@H](N)C(=O)O,,-0.7875
O=C(O)Cc1cc(O)ccc1O,c1ccccc1,0.7037
Nc1ncc2[nH]cnc2n1,c1ncc2[nH]cnc2n1,-1.21
OC1CCOC1,C1CCOC1,1.055
O=C(O)c1ccc(F)c([N+](=O)[O-])c1,c1ccccc1,-1.5809
Fc1cccc(CCl)c1,c1ccccc1,-2.5436
CCC[C@H]1CCCCN1,C1CCNCC1,-0.8493
COCC(F)F,,-0.2836
N#CN=C(N)N,,-0.3087
Nc1cccnc1,c1ccncc1,1.0263
NC(=O)NCC(=O)O,,-0.5809
NC(=O)NCCC(=O)O,,-0.8014
CC1(C)C2CCC1(C)[C@@H](O)C2,C1CC2CCC1C2,-2.319
CC1(C)[C@H]2CC[C@@]1(C)C(=O)C2,O=C1CC2CCC1C2,-3.1825
C=C[C@H]1CN2CC[C@H]1C[C@H]2[C@@]12Nc3ccccc3[C@]1(O)CCO2,c1ccc2c(c1)NC1(C3CC4CCN3CC4)OCCC21,-2.6706
CC[C@@]12CCCN3CC[C@]4(c5cccc(OC)c5N(C(C)=O)[C@@H]4CC1)[C@H]32,c1ccc2c(c1)NC1CCC3CCCN4CCC21C34,-1.3269
O=C(O)C1(O)c2ccccc2-c2ccccc21,c1ccc2c(c1)Cc1ccccc1-2,-1.9657
CCC(=O)O[C@](Cc1ccccc1)(c1ccccc1)[C@H](C)CN(C)C,c1ccc(CCc2ccccc2)cc1,-5.0097
O=S(=O)(CCCl)CCCl,,-1.5031
CN=C(N)N,,-1.6135
Nc1ccc(S(=O)(=O)c2cnc(N)s2)cc1,O=S(=O)(c1ccccc1)c1cncs1,-2.805
CC(=O)C1CC(CC(=O)O)C1(C)C,C1CCC1,-0.5752
C[C@H](CCC(=O)O)[C@H]1CC[C@H]2[C@@H]3[C@H](O)C[C@@H]4C[C@H](O)CC[C@]4(C)[C@H]3CC[C@]12C,C1CCC2C(C1)CCC1C3CCCC3CCC21,-3.6402
C[C@]12CC[C@H]3C(=CCc4cc(O)ccc43)[C@@H]1CCC2=O,O=C1CCC2C3=CCc4ccccc4C3CCC12,-5.2795
O=C1C=C2CC3(O)COc4c(ccc(O)c4O)C3=C2C=C1O,O=C1C=CC2=C3c4ccccc4OCC3CC2=C1,-2.6994
C[C@H](CCC(=O)NCC(=O)O)[C@H]1CC[C@H]2[C@@H]3[C@H](O)C[C@@H]4C[C@H](O)CC[C@]4(C)[C@H]3C[C@H](O)[C@]12C,C1CCC2C(C1)CCC1C3CCCC3CCC21,-5.1495
COc1cc([C@@H]2c3cc4c(cc3[C@H](O)[C@H]3COC(=O)[C@@H]23)OCO4)cc(OC)c1OC,O=C1OCC2Cc3cc4c(cc3C(c3ccccc3)C12)OCO4,-3.6174
c1cc2c3c(c4ccc5ccccc5c4cc3c1)CC2,c1cc2c3c(c4ccc5ccccc5c4cc3c1)CC2,-7.8613
CN(c1c([N+](=O)[O-])cc([N+](=O)[O-])cc1[N+](=O)[O-])[N+](=O)[O-],c1ccccc1,-3.5889
OCC1=C[C@@H](O)[C@@H]2C=CO[C@@H](O[C@@H]3O[C@H](CO)[C@@H](O)[C@H](O)[C@H]3O)[C@H]12,C1=CC2C(C=COC2OC2CCCCO2)C1,0.0119
Cc1cc(C)c(C(=O)O)c(C)c1,c1ccccc1,-2.3566
Cc1cc(O)c(C(=O)O)c(O)c1,c1ccccc1,-2.0496
O=C1NC(=O)C([N+](=O)[O-])C(=O)N1,O=C1CC(=O)NC(=O)N1,-2.2840000000000003
CC1=C2[C@H]3OC(=O)[C@@H](C)[C@@H]3CC[C@@]2(C)C=CC1=O,O=C1C=CC2CCC3CC(=O)OC3C2=C1,-3.0905
C[C@]12CC[C@H](O)C[C@@H]1CC[C@@H]1[C@@H]2CC[C@]2(C)C(=O)CC[C@@H]12,O=C1CCC2C1CCC1C3CCCCC3CCC21,-4.1577
CN1C2CCC1[C@@H](C(=O)O)[C@@H](O)C2,C1CC2CCC(C1)N2,-0.0173
Cn1c(=O)c2ncnnc2n(C)c1=O,O=c1[nH]c(=O)c2ncnnc2[nH]1,-1.9849
COc1ccc2ccc(=O)oc2c1CC=C(C)C,O=c1ccc2ccccc2o1,-4.3087
CCC(C)c1cc([N+](=O)[O-])cc([N+](=O)[O-])c1OC(=O)C=C(C)C,c1ccccc1,-5.5083
CC1CCC2C(C)C(=O)OCC12,O=C1CC2CCCC2CO1,-1.9249
O=c1c2ccccc2nc2n1CC[C@@H]2O,O=c1c2ccccc2nc2n1CCC2,-2.106
CN1C[C@@H]2C[C@@H](C1)c1cccc(=O)n1C2,O=c1cccc2n1CC1CNCC2C1,0.6484
O=c1[nH]c(=O)c2nccnc2[nH]1,O=c1[nH]c(=O)c2nccnc2[nH]1,-2.1183
CC1=C(CCC(=O)O)C(=O)NC1=O,O=C1C=CC(=O)N1,-0.6608
OC1[C@@H](O)[C@H](O)C[C@@H](O)[C@@H]1O,C1CCCCC1,-0.1739
Cc1ccc(C(C)C)cc2c(C)ccc1-2,c1ccc2cccc-2cc1,-5.4752
COC(=O)c1ccccc1OC1OC(COC2OCC(O)C(O)C2O)C(O)C(O)C1O,c1ccc(OC2CCCC(COC3CCCCO3)O2)cc1,-0.7418
O=c1[nH]ccc2ccccc12,O=c1[nH]ccc2ccccc12,-2.4842
Cc1cc(O)c2c(O)c3c(O)cccc3cc2c1,c1ccc2cc3ccccc3cc2c1,-3.0585
Nc1nc(=O)c2[nH]c(=O)c(=O)[nH]c2[nH]1,O=c1[nH]c2[nH]cnc(=O)c2[nH]c1=O,-5.1655
C=C(C(=O)O)c1ccccc1,c1ccccc1,-2.0568
C[C@H](N)[C@@H](O)c1ccccc1,c1ccccc1,-0.8786
OC[C@H]1O[C@H](O)[C@H](O)[C@@H](O)[C@@H]1O,C1CCOCC1,0.4433
O=C1C=C(O)C[C@@H](c2ccccc2)C1,O=C1C=CCC(c2ccccc2)C1,-2.5113
c1cncc([C@@H]2CCCCN2)c1,c1cncc(C2CCCCN2)c1,0.7898
OCc1cc(O)ccc1O,c1ccccc1,0.8534
O=Nc1ccc(NNC(=O)c2ccccc2)cc1,O=C(NNc1ccccc1)c1ccccc1,-4.6835
O=C1C=CC=C/C1=C/NNC(=O)c1ccncc1,O=C1C=CC=CC1=CNNC(=O)c1ccncc1,-3.6835
c1ccc2c(c1)CCN2,c1ccc2c(c1)CCN2,-1.0427
C/C=C(\C)C=O,,-0.527
CC1OCCO1,C1COCO1,0.8789
O=C1CC2CCC1C2,O=C1CC2CCC1C2,-1.7565
O=C(O)C1=CC(=O)C(=O)C(=C(O)O)O1,C=C1OC=CC(=O)C1=O,-1.3769999999999998
COc1cc(C(C)=O)ccc1O,c1ccccc1,-1.5216
CCC[C@@H](N)C(=O)O,,-0.0687
C/C(=C/C(=O)O)C(=O)O,,0.7795
Cc1ccc(C(C)C)cc1O,c1ccccc1,-2.0798
CC1CC(OC(=O)c2ccccc2)CC(C)(C)N1,O=C(OC1CCNCC1)c1ccccc1,-1.922
O=C(O)C(=O)Nc1ccccc1,c1ccccc1,-1.3019
O=C(CCCl)NCc1ccccc1,c1ccccc1,-3.2959
NC(=O)NC(=O)C=CC(=O)O,,-1.9202
CCOC(=S)SSC(=S)OCC,,-4.9432
C1COC1,C1COC1,1.236
C/C=C\C(=O)O,,1.065
Nc1ccncc1,c1ccncc1,-0.0529
Nc1ccccn1,c1ccncc1,0.9757
C1CSCCS1,C1CSCCS1,-1.6029
O=C(O)CCCCCCC(=O)O,,-1.1673
ClCCSCCCl,,-2.3666
O=C(O)/C=C\C=C/C(=O)O,,-2.8516
N#CI,,-0.6333
CC(C)(C)Br,,-2.3586
CC1(C)C2CCC1(C)C(O)C2,C1CC2CCC1C2,-2.3202
CC(C)(C)CC(=O)OCC(=O)C1(O)CCC2C3CCC4=CC(=O)CCC4(C)C3C(O)CC21C,O=C1C=C2CCC3C4CCCC4CCC3C2CC1,-5.5111
O=[N+]([O-])C([N+](=O)[O-])([N+](=O)[O-])[N+](=O)[O-],,-2.3381
CN1CC[C@]23c4c5ccc(OCCN6CCOCC6)c4O[C@H]2[C@@H](O)C=CC3[C@H]1C5,C1=CC2C3Cc4ccc(OCCN5CCOCC5)c5c4C2(CCN3)C(C1)O5,-1.2994
CCC1(N2CCCCC2)C(=O)NC(=O)NC1=O,O=C1NC(=O)C(N2CCCCC2)C(=O)N1,-2.1562
C[C@@H]1CC[C@@]2(OC1)O[C@H]1C[C@H]3[C@@H]4CC=C5C[C@@H](O)CC[C@]5(C)[C@H]4CC[C@]3(C)[C@H]1[C@@H]2C,C1=C2CCCCC2C2CCC3C4CC5(CCCCO5)OC4CC3C2C1,-7.3166
OC[C@H]1O[C@H](OC[C@H]2O[C@H](O[C@]3(CO)O[C@H](CO)[C@@H](O)[C@@H]3O)[C@H](O)[C@@H](O)[C@@H]2O)[C@H](O)[C@@H](O)[C@H]1O,C1CCC(OCC2CCCC(OC3CCCO3)O2)OC1,-0.3962
CCCOP(=O)(OCCC)OCCC,,-1.5412
CC(C)=CCl,,-1.9569
C=C(C)CO,,0.4298
CCC(C)S,,-1.8346
C=C(C)C(=C)C,,-2.4014
CC(=O)C(C)O,,1.055
CC(C)C1=CC2=CC[C@@H]3[C@](C)(CCC[C@@]3(C)C(=O)O)[C@H]2CC1,C1=CC2=CCC3CCCCC3C2CC1,-3.7959
CC12CC(O)C3C(CCC4C[C@@H](O)CCC43C)C1CCC2=O,O=C1CCC2C1CCC1C3CCCCC3CCC21,-3.5932
CC(O)(C(=O)O)c1ccccc1,c1ccccc1,-0.8949
CC(C(=O)O)C(=O)O,,0.7597
CC(C)C(N)C(=O)O,,-0.1971
COc1cc([C@@H]2c3cc4c(c(O)c3C[C@H]3COC(=O)[C@@H]32)OCO4)cc(OC)c1OC,O=C1OCC2Cc3cc4c(cc3C(c3ccccc3)C12)OCO4,-4.5035
O=C1OC2(c3ccc(O)cc3Oc3cc(O)ccc32)c2ccccc21,O=C1OC2(c3ccccc3Oc3ccccc32)c2ccccc21,-3.8226
COc1ccc(C=O)c(C(=O)O)c1OC,c1ccccc1,-1.9247
CC(=O)N(C)N(C(=O)C(=O)N(C)C)c1ccccc1,c1ccccc1,-0.5345
Oc1c(Br)cc(Br)c2cccnc12,c1ccc2ncccc2c1,-4.1938
CCC1CN2CCC1CC2C(O)c1ccnc2ccc(OC)cc12,c1ccc2c(CC3CC4CCN3CC4)ccnc2c1,-3.0514
O=S(=O)(O)c1ccc2c(S(=O)(=O)O)cccc2c1,c1ccc2ccccc2c1,0.5402
CC(C)NCC(O)COc1cccc2ccccc12,c1ccc2ccccc2c1,-3.6202
NC(Cc1[nH]nc2ccccc12)C(=O)O,c1ccc2n[nH]cc2c1,-1.4091
O=C(O)[C@@H](O)[C@@H](O)[C@@H](O)[C@@H](O)C(=O)O,,-0.3225
O=C(O)c1cccs1,c1ccsc1,-1.2327
Cc1ccccc1C(C)C,c1ccccc1,-3.7606
O=C(C(=O)c1cc([N+](=O)[O-])ccc1O)c1cc([N+](=O)[O-])ccc1O,O=C(C(=O)c1ccccc1)c1ccccc1,-3.5214
CC(=O)c1ccc(O)c(O)c1O,c1ccccc1,-2.0216
O=C(O)c1ccc(C(=O)O)c(C(=O)O)c1,c1ccccc1,-1.0003
O=C(O)c1ccc([N+](=O)[O-])c([N+](=O)[O-])c1,c1ccccc1,-1.5005
C=CCC(C(=O)NC(N)=O)C(C)C,,-2.7469
Oc1c2ccccc2cc2ccccc12,c1ccc2cc3ccccc3cc2c1,-4.7329
C=C(c1ccccc1)c1ccccc1,C=C(c1ccccc1)c1ccccc1,-4.4363
O=NC1=C(NO)CCCCC1,C1=CCCCCC1,-1.4249
COc1ccc2ccc(=O)oc2c1,O=c1ccc2ccccc2o1,-3.1221
COc1ccccc1OCC(O)COC(N)=O,c1ccccc1,-1.5251
CCOC(=O)COc1ccc(Cl)cc1Cl,c1ccccc1,-3.3503
CCCCCc1ccc(O)cc1O,c1ccccc1,-1.9548
CCN(CC)C(=O)CC(C)C,,-0.5946
CN1CSC(=S)N(C)C1,S=C1NCNCS1,-1.7331
OC(CI)CI,,-1.3971
CNC(=S)NC,,0.9823
COC(C)OC,,1.0452
CCCCC(C(=O)O)C(=O)O,,0.4369
Cc1cccc(C(C)C)c1,c1ccccc1,-3.4994
Cc1cc(N(C)C)nc(Cl)n1,c1cncnc1,-1.2615
O=C(O)c1cc(O)c(O)c(OC(=O)c2cc(O)c(O)c(O)c2)c1,O=C(Oc1ccccc1)c1ccccc1,-2.8092
CCc1ccncc1,c1ccncc1,-0.0006
O=C1C(Br)=CC(=NCl)C=C1Br,N=C1C=CC(=O)C=C1,-3.7068
CN[C@@H](Cc1ccc(O)cc1)C(=O)O,c1ccccc1,-2.1325
CCN(CCCl)CCCl,,-3.0265
CCCCOC(=O)/C=C/c1ccccc1,c1ccccc1,-1.6112
COCc1ccccc1,c1ccccc1,-1.6098
CN(C)c1ccc(N=Nc2ccc(N)cc2)cc1,c1ccc(N=Nc2ccccc2)cc1,-4.593999999999999
O=C(O)/C=C/c1ccco1,c1ccoc1,-1.8392
CCCCC(=O)OCC,,-1.7706
CCC(=O)OCC(C)C,,-1.8841
COC1CC1,C1CC1,-0.1176
Br/C=C\Br,,-1.3195
OCCBr,,0.9032
CCOC,,-0.0799
CNNC,,1.2211
CC(C)CC(C)(C)C,,-4.6704
CC(=O)OC(C)(C)C,,-1.1443
CCCC(Cl)Cl,,-2.4036
CC(N)CC(=O)O,,0.9867
CC(=O)CC(=O)O,,0.991
NC(=S)NC(N)=S,,-1.6996
CC1=CC(=O)CC(=O)O1,O=C1C=COC(=O)C1,-1.1185
ClC1CCCCC1,C1CCCCC1,-2.3752
NC(CCCC(=O)O)C(=O)O,,-1.8648
CC(C)COC=O,,-1.0006
CCCCI,,-2.9587
ClCOCCl,,-0.7181
C1=CCC=C1,C1=CCC=C1,-1.565
NC(N)=NCCS(=O)(=O)O,,-0.6321
CC(C)CO[N+](=O)[O-],,-1.9521
CCCCCCl,,-2.7324
CC(C)CCOC(N)=O,,-1.4403
CC(C)CCO[N+](=O)[O-],,-2.4809
N#CCCCC#N,,1.0263
CCCCCCCCCCCCCCCC,,-8.4007
Nc1ccc(S(=O)(=O)Nc2ccc(S(N)(=O)=O)cc2)cc1,O=S(=O)(Nc1ccccc1)c1ccccc1,-2.7592
COC(=O)C(C)O,,0.9825
C=C1CCOC1=O,C=C1CCOC1=O,0.1844
C[C@H](CCC(=O)O)[C@H]1CC[C@H]2[C@@H]3[C@H](O)[C@H](O)[C@@H]4C[C@H](O)CC[C@]4(C)[C@H]3CC[C@]12C,C1CCC2C(C1)CCC1C3CCCC3CCC21,-4.3465
CCOC(=O)C(c1c(O)oc2ccccc2c1=O)c1c(O)oc2ccccc2c1=O,O=c1c(Cc2coc3ccccc3c2=O)coc2ccccc12,-3.4264
Cc1ccc(C(C)C)c(O)c1C(=O)O,c1ccccc1,-3.2883
C=C(C)Cn1c(N)cc(=O)n(C)c1=O,O=c1cc[nH]c(=O)[nH]1,-0.9895
OC[C@H]1O[C@@H](n2cnc3cncnc32)[C@H](O)[C@@H]1O,c1ncc2ncn(C3CCCO3)c2n1,-0.4018
O=[N+]([O-])c1c(O)ccc2ccccc12,c1ccc2ccccc2c1,-2.9758
Cc1c(Cl)cc(Cl)c(O)c1Cl,c1ccccc1,-3.2761
CN1C2CCCC1CC(=O)C2,O=C1CC2CCCC(C1)N2,0.4167
NNC(=O)c1cccnc1,c1ccncc1,-0.1372
CCCOc1ccc([N+](=O)[O-])cc1N,c1ccccc1,-3.1592
COC(=O)C(=O)OC,,-0.2919
C[C@](N)(Cc1ccc(O)c(O)c1)C(=O)O,c1ccccc1,-1.3247
O=C(O)/C=C\C(=O)Nc1ccccc1,c1ccccc1,-2.2815
O=C1NCCN1/N=C/c1ccc([N+](=O)[O-])o1,O=C1NCCN1N=Cc1ccco1,-3.3572
N[C@H](Cc1ccc(O)cc1)C(=O)O,c1ccccc1,-2.6049
NC(Cc1ccc(O)cc1)C(=O)O,c1ccccc1,-2.6561
OCC1CO1,C1CO1,1.1303
O=c1nccc[nH]1,O=c1nccc[nH]1,0.6749
CCCOC,,-0.3857
CCCC(=O)OCC(O)CO,,-1.335
C=CCOCC=C,,-0.0206
BrC(Br)(Br)Br,,-3.1404
CS(=O)(=O)F,,-0.5145
CC(C)(O)CCl,,0.1602
O=[N+]([O-])C(Br)([N+](=O)[O-])[N+](=O)[O-],,-1.7705
CC(=O)Oc1ccc2c3c1O[C@H]1[C@@H](OC(C)=O)C=C[C@H]4[C@@H](C2)N(C)CC[C@@]341,C1=CC2C3Cc4cccc5c4C2(CCN3)C(C1)O5,-2.7894
CCC(C)(C)CC,,-4.2286
CCOP(=S)(OCC)SCSP(=S)(OCC)OCC,,-5.2838
C=CC(C)C,,-2.732
C=C(C)CC,,-2.7307
C=C(C)CCl,,-1.8108
C/C(Cl)=C/Cl,,-1.6138
CC(O)C(C)Cl,,-0.2122
C1O[C@@H]1[C@H]1CO1,C1OC1C1CO1,1.065
CCC(C)C(C)(C)C,,-4.6776
CCC(C)C(C)C,,-4.2808
CCC(C)C(C)O,,-0.7216
CCC(C)C(C)=O,,-0.6805
CCC(O)C(C)C,,-0.7062
CCC(=O)C(C)C,,-0.8106
NCC(O)C(=O)O,,-0.8229
CC(C)C(Br)C(=O)O,,-1.103
CC(C)C(C)C(C)C,,-4.6961
CC(C)C(=O)C(C)C,,-1.3018
CC(N)C(O)C(=O)O,,-0.3535
COc1cc([C@@H]2c3cc4c(c(O)c3C[C@H]3COC(=O)[C@@H]32)OCO4)cc(OC)c1O,O=C1OCC2Cc3cc4c(cc3C(c3ccccc3)C12)OCO4,-4.1254
COc1ccc2c(c1OC)C(=O)OC2,O=C1OCc2ccccc21,-1.8903
O=C(O)c1nc[nH]c1C(=O)O,c1c[nH]cn1,-2.4944
O=P(O)(O)OC1C(O)C(O)C(O)C(O)C1O,C1CCCCC1,0.1076
COCOC(=O)c1ccccc1O,c1ccccc1,-2.3
O=C(O)C1CCNCC1C(=O)O,C1CCNCC1,-0.5395
Nc1cccc2nc3ccccc3cc12,c1ccc2nc3ccccc3cc2c1,-4.222
OC(c1ccccc1)C(O)c1ccccc1,c1ccc(CCc2ccccc2)cc1,-1.933
CCc1cccc(CC)c1N,c1ccccc1,-2.3478
Brc1ccc2ccccc2c1,c1ccc2ccccc2c1,-4.4001
Oc1cnc2ccccc2c1,c1ccc2ncccc2c1,-2.3925
Oc1ccc2cccnc2c1,c1ccc2ncccc2c1,-2.5038
CCN(CC)c1nc(Cl)nc(N(CC)CC)n1,c1ncncn1,-4.4112
C1=CC[C@@H](c2cccnc2)NC1,C1=CCC(c2cccnc2)NC1,0.7953
c1ccc(-c2cccnc2)nc1,c1ccc(-c2cccnc2)nc1,-0.5916
S=c1[nH]c2cncnc2[nH]1,S=c1[nH]c2cncnc2[nH]1,-2.5243
C=CCC1=C(C)C(OC(=O)C2C(C=C(C)C)C2(C)C)CC1=O,O=C1C=CC(OC(=O)C2CC2)C1,-4.8179
C[C@H](NC(N)=O)C(=O)O,,-0.7845
CC(C)(C)c1cccc(O)c1,c1ccccc1,-1.8614
O=[N+]([O-])c1cccc(Br)c1,c1ccccc1,-1.3054
O=C(O)/C=C(\CC(=O)O)C(=O)O,,0.3612
OCC(O)C(O)C(OC1OC(CO)C(O)C(O)C1O)C(O)CO,C1CCOCC1,0.2872
OCC1OC(OCC2OC(O)C(O)C(O)C2O)C(O)C(O)C1O,C1CCC(COC2CCCCO2)OC1,0.4656
O=[N+]([O-])c1cc(O)cc([N+](=O)[O-])c1,c1ccccc1,-1.663
O=C(O)c1ccc(C(=O)O)c(Br)c1,c1ccccc1,-2.1339
OCc1ccncc1,c1ccncc1,0.9621
NC(=O)OC(CCl)CCl,,-1.3605
Cc1cccc(CO)c1,c1ccccc1,-0.3879999999999999
O=C(O)COc1cc(Cl)cc(Cl)c1,c1ccccc1,-2.3617
O=C(O)COc1cccc(Cl)c1,c1ccccc1,-2.1954
C(=C/c1ccccc1)\c1ccccc1,C(=Cc1ccccc1)c1ccccc1,-5.7905
OCc1ccc(CO)cc1,c1ccccc1,-0.3861
CCCC(C)CC,,-4.3063
CCCC(=O)CC,,-0.8334
CCCCC(C)CC,,-5.1591
CC1CCC(C)CC1,C1CCCCC1,-4.4657
CCCCOC(=O)CC,,-1.9385
I/C=C\I,,-2.7813
CCCC(C)(C)C,,-4.3575
CCCC(C)(C)O,,-0.4988
CCCCC(C)(C)C,,-5.7568
CC1CCCC(=O)C1,O=C1CCCCC1,-1.8738
CC1=CCCCC1,C1=CCCCC1,-3.2671
CCCCC(C)C,,-4.5961
C=CCOC(C)=O,,-0.5534
C/C=C/CCl,,-1.9569
C/C=C/CCCC,,-3.816
CCCCOC=O,,-1.1307
FCCl,,-0.8202
NC(=O)C(Br)(Br)Br,,-1.2668
NC(=O)C(Cl)(Cl)Cl,,-1.0966
CC(Cl)(Cl)[N+](=O)[O-],,-1.7603
CCC(C)(O)C(C)C,,-0.8504
CCC(Cl)(Cl)[N+](=O)[O-],,-1.4996
CCC(CO)(CO)[N+](=O)[O-],,0.8264
CC(C)(C=O)CO,,-0.3279
CC(O)(CCl)CCl,,-0.1822
CC(=O)OCC(COC(C)=O)(COC(C)=O)COC(C)=O,,-1.5686
CCCC(C)(O)CCC,,-1.5867
CC1(CCl)CO1,C1CO1,-0.5504
ClC(Br)CBr,,-2.5546
COC(C)C,,-0.057
NC(=O)C(Br)Br,,-1.0574
CC(Cl)C(Cl)Cl,,-1.8898
CC(Cl)C(=O)O,,0.9645
CC(Cl)[N+](=O)[O-],,-1.4374
Cc1ccc(S(=O)(=O)Oc2ccccc2C)cc1,O=S(=O)(Oc1ccccc1)c1ccccc1,-3.9417
CCOC(OCC)C(Cl)(Cl)Cl,,-1.6464
CCC(Cl)[N+](=O)[O-],,-1.1887
CC(C)C(O)C(C)C,,-1.2201
CCC(C(=O)O)C(=O)O,,0.7315
O=[N+]([O-])c1ccc2c3c(cccc13)CC2,c1cc2c3c(cccc3c1)CC2,-5.3403
O=C(O)c1c(Br)c(O)c(O)c(O)c1Br,c1ccccc1,-0.4188
Cc1c([N+](=O)[O-])cc([N+](=O)[O-])c(O)c1[N+](=O)[O-],c1ccccc1,-2.0434
CC(O)Cn1cnc2c1c(=O)n(C)c(=O)n2C,O=c1[nH]c(=O)c2[nH]cnc2[nH]1,0.623
O=C(O)c1cccc([N+](=O)[O-])c1C(=O)O,c1ccccc1,-1.0214
O=C1C=CC(=C(c2ccc(O)cc2)c2ccc(O)cc2)C=C1,O=C1C=CC(=C(c2ccccc2)c2ccccc2)C=C1,-2.3837
CCOC(=O)c1ccccc1C(=O)c1ccccc1,O=C(c1ccccc1)c1ccccc1,-3.4053
O=C1c2ccccc2C(=O)c2cc(O)ccc21,O=C1c2ccccc2C(=O)c2ccccc21,-5.3093
COC(=O)c1ccccc1C(=O)c1ccccc1,O=C(c1ccccc1)c1ccccc1,-3.4776
O=c1[nH]c(=O)c2cc([N+](=O)[O-])cc([N+](=O)[O-])c2[nH]1,O=c1[nH]c(=O)c2ccccc2[nH]1,-3.2057
Cn1c(=O)ccc2ccccc21,O=c1ccc2ccccc2[nH]1,-1.0466
Cc1cc(=O)c2ccccc2[nH]1,O=c1cc[nH]c2ccccc12,-1.2019
Brc1cccc(Br)c1Br,c1ccccc1,-5.0402
O=C(O)[C@@H](O)[C@H](O)[C@H](O)[C@H](O)C(=O)O,,0.1999
CCOC(=O)C(=O)C(=O)OCC,,0.5117
CCC(CO)[N+](=O)[O-],,-0.3436
O=[N+]([O-])c1cc(Cl)cc(Cl)c1O,c1ccccc1,-4.0876
O=Cc1cccc(C(=O)O)c1O,c1ccccc1,-2.4423
O=C(O)c1ccc([N+](=O)[O-])cc1[N+](=O)[O-],c1ccccc1,-1.0665
Cc1cccc2cc3ccccc3cc12,c1ccc2cc3ccccc3cc2c1,-5.8541
O=C1OCc2ccc([N+](=O)[O-])cc21,O=C1OCc2ccccc21,-2.6511
OCc1ccccc1CO,c1ccccc1,0.0569
O=C(O)c1ccccc1CO,c1ccccc1,-1.5508
CCc1ccccc1[N+](=O)[O-],c1ccccc1,-2.7993
O=[N+]([O-])c1ccccc1CO,c1ccccc1,-1.4861
Nc1ccc2cc3ccccc3cc2c1,c1ccc2cc3ccccc3cc2c1,-5.1722
CCOC(=O)c1cccnc1,c1ccncc1,-0.4313
Clc1ccccc1I,c1ccccc1,-3.54
CCOC(=O)N(C)N=O,,-0.5528
Brc1ccc(Br)c(Br)c1,c1ccccc1,-4.808
CCCCC(N)C(=O)O,,-1.0453
CCC(Cl)CC,,-2.6307
C=CC(O)CC,,0.0193
O=C1CCCN1,O=C1CCCN1,1.07
CCCC(C(=O)O)C(=O)O,,0.6803
O=[N+]([O-])c1cc([N+](=O)[O-])c(O)cc1O,c1ccccc1,-3.4086
O=Cc1ccc(O)c(C(=O)O)c1,c1ccccc1,-2.6354
CCCCCC(C(=O)O)C(=O)O,,0.5921
CCCC(O)C(C)C,,-1.3093
CN(C)c1cccc(S(=O)(=O)O)c1,c1ccccc1,0.2983
O=C(O)c1ccc(Cl)o1,c1ccoc1,-1.7188
O=Cc1ccccc1O[C@@H]1O[C@H](CO)[C@@H](O)[C@H](O)[C@H]1O,c1ccc(OC2CCCCO2)cc1,-1.1985
Cc1ccc(C(=O)O)cc1C,c1ccccc1,-3.0653
O=[N+]([O-])c1cccc(CO)c1,c1ccccc1,-2.4142
N#Cc1ccc(C(=O)O)cc1,c1ccccc1,-2.0885
O=[N+]([O-])c1ccc(CO)cc1,c1ccccc1,-1.8841
CN(C)c1ccc(C(=O)O)cc1,c1ccccc1,-3.3979
OCc1cccc(O)c1,c1ccccc1,-0.2678
N#CCC(=O)Nc1ccccc1,c1ccccc1,-2.7275
O=C(O)Cc1cccc(O)c1,c1ccccc1,0.8177
CCCCCN(CCCCC)CCCCC,,-4.0326
Cc1ccc(N=C=S)cc1,c1ccccc1,-4.7213
C=Cc1ccc(C)cc1,c1ccccc1,-3.1232
OCc1ccc(O)cc1,c1ccccc1,-1.2678
O=Cc1ccc(C=O)cc1,c1ccccc1,-2.8265
CCCC(=O)OC,,-0.8331
CC(=O)OCC(C)OC(C)=O,,-0.2046
CCOCCOC(=O)CCCCCCCCC(=O)OCCOCC,,-3.1972
CCOC(=O)CCCCCCCC(=O)OCC,,-2.99
CCCCC(=O)OC,,-1.3606
Ic1ccc(I)cc1,c1ccccc1,-5.3723
CCCCCCC(O)CC,,-2.6608
ICCI,,-3.2196
CC(C)(C)CCO,,-1.1308
CC(C)CC(C)(C)O,,-0.9307
CCC(C)(C)NC(N)=O,,-1.0142
CCCCC(C)(C)O,,-1.0784
CCCCCC(C)(C)O,,-1.7168
COCC(C)C,,-0.9007
COCC(=O)O,,1.0454
O=[N+]([O-])CCO,,1.0406
CCOC(C)C,,-0.5607
CC(C)OC=O,,-0.6301
Clc1cccc(I)c1,c1ccccc1,-3.55
O=c1cc[nH]c(O)c1,O=c1cc[nH]cc1,-1.2498
OCc1cccc(CO)c1,c1ccccc1,-0.2328
Cc1cc(=O)[nH]c(=O)[nH]1,O=c1cc[nH]c(=O)[nH]1,-1.2557
O=c1cc[nH]cc1,O=c1cc[nH]cc1,1.0218
CC(C)CCOCC(O)COCCC(C)C,,-1.3662
CCOC(=O)CCCCC(=O)O,,-0.3602
CC(C)CCCO,,-1.1286
CC/C=C\C(=O)O,,-0.2019
CCCOC(C)C,,-1.3373
CCCO[N+](=O)[O-],,-1.5044
OCCCBr,,0.0093
OCCCCl,,0.4223
COCCCl,,-0.0725
CC(C)CCC(C)O,,-1.375
CC(C)CCOCC(O)CO,,-1.2101
COC(=O)CCCCC(=O)OC,,-1.4629
CCCCOC,,-0.9907
CCCOCC,,-0.6806
CCCCCOC(C)=O,,-1.8841
CC(=O)OCCCOC(C)=O,,-0.2046
C#CCCCCC,,-3.0099
C#CCCCCCC,,-3.662
CCCCCCCCCCCCC,,-7.5936
CCCCCCCCCCCCCCC,,-9.4464
CCCCCCCCCCCCCCCO,,-6.3476
CCCCCCCCCCCCCCCCCCCCCCCCCC,,-8.3339
CCCCCCCCCCCCCCCCCCCCCCCCCCCCCCCCCCCC,,-8.4746
ClCC(Cl)(Cl)Cl,,-2.1955
O=C(O)C(Br)Br,,0.9861
Cc1cc(NS(=O)(=O)c2ccc(N)cc2)sn1,O=S(=O)(Nc1ccns1)c1ccccc1,-1.0762
CN(C)C(=O)N(C)C,,0.9349
O=C(O)c1c(Cl)c(Cl)c(Cl)c(Cl)c1C(=O)O,c1ccccc1,-1.9264
C=CC1=C(C)/C(=C/c2[nH]c(Cc3[nH]c(/C=C4\NC(=O)C(C)=C4C=C)c(C)c3CCC(=O)O)c(CCC(=O)O)c2C)NC1=O,O=C1C=CC(=Cc2ccc(Cc3ccc(C=C4C=CC(=O)N4)[nH]3)[nH]2)N1,-4.8127
O=c1ccc2nc3ccc(O)cc3oc-2c1,O=c1ccc2nc3ccccc3oc-2c1,-1.0277
Cc1c[nH]c(=S)[nH]c1=O,O=c1cc[nH]c(=S)[nH]1,-2.4461
O=C(O)C1=CCCCC1,C1=CCCCC1,-1.2558
O=Nc1ccc(O)cc1,c1ccccc1,-1.5462
CCC(=O)OC(C)C,,-1.2906
CCOC(C)(C)C,,-0.9302
CC1NC(C)SC(C)S1,C1NCSCS1,-1.3679
CC(=O)NC(=O)NC(C)=O,,-0.3137
CCCCCCCCCCCCC(=O)O,,-3.8126
CCSCCSP(=S)(OC)OC,,-3.0905
NC(=O)CF,,1.1132
C[C@H](CCC(=O)NCC(=O)O)[C@H]1CC[C@H]2[C@@H]3[C@H](O)C[C@@H]4C[C@H](O)CC[C@]4(C)[C@H]3CC[C@]12C,C1CCC2C(C1)CCC1C3CCCC3CCC21,-5.1546
CC(=O)OOC(=O)c1ccccc1,c1ccccc1,-2.4502
CCCc1ccc(O)cc1,c1ccccc1,-2.0276
Nc1nc(=O)nc(N)[nH]1,O=c1nc[nH]cn1,-3.2291
C1COCO1,C1COCO1,1.1303
NCCCCC(=O)O,,0.9313
N[C@@H](CCO)C(=O)O,,0.924
CCNc1nc(NCC)nc(OC)n1,c1ncncn1,-1.7898
CN(C)P(=O)(N(C)C)N(C)C,,0.7467
CCSS(=O)(=O)CC,,-1.109
ClC(Br)C(Cl)Br,,-2.5644
NC(=O)C(Cl)Cl,,-0.2558
CN(N=O)C(N)=O,,-0.8548
CCOC(=O)N[C@@H](C=O)[C@@H](O)[C@H](O)[C@H](O)CO,,0.1139
C#CC=C,,-1.4648
C=CCC(C)C,,-3.2439
Cn1ccccc1=O,O=c1cccc[nH]1,0.9621
O=I(=O)c1ccccc1,c1ccccc1,-1.8416
CNc1cccc(C)c1,c1ccccc1,-2.05
CCc1cc(C)cc(O)c1,c1ccccc1,-1.7696
Cc1ccc([N+](=O)[O-])c(O)c1,c1ccccc1,-2.7505
O=c1nc[nH]c2nccnc12,O=c1nc[nH]c2nccnc12,-1.4716
Nc1ncc2nccnc2n1,c1cnc2ncncc2n1,-2.2979
ClC1=C(Cl)C(Cl)(Cl)C(Cl)(Cl)C1(Cl)Cl,C1=CCCC1,-6.5362
Cn1c(=O)[nH]c2[nH]c(=O)[nH]c2c1=O,O=c1[nH]c(=O)c2[nH]c(=O)[nH]c2[nH]1,-1.5614
NC(=S)Nc1cccc([N+](=O)[O-])c1,c1ccccc1,-1.4499
Cc1nn(-c2ccccc2)c(C)c1N=O,c1ccc(-n2cccn2)cc1,-3.7355
O=C(O)c1c2ccccc2cc2ccccc12,c1ccc2cc3ccccc3cc2c1,-3.4174
Cc1ccc(N(SC(F)(Cl)Cl)S(=O)(=O)N(C)C)cc1,c1ccccc1,-5.5864
CC(C)(C)c1cc(C(C)(C)C)c(O)c(C(C)(C)C)c1,c1ccccc1,-3.875
CC(C)OP(=S)(OC(C)C)SCCNS(=O)(=O)c1ccccc1,c1ccccc1,-4.2014
CCOP(=O)(OCC)OP(=O)(OCC)OP(=O)(OCC)OP(=O)(OCC)OCC,,0.2956
CCN(N=O)C(N)=O,,-0.9547
CCCCCCCC(C(=O)O)C(=O)O,,-2.0411
CCCCCCCCC(C(=O)O)C(=O)O,,-2.92
FCCCl,,-0.5291
C=C(C)CCC,,-3.033
CC(C)=CC=C(C)C,,-3.537
O=CC1CO1,C1CO1,1.1423
COc1ccccc1Cl,c1ccccc1,-2.4639
Cc1cc(C)nc(N)n1,c1cncnc1,-0.4884
C1CC[C@@H]2NCCC[C@H]2C1,C1CCC2NCCCC2C1,-1.0831
c1ccc2c(c1)CCc1ccccc1-2,c1ccc2c(c1)CCc1ccccc1-2,-4.6347
O=C(NNC(=O)c1ccccc1)c1ccccc1,O=C(NNC(=O)c1ccccc1)c1ccccc1,-1.5883
CCCOP(=O)(OCC)OCC,,0.4063
CCCCP(=O)(CCCC)CCCC,,-0.5932
CCOC(=O)CCCC(=O)OCC,,-1.3297
C=CCCCO,,-0.1793
CC(O)CCOCCC(C)O,,0.7899
O=C(O)CCCCCCCCCCCCC(=O)O,,-3.1112
CC(C)C1OCCO1,C1COCO1,-0.0651
CSc1ncccn1,c1cncnc1,-0.402
CC(=O)OC1CC(C)OC(C)O1,C1COCOC1,0.759
Cc1nc2c([nH]1)c(=O)n(C)c(=O)n2C,O=c1[nH]c(=O)c2[nH]cnc2[nH]1,-0.7276
Cc1nc2c(c(=O)n(C)c(=O)n2C)n1C,O=c1[nH]c(=O)c2[nH]cnc2[nH]1,-1.4493
CCOC(=O)[C@H](Cc1ccc(O)cc1)NC(C)=O,c1ccccc1,-1.8586
COCCCNc1nc(NC(C)C)nc(SC)n1,c1ncncn1,-2.9284
COCCCNc1nc(NCCCOC)nc(SC)n1,c1ncncn1,-3.4792
O=C1Nc2ccc(Cl)cc2C(c2ccccc2Cl)=NC1O,O=C1CN=C(c2ccccc2)c2ccccc2N1,-3.6036
CC(=O)O[C@H]1CC[C@@]2(C)C(=CC[C@@H]3[C@@H]2CC[C@]2(C)C(=O)CC[C@@H]32)C1,O=C1CCC2C1CCC1C3CCCCC3=CCC21,-4.4584
CC(=O)CCC1C(=O)N(c2ccccc2)N(c2ccccc2)C1=O,O=C1CC(=O)N(c2ccccc2)N1c1ccccc1,-3.2676
CCOP(=O)(OCC)C(Cl)(Cl)Cl,,-1.7541
C=CC(OC(C)=O)OC(C)=O,,-1.2449
CC(=O)NCCNC(C)=O,,0.6755
OCc1ccc(Br)cc1,c1ccccc1,-1.9295
OCc1ccc(Cl)cc1,c1ccccc1,-1.7561
CCOc1nc(OCC)nc(OCC)n1,c1ncncn1,-1.4838
O=[N+]([O-])c1ccc2c3c(cccc13)-c1ccccc1-2,c1ccc2c(c1)-c1cccc3cccc-2c13,-7.1031
C=C1c2cccc(O)c2C(O)=C2C(=O)[C@]3(O)C(=O)/C(=C(/N)O)C(=O)[C@@H](N(C)C)[C@@H]3[C@@H](O)[C@H]12,C=C1C(=O)CC2CC3C(=C)c4ccccc4C=C3C(=O)C2C1=O,-1.768
COCCNC(=O)CSP(=S)(OC)OC,,-1.1356
CCSCCSP(=O)(OC)OC,,-1.8438
CC(C(=O)O)C(C)(C)CCC(=O)O,,-1.5265
C=CC(=O)NCO,,0.8101
CCCC(=O)NCCNC(=O)CCC,,-0.6222
CCCCCC(=O)CCCCC,,-3.5322
CCCCO[N+](=O)[O-],,-2.0268
CCC#CCC,,-2.1675
O=NN1CCCC1,C1CCNC1,0.9995
O=NN1CCCCCC1,C1CCCNCC1,-1.0006
Oc1c(Cl)ccc(Cl)c1Cl,c1ccccc1,-2.6422
O=C1CCCCCCCN1,O=C1CCCCCCCN1,0.6329
O=S1(=O)NCc2ccccc21,O=S1(=O)NCc2ccccc21,-1.5208
CN(Cc1ccccc1)N=O,c1ccccc1,-1.5224
O=c1cc(Br)c2ccccc2o1,O=c1ccc2ccccc2o1,-1.6533
COc1cc(Cl)c(Cl)c(Cl)c1Cl,c1ccccc1,-5.2605
Cc1ccc(OCC(=O)O)cc1,c1ccccc1,-2.1414
COc1c(Cl)c(Cl)c(Cl)c(Cl)c1OC,c1ccccc1,-5.2394
CCOP(=O)(N=C1SCCS1)OCC,N=C1SCCS1,-2.5941
CCOP(=O)(N=C1SCC(C)S1)OCC,N=C1SCCS1,-3.6744
CC(=O)C1(C)CCC2C3C=C(C)C4=CC(=O)CCC4(C)C3CCC21C,O=C1C=C2C=CC3C4CCCC4CCC3C2CC1,-5.2721
CP(=O)(O)O,,-0.6813
CC(C)N(C)C,,1.0597
CCOC(=O)CO[N+](=O)[O-],,-1.7111
CCOC(=O)CNC(=O)OCC,,-0.2435
C=CC(=O)OCC(C)O,,0.8856
NC(=O)NCO,,-0.3463
CCCCCO[N+](=O)[O-],,-2.568
CC1CCC(C)O1,C1CCOC1,0.0723
Cc1cc[n+]([O-])cc1,c1cc[nH+]cc1,0.9621
CCNc1nc(N)nc(Cl)n1,c1ncncn1,-2.4135
O=C1CCCCCCCCCN1,O=C1CCCCCCCCCN1,-1.8862
CNc1nc(NC(C)C)nc(SC)n1,c1ncncn1,-2.5656
CCCCn1cnc2c1c(=O)n(C)c(=O)n2C,O=c1[nH]c(=O)c2[nH]cnc2[nH]1,-1.8069
O=c1oc(-c2ccccc2)nc2ccccc12,O=c1oc(-c2ccccc2)nc2ccccc12,-4.6084
ClC1=C(Cl)C2(Cl)C3C4OC4C(Cl)C3C1(Cl)C2(Cl)Cl,C1=CC2CC1C1CC3OC3C21,-6.2893
CN(C)P(=O)(N(C)C)n1nc(-c2ccccc2)nc1N,c1ccc(-c2nc[nH]n2)cc1,-3.0709
O=C(O)CNc1c([N+](=O)[O-])cc([N+](=O)[O-])cc1[N+](=O)[O-],c1ccccc1,-2.3922
CCCCCCCCOC(=O)c1cc(O)c(O)c(O)c1,c1ccccc1,-3.8945
O=C(O)CNCP(=O)(O)O,,-1.2069
S=c1[nH][nH]c(=S)s1,S=c1[nH][nH]c(=S)s1,-0.7552
Fc1ccccc1Br,c1ccccc1,-2.6958
Oc1cnn(-c2ccccc2)c1,c1ccc(-n2cccn2)cc1,-1.9616
CCCCCCCc1ccccc1,c1ccccc1,-5.5959
CCCCCCOC(=O)c1ccc(O)cc1,c1ccccc1,-3.949
CCCCCCCOC(=O)c1ccc(O)cc1,c1ccccc1,-4.0725
CN(C)S(=O)(=O)N(SC(F)(Cl)Cl)c1ccccc1,c1ccccc1,-5.4088
CC(C)(C)C(=O)OCC(=O)C1(O)CCC2C3CCC4=CC(=O)C=CC4(C)C3C(O)CC21C,O=C1C=CC2C(=C1)CCC1C3CCCC3CCC21,-4.5835
CNC(=O)CSP(=O)(OC)OC,,0.6712
CSCC[C@@H](NC(C)=O)C(=O)O,,-0.3216
CCCCCC(N)C(=O)O,,-0.94
O=NN(CCO)CCO,,0.8724
CCCCCCCCN(CCCCCCCC)CCCCCCCC,,-6.8496
CC(C)(C)NC(N)=O,,-0.7306
COC(=O)CCCC(=O)OC,,-0.4337
CC#CCCCC,,-2.7695
CCCCCCCCCCC,,-7.5505
Cc1cc(C)c(C)cn1,c1ccncc1,-0.7824
CN(C)c1ccncc1,c1ccncc1,-0.2062
CCc1cccc(C)n1,c1ccncc1,-0.8234
O=C(O)C1(O)CCCCC1,C1CCCCC1,-0.3328
Cc1cc(Cl)cc(C)c1O,c1ccccc1,-1.6763
Clc1cnc2cncnc2n1,c1cnc2ncncc2n1,-0.8749
C=CCc1ccc(O)c(O)c1,c1ccccc1,-0.7787
Cc1cc(N)n(-c2ccccc2)n1,c1ccc(-n2cccn2)cc1,-0.9376
Oc1ccc(C2CCCCC2)cc1,c1ccc(C2CCCCC2)cc1,-3.468
CCSC(=O)N(CC)C1CCCCC1,C1CCCCC1,-3.4037
CCCCn1c(=O)c2c(ncn2C)n(C)c1=O,O=c1[nH]c(=O)c2[nH]cnc2[nH]1,-1.6252
Cc1ccc(S(=O)(=O)NC(=O)NN2CCCCCC2)cc1,O=C(NN1CCCCCC1)NS(=O)(=O)c1ccccc1,-3.6778
COC1C(O)[C@@H](O[C@H]2CC[C@]3(C=O)C4CC[C@]5(C)[C@@H](C6=CC(=O)OC6)CC[C@]5(O)C4CC[C@@H]3C2)OC(C)[C@H]1O,O=C1C=C(C2CCC3C2CCC2C4CCC(OC5CCCCO5)CC4CCC23)CO1,-3.1373
CCC(C(=O)O)C(CC)C(=O)O,,-0.8608
N[C@H](C(=O)O)[C@@H](O)C(=O)O,,-0.8271
CCN(CC)C(=O)N(CC)CC,,-0.6341
CC(=O)N[C@@H](CC(C)C)C(=O)O,,-1.3301
O=Cc1cc(O)ccc1O,c1ccccc1,-1.0004
NCC1CCC(C(=O)O)CC1,C1CCCCC1,0.0255
Cc1cc(C)c2ccccc2n1,c1ccc2ncccc2c1,-1.9424
CC(NC(=O)c1ccccc1)C(=O)O,c1ccccc1,-1.6839
COC(=O)CNC(=O)c1ccccc1,c1ccccc1,-1.0556
CN1c2ccccc2Sc2ccccc21,c1ccc2c(c1)Nc1ccccc1S2,-5.5934
CCCCCCCCOC(=O)c1ccc(O)cc1,c1ccccc1,-4.2224
CC1COCc2cc3c(cc21)C(C)(C)C(C)C3(C)C,c1c2c(cc3c1CCOC3)CCC2,-5.1693
CCCCC(CC)COP(=O)(Oc1ccccc1)Oc1ccccc1,O=[PH](Oc1ccccc1)Oc1ccccc1,-5.2804
Cc1c(Cc2c(C)n(C)n(-c3ccccc3)c2=O)c(=O)n(-c2ccccc2)n1C,O=c1c(Cc2c[nH]n(-c3ccccc3)c2=O)c[nH]n1-c1ccccc1,-2.9549
Cc1c(C(=O)O)c(O)cc2c1C(=O)c1c(O)c([C@H]3O[C@H](CO)[C@@H](O)[C@H](O)[C@H]3O)c(O)c(O)c1C2=O,O=C1c2ccccc2C(=O)c2cc(C3CCCCO3)ccc21,-2.5784
CC(C)C(C)C(C)C(O)C#CC(C)C(C)O,,-2.2756
Cc1c(C(=O)O)c(O)cc2c1C(=O)c1c(O)c(C3OC(CO)C(O)C(O)C3O)c(O)c(O)c1C2=O,O=C1c2ccccc2C(=O)c2cc(C3CCCCO3)ccc21,-2.5784
O=C1c2c(O)cccc2[C@@H]([C@@H]2O[C@H](CO)[C@@H](O)[C@H](O)[C@H]2O)c2cc(CO)cc(O)c21,O=C1c2ccccc2C(C2CCCCO2)c2ccccc21,-1.7025
c1ccc(C(c2ccccc2)(c2ccccc2)N2CCOCC2)cc1,c1ccc(C(c2ccccc2)(c2ccccc2)N2CCOCC2)cc1,-7.2168
CC(C)(C)c1cc([N+](=O)[O-])cc([N+](=O)[O-])c1O,c1ccccc1,-4.7274
O=C1C=CC(=NNc2ccc([N+](=O)[O-])cc2)C=C1,O=C1C=CC(=NNc2ccccc2)C=C1,-4.796
NC(=O)c1ccccn1,c1ccncc1,0.1685
CCCCCCCCCCCCCCCCCO,,-7.506
CC1CN(N=O)CC(C)O1,C1COCCN1,-0.0655
Cc1ccc(C)c(C)n1,c1ccncc1,-0.5893
Oc1ccc2c(c1)CCC2,c1ccc2c(c1)CCC2,-1.3285
ClC/C=C\CCl,,-2.3333
CC[C@@H]1CCCCN1,C1CCNCC1,-0.3463
O=C1CCCCC1C1=CCCCC1,O=C1CCCCC1C1=CCCCC1,-2.774
CC(=O)Oc1ccc(Br)cc1C(=O)O,c1ccccc1,-2.5895
CCN(CC)C(=O)CCC(=O)O,,-0.7937
COc1ccc(NC(N)=O)cc1,c1ccccc1,-1.5917
COc1ccc(O)c([N+](=O)[O-])c1,c1ccccc1,-2.8409
CCCOCC(C)O,,0.9275
C/C=C/C(C)O,,0.0152
Cc1cc(Cl)ccc1O,c1ccccc1,-1.5519999999999998
Cc1cc(Cl)cc(Cl)c1O,c1ccccc1,-2.0439
NC(=O)c1cccc(S(N)(=O)=O)c1,c1ccccc1,-2.1554
O=C(O)C=C(Br)Br,,-0.8358
CC(NC(N)=O)NC(N)=O,,-0.5916
NC(=O)NN=C1CCCCC1,N=C1CCCCC1,-1.4127
O=C(O)CCC(=O)c1ccc2ccccc2c1,c1ccc2ccccc2c1,-3.8533
CN(C)NC(=O)CCC(=O)O,,-0.2046
O=[N+]([O-])OCC(CO)(CO[N+](=O)[O-])CO[N+](=O)[O-],,-1.585
CCNc1nc(NC(C)C)nc(OC)n1,c1ncncn1,-2.0696
C=C/C=C\C#N,,-0.7221
CN(C)C1CSSC1,C1CSSC1,-1.873
CCOC(=O)CC(SP(=O)(OC)OC)C(=O)OCC,,-1.6223
CCCCCCCS,,-4.1549
CNC(=O)O/N=C/C(C)(C)[S+](C)[O-],,-0.8673
CNC(=O)O/N=C/C(C)(C)S(C)(=O)=O,,-1.3469
FC(F)(Cl)CCl,,-2.2007
CCCCCCCCCC(C)O,,-2.9418
CC(C)CCCCCO,,-2.3038
Cc1cnc2c(ccc3c(C)c(C)cnc32)c1C,c1cnc2c(c1)ccc1cccnc12,-5.1939
CN(C)CC/C=C1\c2ccccc2COc2ccccc21,C=C1c2ccccc2COc2ccccc21,-3.9469
CCC1CCCCC1,C1CCCCC1,-4.2507
CC1(C)C2CC3OC3(C)C1C2,C1C2CC1C1OC1C2,-2.5937
CC1(C)OC(=O)c2ccccc21,O=C1OCc2ccccc21,-1.8684
O=C1C=CC(=NNc2ccccc2)C=C1,O=C1C=CC(=NNc2ccccc2)C=C1,-3.3429
N#Cc1cc(Br)c(O)c(Br)c1,c1ccccc1,-3.3284
CCCCCCCC(=O)Oc1c(Br)cc(C#N)cc1Br,c1ccccc1,-6.7023
O=c1c(Cl)c(Cl)cnn1-c1ccccc1,O=c1cccnn1-c1ccccc1,-3.3822
Nc1cnn(-c2ccccc2)c(=O)c1Cl,O=c1cccnn1-c1ccccc1,-2.7436
O=C(O)c1nc(Cl)ccc1Cl,c1ccncc1,-1.3884
Cc1cc2c3ccccc3ccc2c2ccccc12,c1ccc2c(c1)ccc1c3ccccc3ccc21,-6.5715
CC(C)O[N+](=O)[O-],,-1.4593
CC(F)(Cl)Cl,,-2.4448
COc1ccc2c(c1)Sc1ccc(Cl)cc1N2,c1ccc2c(c1)Nc1ccccc1S2,-4.9787
CC(C)c1ccc2c(c1)CC[C@H]1[C@](C)(C(=O)O)CCC[C@]21C,c1ccc2c(c1)CCC1CCCCC21,-4.6582
C1NNCN2CNNCN12,C1NNCN2CNNCN12,-0.0128
O=C(Nc1ccccc1)c1cccnc1,O=C(Nc1ccccc1)c1cccnc1,-3.093
Nc1ccc2snnc2c1,c1ccc2snnc2c1,-1.3045
OCc1ccc(Cl)cc1Cl,c1ccccc1,-2.248
O=[N+]([O-])CCl,,-0.281
C/C(=C\N=O)NO,,-0.3462
OCc1ccc(Cl)c(Cl)c1,c1ccccc1,-2.0439
CCCCO[P+](=O)OCCCC,,-1.4249
Clc1ccc(Cl)c2ccccc12,c1ccc2ccccc2c1,-5.3576
CCN(CC)C(=O)CSc1ccc(Cl)nn1,c1ccnnc1,-1.7156
O=[N+]([O-])c1ccc(Oc2ccc(Cl)cc2Cl)cc1,c1ccc(Oc2ccccc2)cc1,-5.4535
O=[N+]([O-])c1ccc(Oc2c(Cl)cc(Cl)cc2Cl)cc1,c1ccc(Oc2ccccc2)cc1,-5.6201
CCCC(O)C(C)CC,,-1.8406
O=C1NCN(c2ccccc2)C12CCN(CCCC(c1ccc(F)cc1)c1ccc(F)cc1)CC2,O=C1NCN(c2ccccc2)C12CCN(CCCC(c1ccccc1)c1ccccc1)CC2,-4.6772
O=C(O)CCCCCCCCCC(=O)O,,-1.6274
COC(=O)c1c(Cl)c(Cl)c(C(=O)OC)c(Cl)c1Cl,c1ccccc1,-5.8221
CC(O)COCc1c(Cl)ccc(Cl)c1Cl,c1ccccc1,-3.5673
Cc1cc(O)c(Cc2ccccc2)c(C)c1Cl,c1ccc(Cc2ccccc2)cc1,-4.3009
O=C(NCCO)C(=O)NCCO,,-0.1124
Nc1ncnc2c1ncn2[C@]1(CO)O[C@H](CO)[C@@H](O)[C@H]1O,c1ncc2ncn(C3CCCO3)c2n1,-1.5701
Cc1ccccc1OCC(=O)O,c1ccccc1,-2.4424
O=C(O)COc1ccccc1[N+](=O)[O-],c1ccccc1,-2.016
CC(C)(C)S(=O)(=O)C(C)(C)C,,-1.2177
ClC(Cl)=C(Cl)C(Cl)(Cl)Cl,,-4.1651
O=Cc1ccc(Br)o1,c1ccoc1,-1.544
CCN(CC)c1nc(Cl)nc(NC(C)C)n1,c1ncncn1,-3.7849
Cc1ccc(C(=O)O)o1,c1ccoc1,-0.8243
COCc1ccc(C=O)o1,c1ccoc1,-0.4992
Nc1c(Cl)c(Cl)nc(C(=O)O)c1Cl,c1ccncc1,-2.7494
CCCN(CCC)c1c([N+](=O)[O-])cc(C)cc1[N+](=O)[O-],c1ccccc1,-2.9663
CNC(=O)Oc1c(C(C)(C)C)cc(C)cc1C(C)(C)C,c1ccccc1,-4.598
Oc1ccc2c(c1)Sc1ccccc1N2,c1ccc2c(c1)Nc1ccccc1S2,-2.5748
COC(=O)COc1ccc(Cl)cc1Cl,c1ccccc1,-2.9596
CCOC(=O)COc1cc(Cl)c(Cl)cc1Cl,c1ccccc1,-4.8493
CCCCCCCCOC(=O)COc1ccc(Cl)cc1Cl,c1ccccc1,-7.0217
CCCOC(=O)COc1ccc(Cl)cc1Cl,c1ccccc1,-4.2502
COc1ccc(CCC(=O)O)cc1,c1ccccc1,-2.2144
CCCCOCCOC(=O)COc1ccc(Cl)cc1Cl,c1ccccc1,-4.4276
CNC(=O)Nc1nc2ccccc2s1,c1ccc2scnc2c1,-4.2373
O=[N+]([O-])C(Cl)([N+](=O)[O-])[N+](=O)[O-],,-1.9259
C=C(C)C1CCC(C)(O)C(O)C1,C1CCCCC1,-0.2311
CCCS[S+]([O-])CCC,,-0.9199
COc1c(C(=O)O)cccc1C(=O)O,c1ccccc1,-2.2926
CCC(=O)Oc1ccc([N+](=O)[O-])cc1,c1ccccc1,-3.8925
CCCCC(=O)Oc1ccc([N+](=O)[O-])cc1,c1ccccc1,-4.3945
CC(C)C(NC(=O)CN)C(=O)O,,0.4579
O=C(CCCCC(=O)NCCO)NCCO,,0.4121
CNC(=O)OCc1ccc(Cl)c(Cl)c1,c1ccccc1,-3.1389
C#CC(C)OC(=O)Nc1cccc(Cl)c1,c1ccccc1,-2.6172
NC(=O)Nc1ccc(Br)cc1,c1ccccc1,-1.6336
CCc1ccccc1Br,c1ccccc1,-3.6702
CN(C)C(=O)Nc1ccc(Oc2ccc(Cl)cc2)cc1,c1ccc(Oc2ccccc2)cc1,-4.8953
CC1CCCCC1NC(=O)Nc1ccccc1,O=C(Nc1ccccc1)NC1CCCCC1,-4.1108
COc1cccc(Cl)c1Cl,c1ccccc1,-3.309
COc1c(Cl)cccc1Cl,c1ccccc1,-3.1019
NC(=O)C=Cc1ccccc1[N+](=O)[O-],c1ccccc1,-1.2837
Cc1ncnc2nc[nH]c12,c1ncc2[nH]cnc2n1,0.1735
CCSC(=O)N(CC(C)C)CC(C)C,,-3.684
O=C1CNC(=S)N1c1ccccc1,O=C1CNC(=S)N1c1ccccc1,-3.2425
CCCCCCCCCCN,,-2.4564
CCOC(=O)CCc1ccccc1,c1ccccc1,-2.9086
CNC(=O)Oc1ccc(N(C)C)c(C)c1,c1ccccc1,-2.3572
CNC(=O)Oc1cc(C)c(SC)c(C)c1,c1ccccc1,-3.9214
CCCC1CCCC1,C1CCCC1,-4.7404
CC(O)C(N)=O,,0.9435
CCOC(=O)CCCCCC(=O)OCC,,-2.0408
CCOC(=O)CCCCCCC(=O)OCC,,-2.5304
Clc1ccc2ccccc2c1Cl,c1ccc2ccccc2c1,-6.1611
Clc1cccc2cccc(Cl)c12,c1ccc2ccccc2c1,-5.7963
O=C1C=C/C(=N\Nc2ccccc2)C(O)=C1,O=C1C=CC(=NNc2ccccc2)C=C1,-3.0299
COC(C)C(N)C(=O)O,,0.4853
CC(C)CC(c1ccc(O)cc1)c1ccc(O)cc1,c1ccc(Cc2ccccc2)cc1,-3.3674
C[C@H](C[C@H](C)C(=O)O)C(=O)O,,-0.4564
NS(=O)(=O)c1cc2c(cc1Cl)CN(C1CCCCC1)C2=O,O=C1c2ccccc2CN1C1CCCCC1,-4.3128
S=C=Nc1cccc(Br)c1,c1ccccc1,-4.0851
C[C@@H]1C[C@H]2[C@@H]3C[C@H](F)C4=CC(=O)C=C[C@]4(C)[C@@]3(F)[C@@H](O)C[C@]2(C)[C@@]1(O)C(=O)CO,O=C1C=CC2C(=C1)CCC1C3CCCC3CCC21,-5.6133
Oc1ccc(C2CCCCC2)c(O)c1,c1ccc(C2CCCCC2)cc1,-2.5763
OCC1C(CO)C2(Cl)C(Cl)=C(Cl)C1(Cl)C2(Cl)Cl,C1=CC2CCC1C2,-3.0802
O=C(O)c1ccccc1C(=O)c1ccc(Br)cc1,O=C(c1ccccc1)c1ccccc1,-3.0074
CCNc1nc(=O)nc(NC(C)C)[nH]1,O=c1nc[nH]cn1,-4.5241
O=c1[nH]c2c(c(=O)n1C1CCCCC1)CCC2,O=c1[nH]c2c(c(=O)n1C1CCCCC1)CCC2,-4.5916
C=C(C)C(=O)Nc1ccc(Cl)c(Cl)c1,c1ccccc1,-4.4325
CCC(C)OC(=O)Nc1cccc(Cl)c1,c1ccccc1,-3.1727
CC(C)COc1ccc2ccccc2c1,c1ccc2ccccc2c1,-5.2117
Clc1ccc2ccc(Cl)cc2c1,c1ccc2ccccc2c1,-5.9217
CCOC(=O)c1[nH]c(C)cc1C,c1cc[nH]c1,-2.6212
COc1ccc(C(=O)O)cc1C(=O)O,c1ccccc1,-3.1165
C[C@@H]1CCCC[C@@H]1C,C1CCCCC1,-4.2719
C[C@@H](Cl)[C@@H](C)Cl,,-2.3541
O=C(O)c1cccc2cccc([N+](=O)[O-])c12,c1ccc2ccccc2c1,-2.7501
CCCCC(C)CCC,,-6.0474
COc1cccc2ccccc12,c1ccc2ccccc2c1,-4.1992
CC1(C)[C@@H]2CC[C@@](C)(C2)[C@@H]1O,C1CC2CCC1C2,-2.2702
CCC(CC)(S(=O)(=O)CC)S(=O)(=O)CC,,-2.0625
Clc1ccc(Sc2cc(Cl)c(Cl)cc2Cl)cc1,c1ccc(Sc2ccccc2)cc1,-7.0335
ClC1=C(Cl)C(Cl)(C2(Cl)C(Cl)=C(Cl)C(Cl)=C2Cl)C(Cl)=C1Cl,C1=CC(C2C=CC=C2)C=C1,-7.2784
O/N=C1\C=CCCC1,N=C1C=CCCC1,-0.9667
Clc1c(Cl)c(Cl)c2c(Cl)c(Cl)c(Cl)c(Cl)c2c1Cl,c1ccc2ccccc2c1,-9.703
N#Cc1cccc(N)c1,c1ccccc1,-1.1693
CCCCCCCCC#N,,-3.2987
S=C=NCCc1ccccc1,c1ccccc1,-3.1714
O=C(O)C(Cl)=C(Cl)Cl,,-0.4659
FC(F)(F)c1nc2ncncc2[nH]1,c1ncc2[nH]cnc2n1,-0.4505
O=C(O)CCCCc1ccccc1,c1ccccc1,-2.4657
Cn1cnc2nc(Cl)nc(Cl)c21,c1ncc2[nH]cnc2n1,-1.1522
COP(=O)(OC)O/C(=C\Cl)c1ccc(Cl)cc1Cl,c1ccccc1,-3.4066
CCOP(=S)(OCC)SCC(=O)NC(C)C,,-2.0575
CNC(=O)CCSCCSP(=O)(OC)OC,,0.5416
O=C(O)c1c(O)ccc2ccccc12,c1ccc2ccccc2c1,-3.1284
CC(C)N(C(=O)SC/C(Cl)=C/Cl)C(C)C,,-4.2856
CC(C)N(C(=O)SCC(Cl)=C(Cl)Cl)C(C)C,,-4.8818
O=C(O)C1CCCCC1C(=O)O,C1CCCCC1,-1.935
O=c1ncc2[nH]cnc2[nH]1,O=c1ncc2[nH]cnc2[nH]1,-1.7136
Cn1c(=O)c2c(n(C)c1=O)n(C)c(=O)n2C,O=c1[nH]c(=O)c2[nH]c(=O)[nH]c2[nH]1,-0.9527
CCOP(=S)(OCC)SCn1c(=O)oc2cc(Cl)ccc21,O=c1[nH]c2ccccc2o1,-5.0813
CCCCOC(=O)C1(O)c2ccccc2-c2ccccc21,c1ccc2c(c1)Cc1ccccc1-2,-3.8885
CCN(CC)C(=O)CCl,,-0.243
CCCOC(=O)c1ccccc1,c1ccccc1,-2.6701
OCc1cc(Br)ccc1O,c1ccccc1,-0.2072
CC(C)C(CC(=O)O)C(=O)O,,-0.4073
CCOC(=O)[C@H](Cc1ccccc1)NC(C)=O,c1ccccc1,-1.7557
Fc1cc(F)c(F)c(F)c1,c1ccccc1,-2.3057
CCCC(C)(C)CO,,-1.4391
O=C(O)/C=C\c1ccc2c(c1)OCO2,c1ccc2c(c1)OCO2,-3.8523
Cc1ccc2cc3ccc4ccccc4c3cc2c1,c1ccc2cc3c(ccc4ccccc43)cc2c1,-6.644
Cc1ccc2cc3c(ccc4ccccc43)cc2c1,c1ccc2cc3c(ccc4ccccc43)cc2c1,-6.8162
Cc1c2ccccc2c2ccc3cccc4ccc1c2c43,c1ccc2c(c1)cc1ccc3cccc4ccc2c1c34,-8.5234
S=c1[nH]c2ccccc2o1,S=c1[nH]c2ccccc2o1,-2.1795
ClC1(Cl)C2(Cl)C3(Cl)C4(Cl)C(Cl)(Cl)C5(Cl)C3(Cl)C1(Cl)C5(Cl)C24Cl,C1C2C3C4CC5C3C1C5C24,-6.8074
S=C=Nc1cccc(Cl)c1,c1ccccc1,-3.9507
C#CCCCCCC#C,,-2.983
CCCCOP(=O)(CC)OCCCC,,-1.5687
CCCCOP(C)(=O)OCCCC,,-1.4155
Oc1ccccc1Oc1ccccc1,c1ccc(Oc2ccccc2)cc1,-3.2286
CCC(O)CN(CC(O)CC)CC(O)CC,,-0.5229
Cc1c2ccccc2cc2ccc3ccccc3c12,c1ccc2cc3c(ccc4ccccc43)cc2c1,-6.5648
O=C1C2CC=CCC2C(=O)N1SC(Cl)(Cl)C(Cl)Cl,O=C1NC(=O)C2CC=CCC12,-5.3968
CCCCOCC1CO1,C1CO1,-0.8135
Cc1cc(Cl)c(O)c(Cl)c1,c1ccccc1,-1.4202
Cc1ncc2nccnc2n1,c1cnc2ncncc2n1,-0.1191
Cc1ncnc2nccnc12,c1cnc2ncncc2n1,-0.4658
Cc1ccc2nc3sc(=O)sc3nc2c1,O=c1sc2nc3ccccc3nc2s1,-5.3698
COc1ccccc1C(N)=O,c1ccccc1,-1.7815
O=C(O)CN(CP(=O)(O)O)CP(=O)(O)O,,-0.0256
Nc1ccc(CC(=O)c2ccccc2)cc1,O=C(Cc1ccccc1)c1ccccc1,-1.805
Clc1ccc(Oc2ccc(Cl)cc2)cc1,c1ccc(Oc2ccccc2)cc1,-4.7999
Nc1ccc(N)c2c1C(=O)c1c(N)ccc(N)c1C2=O,O=C1c2ccccc2C(=O)c2ccccc21,-6.9515
CC(=O)Oc1c([N+](=O)[O-])cc([N+](=O)[O-])c(C)c1C(C)(C)C,c1ccccc1,-4.4717
O=CNCC(=O)O,,0.2672
O=C(Cc1ccccc1)c1ccc(O)cc1,O=C(Cc1ccccc1)c1ccccc1,-1.5008
CCOP(=S)(OCC)SCCS(=O)(=O)CC,,-2.5403
Cc1c2ccccc2cc2c1cc(F)c1ccccc12,c1ccc2cc3c(ccc4ccccc43)cc2c1,-7.31
Cc1cccc2ccc3cc4ccccc4cc3c12,c1ccc2cc3c(ccc4ccccc43)cc2c1,-6.644
O=C(O)c1cc(Cl)ccc1[N+](=O)[O-],c1ccccc1,-1.319
CCCCOP(=O)(OCCCC)Oc1ccccc1,c1ccccc1,-3.4746
COC(=O)C1(O)c2ccccc2-c2ccc(Cl)cc21,c1ccc2c(c1)Cc1ccccc1-2,-4.1836
COP(=S)(OC)SCC(=O)N(C)C=O,,-1.9954
Cc1c2ccccc2cc2c1c(F)cc1ccccc12,c1ccc2cc3c(ccc4ccccc43)cc2c1,-7.31
Cc1c2ccccc2cc2c1ccc1ccccc12,c1ccc2cc3c(ccc4ccccc43)cc2c1,-7.343
O=CCCCCCCCC(=O)O,,-0.9574
O=C(Nc1ccccc1)C(Cl)Cl,c1ccccc1,-3.3555
CCC1OCCO1,C1COCO1,0.2919
N/C(N=O)=C(\N)NO,,-0.7773
Cc1cc(O)ccc1[N+](=O)[O-],c1ccccc1,-2.1103
O=[N+]([O-])c1ccc(N=Nc2ccc(Nc3ccccc3)cc2)cc1,c1ccc(N=Nc2ccc(Nc3ccccc3)cc2)cc1,-7.5229
NC(N)=Nc1nc2ccccc2s1,c1ccc2scnc2c1,-2.4412
O=C(O)C=CCCC(=O)O,,-1.2045
CCOP(=S)(OCC)SC[S+]([O-])CC,,-1.5384
CCOP(=S)(OCC)SCS(=O)(=O)CC,,-2.5309
CCOc1nc(C(Cl)(Cl)Cl)ns1,c1ncsn1,-3.3254
CCOC(=O)N(C)C(=O)CSP(=S)(OCC)OCC,,-2.5177
CCOC(=O)C(SP(=S)(OC)OC)c1ccccc1,c1ccccc1,-4.4643
Cc1nc(C)c(C(=O)O)cc1C(=O)O,c1ccncc1,-2.809
CC(=O)Nc1ccc(OC(C)=O)cc1,c1ccccc1,-1.9076
Cc1nc2c(=O)n(C)c(=O)n(C)c2nc1C,O=c1[nH]c(=O)c2nccnc2[nH]1,-1.3429
CCCC(=O)Oc1ccc([N+](=O)[O-])cc1,c1ccccc1,-3.9404
O=Nc1c(O)ccc2ccccc12,c1ccc2ccccc2c1,-2.9374
C[C@](C#N)(CCC(=O)O)N=N[C@](C)(C#N)CCC(=O)O,,-2.0083
CCOP(=S)(OCC)SCn1nnc2ccccc2c1=O,O=c1[nH]nnc2ccccc12,-4.5171
Nc1cc2c3ccccc3ccc2c2ccccc12,c1ccc2c(c1)ccc1c3ccccc3ccc21,-6.1958
CNC(=O)Oc1cc(C(C)(C)C)cc(C(C)(C)C)c1,c1ccccc1,-4.2445
COc1cc(Cl)c(OC)cc1Cl,c1ccccc1,-4.413
CNCCC(=O)O,,-0.0543
Clc1ccccc1Oc1ccccc1,c1ccc(Oc2ccccc2)cc1,-4.7796
CCCCOP(=O)(OCC)OCC,,-1.1466
CCOC(=O)[C@@H](N)CC(C)C,,-0.5606
O=C(Cc1ccccc1)NC(CSSCC(NC(=O)Cc1ccccc1)C(=O)O)C(=O)O,O=C(Cc1ccccc1)NCCSSCCNC(=O)Cc1ccccc1,-1.833
c1cc[n+]2c(c1)-c1cccc[n+]1CC2,c1cc[n+]2c(c1)-c1cccc[n+]1CC2,-3.425
COc1cc(Cl)c(Cl)cc1OC,c1ccccc1,-3.4588
COc1coc(CSP(=O)(OC)OC)cc1=O,O=c1ccocc1,0.7286
CC(O)(P(=O)(O)O)P(=O)(O)O,,0.5249
C[C@@H]1CN[C@@H](C)CN1,C1CNCCN1,0.4864
CC(=O)C=CC(=O)O,,-0.2332
O=C(O)CCCCCCCCCCBr,,-3.699
CCC(N)C(=O)O,,0.2868
FC(Cl)C(F)(F)F,,-1.959
COc1cccc(Cl)c1,c1ccccc1,-2.783
CCOP(=S)(OCC)Oc1nc(Cl)c(Cl)cc1Cl,c1ccncc1,-5.4956
N#CC1CCCC1=O,O=C1CCCC1,-0.3567
CCSC(=O)N(CC)CC,,-1.6917
C=CCOP(=O)(OCC=C)c1ccccc1,c1ccccc1,-2.8999
CCCCOP(=O)(CCCC)CCCC,,-1.7166
Cc1[nH]c(C)c(Cl)c(=O)c1Cl,O=c1cc[nH]cc1,-4.2834
O=Cc1ccc(O)c(Br)c1,c1ccccc1,-2.1794
Clc1ccc(-c2cccc(Cl)c2)cc1,c1ccc(-c2ccccc2)cc1,-6.4001
O=C(O)COc1cccc(Cl)c1Cl,c1ccccc1,-2.8097
CCOC(=O)C(C)OC(C)=O,,-0.6994
N#CSc1ccc(N)cc1,c1ccccc1,-2.6015
Nc1nc(C(F)(F)F)c2[nH]cnc2n1,c1ncc2[nH]cnc2n1,-3.1346
CCN(CC)c1nc(NC(C)C)nc(OC)n1,c1ncncn1,-4.888999999999999
CNc1nc(Cl)nc(NC(C)C)n1,c1ncncn1,-2.8896
O=Cc1ccc(O)c([N+](=O)[O-])c1,c1ccccc1,-2.9512
CC(Br)CCl,,-1.8476
CNc1nc(NC(C)C)nc(OC)n1,c1ncncn1,-1.7509
Nc1cnn(-c2ccccc2)c(=O)c1Br,O=c1cccnn1-c1ccccc1,-3.124
CN[C@@H](CC(C)C)C(=O)O,,-0.5146
CC(=O)NC(C(=O)O)C(C)C,,-0.6325
C=CCCCC=C,,-3.3396
CC1CCCC(C)(C)C1,C1CCCCC1,-4.8532
N#CCCNCC(=O)O,,0.3237
CC[C@@H](C)[C@H](N)C(=O)O,,-0.3895
O=C(CCCN1CCC(O)(c2ccccc2)CC1)c1ccc(F)cc1,O=C(CCCN1CCC(c2ccccc2)CC1)c1ccccc1,-4.1183
CC(C)(C)CCCO,,-1.5402
NC(=O)C[C@H](NC(N)=O)C(=O)O,,-0.511
CN(C)C(=O)N(C(=O)c1ccccc1)c1ccc(Cl)c(Cl)c1,O=C(Nc1ccccc1)c1ccccc1,-4.3238
NC(=O)NCl,,0.3256
CC(C)C[C@H](N)C(=O)NCC(=O)NCC(=O)O,,0.2124
O=CC(O)C(O)C(O)C(O)C(O)CO,,-0.3226
O=C(O)C1=C/C(=N/Nc2ccccc2)C=CC1=O,O=C1C=CC(=NNc2ccccc2)C=C1,-3.0559
COc1ccc(C(=O)CCC(=O)O)cc1,c1ccccc1,-1.0632
CCC(NC=NN)C(=O)O,,-0.8608
O=c1ccc(Br)ccc1O,O=c1cccccc1,-3.5629
BrC1CCC(Br)C(Br)CCC(Br)C(Br)CCC1Br,C1CCCCCCCCCCC1,-7.8728
CC(C)COC(=O)C(C)(C)O,,-0.7276
O=C(c1ccccc1O)N1CCOCC1,O=C(c1ccccc1)N1CCOCC1,-1.7037
O=[N+]([O-])c1cccc(Cl)c1Cl,c1ccccc1,-3.4881
BrCC(CBr)(CBr)CBr,,-5.3844
CCCOP(=S)(OCCC)OP(=S)(OCCC)OCCC,,-4.1009
Cc1ccnc2c1ccc1c(C)ccnc12,c1cnc2c(c1)ccc1cccnc12,-3.9686
CCC(=O)OOC(=O)CC,,-0.9634
CC(Oc1ccc(Cl)cc1)C(=O)O,c1ccccc1,-2.1351
CN(C)C(=N)N,,-1.7306
O=C(O)C1=CCCc2ccccc21,C1=Cc2ccccc2CC1,-2.7939
OCC(O)C(O)C(O)C(O)C(O)CO,,0.3722
O/N=C1/C=CCCC1,N=C1C=CCCC1,-0.7034
C=CCCN=C=S,,-2.391
N[C@@H](Cc1cc(Cl)c(O)c(Cl)c1)C(=O)O,c1ccccc1,-0.7959999999999999
Nc1nc(N)nc(Cl)n1,c1ncncn1,-2.3849
CCC(=O)NCCNC(=O)CC,,0.3746
ClC(Cl)=C(c1ccc(Cl)cc1)c1ccccc1Cl,C=C(c1ccccc1)c1ccccc1,-6.3563
O=C(O)c1cc(Br)co1,c1ccoc1,-1.1841
CC1CCCCN1CCCOC(=O)c1ccc(Cl)c(Cl)c1,O=C(OCCCN1CCCCC1)c1ccccc1,-4.2178
Clc1c(Cl)c(Cl)c2nccnc2c1Cl,c1ccc2nccnc2c1,-5.428
CC(C)CCC(C)(C)C,,-5.0474
CCOC(=O)N(CC)CC,,-1.0651
O=C(c1ccccc1)c1c(O)cc(O)cc1O,O=C(c1ccccc1)c1ccccc1,-1.8708
OC[C@H]1OC2(COC3(CO2)O[C@H](CO)[C@@H](O)[C@@H]3O)[C@@H](O)[C@@H]1O,C1COC2(C1)COC1(CCCO1)CO2,-0.0058
CC(C)Cc1nnc(NS(=O)(=O)c2ccc(N)cc2)s1,O=S(=O)(Nc1nncs1)c1ccccc1,-3.8226
CN(Cc1cc(Br)cc(Br)c1N)C1CCCCC1,c1ccc(CNC2CCCCC2)cc1,-1.9733
O=C(C(Cl)Cl)N(CCO)Cc1ccc(Oc2ccc([N+](=O)[O-])cc2)cc1,c1ccc(Oc2ccccc2)cc1,-5.1241
CCCCCCCCCC(C(=O)O)C(=O)O,,-3.3016
FC(F)(F)c1nc2c(Cl)c(Cl)ccc2[nH]1,c1ccc2[nH]cnc2c1,-3.5677
CCC1(C2=CC3CCC(C2)C3)C(=O)NC(=O)NC1=O,O=C1NC(=O)C(C2=CC3CCC(C2)C3)C(=O)N1,-2.7696
C[C@H](CC(=O)O)C(=O)O,,0.6311
NC(C(=O)O)C(O)C(O)C(O)CO,,-0.8590000000000001
c1ccc(CCNCc2ccccc2)cc1,c1ccc(CCNCc2ccccc2)cc1,-2.7229
CCc1ccc(NC(C)=O)cc1,c1ccccc1,-2.1453
O=C(O)CCCCCCCCCCO,,-2.7039
COC1=CC(=O)CC(C)C12Oc1cc(OC)cc(OC)c1C2=O,O=C1C=CC2(CC1)Oc1ccccc1C2=O,-3.699
CCOC(C)C(=O)C=O,,-0.1554
O=C1c2ccccc2C(=O)C1C(=O)C(c1ccccc1)c1ccc(Cl)cc1,O=C1c2ccccc2C(=O)C1C(=O)C(c1ccccc1)c1ccccc1,-3.5738
Cc1cc2ccccc2c2ccc3ccccc3c12,c1ccc2c(c1)ccc1c3ccccc3ccc21,-6.5920000000000005
Cc1c(C)c2c3ccccc3ccc2c2ccccc12,c1ccc2c(c1)ccc1c3ccccc3ccc21,-7.0109
CCc1c2ccccc2cc2c1ccc1ccccc12,c1ccc2cc3c(ccc4ccccc43)cc2c1,-6.796
NS(=O)(=O)c1cccc(S(N)(=O)=O)c1,c1ccccc1,-2.1693
Cc1cc(C)c[n+]([O-])c1,c1cc[nH+]cc1,0.9095
NCc1ccccn1,c1ccncc1,0.966
NCc1ccncc1,c1ccncc1,0.966
CCOP(=O)(OCC)SCC(=O)NC(C)(C)C#N,,-0.6237
CCOP(=S)(OCC)Oc1ccc(N)cc1,c1ccccc1,-2.826
Clc1cc(Cl)nc(-c2ccccc2)n1,c1ccc(-c2ncccn2)cc1,-4.9544
CCCCCC1CCCC1,C1CCCC1,-6.0863
Cc1cc(N(CCO)CCO)ccc1N=Nc1ccccc1,c1ccc(N=Nc2ccccc2)cc1,-4.1254
COc1cc(NS(=O)(=O)c2ccc(N)cc2)nc(C)n1,O=S(=O)(Nc1ccncn1)c1ccccc1,-2.543
O=C(O)Cn1c(=O)sc2cccc(Cl)c21,O=c1[nH]c2ccccc2s1,-2.6087
NNC(=O)CC(=O)NN,,-0.121
C[C@H](N)C(C)(C)C,,0.9861
NNC(=O)C(O)C(O)C(O)C(O)CO,,-0.4985
c1coc(-c2nc3ccccc3[nH]2)c1,c1coc(-c2nc3ccccc3[nH]2)c1,-3.414
Brc1ccc2c(c1)Sc1ccccc1N2,c1ccc2c(c1)Nc1ccccc1S2,-6.1119
Ic1ccc2c(c1)Sc1ccccc1N2,c1ccc2c(c1)Nc1ccccc1S2,-6.9278
O=S(=O)(CCCl)CCS(=O)(=O)CCCl,,-1.4486
O=C(O)CN(CC(=O)O)Cc1cc2c(c(O)c1O)C(=O)c1ccccc1C2=O,O=C1c2ccccc2C(=O)c2ccccc21,-1.8077
COC(=O)c1ccc(O)c(Cl)c1,c1ccccc1,-2.873
CCC(O)C(C)(C)C,,-1.1514
O=C(O)C[C@@H](Cl)C(=O)O,,-0.7953
CCCCCCC(C(=O)O)C(=O)O,,-1.6566
O=C(O)COc1c(Cl)ccc(Cl)c1Cl,c1ccccc1,-2.6198
COCC(=O)c1ccccc1,c1ccccc1,-0.7616
C/C=C\CO,,0.3621
O=[N+]([O-])C(CCl)([N+](=O)[O-])[N+](=O)[O-],,-0.2586
CCC(CC)(C(=O)O)C(CC)(CC)C(=O)O,,-2.9644
CCCCOCCC(=O)OC,,-1.2909
CCSc1nc(NC(C)C)nc(NC(C)C)n1,c1ncncn1,-4.2031
CC(C)C(=O)Oc1ccc([N+](=O)[O-])cc1,c1ccccc1,-3.9588
CCCCOC(=O)CCOC,,-1.2135
O=[N+]([O-])c1cc2cccnc2c2ncccc12,c1cnc2c(c1)ccc1cccnc12,-3.9172
CCc1c[nH]c(=O)[nH]c1=O,O=c1cc[nH]c(=O)[nH]1,-1.9424
CNC(CC(=O)O)C(=O)O,,-0.7544
O=C(O)c1ccccc1CC(=O)c1ccccc1C(=O)O,O=C(Cc1ccccc1)c1ccccc1,-2.7910000000000004
O=C(O)c1ccc([N+](=O)[O-])c(C(=O)O)c1,c1ccccc1,-1.3391
Clc1ccc(N=Nc2ccccc2)cc1,c1ccc(N=Nc2ccccc2)cc1,-5.7023
O=C1OCCCN1/N=C/c1ccc([N+](=O)[O-])o1,O=C1OCCCN1N=Cc1ccco1,-3.4757
O=C1Cc2c(ccc3ccccc23)O1,O=C1Cc2c(ccc3ccccc23)O1,-2.7078
CC[C@H]1[C@@H]2C[C@H]3[C@@H]4N(C)c5ccccc5[C@]45C[C@@H](C2C5O)N3[C@@H]1O,c1ccc2c(c1)NC1C3CC4CCN3C3CC21CC43,-2.8266
CCCCCCCCCCC(C(=O)O)C(=O)O,,-3.99
Cc1ccc(O)c(CO)c1,c1ccccc1,-0.3143
CCOC(=O)c1[nH]c(C=O)c(CC)c1C,c1cc[nH]c1,-2.7186
O=C(O)c1cccnc1Nc1cccc(C(F)(F)F)c1,c1ccc(Nc2ccccn2)cc1,-4.1718
CC(=O)CC1CCCCN1,C1CCNCC1,-0.4509
CC/C(N=O)=C(/CC)NO,,-2.5525
O=P(N1CCOCC1)(N1CCOCC1)N1CCOCC1,O=P(N1CCOCC1)(N1CCOCC1)N1CCOCC1,0.2984
Cc1cnc(NS(=O)(=O)c2ccc(N)cc2)nc1C,O=S(=O)(Nc1ncccn1)c1ccccc1,-3.1435
CC1CCC(C)(C)C1,C1CCCC1,-4.4784
CC1NC(=O)CNC1=O,O=C1CNC(=O)CN1,0.2903
C=CN(C)N=O,,-0.4579
O=c1ccnc[nH]1,O=c1ccnc[nH]1,0.586
O=c1ccccc(Br)c1O,O=c1cccccc1,-2.4352
CC(=O)C1(C)CO1,C1CO1,0.3797
CCSC(=S)NCC(=O)O,,-1.0882
OC[C@H]1O[C@@H](O[C@@H]2[C@@H](CO)O[C@](O)(CO)[C@H]2O)[C@H](O)[C@@H](O)[C@H]1O,C1CCC(OC2CCOC2)OC1,0.3487
CCN(CC)C(=O)OC,,-0.2918
O=C(O)CCC(=O)c1cccc2ccccc12,c1ccc2ccccc2c1,-3.4833
CC1(C)C(=O)[C@@]2(C)CC[C@@H]1C2,O=C1CC2CCC1C2,-1.8507
NP(N)(=O)c1ccccc1,c1ccccc1,-1.1482
NCCCNc1ccccc1,c1ccccc1,-1.6543
CCCN(CCC)c1c([N+](=O)[O-])cc(S(C)(=O)=O)cc1[N+](=O)[O-],c1ccccc1,-5.7601
O=C(O)c1ccccc1C(=O)Nc1ccccc1,O=C(Nc1ccccc1)c1ccccc1,-4.0814
O=C(O)c1cccc(Cl)c1[N+](=O)[O-],c1ccccc1,-2.6323
CCOC[C@H](N)C(=O)O,,0.524
O=C(O)CCSSCCC(=O)O,,-0.9301
C/C=C/C#N,,-0.4287
C=CC(O)CCC,,-0.5993
C=CC(O)C(C)C,,-0.515
C/C=C/C(O)CC,,-0.4198
O=C(O)C(=O)C(c1ccccc1)c1ccccc1,c1ccc(Cc2ccccc2)cc1,-2.3354
CN(C)C(=O)Nc1cccc(OC(=O)NC(C)(C)C)c1,c1ccccc1,-2.9342
O=P(Oc1ccccc1)(N1CCOCC1)N1CCOCC1,O=P(Oc1ccccc1)(N1CCOCC1)N1CCOCC1,0.3925
CCCCOC(=O)CCO,,-1.2899
O=C(O)CC(SC(CC(=O)O)C(=O)O)C(=O)O,,-0.4908
Cc1cccc(O)c1[N+](=O)[O-],c1ccccc1,-1.64
O=C(CCl)NC(=O)CCl,,-2.2304
c1ccc2sc(SN(C3CCCCC3)C3CCCCC3)nc2c1,c1ccc2sc(SN(C3CCCCC3)C3CCCCC3)nc2c1,-6.7886
COc1cc(C(=O)O)c([N+](=O)[O-])cc1OC,c1ccccc1,-0.7543
CC(=O)Nc1ccc(OC(=O)c2ccccc2OC(C)=O)cc1,O=C(Oc1ccccc1)c1ccccc1,-4.1949
O=S(=O)(c1ccccc1)N1CCCCC1,O=S(=O)(c1ccccc1)N1CCCCC1,-2.5365
CCN(CC)C(C#N)c1ccccc1,c1ccccc1,-0.9738
O=[N+]([O-])Cc1ccc2ccccc2n1,c1ccc2ncccc2c1,-2.0545
CCOP(=S)(OCC)N1C(=O)c2ccccc2C1=O,O=C1NC(=O)c2ccccc21,-3.3522
O=C(O)C(S)CCC(S)C(=O)O,,-2.4758
CCSC(=S)N[C@@H](CC(=O)O)C(=O)O,,-1.3863
O=S(=O)(CCCl)CCOCCS(=O)(=O)CCCl,,-1.9408
COc1cc(C(=O)O)ccc1C(=O)O,c1ccccc1,-1.9916
CC(=O)Nc1ccc(Cl)cc1C,c1ccccc1,-2.3097
CCCCc1c(C)[nH]c(N(C)C)nc1=O,O=c1cc[nH]cn1,-2.2416
CN1C2CCC1CC(OC(=O)C(COS(=O)(=O)O)c1ccccc1)C2,O=C(Cc1ccccc1)OC1CC2CCC(C1)N2,-1.5675
O=C(O)CC1CCCCC1,C1CCCCC1,-1.6935
CCCCCCCCCCCCCCCCNC(=O)C(C)O,,-3.6512
CCCCCNC(=O)C(C)O,,-0.3825
OCC(O)C1OC(Oc2ccccc2)C(O)C(O)C1O,c1ccc(OC2CCCCO2)cc1,-1.5537
O=[N+]([O-])c1cccc(P(=O)(O)O)c1,c1ccccc1,0.6835
CCCCCCCCCCOC(=O)c1cccnc1,c1ccncc1,-3.1901
CC(C)CC(NC=O)C(=O)O,,-0.7328
CS(=O)(=O)NS(C)(=O)=O,,0.0402
CCCOC(=O)CCOC,,-0.6598
COC(/C=C\C(OC)OC)OC,,0.055
CC1=CCCN1C,C1=CNCC1,0.1265
NNP(=S)(NN)c1ccccc1,c1ccccc1,-1.425
Cc1cc(C)cc(OCC(=O)O)c1,c1ccccc1,-2.3527
Clc1ccc2oc3ccc(Cl)cc3c2c1,c1ccc2c(c1)oc1ccccc12,-7.2135
CCCCCCNC(=O)C(C)O,,-0.9487
CCCCOC(=O)C(C)OC(C)=O,,-0.7536
CCc1nc2c(c(=O)n(C)c(=O)n2C)n1C,O=c1[nH]c(=O)c2[nH]cnc2[nH]1,-1.5687
NC(N)=NC(N)=Nc1ccc2ccccc2c1,c1ccc2ccccc2c1,-2.5497
O=C(O)CC1NC(=O)NC1=O,O=C1CNC(=O)N1,-1.1517
Cc1ccc([N+](=O)[O-])cc1O,c1ccccc1,-2.1851
NC(=O)SCC(=O)Nc1ccccc1,c1ccccc1,-1.3228
CCOC(=O)C(CC(=O)O)=C(c1ccccc1)c1ccccc1,C=C(c1ccccc1)c1ccccc1,-2.1908
Cn1cnc2nc(Cl)nc(NN)c21,c1ncc2[nH]cnc2n1,-1.1427
CCOC(=O)c1c(C)oc(C)c(C(=O)OCC)c1=O,O=c1ccocc1,-1.5255
Nc1cc([N+](=O)[O-])ccc1I,c1ccccc1,-4.4216
N#CCCN(CCC#N)C(CCC(=O)O)C(=O)O,,-0.2275
CSCCC(C(=O)O)N(CCC#N)CCC#N,,-1.3279
CCCCCCCCOC(=O)C(C)O,,-1.2726
O=C1COc2ccccc2N1,O=C1COc2ccccc2N1,-2.5716
CCC/C(=C\C(=O)O)C(=O)O,,-1.1538
CCOC(=O)N1CCN(C(=O)OCC)CC1,C1CNCCN1,-0.7288
CC[C@@H](C)c1cccc([C@@H](C)CC)c1O,c1ccccc1,-5.0593
O=[N+]([O-])c1ccc2ccc3cccc4ccc1c2c34,c1cc2ccc3cccc4ccc(c1)c2c34,-7.3213
CCN(/N=C/c1ccc([N+](=O)[O-])o1)C(N)=O,c1ccoc1,-2.9395
O=C(O)CCCCCc1ccccc1,c1ccccc1,-2.6026
CCCCC(C)(O)CC,,-1.7356
CC1=C(C(=O)O)CCC1(C)C,C1=CCCC1,-2.8871
COP(=S)(OC)Oc1nc(Cl)c(Cl)cc1Cl,c1ccncc1,-4.831
CC(C)(C)CC(=O)OCC(=O)[C@@]12OC(C)(C)O[C@@H]1C[C@H]1[C@@H]3CCC4=CC(=O)C=C[C@]4(C)[C@@]3(F)[C@@H](O)C[C@@]12C,O=C1C=CC2C(=C1)CCC1C2CCC2C1CC1OCOC12,-5.1244
CCOC1CC1,C1CC1,-0.6407
Cn1cnc2c1c(=O)n(CC(=O)O)c(=O)n2C,O=c1[nH]c(=O)c2[nH]cnc2[nH]1,-1.3769
C[C@@H]1NC(=O)[C@@H](C)NC1=O,O=C1CNC(=O)CN1,-0.1528
O=C1CCC(C(=O)Nc2ccccc2)N1,O=C1CCC(C(=O)Nc2ccccc2)N1,-1.3278
Oc1ccc(Sc2ccccc2)cc1,c1ccc(Sc2ccccc2)cc1,-2.7745
CCOCOCOCC,,-0.1277
O=C1OCc2ccc3ccccc3c21,O=C1OCc2ccc3ccccc3c21,-3.3062
O=C(O)CNC(=O)c1ccco1,c1ccoc1,-0.7272
Nc1ccc(S(=O)(=O)Nc2ncc(C(=O)O)s2)cc1,O=S(=O)(Nc1nccs1)c1ccccc1,-2.8741
CCC(CC)(CC(=O)O)C(=O)O,,-0.7962
O=C(O)C(O)C(O)c1ccccc1,c1ccccc1,-0.3063
CC=C(Cc1ccccc1)C(=O)O,c1ccccc1,-2.5648
O=C(O)c1ccc(NC(=O)c2cccnc2)cc1,O=C(Nc1ccccc1)c1cccnc1,-3.0832
CCOC(OCC)C(C)=O,,-0.2059
O=C1CCCCCNC(=O)CCCCCNC(=O)CCCCCNC(=O)CCCCCN1,O=C1CCCCCNC(=O)CCCCCNC(=O)CCCCCNC(=O)CCCCCN1,-2.8126
CC(C)OC(=O)C(O)(c1ccc(Cl)cc1)c1ccc(Cl)cc1,c1ccc(Cc2ccccc2)cc1,-5.3544
O=c1c(C2CCCc3ccccc32)c(O)oc2ccccc12,O=c1c(C2CCCc3ccccc32)coc2ccccc12,-4.8638
CC(=O)OCCS,,-1.5
Cc1[nH]c(=O)n(C(C)(C)C)c(=O)c1Cl,O=c1cc[nH]c(=O)[nH]1,-2.4845
COP(=S)(OC)SSP(=S)(OC)OC,,-4.3981
NC(=O)NN=C[C@H](O)[C@@H](O)[C@H](O)CO,,-0.1288
O=C(O)CCP(=O)(O)O,,0.5007
OC[C@H]1O[C@@H](O[C@H]2[C@H](O)[C@@H](O)[C@H](O)O[C@@H]2CO)[C@H](O)[C@@H](O)[C@H]1O,C1CCC(OC2CCCOC2)OC1,-0.8167
CCN(CC)CCSCCN(CC)CC,,-2.3663
CC(=O)CC(CC(=O)O)c1ccccc1,c1ccccc1,-1.4463
CCN(c1c([N+](=O)[O-])cc([N+](=O)[O-])cc1[N+](=O)[O-])[N+](=O)[O-],c1ccccc1,-3.7007
Nc1ccc(C#Cc2ccc(N)cc2)cc1,C(#Cc1ccccc1)c1ccccc1,-2.4326
O=C(O)c1ccccc1C(=O)c1ccccc1O,O=C(c1ccccc1)c1ccccc1,-2.3428
O=C(OCC([N+](=O)[O-])([N+](=O)[O-])[N+](=O)[O-])c1ccccc1C(=O)OCC([N+](=O)[O-])([N+](=O)[O-])[N+](=O)[O-],c1ccccc1,-3.5782
CCC(O)C(Cl)(Cl)Cl,,-0.9481
CC(C)CC1OCCO1,C1COCO1,-0.3695
O=C1CCCCCCCCN1,O=C1CCCCCCCCN1,-1.0737
CNCl,,0.2806
O=C(O)C(S)CS,,-0.2374
O=[N+]([O-])c1ccc(/C=N/O)o1,c1ccoc1,-2.1934
O=C1CCCCCN1C(=O)c1ccccc1,O=C1CCCCCN1C(=O)c1ccccc1,-2.1667
O=C1C=CC(=NNc2ccc(N=Nc3ccccc3)c3ccccc23)C=C1,O=C1C=CC(=NNc2ccc(N=Nc3ccccc3)c3ccccc23)C=C1,-6.0092
CC1(C)C2CCC1(C)C(N)(C(=O)O)C2,C1CC2CCC1C2,-1.5961
Cc1ccc(S(N)(=O)=O)cc1N,c1ccccc1,-1.9169
CCCCCCCCNC(=O)C(C)O,,-2.2827
CCCCCCCCCCNC(=O)C(C)O,,-3.3605
C=CCOC(=O)C(C)OC(=O)C(C)O,,-0.6826
CNCC(O)C(O)C(O)C(O)CO,,0.4084
COC(=O)C(C)OC(C)=O,,-0.2617
N#CCCN(CCC#N)CC(=O)O,,0.4578
COc1cc2nccnc2c(N)c1OC,c1ccc2nccnc2c1,-1.7102
Cc1ccc(N(C)C(N)=O)cc1,c1ccccc1,-0.423
CC(C)CC(C)CO,,-1.6007
NC(=O)c1ccc(S(N)(=O)=O)cc1,c1ccccc1,-2.3015
Cc1cn(Cc2ccccc2)c(=O)[nH]c1=O,O=c1ccn(Cc2ccccc2)c(=O)[nH]1,-2.2558
Cc1[nH]cnc1S(=O)(=O)O,c1c[nH]cn1,0.188
Cc1ccc2[nH]c(=O)c(=O)[nH]c2c1,O=c1[nH]c2ccccc2[nH]c1=O,-3.0418
O=C(O)c1ccc(Br)c([N+](=O)[O-])c1,c1ccccc1,-2.9677
CN1c2ccccc2C(O)(c2ccccc2)c2ccccc21,c1ccc(C2c3ccccc3Nc3ccccc32)cc1,-3.9031
CC1(C(=O)O)CCCC=C1C(=O)O,C1=CCCCC1,-1.9642
N#CCCN(CCC#N)C(CC(=O)O)C(=O)O,,-1.5337
CN(C)C(=O)c1ccccc1C(=O)N(C)C,c1ccccc1,0.5083
C=CCc1ccc(OCC(=O)O)c(OC)c1,c1ccccc1,-2.2786
C/C=C\C(=O)O[C@@H]1C[C@H]2O[C@@H]3C=C(C)C(=O)C[C@]3(C)[C@]1(C)[C@@]21CO1,O=C1C=CC2OC3CCC(C2C1)C31CO1,-2.9196
CCCCCOC(=O)C(C)O,,-1.2047
O=C(O)COc1ccc(Cl)cc1CO,c1ccccc1,-2.0347
C=CCN(CC=C)c1c(C)cc(OC(=O)NC)cc1C,c1ccccc1,-3.5932
Clc1cccc(Oc2ccccc2)c1,c1ccc(Oc2ccccc2)cc1,-4.2107
C=C(C)[C@@H]1CC=C(C)C(=O)C1,O=C1C=CCCC1,-2.0608
O=C(Nc1ccc(Cl)cc1)c1cc([N+](=O)[O-])ccc1O,O=C(Nc1ccccc1)c1ccccc1,-5.122000000000001
O=C(Nc1ccc(Cl)cc1)c1cccc([N+](=O)[O-])c1O,O=C(Nc1ccccc1)c1ccccc1,-4.5452
CC(NC(=O)C(Br)C(C)C)C(=O)O,,-0.4825
CC(=O)CCCCn1c(=O)c2c(ncn2C)n(C)c1=O,O=c1[nH]c(=O)c2[nH]cnc2[nH]1,-0.5579999999999999
CCCCCOC(=O)c1ccc(O)cc1,c1ccccc1,-3.8135
C#C[C@]1(O)CC[C@H]2[C@@H]3CCC4=CC(=O)CC[C@@H]4[C@H]3CC[C@@]21CC,O=C1C=C2CCC3C4CCCC4CCC3C2CC1,-5.2567
O=CCc1ccc2c(c1)OCO2,c1ccc2c(c1)OCO2,-1.96
O=C1CC(C(=O)O)Cc2ccccc21,O=C1CCCc2ccccc21,-2.1031
CCNc1nc(Cl)nc(NCC(=O)OCC)n1,c1ncncn1,-2.9374
NC(CO)C(=O)NC(CO)C(=O)O,,-0.5847
O=NC1=C(NO)CCC1,C1=CCCC1,-1.9937
CC1CCC(=O)N1c1ccccc1,O=C1CCCN1c1ccccc1,-0.8457
COC(=O)c1c(C(=O)O)cccc1[N+](=O)[O-],c1ccccc1,-2.0853
CC(C)OC(=O)c1cccc([N+](=O)[O-])c1C(=O)O,c1ccccc1,-2.3466
CC(C)OC(=O)c1c(C(=O)O)cccc1[N+](=O)[O-],c1ccccc1,-2.4897
CC(C)(C)OC(=O)c1cccc([N+](=O)[O-])c1C(=O)O,c1ccccc1,-3.0467
CC(C)CCOC(=O)c1cccc([N+](=O)[O-])c1C(=O)O,c1ccccc1,-3.0689
Cc1cc(C)c([PH](=O)O)c(C)c1,c1ccccc1,-2.7896
CCC(C)OC,,-0.7306
C=CCOC(CO)CO,,0.481
CN(/C(N)=N/[N+](=O)[O-])[N+](=O)[O-],,-0.6104
CCC(C)OC(=O)c1cccc([N+](=O)[O-])c1C(=O)O,c1ccccc1,-2.7193
C[C@H]1CCCC[C@@H]1C,C1CCCCC1,-4.3341
N[C@@H](CO)C(=O)O,,-0.3861
NC(CCC(=O)O)C(=O)O,,-0.9916
Clc1ccc(Oc2ccccc2Cl)cc1,c1ccc(Oc2ccccc2)cc1,-5.52
CC(=O)NC(NC(C)=O)c1ccccc1,c1ccccc1,-1.3144
CNC(=O)/C=C(\C)OP(=O)(OC)OC,,0.6514
COc1c(Cl)c(Cl)cc(Cl)c1Cl,c1ccccc1,-5.1307
NC(=O)N/N=C/C(O)C(O)C(O)C(O)CO,,-0.4257
CCCCOC(=O)c1cccnc1,c1ccncc1,-1.8367
O=C(OCCCO)c1ccccc1,c1ccccc1,-1.2558
CNC(=O)Oc1ccccc1C1OCCO1,c1ccc(C2OCCO2)cc1,-1.5706
Clc1ccc(Oc2ccccc2)cc1,c1ccc(Oc2ccccc2)cc1,-4.7925
CC(C)c1ccccc1Br,c1ccccc1,-4.1898
CCCCP(=O)(CCCC)OCC,,-1.2005
Cc1cc(O)c([N+](=O)[O-])cc1Cl,c1ccccc1,-4.3901
COc1cc(C(Cl)(Cl)Cl)cc(Cl)n1,c1ccncc1,-4.3635
CCOc1ccc(N(C(C)=O)C(C)=O)cc1,c1ccccc1,-1.947
CCCCOP(=O)(OCC)OCCCC,,-1.8456
CCCCOP(=O)(OC)OCCCC,,-1.4995
O=C(O)c1cccc2ncccc12,c1ccc2ncccc2c1,-2.6774
COC(=O)c1cc(Cl)cc(N)c1Cl,c1ccccc1,-3.2634
CCC(C)(O)C(C)(C)C,,-1.2708
CN(C)C(=O)CCC(=O)N(C)C,,0.5035
O=C1CN(CO)C(=O)CN1CO,O=C1CNC(=O)CN1,-0.4168
CC(C)C1C(=O)NC(=O)NC1=O,O=C1CC(=O)NC(=O)N1,-1.4556
O=P(Oc1ccccc1)(Oc1ccccc1)N1CCOCC1,O=P(Oc1ccccc1)(Oc1ccccc1)N1CCOCC1,-2.1425
CC(=O)N(C)N=O,,-0.7684
O=CC1CC2C3C1C1(Cl)C(Cl)(Cl)C3(Cl)C3(Cl)C2C13Cl,C1CC2C3C1C1CC3C3C1C23,-7.2006
O=S=O,,0.2235
CCNc1c([N+](=O)[O-])cc([N+](=O)[O-])cc1[N+](=O)[O-],c1ccccc1,-3.4085
Nc1nc2c(O)cccc2s1,c1ccc2scnc2c1,-1.9196
CC1(C(=O)O)CCOC1=O,O=C1CCCO1,0.8412
O=C(O)c1ccc2c(c1C(=O)O)C(=O)c1ccccc1C2=O,O=C1c2ccccc2C(=O)c2ccccc21,-2.8141
Nc1ccn([C@H]2CC[C@@H](CO)O2)c(=O)n1,O=c1ncccn1C1CCCO1,-0.4416
COC1(C)COC(C)(OC)CO1,C1COCCO1,-1.246
C/C=C/c1ccc(OCC(=O)O)c(OC)c1,c1ccccc1,-1.5826
O=C1CCCCCCCCCCCCN1,O=C1CCCCCCCCCCCCN1,-2.6260000000000003
OCc1cc(Cl)c(Cl)c(Cl)c1,c1ccccc1,-3.0948
II,,-2.886
Oc1cccc2cncnc12,c1ccc2ncncc2c1,-2.0361
CCCCS[S+]([O-])CCCC,,-2.2886
NCC(O)c1ccccc1,c1ccccc1,-0.4764
CC(Cl)C(C)Cl,,-2.3541
O=C(c1ccco1)N(O)c1ccccc1,O=C(Nc1ccccc1)c1ccco1,-3.194
O=S(=O)(O)O,,1.0084
CCCOC(=O)c1cccnc1,c1ccncc1,-1.2403
Cn1c([N+](=O)[O-])cnc1COC(N)=O,c1c[nH]cn1,-1.8433
CCCCC(NC(C)=O)C(=O)O,,-0.6823
COP(=O)(OC)O/C(C)=C/C(=O)OC(C)c1ccccc1,c1ccccc1,-2.4973
O=C(O)c1c(Cl)ccc2ccccc12,c1ccc2ccccc2c1,-2.3152
CCCOCCN(C(=O)CCl)c1c(CC)cccc1CC,c1ccccc1,-3.795
N#N,,-0.1901
O=O,,0.0691
ClCl,,-1.0513
COC(=O)/C=C(\C)OP(=O)(OC)OC,,0.4276
CCC(Cl)(Cl)Cl,,-1.8898
CCCCCCCCOCCO,,-2.125
CC(C)[C@@H](O)C#N,,0.3048
CCC(CC)COC(C)=O,,-1.3528
Cl/C=C/CCl,,-1.598
CC1CC1(C(=O)O)C(=O)O,C1CC1,0.8412
O=C(O)CC(C(=O)O)(c1ccccc1)c1ccccc1,c1ccc(Cc2ccccc2)cc1,-2.4318
N#CC(Br)(Br)C(N)=O,,-1.2075
COc1ccc(Cl)cc1C(=O)NCCc1ccc(S(=O)(=O)NC(=O)NC2CCCCC2)cc1,O=C(NC1CCCCC1)NS(=O)(=O)c1ccc(CCNC(=O)c2ccccc2)cc1,-5.0917
COP(N)(=O)SC,,0.8504
CC(C)CN1CCOCC1,C1COCCN1,-0.7089
CC(=O)N[C@@H](Cc1cc(Br)c(O)c(Br)c1)C(=O)O,c1ccccc1,-2.1830000000000003
O=C(O)c1ccc2ncccc2c1,c1ccc2ncccc2c1,-0.0456
O=C(NC1CCCCC1)c1cccnc1,O=C(NC1CCCCC1)c1cccnc1,-2.319
CC12CCC(C(O)C1=O)C2(C)C,O=C1CC2CCC1C2,-0.9249
Nc1cc([N+](=O)[O-])ccc1Br,c1ccccc1,-3.5583
CCCCCCCCOCC(O)CO,,-1.9208
CCOC(=O)CCCOc1ccc(Cl)cc1C,c1ccccc1,-4.4095
O=C(CCCN1CCC(O)(c2ccc(Br)cc2)CC1)c1ccc(F)cc1,O=C(CCCN1CCC(c2ccccc2)CC1)c1ccccc1,-3.6693
Cc1c(Cl)c(O)c(Cl)c(Cl)c1Cl,c1ccccc1,-4.6021
CCOP(=O)(OC)OC,,0.5112
CCOP(=S)(OCC)SC[S+]([O-])C(C)(C)C,,-2.4421
CC(C)OC(=O)c1cc(C(=O)OC(C)C)cc([N+](=O)[O-])c1,c1ccccc1,-5.0389
C/C=C(\C)C(=O)O[C@H]1C[C@@H](OC(C)=O)[C@@]2(C(=O)OC)CO[C@H]3[C@@H](O)[C@@](C)([C@]45O[C@@]4(C)[C@H]4C[C@@H]5O[C@@H]5OC=C[C@@]54O)[C@H]4[C@]1(CO[C@]4(O)C(=O)OC)[C@@H]32,C1=CC2C(O1)OC1CC2C2OC12C1CC2OCC3CCCC4(COCC14)C32,-3.4428
O=P(O)(O)CCCl,,0.8401
CCOc1cc(N=Nc2cc([N+](=O)[O-])cc([N+](=O)[O-])c2Br)c(NC(C)=O)cc1N(CCOC(C)=O)CCOC(C)=O,c1ccc(N=Nc2ccccc2)cc1,-8.8336
CNC(=O)Oc1cc(C)cc(C)c1C,c1ccccc1,-1.9851
COc1ccc(C(O)(c2cncnc2)C2CC2)cc1,c1ccc(C(c2cncnc2)C2CC2)cc1,-2.5959
CC(C)OCC(O)COC(C)C,,0.0549
CC(=O)c1ccc(O)c(C(=O)O)c1,c1ccccc1,-2.2304
ClCC(Cl)(Cl)CCl,,-2.5785
COC1C(O)[C@H](O[C@H]2CC[C@]3(C)C4CC[C@]5(C)[C@@H](C6=CC(=O)OC6)CC[C@]5(O)C4CC[C@]3(O)C2)OC(CO[C@@H]2C(O)C[C@@H](O)OC2C)[C@H]1O,O=C1C=C(C2CCC3C2CCC2C4CCC(OC5CCCC(COC6CCCOC6)O5)CC4CCC23)CO1,-1.94
CN(C)C(=O)c1ccc(C(=O)N(C)C)cc1,c1ccccc1,0.2656
O=C(Nc1ccccn1)c1cccnc1,O=C(Nc1ccccn1)c1cccnc1,-2.9771
CCN(CC)C(=O)/C(Cl)=C(\C)OP(=O)(OC)OC,,0.5233
O=C1C(Br)=CC(=CNOc2ccc([N+](=O)[O-])cc2[N+](=O)[O-])C=C1Br,O=C1C=CC(=CNOc2ccccc2)C=C1,-6.6637
CCCSP(=O)(OCC)SCCC,,-2.5094
O=c1[nH]c2cncnc2[nH]1,O=c1[nH]c2cncnc2[nH]1,-1.5141
CN(CC(=O)O)N=O,,0.9278
N=C(N)NC(=N)Nc1cccc2ccccc12,c1ccc2ccccc2c1,-2.3151
CCOP(=O)(OCC)SCc1ccccc1,c1ccccc1,-2.4155
Nc1c(S(=O)(=O)O)cc(Nc2ccc(S(=O)(=O)O)c(Nc3nc(Cl)nc(Cl)n3)c2)c2c1C(=O)c1ccccc1C2=O,O=C1c2ccccc2C(=O)c2c(Nc3cccc(Nc4ncncn4)c3)cccc21,0.1956
CCCCNCC,,-0.4405
Cn1c(=O)c2nccnc2n(C)c1=O,O=c1[nH]c(=O)c2nccnc2[nH]1,-1.4598
CC1(C)Cc2cccc([N+](=O)[O-])c2O1,c1ccc2c(c1)CCO2,-3.2068
CC(=O)N[C@@H](CSc1ccc(Cl)c(Cl)c1)C(=O)O,c1ccccc1,-2.8868
CCOC(=O)c1cn2nc(OP(=S)(OCC)OCC)cc2nc1C,c1cnc2ccnn2c1,-4.9489
O=c1ccc(I)c[nH]1,O=c1cccc[nH]1,-1.7423
NC(N)=NCCCCCCCCNCCCCCCCCN=C(N)N,,0.3322
CCNc1nc(OC)nc(N(CC)CC)n1,c1ncncn1,-2.9987
CCCCOC(=O)C(C)OC(=O)C(C)O,,-1.3752
NC(=O)NCNC(N)=O,,-0.6525
CCC(O)CN,,1.0499
ClC1=C(Cl)C2(Cl)C3CCC4C(CCC3C1(Cl)C2(Cl)Cl)C1(Cl)C(Cl)=C(Cl)C4(Cl)C1(Cl)Cl,C1=CC2CC1C1CCC3C4C=CC(C4)C3CCC21,-13.1719
CCOP(=S)(OCC)Oc1cnc2ccccc2n1,c1ccc2nccnc2c1,-4.1322
O=C(O)c1cc[n+]([O-])cc1,c1cc[nH+]cc1,-1.102
CCCC1CCCNC1,C1CCNCC1,-1.011
CC(CCl)OP(=O)(OC(C)CCl)OC(C)CCl,,-2.4361
CC(=O)OC1(C(C)=O)CCC2C3C=C(Cl)C4=CC(=O)C=CC4(C)C3CCC21C,O=C1C=CC2C(=C1)C=CC1C3CCCC3CCC21,-4.9453
[N-]=[N+]=NCC(=O)N[C@H](CO)[C@H](O)c1ccc([N+](=O)[O-])cc1,c1ccccc1,-1.1692
CCC(C)N,,0.1851
O=C(O)/C=C/CBr,,-0.7403
CN1c2ccccc2Sc2ccc(CC(=O)O)cc21,c1ccc2c(c1)Nc1ccccc1S2,-3.9422
C/C=C/CC1(C/C=C/C)C(=O)NC(=O)NC1=O,O=C1CC(=O)NC(=O)N1,-2.1973
Cc1oc([C@H](O)[C@H](O)[C@H](O)CO)cc1C(=O)O,c1ccoc1,-1.2774
CN(C)c1ncnc2nccnc12,c1cnc2ncncc2n1,-1.0216
CCOCCC(=O)OC,,-0.0719
CCCCOC(=O)CCOCC,,-1.6391
CCCCCOC(=O)CCOCC,,-2.1956
CCCCCCOC(=O)CCOCC,,-2.8289
CCCOCCC(=O)OC,,-0.6334
CCCOCCC(=O)OCCC,,-1.6848
CCCCOCCC(=O)OCCCC,,-2.4029
c1ccc2c(c1)OCCOCCOc1ccccc1OCCOCCO2,c1ccc2c(c1)OCCOCCOc1ccccc1OCCOCCO2,-4.6935
COc1ccc(Oc2ccc(NC(=O)N(C)C)cc2)cc1,c1ccc(Oc2ccccc2)cc1,-4.1558
O=C(Oc1ccccc1)n1c(C(F)(F)F)nc2cc(Cl)c(Cl)cc21,O=C(Oc1ccccc1)n1cnc2ccccc21,-4.4603
CC(C)C(N)C(=O)NCC(=O)O,,0.4579
CN(C)C(=O)c1cccc(C(=O)N(C)C)c1,c1ccccc1,0.487
CCOC(=O)COc1ccc(Cl)cc1,c1ccccc1,-2.4206
COC(=O)C(Cl)Cc1ccc(Cl)cc1,c1ccccc1,-3.7655
Cc1ccccc1Oc1cccnn1,c1ccc(Oc2cccnn2)cc1,-1.969
Cn1c(=O)[nH]n(-c2ccccc2)c1=O,O=c1[nH]c(=O)n(-c2ccccc2)[nH]1,-2.9804
C=CCOc1ccccc1C(N)=O,c1ccccc1,-2.2273
CC(C)C1NC(=O)CNC1=O,O=C1CNC(=O)CN1,-0.8926
CCCC(C)C(O)CC,,-1.9636
CC1(C)CCC2(CCC(C)(C)O2)O1,C1COC2(C1)CCCO2,-1.9644
O=S(=O)(c1ccccc1O)c1ccccc1O,O=S(=O)(c1ccccc1)c1ccccc1,-3.3192
N#CCCN[C@@H](Cc1ccccc1)C(=O)O,c1ccccc1,-1.4939
ClC(Cl)C(Cl)C(Cl)Cl,,-2.7223
NC(Cc1cc(Cl)c(O)c(Cl)c1)C(=O)O,c1ccccc1,-1.7546
O=C(O)CC(O)(CC(=O)O)C(=O)Nc1ccccc1,c1ccccc1,-0.4874
COC(=O)c1ccc(O)c(I)c1,c1ccccc1,-3.3138
CCOC(=O)c1ccc(O)c(I)c1,c1ccccc1,-3.4924
CCCOC(=O)c1ccc(O)c(I)c1,c1ccccc1,-3.6865
CCCCOC(=O)c1ccc(O)c(I)c1,c1ccccc1,-3.9033
C[C@@H](Oc1ccc(Cl)cc1Cl)C(=O)O,c1ccccc1,-2.6003
CNC(=O)O/N=C1/C2CC(C[C@@H]2C#N)[C@@H]1Cl,N=C1CC2CCC1C2,-2.0822
CCN(CC)C(=O)C(C)Oc1cccc2ccccc12,c1ccc2ccccc2c1,-3.5702
O=C(Nc1ccccc1)c1ccccc1I,O=C(Nc1ccccc1)c1ccccc1,-4.2084
O=[N+]([O-])c1ccc2c(c1CO)OCO2,c1ccc2c(c1)OCO2,-3.0643
O=[N+]([O-])c1ccc(Oc2ccc(C(F)(F)F)cc2[N+](=O)[O-])cc1,c1ccc(Oc2ccccc2)cc1,-5.2151
CNS#CNCO,,-0.0798
CC(=O)OC(C)C#N,,0.2475
O=c1[nH]c2ccccc2[nH]c1=O,O=c1[nH]c2ccccc2[nH]c1=O,-2.812
CCCCC(C)(C)CCC,,-4.8108
O=C(O)CSSSSCC(=O)O,,-1.452
CCCCOCCOC(N)=O,,-0.5084
OCc1c(Cl)c(Cl)c(Cl)c(Cl)c1Cl,c1ccccc1,-5.1467
O=C(O)CC(Cl)C(=O)O,,0.0767
CCNC(=O)[C@H](C)OC(=O)Nc1ccccc1,c1ccccc1,-1.8293
CCCCCCP(=O)(OCC)OCC,,-2.5687
Oc1cc2ccccc2cc1C1=NCCN1,c1ccc2cc(C3=NCCN3)ccc2c1,-3.3015
Cc1ccc(O)c(I)c1,c1ccccc1,-2.4662
CC(=O)Oc1ccccc1/C=C/C(=O)O,c1ccccc1,-3.1559
CCOC(=O)c1ccc(O)c(Cl)c1,c1ccccc1,-3.2232
CC(C)C[C@H](N)C(=O)N[C@@H](CCC(=O)O)C(=O)O,,-0.8969
CCCC(=O)N(C)N=O,,-1.5347
Cc1cc(Cl)ccc1O[C@H](C)C(=O)O,c1ccccc1,-2.3972
C=C(Cl)C(N)=O,,-0.2104
C=COC1CC1,C1CC1,-1.1001
CC1(CCN2CCCCC2)NC(=O)NC1=O,O=C1NC(=O)C(CCN2CCCCC2)N1,-0.8213
CC(=O)O[C@@H]1[C@H]2OC(C)(C)O[C@H]2O[C@@H]1[C@H]1COC(C)(C)O1,C1OCC(C2CC3OCOC3O2)O1,-1.5229
NNC(=O)c1nccs1,c1cscn1,-0.6787
CNC(=O)O/N=C(\C)SC,,-0.4466
COc1cc(Cl)c(Cl)c(Cl)c1OC,c1ccccc1,-4.3701
COc1cc(Cl)ccc1O,c1ccccc1,-1.5013
Nc1ccc(S(=O)(=O)Nc2nncs2)cc1,O=S(=O)(Nc1nncs1)c1ccccc1,-2.8684
CCOC(=O)CC1(C)CCC(=O)O1,O=C1CCCO1,-0.7472
CCC(C(=O)O)C(C(=O)O)c1ccccc1,c1ccccc1,-2.3256
O=C(c1ccc(Cl)cc1Cl)N(O)c1ccccc1,O=C(Nc1ccccc1)c1ccccc1,-3.6723
CSc1ncc2nccnc2n1,c1cnc2ncncc2n1,-1.7561
CC(C)C1(Br)C(=O)NC(=O)NC1=O,O=C1CC(=O)NC(=O)N1,-2.2088
NS(=O)(=O)c1ccc(S(N)(=O)=O)cc1,c1ccccc1,-2.5283
CCCCC1(CCCC)C(=O)NC(=O)NC1=O,O=C1CC(=O)NC(=O)N1,-2.8756
Oc1cccc2ccnnc12,c1ccc2nnccc2c1,-2.4089
Cc1cnnc2c(O)cccc12,c1ccc2nnccc2c1,-2.6783
Oc1cccc2nccnc12,c1ccc2nccnc2c1,-1.3468
Oc1cncc2cccnc12,c1cnc2ccncc2c1,-1.6576
NC(=O)NCC(=O)NCC(=O)NCC(=O)O,,-1.3505
CCNC(CC)C(=O)O,,-0.4189
O=C(O)[C@@H](O)c1ccccc1,c1ccccc1,0.1592
NC(=O)NCC(=O)NCC(=O)O,,-0.8996
CC(C)OC(C)(C)C,,-2.3662
N[C@@H](Cc1cc([N+](=O)[O-])c(O)c([N+](=O)[O-])c1)C(=O)O,c1ccccc1,-1.5125
CC(C)=NNC(=O)Nc1ccc([N+](=O)[O-])cc1,c1ccccc1,-3.5952
COc1c(C(=O)O)cc(C(=O)O)cc1C(=O)O,c1ccccc1,-1.5354
CCC1OC(=O)c2ccccc21,O=C1OCc2ccccc21,-1.747
Cc1ccccc1N1C(=O)c2cc(S(N)(=O)=O)c(Cl)cc2NC1C,O=C1c2ccccc2NCN1c1ccccc1,-3.783
Cc1nnc(N)nc1C,c1cnncn1,-1.0939
CN(C)C(CSS(=O)(=O)c1ccccc1)CSS(=O)(=O)c1ccccc1,O=S(=O)(SCCCSS(=O)(=O)c1ccccc1)c1ccccc1,-5.76
CCC(C#N)CC#N,,-0.6916
CC1OC(n2ccc(NC(=O)c3ccc(NC(=O)C(C)(N)CO)cc3)nc2=O)CCC1OC1OC(C)C(N(C)C)C(O)C1O,O=C(Nc1ccn(C2CCC(OC3CCCCO3)CO2)c(=O)n1)c1ccccc1,-2.4904
O=C(O)c1ccccc1C(=O)OCCO,c1ccccc1,-1.4825
Nc1cc([N+](=O)[O-])c(O)c([N+](=O)[O-])c1,c1ccccc1,-2.3853
O=C(O)Cc1sc(-c2ccccc2)nc1-c1ccc(Cl)cc1,c1ccc(-c2csc(-c3ccccc3)n2)cc1,-4.9644
C=CCCCN=C=S,,-2.9004
O=[N+]([O-])c1ccc(-c2ccccc2)cc1O,c1ccc(-c2ccccc2)cc1,-3.8557
COc1c(O)ccc(C=O)c1C,c1ccccc1,-1.3755
CC(C)OC(=O)c1ccc(N)cc1,c1ccccc1,-2.6099
N=C(NN)N[N+](=O)[O-],,-1.6458
OCc1ccc(I)cc1,c1ccccc1,-2.7460000000000004
CC1CCCC(=NO)C1=NO,N=C1CCCCC1=N,-1.5916
CC1CCC(N=O)=C(NO)C1,C1=CCCCC1,-1.6622
CC(C)C1CCC(=NO)C(=NO)C1,N=C1CCCCC1=N,-2.3903
Cc1cccc2c1c(C)cc1cc3ccccc3cc12,c1ccc2cc3c(ccc4ccccc43)cc2c1,-7.9743
ON=C1CCCCCCCCC1=NO,N=C1CCCCCCCCC1=N,-2.5813
COC(=O)C1=CO[C@@H](O[C@@H]2O[C@H](CO)[C@@H](O)[C@H](O)[C@H]2O)[C@@H]2[C@@H](C)[C@@H](O)C[C@H]12,C1=CC2CCCC2C(OC2CCCCO2)O1,-0.5911
CCS[S+]([O-])CC,,-0.0993
CC(C)(C)NCC(O)c1ccc(O)c(CO)c1,c1ccccc1,-1.2298
COC1CCCC(C)O1,C1CCOCC1,-0.5921
CC12CCC(CC1=O)C(C)(C)O2,O=C1CC2CCC1OC2,-0.9249
CNC(=O)N(C)c1nc2ccccc2s1,c1ccc2scnc2c1,-3.5741
CCCCC(O)C(C)C,,-1.8122
CCC(C)CC(O)CC,,-1.8602
CCC(O)CCC(C)C,,-1.9272
CCOP(=S)(OCC)Oc1cc(-c2ccccc2)on1,c1ccc(-c2ccno2)cc1,-5.2172
CC(C)CC(=O)Oc1ccc([N+](=O)[O-])cc1,c1ccccc1,-4.3945
OCc1ccccc1Br,c1ccccc1,-2.158
CC(=O)Nc1ccc(S(=O)(=O)Nc2ccccn2)cc1,O=S(=O)(Nc1ccccn1)c1ccccc1,-3.7162
CCc1nc2nc(N)nc(N)c2nc1CC,c1cnc2ncncc2n1,-3.2671
CNc1ncc2nccnc2n1,c1cnc2ncncc2n1,-1.7124
COc1cc(NC(=O)c2cccnc2)c2ncccc2c1,O=C(Nc1cccc2cccnc12)c1cccnc1,-4.4461
NC(=O)OC[C@H](O)[C@@H](O)[C@H](N)C(=O)N[C@H](C(=O)O)[C@H]1O[C@@H](n2cc(CO)c(=O)[nH]c2=O)C(O)C1O,O=c1ccn(C2CCCO2)c(=O)[nH]1,0.2946
COc1cc(C=O)cc(Cl)c1O,c1ccccc1,-2.8747
O=C1OCc2ccc(Br)cc21,O=C1OCc2ccccc21,-2.6472
CCC(C)C(O)C(C)CC,,-2.5108
Oc1c(Cl)cc(Cl)cc1Cc1ccccc1,c1ccc(Cc2ccccc2)cc1,-4.6399
O=C1OCc2ccc(Cl)cc21,O=C1OCc2ccccc21,-2.4817
CCOc1ccc(C(=O)O)c2ccccc12,c1ccc2ccccc2c1,-4.1122
CCC(C)(O)C(O)c1ccccc1,c1ccccc1,-1.7244
CC(=O)N[C@H](CC(C)C)C(=O)O,,-1.3301
COC[C@H](N)C(=O)O,,0.6524
O=c1[nH]cncc1Br,O=c1ccnc[nH]1,-0.4471
N#Cc1c(O)[nH]c(Cl)cc1=O,O=c1cc[nH]cc1,-1.2319
C=C1C(=O)O[C@@H]2/C=C(\CO)CC/C=C(\C)C[C@H](OC(=O)C(C)CO)[C@@H]12,C=C1C(=O)OC2C=CCCC=CCCC12,-2.2436
CCNC(C)C,,1.0597
Clc1c(Cl)c(Cl)c2ccccc2c1Cl,c1ccc2ccccc2c1,-7.7954
CCCCCCCCCCCCOC(=O)c1ccc(N)cc1,c1ccccc1,-7.8
CCCCCN(N=Cc1ccc([N+](=O)[O-])o1)C(N)=O,c1ccoc1,-2.8971
C=C(CC(Cl)(Cl)Cl)c1ccccc1,c1ccccc1,-4.2822
COc1ccc2c(c1)c(CC(=O)O)c(C)n2C(=O)/C=C/c1ccccc1,O=C(C=Cc1ccccc1)n1ccc2ccccc21,-5.5433
CCCCCOP(=O)(OCC)OCC,,-1.4757
CC(O)C(C)(C)C,,-0.6238
CCCCCC(O)CC,,-2.0171
CCS(=O)(=O)CCSP(=S)(OC)OC,,-2.5415
COCC(C)OCC(C)OCC(C)O,,0.6855
CCCOc1ccc(NC(C)=O)cc1,c1ccccc1,-3.0557
CC12CCC(C(CO)C1=O)C2(C)C,O=C1CC2CCC1C2,-0.215
Cc1ccccc1N(C)C(N)=O,c1ccccc1,-0.4032
CCCCCCO[N+](=O)[O-],,-3.1265
CCN(C(N)=O)c1ccccc1C,c1ccccc1,-0.2096
O=C(O)Cc1c[nH]c(=O)[nH]c1=O,O=c1cc[nH]c(=O)[nH]1,-1.6287
CCCC(O)(CCC)C(O)c1ccccc1,c1ccccc1,-2.648
CCCCC(O)(CCCC)C(O)c1ccccc1,c1ccccc1,-3.2225
Cc1cc(C)c(C)c(C)n1,c1ccncc1,-1.3069
C[C@H]1O[C@@H](O[C@H]2[C@@H](O)C[C@H](O[C@H]3[C@@H](O)C[C@H](O[C@H]4CC[C@@]5(C)[C@H](CC[C@@H]6[C@@H]5C[C@@H](O)[C@]5(C)[C@@H](C7=CC(=O)OC7)CC[C@]65O)C4)O[C@@H]3C)O[C@@H]2C)C[C@H](O)[C@@H]1O,O=C1C=C(C2CCC3C2CCC2C4CCC(OC5CCC(OC6CCC(OC7CCCCO7)CO6)CO5)CC4CCC23)CO1,-4.0811
O=CNC(Nc1ccc(Cl)c(Cl)c1)C(Cl)(Cl)Cl,c1ccccc1,-3.3228
S=c1[nH]sc(=S)[nH]1,S=c1[nH]sc(=S)[nH]1,-1.7618
CC(=O)c1cc2c(cc1C)C(C)(C)C(C)CC2(C)C,c1ccc2c(c1)CCCC2,-5.3154
O=C(O)c1cccc(C(=O)O)c1[N+](=O)[O-],c1ccccc1,-1.9901
C#CC(C)N(C(=O)CCl)c1ccccc1,c1ccccc1,-2.6468
CC(Cl)C(C)(C)O,,-0.2926
O=[N+]([O-])c1cc([N+](=O)[O-])c(-c2ccccc2)cc1O,c1ccc(-c2ccccc2)cc1,-4.4611
CCOP(=O)(N=C1SCS1)OCC,N=C1SCS1,-0.6835
N#CSCSc1nc2ccccc2s1,c1ccc2scnc2c1,-3.2803
CCCC(O)CC(C)C,,-1.9079
O=C(O)c1cc(Br)ccc1Cl,c1ccccc1,-1.952
CN1C(=O)COc2ccccc21,O=C1COc2ccccc2N1,-2.1445
CC(=O)OC(c1ccc(Cl)c(Cl)c1)C(Cl)(Cl)Cl,c1ccccc1,-3.8279
CCC(O)CNCC(O)CC,,0.7925
CCCC(C)O[N+](=O)[O-],,-2.4809
Cc1snnc1C(=O)O,c1csnn1,-0.4598
CC(O)C(O)c1cnc2[nH]c(N)nc(=O)c2n1,O=c1nc[nH]c2nccnc12,-2.5301
CCOC(=O)C(C)N(C(=O)c1ccccc1)c1ccc(Cl)c(Cl)c1,O=C(Nc1ccccc1)c1ccccc1,-4.2627
COP(=O)(OC)O/C(=C/Cl)c1cc(Cl)c(Cl)cc1Cl,c1ccccc1,-4.5221
CCOc1ccc(NC(=O)CO)cc1,c1ccccc1,-2.1058
O=C(O)c1ccccc1C(C(=O)O)c1ccccc1C(=O)O,c1ccc(Cc2ccccc2)cc1,-2.4998
CS(=O)(=O)N(SC(Cl)(Cl)C(F)(Cl)Cl)c1ccccc1,c1ccccc1,-5.1485
O=C(O)CC(=O)c1ccccc1[N+](=O)[O-],c1ccccc1,-1.8434
CNC(=O)Oc1cccc2c1OC(C)(C)O2,c1ccc2c(c1)OCO2,-2.9338
COc1ccc(C[C@@H]2NC[C@@H](O)[C@@H]2OC(C)=O)cc1,c1ccc(CC2CCCN2)cc1,-1.6075
CCNc1nc(NC(C)C(C)C)nc(SC)n1,c1ncncn1,-3.7082
CC(C)Nc1nc(Cl)nc(NC2CC2)n1,c1ncnc(NC2CC2)n1,-3.5185
C#CCC1=C(C)C(OC(=O)[C@H]2[C@H](C=C(C)C)C2(C)C)CC1=O,O=C1C=CC(OC(=O)C2CC2)C1,-4.5746
CCn1cnc2c1c(=O)n(C)c(=O)n2C,O=c1[nH]c(=O)c2[nH]cnc2[nH]1,-0.7544
Cc1nc(N(C)C)nc(OC(=O)N(C)C)c1C,c1cncnc1,-1.9457
CNC(=O)O/N=C(\SC)C(=O)N(C)C,,0.1062
Cn1c(=O)c2c(ncn2CCCO)n(C)c1=O,O=c1[nH]c(=O)c2[nH]cnc2[nH]1,-0.1551
CCOP(=S)(OCC)Oc1cc(C)nc(N(CC)CC)n1,c1cncnc1,-4.9242
COP(=O)(OC)OC1=C(Cl)C2C=CCC12,C1=CC2C=CC2C1,-2.0011
COC(=O)NC(=S)Nc1ccccc1NC(=S)NC(=O)OC,c1ccccc1,-4.1097
CC(C)(CCC(C)(C)CC(=O)O)CC(=O)O,,-3.1319
CCCCCCOC(=O)c1cccnc1,c1ccncc1,-2.6538
O=P(O)(O)CN(CCCCCCN(CP(=O)(O)O)CP(=O)(O)O)CP(=O)(O)O,,-1.5161
CN(C)c1nc2ncncc2[nH]1,c1ncc2[nH]cnc2n1,-1.3885
Cc1ncc2nc(C)c(C)nc2n1,c1cnc2ncncc2n1,-1.1442
NC(=O)NN=C[C@H](O)[C@@H](O)[C@H](O)[C@H](O)CO,,-1.0041
O=C(O)c1c[nH]c(=O)[nH]c1=O,O=c1cc[nH]c(=O)[nH]1,-1.9381
C#CC(C)(C)NC(=O)c1cc(Cl)cc(Cl)c1,c1ccccc1,-4.2324
CCOP(=S)(OCC)Oc1ncn(-c2ccccc2)n1,c1ccc(-n2cncn2)cc1,-3.9049
CC1(C)OC(=O)c2cc3ccccc3cc21,O=C1OCc2cc3ccccc3cc21,-2.9844
CC(=O)Nc1ccc(Br)cc1C,c1ccccc1,-1.756
Cc1cccc(C)c1N(COCC(C)C)C(=O)CCl,c1ccccc1,-3.6822
Cc1occc1C(=O)Nc1ccccc1,O=C(Nc1ccccc1)c1ccoc1,-3.3037
CCCCC(CCC(=O)O)CC(=O)O,,-1.3974
CCCCCC1C(=O)CCC1CC(=O)OC,O=C1CCCC1,-2.9076
O=c1nc[nH]c2nc(-c3ccccc3)c(-c3ccccc3)nc12,O=c1nc[nH]c2nc(-c3ccccc3)c(-c3ccccc3)nc12,-3.1766
Cc1cccc(I)c1O,c1ccccc1,-1.8378
Clc1ccc(Cl)c(Oc2ccccc2)c1,c1ccc(Oc2ccccc2)cc1,-4.9703
Clc1ccc(Oc2cc(Cl)cc(Cl)c2)cc1,c1ccc(Oc2ccccc2)cc1,-5.5201
CCOP(=S)(OCC)SCCl,,-3.5924
CCOC(=O)Cn1c(=O)sc2cccc(Cl)c21,O=c1[nH]c2ccccc2s1,-3.762
O=C(O)COc1ccc([N+](=O)[O-])cc1[N+](=O)[O-],c1ccccc1,-1.9369
CCCCC(CC)COC(=O)COc1ccc(Cl)cc1Cl,c1ccccc1,-7.0122
C/C=C/CCC,,-3.2262
CCC(O)OC(O)CC,,0.8723
NS(=O)(=O)c1ccc(NC2O[C@H](CO)[C@@H](O)[C@H](O)[C@@H]2O)cc1,c1ccc(NC2CCCCO2)cc1,-0.9801
CCSC(=O)COc1ccc(Cl)cc1C,c1ccccc1,-5.027
CC(=O)/C(=N\O)c1ccccc1,c1ccccc1,-2.3676
CNC(=O)N(C)c1nnc(C(F)(F)F)s1,c1nncs1,-2.0584
Br/C=C/Br,,-1.7415
O=C(O)/C=C\c1cccc(O)c1,c1ccccc1,-2.099
COCC(C)OCC(C)OC(C)CO,,0.6855
CSC1=CC(=O)c2ccccc2C1=O,O=C1C=CC(=O)c2ccccc21,-4.4651
CCCN(CC1CC1)c1c([N+](=O)[O-])cc(C(F)(F)F)cc1[N+](=O)[O-],c1ccc(NCC2CC2)cc1,-6.5407
CNC(=O)O/N=C/C1(C)SCC(C)S1,C1CSCS1,-2.3698
Cc1ccc(OP(=O)(Oc2ccccc2)Oc2ccccc2)cc1,O=P(Oc1ccccc1)(Oc1ccccc1)Oc1ccccc1,-6.1517
Cc1ccc(OP(=O)(Oc2ccccc2)Oc2ccccc2C)cc1,O=P(Oc1ccccc1)(Oc1ccccc1)Oc1ccccc1,-6.3733
CCCCCCCCn1sccc1=O,O=c1ccs[nH]1,-2.6301
Clc1ccccc1-c1c(Cl)c(Cl)c(Cl)c(Cl)c1Cl,c1ccc(-c2ccccc2)cc1,-8.0133
CCOP(=O)(OCC)OCC(C)C,,-1.1765
CC(=O)C(=Cc1ccccc1)CC(=O)O,c1ccccc1,-1.6111
O=c1nc(-c2ccccc2)[nH]cc1Br,O=c1cc[nH]c(-c2ccccc2)n1,-3.4792
CCCC(=O)OCCOCCOCCOC(=O)CCC,,-1.5598
O=C(NC(=O)c1cccnc1)Nc1ccccc1,O=C(NC(=O)c1cccnc1)Nc1ccccc1,-3.3825
CCCCCCCCCCC(O)CCC,,-5.837000000000001
CNc1cnn(-c2cccc(C(F)(F)F)c2)c(=O)c1Cl,O=c1cccnn1-c1ccccc1,-3.9548
O=C1OCc2c(Cl)c(Cl)c(Cl)c(Cl)c21,O=C1OCc2ccccc21,-5.0365
CCOC(=O)Cc1[nH]nc2ccc(Cl)cc12,c1ccc2n[nH]cc2c1,-3.0256
O=C1C(Cl)=C(NC(=O)C(Cl)Cl)C(=O)c2ccccc21,O=C1C=CC(=O)c2ccccc21,-5.0261
CC(C)CCCCCOC(=O)c1ccccc1C(=O)OCCCCCC(C)C,c1ccccc1,-6.6375
C=CCOC1=NS(=O)(=O)c2ccccc21,O=S1(=O)N=Cc2ccccc21,-3.1727
CCOC(C)C(=O)C(O)O,,-0.1707
Brc1ccc(-c2c(Br)c(Br)c(Br)c(Br)c2Br)c(Br)c1Br,c1ccc(-c2ccccc2)cc1,-9.351
CC(C)c1ccccc1OP(=O)(Oc1ccccc1)Oc1ccccc1,O=P(Oc1ccccc1)(Oc1ccccc1)Oc1ccccc1,-5.2239
S=c1ncc2[nH]cnc2[nH]1,S=c1ncc2[nH]cnc2[nH]1,-2.5803
O=[N+]([O-])c1ccc(O)c([N+](=O)[O-])c1-c1ccccc1,c1ccc(-c2ccccc2)cc1,-3.7164
Cc1cc(Cl)ccc1NC(=S)N(C)C,c1ccccc1,-3.6604
Clc1cccc(Cl)c1Oc1ccccc1,c1ccc(Oc2ccccc2)cc1,-5.0605
CC(C)=CC1C(C(=O)OCc2coc(Cc3ccccc3)c2)C1(C)C,O=C(OCc1coc(Cc2ccccc2)c1)C1CC1,-6.0524
O=C(O)[C@@H]1CC[C@H](C(=O)O)SS1,C1CCSSC1,-1.1709
Cn1cc([N+](=O)[O-])c(=O)[nH]c1=O,O=c1cc[nH]c(=O)[nH]1,-1.9977
CCN(CC)c1c([N+](=O)[O-])cc(C(F)(F)F)c(N)c1[N+](=O)[O-],c1ccccc1,-5.4668
CCN(OC(=O)c1ccccc1)C(=O)c1c(OC)ccc(Cl)c1OC,O=C(NOC(=O)c1ccccc1)c1ccccc1,-4.0837
CC(C)NCC(O)COc1ccc(CC(N)=O)cc1,c1ccccc1,-1.3016
CCC(CC)(C(N)=O)C(N)=O,,-1.1992
COC(=O)N(C)C(=O)CSP(C)(=S)OC,,-1.9563
CCCCCCCCCCCCC(O)CCC,,-6.7708
O=C(c1cccc2ccccc12)N(O)c1ccccc1,O=C(Nc1ccccc1)c1cccc2ccccc12,-3.9433
O=C(c1ccccc1)N(O)c1cccc2ccccc12,O=C(Nc1cccc2ccccc12)c1ccccc1,-3.3065
O=C(c1cc([N+](=O)[O-])cc([N+](=O)[O-])c1)N(O)c1ccccc1,O=C(Nc1ccccc1)c1ccccc1,-3.6367
NC(=S)SCC(=O)O,,-0.7482
O=C(O)CNC(=S)SCC(=O)O,,-1.3011
O=C(NCCc1c[nH]cn1)c1ccccc1,O=C(NCCc1c[nH]cn1)c1ccccc1,-0.634
CC(C)CCCCCCCOP(=O)(Oc1ccccc1)Oc1ccccc1,O=[PH](Oc1ccccc1)Oc1ccccc1,-5.7165
CCSCc1ccccc1OC(=O)NC,c1ccccc1,-2.0927
C1O[C@@H]1[C@@H]1CO1,C1OC1C1CO1,1.065
CCS(=O)(=O)c1nnc(N(C)C(=O)NC)s1,c1nncs1,-1.945
C[C@@H](Oc1cc(Cl)c(Cl)cc1Cl)C(=O)O,c1ccccc1,-3.1295
CCC1CCC(O)O1,C1CCOC1,-0.0651
C1O[C@H]1[C@H]1CO1,C1OC1C1CO1,1.065
CC1CCC2(CCC(C)O2)O1,C1COC2(C1)CCCO2,-0.4487
Cc1cn([C@H]2C[C@H](N=[N+]=[N-])[C@@H](CO)O2)c(=O)[nH]c1=O,O=c1ccn(C2CCCO2)c(=O)[nH]1,-1.1221
O=C(OCCOCCO)c1ccccc1Nc1cccc(C(F)(F)F)c1,c1ccc(Nc2ccccc2)cc1,-5.3633
COc1ncnc2nccnc12,c1cnc2ncncc2n1,-1.113
CCOP(=S)(OCC)SCn1c(=O)oc2ccccc21,O=c1[nH]c2ccccc2o1,-5.1905
c1ccc2c(c1)Cc1c-2ccc2ccccc12,c1ccc2c(c1)Cc1c-2ccc2ccccc12,-6.678
COC(=O)/C(C)=C/OP(=S)(OC)OC,,-2.7785
CN(CCO)c1nc2c(c(=O)n(C)c(=O)n2C)n1C,O=c1[nH]c(=O)c2[nH]cnc2[nH]1,-0.6488
CC(C)CNC(=O)N1CCNC1=O,O=C1NCCN1,-2.1538
Cc1csc(=S)n1CC(=O)O,S=c1[nH]ccs1,-1.9632
CC(=O)Nc1c(I)c(C(=O)NC2C(O)[C@H](O)C(CO)O[C@@H]2O)c(I)c(N(C)C(C)=O)c1I,O=C(NC1CCCOC1)c1ccccc1,-0.1982
CCNP(=S)(OC)O/C(C)=C\C(=O)OC(C)C,,-3.4078
CCCCC(C)C(C)O,,-2.0578
Cc1cc2cccc3ccc4c5ccccc5cc1c4c32,c1ccc2c(c1)cc1ccc3cccc4ccc2c1c34,-8.5224
CC(C)(O)CCCC1=CCC(C=O)CC1,C1=CCCCC1,-1.5376
Clc1cc(Cl)c2c(Cl)c(Cl)c(Cl)c(Cl)c2c1Cl,c1ccc2ccccc2c1,-8.775
NC1=NC(N)C(=O)C(=O)N1,O=C1CN=CNC1=O,-1.6978
O=C(O)c1oc(Cl)c(Cl)c1Cl,c1ccoc1,-2.2193
CCCCCCC(C/C=C\CCCCCCCC(=O)O)OS(=O)(=O)O,,-0.5781
COc1ccc2[nH]c(=O)cc(C(=O)O)c2c1,O=c1ccc2ccccc2[nH]1,-3.1104
O=C[C@H](O)[C@H]1OC(=O)[C@@H](O)[C@H]1O,O=C1CCCO1,0.1641
O=C(O)c1occ(Br)c1Br,c1ccoc1,-2.0887
NC(=O)C(N)C(O)C(=O)O,,-1.1494
CCc1c[nH]c(=O)nc1N,O=c1nccc[nH]1,-1.0197
Clc1ccc(-c2ccc(Cl)c(Cl)c2Cl)cc1Cl,c1ccc(-c2ccccc2)cc1,-7.9823
O=C(O)[C@H]1CC[C@H](C(=O)O)SS1,C1CCSSC1,-1.5241
Clc1cc(-c2cc(Cl)c(Cl)c(Cl)c2)cc(Cl)c1Cl,c1ccc(-c2ccccc2)cc1,-8.8498
CC12CC1(C)C(=O)N(c1cc(Cl)cc(Cl)c1)C2=O,O=C1C2CC2C(=O)N1c1ccccc1,-4.8003
O=C(O)/C=C/c1cccc(Br)c1,c1ccccc1,-2.636
Cc1ccc(N=CN(C)C=Nc2ccc(C)cc2C)c(C)c1,C(=Nc1ccccc1)NC=Nc1ccccc1,-5.4675
Clc1cc(Cl)c(-c2c(Cl)cc(Cl)c(Cl)c2Cl)c(Cl)c1Cl,c1ccc(-c2ccccc2)cc1,-9.1
CCc1ccccc1NC(C)=O,c1ccccc1,-1.5906
O=S1OC[C@@H]2[C@H](CO1)[C@]1(Cl)C(Cl)=C(Cl)C2(Cl)C1(Cl)Cl,O=S1OCC2C3C=CC(C3)C2CO1,-5.9563
CCCN(CCCl)c1c([N+](=O)[O-])cc(C(F)(F)F)cc1[N+](=O)[O-],c1ccccc1,-5.5968
Clc1cc(Cl)cc(-c2cc(Cl)cc(Cl)c2)c1,c1ccc(-c2ccccc2)cc1,-8.3748
Clc1cc(Cl)c(Cl)c(-c2ccccc2)c1Cl,c1ccc(-c2ccccc2)cc1,-7.25
CCC(C)Nc1c([N+](=O)[O-])cc(C(C)(C)C)cc1[N+](=O)[O-],c1ccccc1,-5.4703
CC(=O)c1cc(O)c(O)c(O)c1,c1ccccc1,-1.4711
CCCN(CCC)c1c([N+](=O)[O-])cc(C(C)C)cc1[N+](=O)[O-],c1ccccc1,-6.4491
NNP(=O)(Oc1ccccc1)Oc1ccccc1,O=[PH](Oc1ccccc1)Oc1ccccc1,-2.2373
COC(=O)CS(=O)(=O)c1ccccc1,c1ccccc1,-1.1406
CCSC(=S)N[C@@H](C)C(=O)O,,-0.9613
O=C(O)c1cc(Br)cc(C(=O)O)c1C(=O)O,c1ccccc1,-1.4481
COc1ccc(C(c2ccc(OC)cc2)C(C)[N+](=O)[O-])cc1,c1ccc(Cc2ccccc2)cc1,-4.5446
CN(C)C(=O)Nc1ccc(-n2nc(C(C)(C)C)oc2=O)c(Cl)c1,O=c1ocnn1-c1ccccc1,-4.3258
CC(C)c1cc(OP(=O)(Oc2ccccc2)Oc2ccccc2)cc(-c2ccccc2)c1,O=P(Oc1ccccc1)(Oc1ccccc1)Oc1cccc(-c2ccccc2)c1,-6.8485
C=CC(=O)Oc1c(Br)cc(Cl)c2cccnc12,c1ccc2ncccc2c1,-4.7168
COC(C)COC(C)CO,,0.8292
CCN(CC)C(=O)SCc1ccccc1Cl,c1ccccc1,-4.031000000000001
CCCSP(=S)(OCC)Oc1ccc(Cl)cc1Cl,c1ccccc1,-6.693
CNC(=O)O/N=C(/C)C(C)SC,,-0.7353
CNC(=O)O/N=C(\C)C(C)S(C)(=O)=O,,-0.0267
COP(=O)(OC)OC1=C(Cl)CC2C=CC12,C1=CC2C=CC2C1,-2.0566
O=C(O)CSC(SCC(=O)O)SCC(=O)O,,-1.4243
Clc1cc(Cl)c(-c2cc(Cl)c(Cl)c(Cl)c2Cl)cc1Cl,c1ccc(-c2ccccc2)cc1,-8.0115
Clc1ccc(-c2cc(Cl)c(Cl)c(Cl)c2Cl)c(Cl)c1Cl,c1ccc(-c2ccccc2)cc1,-8.0566
CC(Nc1ccccc1Cl)C(=O)O,c1ccccc1,-2.3271
CC(C)N(Cc1ccccc1)C(=O)C(C)(C)C,c1ccccc1,-2.4704
O=C(O)CCCNC(=O)c1ccccc1,c1ccccc1,-1.2025
CCCSP(=S)(OCC)Oc1ccc(SC)cc1,c1ccccc1,-6.0171
Cc1cc(O)c(C(=O)O)cc1Cl,c1ccccc1,-3.1248
C=CCOC(Cn1ccnc1)c1ccc(Cl)cc1Cl,c1ccc(CCn2ccnc2)cc1,-3.2178
C[C@H](NC(=O)[C@H](C)NC(=O)[C@@H](N)CCP(C)(=O)O)C(=O)O,,0.4904
CN1/C(=C(/O)Nc2ccccn2)C(=O)c2ccccc2S1(=O)=O,O=C1C(=CNc2ccccn2)NS(=O)(=O)c2ccccc21,-4.1586
O=C(O)CCC(=O)c1ccc(-c2ccccc2)cc1,c1ccc(-c2ccccc2)cc1,-5.0609
Brc1cc(Br)c(Oc2cc(Br)cc(Br)c2Br)c(Br)c1,c1ccc(Oc2ccccc2)cc1,-8.1979
CCOP(=O)(Oc1ccc(Cl)cc1Cl)Oc1ccc(Cl)cc1Cl,O=[PH](Oc1ccccc1)Oc1ccccc1,-5.774
Clc1ccc(-c2cccc(Cl)c2Cl)c(Cl)c1,c1ccc(-c2ccccc2)cc1,-6.6813
CCC#CC(C)C,,-2.7448
COP(=S)(OC)SCCSC(C)C,,-3.4288
CCCCCCC(CC=CCCCCCCCC(=O)O)OS(=O)(=O)O,,-0.5781
CCCCCCCCCCCCCCCCO,,-6.7697
CC(C)NC(=O)N1CC(=O)N(c2cc(Cl)cc(Cl)c2)C1=O,O=C1CNC(=O)N1c1ccccc1,-4.3757
CCC(C)N(C(=O)SCc1ccccc1)C(C)CC,c1ccccc1,-5.0484
NC(=O)c1cc(Cl)cc(Cl)c1N,c1ccccc1,-2.0814
NC(=O)c1ncn([C@@H]2O[C@H](CO)[C@@H](O)[C@H]2O)n1,c1ncn(C2CCCO2)n1,-0.2355
CC(CCc1ccccc1)NCC(O)c1ccc(O)c(C(N)=O)c1,c1ccc(CCCNCCc2ccccc2)cc1,-3.4482
CCCCCCCCCOC(=O)c1ccc(N)cc1,c1ccccc1,-6.0
OCC1=C[C@H](N[C@H]2C[C@H](CO)[C@@H](O[C@@H]3O[C@H](CO)[C@@H](O)[C@H](O)[C@H]3O)[C@H](O)[C@H]2O)[C@H](O)[C@@H](O)[C@@H]1O,C1=CC(NC2CCC(OC3CCCCO3)CC2)CCC1,0.3032
COCCc1ccc(OCC(O)CNC(C)C)cc1,c1ccccc1,-1.1992
O=C(c1ccccc1I)N(O)c1ccccc1,O=C(Nc1ccccc1)c1ccccc1,-3.5304
NCC[C@H](O)C(=O)N[C@@H]1C[C@H](N)[C@@H](O[C@H]2O[C@H](CN)[C@@H](O)[C@H](O)[C@H]2O)[C@H](O)[C@H]1O[C@H]1O[C@H](CO)[C@@H](O)[C@H](N)[C@H]1O,C1CCC(OC2CCCC(OC3CCCCO3)C2)OC1,-0.5004
NC(=O)N[C@@H](Cc1ccccc1)C(=O)O,c1ccccc1,-2.0958
O=c1nc[nH]c2cccnc12,O=c1nc[nH]c2cccnc12,-2.0656
Clc1cc(Cl)cc(-c2ccccc2Cl)c1,c1ccc(-c2ccccc2)cc1,-6.2999
C=CCN(CC=C)C(=O)C(Cl)Cl,,-1.6193
C[C@@H](CCl)[N+](=O)[O-],,-1.1887
Brc1cc(Br)c(OCCOc2c(Br)cc(Br)cc2Br)c(Br)c1,c1ccc(OCCOc2ccccc2)cc1,-6.5363
Clc1cc2c(c(Cl)c1Cl)Oc1c(Cl)c(Cl)c(Cl)c(Cl)c1O2,c1ccc2c(c1)Oc1ccccc1O2,-11.4795
Cc1cc(S(=O)(=O)c2ccccc2)ccc1NS(=O)(=O)C(F)(F)F,O=S(=O)(c1ccccc1)c1ccccc1,-3.8009
CCOC(=O)c1c[nH]c(=S)[nH]c1=O,O=c1cc[nH]c(=S)[nH]1,-2.0985
CC(C)C[C@H](N)C(=O)N[C@H](CCC(N)=O)C(=O)O,,-1.5687
C=C1CCO[C@]2(C(O)C(C)(O)CO)NC(=O)[C@@]1(O)NC2=O,C=C1CCOC2NC(=O)C1NC2=O,-0.1971
Cc1cc(C)c(OCC(=O)O)c(Br)c1,c1ccccc1,-3.1234
CCOc1cc(OP(=S)(OC)OC)nc(CC)n1,c1cncnc1,-3.8638
N=c1nc(N2CCCCC2)cc(N)n1O,N=c1nc(N2CCCCC2)cc[nH]1,-1.9782
CC(C)(C)NC[C@@H](O)COc1ccccc1C1CCCC1,c1ccc(C2CCCC2)cc1,-1.6195
Clc1cc(Cl)c(-c2c(Cl)ccc(Cl)c2Cl)cc1Cl,c1ccc(-c2ccccc2)cc1,-7.93
Clc1ccc(-c2c(Cl)ccc(Cl)c2Cl)c(Cl)c1Cl,c1ccc(-c2ccccc2)cc1,-7.65
Clc1ccc(-c2cc(Cl)c(Cl)c(Cl)c2Cl)cc1Cl,c1ccc(-c2ccccc2)cc1,-7.8306
Clc1cc(-c2c(Cl)ccc(Cl)c2Cl)c(Cl)c(Cl)c1Cl,c1ccc(-c2ccccc2)cc1,-8.5901
Clc1cccc(-c2c(Cl)cccc2Cl)c1,c1ccc(-c2ccccc2)cc1,-6.8245
Cc1ccc2c([N+](=O)[O-])ccc(O)c2n1,c1ccc2ncccc2c1,-3.9598
CC(S(C)(=O)=O)S(C)(=O)=O,,-1.4188
CC(C)(NC(N)=O)C(=O)O,,-1.1648
CCOc1ccccc1/C=C\C(=O)O,c1ccccc1,-2.5234
CCOC(=O)CN(C(=O)CCl)c1c(CC)cccc1CC,c1ccccc1,-3.4727
CC(C)S[S+]([O-])C(C)C,,-0.823
CC(C)(O)CC(C)(O)c1cccc2ccccc12,c1ccc2ccccc2c1,-3.2419
Clc1ccc2c(c1)Oc1cc(Cl)ccc1O2,c1ccc2c(c1)Oc1ccccc1O2,-7.1806
Clc1c(Cl)c(Cl)c2c(oc3c(Cl)c(Cl)c(Cl)c(Cl)c32)c1Cl,c1ccc2c(c1)oc1ccccc12,-11.5827
O=C(O)C(I)=CBr,,-1.2118
CNC(=O)O/N=C(/CSC)C(C)(C)C,,-1.6231
C/C=C/C(=O)Oc1c([N+](=O)[O-])cc([N+](=O)[O-])cc1C(C)(C)CC(C)(C)C,c1ccccc1,-4.9595
Clc1ccc(-c2c(Cl)cc(Cl)cc2Cl)c(Cl)c1,c1ccc(-c2ccccc2)cc1,-7.66
CC(C)=CC1C(C(=O)OC(C#N)c2cccc(Oc3ccccc3)c2)C1(C)C,O=C(OCc1cccc(Oc2ccccc2)c1)C1CC1,-7.5746
CC1(C)C(C(=O)OC(C#N)c2cccc(Oc3ccccc3)c2)C1(C)C,O=C(OCc1cccc(Oc2ccccc2)c1)C1CC1,-6.0248
CCC(CCC(=O)O)C(C)=O,,-0.451
CNC(=O)N(C)C(=O)CC#N,,0.1709
Clc1cc(-c2cc(Cl)c(Cl)c(Cl)c2Cl)cc(Cl)c1Cl,c1ccc(-c2ccccc2)cc1,-8.7202
CC(=O)NCC(=O)Nc1ccccc1,c1ccccc1,-1.5678
C#CCOc1cc(-n2nc(C(C)(C)C)oc2=O)c(Cl)cc1Cl,O=c1ocnn1-c1ccccc1,-5.9648
CCn1c(=O)c2c(ncn2C)n(C)c1=O,O=c1[nH]c(=O)c2[nH]cnc2[nH]1,-0.7190000000000001
CCOC(=O)C(=CC=Cc1ccccc1)NC=O,c1ccccc1,-3.3483
O=P(OC(Cl)CCCl)(OC(Cl)CCCl)OC(Cl)CCCl,,-3.6344
Clc1cc(Cl)c(Cl)c(-c2c(Cl)cc(Cl)c(Cl)c2Cl)c1,c1ccc(-c2ccccc2)cc1,-8.68
Clc1cc(Cl)c(-c2c(Cl)c(Cl)cc(Cl)c2Cl)c(Cl)c1Cl,c1ccc(-c2ccccc2)cc1,-9.1999
CCC(CC)Nc1c([N+](=O)[O-])cc(C)c(C)c1[N+](=O)[O-],c1ccccc1,-5.9721
COC(C)(C)CCCC(C)C/C=C/C(C)=C/C(=O)OC(C)C,,-5.3459
CN(C)c1ncc2nccnc2n1,c1cnc2ncncc2n1,0.3586
O=C1C(Cl)=C(Cl)C(=O)N1c1ccc(F)cc1,O=C1C=CC(=O)N1c1ccccc1,-4.6442
COc1ccc(C(=O)c2cccc(C)c2)cc1C,O=C(c1ccccc1)c1ccccc1,-5.0797
NC(=O)NN=C[C@@H](O)[C@@H](O)[C@H](O)[C@H](O)CO,,-0.53
Cc1nnc(-c2ccccc2)c(=O)n1N,O=c1[nH]cnnc1-c1ccccc1,-2.0506
Clc1ccc(-c2c(Cl)cccc2Cl)cc1Cl,c1ccc(-c2ccccc2)cc1,-7.0199
Clc1ccccc1-c1c(Cl)ccc(Cl)c1Cl,c1ccc(-c2ccccc2)cc1,-6.3001
CCCCc1c(C)nc(NCC)nc1OS(=O)(=O)N(C)C,c1cncnc1,-4.1579
CCOc1ccc(NC(C)=O)c(C)c1,c1ccccc1,-1.839
Cc1cccc2sc3nncn3c12,c1ccc2c(c1)sc1nncn12,-2.0729
COc1cc(C=O)c(C)cc1O,c1ccccc1,-2.7435
CC(C)(C)NCC(O)COc1cccc2c1C[C@H](O)[C@H](O)C2,c1ccc2c(c1)CCCC2,-1.5699
CCOP(=S)(OCC)Oc1nc(Cl)n(C(C)C)n1,c1nc[nH]n1,-3.6577
COC(=O)c1cc(Oc2ccc(Cl)cc2Cl)ccc1[N+](=O)[O-],c1ccc(Oc2ccccc2)cc1,-5.9343
C#CCOC(=O)/C=C(C)/C=C/CC(C)CCCC(C)C,,-4.7239
Cc1ccc(NC(=O)NC(C)(C)c2ccccc2)cc1,O=C(NCc1ccccc1)Nc1ccccc1,-5.3495
CN(C(=O)NC(C)(C)c1ccccc1)c1ccccc1,O=C(NCc1ccccc1)Nc1ccccc1,-3.3495
Clc1cc(-c2c(Cl)cc(Cl)c(Cl)c2Cl)c(Cl)c(Cl)c1Cl,c1ccc(-c2ccccc2)cc1,-9.42
CCOc1cc(Oc2ccc(C(F)(F)F)cc2Cl)ccc1[N+](=O)[O-],c1ccc(Oc2ccccc2)cc1,-6.4939
CCCOCC(O)COCCC,,-0.3431
CC(C)(C)C(=O)C(Oc1ccc(Cl)cc1)n1cncn1,c1ccc(OCn2cncn2)cc1,-3.6137
CC(=O)C(=O)Nc1ccccc1,c1ccccc1,-1.3676
CN(CCCCC(=O)O)S(=O)(=O)c1ccccc1,c1ccccc1,-1.5585
CCCCCOC(=O)c1cccnc1,c1ccncc1,-2.3776
NCCc1ccc(O)c([N+](=O)[O-])c1,c1ccccc1,-1.3399
Cc1nc2c(=O)[nH]c(=O)n(C)c2nc1C,O=c1[nH]c(=O)c2nccnc2[nH]1,-2.1129
CC(C)OC(=O)C(C(=O)OC(C)C)=C1SCCS1,C=C1SCCS1,-3.7306
O=C(O)c1cc(Oc2ccc(C(F)(F)F)cc2Cl)ccc1[N+](=O)[O-],c1ccc(Oc2ccccc2)cc1,-3.4791
CC(C)(C)c1ccc(C(O)CCCN2CCC(C(O)(c3ccccc3)c3ccccc3)CC2)cc1,c1ccc(CCCCN2CCC(C(c3ccccc3)c3ccccc3)CC2)cc1,-6.69
O=C1CCCCCCCCCCCCCCN1,O=C1CCCCCCCCCCCCCCN1,-2.874
CCOP(C)(=O)SCCN(C(C)C)C(C)C,,-0.95
CCCCCC(=O)NCCNC(=O)CCCCC,,-3.1079
CC(=O)O[C@@H](C(=O)O)c1ccccc1,c1ccccc1,-1.2313
CC1OC1C1OC1C,C1OC1C1CO1,-0.0575
Cn1c(C(N)=O)c(C(N)=O)c2ccccc21,c1ccc2[nH]ccc2c1,-1.8184
O=C(O)c1ccc(S(=O)(=O)O)c(C(=O)O)c1,c1ccccc1,0.6087
Cc1nn(-c2ccccc2)c(N)c1C,c1ccc(-n2cccn2)cc1,-1.6704
CCc1cccc(C)c1N(C(=O)CCl)C(C)COC,c1ccccc1,-2.7287
CN(C)c1nc(=O)n(C2CCCCC2)c(=O)n1C,O=c1nc[nH]c(=O)n1C1CCCCC1,-0.8834
CCCCNC1(P(=O)(OCCCC)OCCCC)CCCCC1,C1CCCCC1,-3.3105
CCCCSC(=Nc1cccnc1)SCc1ccc(C(C)(C)C)cc1,C(=Nc1cccnc1)SCc1ccccc1,-5.5712
COC(CN(C)C(=O)Nc1nnc(C(C)(C)C)s1)OC,c1nncs1,-1.8678
CN=C(NC#N)NCCSCc1nc[nH]c1C,c1c[nH]cn1,-1.4298
CNC(=O)Oc1ccccc1OC(CCl)OC,c1ccccc1,-2.3005
CC1=C[C@H]2C(=O)O[C@H]3CC(C/C=C(\C)C[C@@H](C)/C=C/C=C4\CO[C@H]([C@@H]1O)[C@@]42O)O[C@@]1(CC[C@H](C)C(C)O1)C3,O=C1OC2CC(CC=CCCC=CC=C3COC4CC=CC1C34)OC1(CCCCO1)C2,-5.7787
CCC1O[C@]2(CCC1C)C[C@@H]1C[C@@H](C/C=C(\C)CC(C)/C=C/C=C3\CO[C@@H]4[C@H](O)C(C)=C[C@@H](C(=O)O1)[C@]34O)O2,O=C1OC2CC(CC=CCCC=CC=C3COC4CC=CC1C34)OC1(CCCCO1)C2,-4.8772
Clc1ccc(Oc2ccccc2)c(Cl)c1,c1ccc(Oc2ccccc2)cc1,-4.6304
Clc1cc(Cl)c(Cl)c(-c2cc(Cl)c(Cl)cc2Cl)c1,c1ccc(-c2ccccc2)cc1,-8.5801
CCn1cc(C(=O)O)c(=O)c2cnc(N3CCNCC3)nc21,O=c1cc[nH]c2nc(N3CCNCC3)ncc12,-2.974
O=C1CC=NC=N1,O=C1CC=NC=N1,0.586
NC(=O)C1(N2C(=O)c3cccc(Cl)c3C2=O)CCCCC1,O=C1c2ccccc2C(=O)N1C1CCCCC1,-4.0097
O=C(O)CSC1CCCCC1,C1CCCCC1,-1.3381
CCC1(C)OC(=O)NC1=O,O=C1COC(=O)N1,0.0203
CC(Oc1ccc2ccccc2c1)C(=O)Nc1ccccc1,O=C(COc1ccc2ccccc2c1)Nc1ccccc1,-5.5894
Clc1cccc(-c2ccc(Cl)c(Cl)c2Cl)c1Cl,c1ccc(-c2ccccc2)cc1,-7.0502
Clc1ccc(Cl)c(-c2c(Cl)c(Cl)cc(Cl)c2Cl)c1,c1ccc(-c2ccccc2)cc1,-7.4254
Clc1ccc(Cl)c(-c2c(Cl)c(Cl)cc(Cl)c2Cl)c1Cl,c1ccc(-c2ccccc2)cc1,-7.94
Clc1cc(Cl)c(-c2c(Cl)ccc(Cl)c2Cl)c(Cl)c1Cl,c1ccc(-c2ccccc2)cc1,-8.1501
Clc1cc(Cl)c(Cl)c(-c2c(Cl)c(Cl)cc(Cl)c2Cl)c1,c1ccc(-c2ccccc2)cc1,-8.5901
Clc1ccc(-c2c(Cl)c(Cl)cc(Cl)c2Cl)c(Cl)c1Cl,c1ccc(-c2ccccc2)cc1,-8.42
Clc1ccc(-c2c(Cl)cc(Cl)c(Cl)c2Cl)c(Cl)c1Cl,c1ccc(-c2ccccc2)cc1,-8.2605
Clc1cc(Cl)c(-c2cc(Cl)c(Cl)c(Cl)c2)cc1Cl,c1ccc(-c2ccccc2)cc1,-8.21
Clc1ccc(Cl)c(-c2c(Cl)c(Cl)c(Cl)c(Cl)c2Cl)c1Cl,c1ccc(-c2ccccc2)cc1,-9.1
Clc1cc(Cl)c(Cl)c(-c2cc(Cl)c(Cl)c(Cl)c2Cl)c1,c1ccc(-c2ccccc2)cc1,-9.1
Clc1cc(-c2c(Cl)c(Cl)cc(Cl)c2Cl)c(Cl)c(Cl)c1Cl,c1ccc(-c2ccccc2)cc1,-9.29
Clc1cc(Cl)c(-c2c(Cl)c(Cl)c(Cl)c(Cl)c2Cl)cc1Cl,c1ccc(-c2ccccc2)cc1,-9.5
Clc1cc(Cl)c(Cl)c(-c2c(Cl)c(Cl)c(Cl)c(Cl)c2Cl)c1Cl,c1ccc(-c2ccccc2)cc1,-10.4115
Clc1ccc(-c2c(Cl)c(Cl)c(Cl)c(Cl)c2Cl)c(Cl)c1Cl,c1ccc(-c2ccccc2)cc1,-9.29
Clc1cc(Cl)c(-c2c(Cl)c(Cl)c(Cl)c(Cl)c2Cl)c(Cl)c1Cl,c1ccc(-c2ccccc2)cc1,-10.1035
Clc1cccc(-c2c(Cl)c(Cl)cc(Cl)c2Cl)c1Cl,c1ccc(-c2ccccc2)cc1,-8.6036
Clc1ccc(Cl)c(-c2cc(Cl)c(Cl)c(Cl)c2Cl)c1,c1ccc(-c2ccccc2)cc1,-7.6794
CC(C)OC(=O)C(C)N(C(=O)c1ccccc1)c1ccc(F)c(Cl)c1,O=C(Nc1ccccc1)c1ccccc1,-4.3056
COC(=O)C(C)N(C(=O)c1ccccc1)c1ccc(F)c(Cl)c1,O=C(Nc1ccccc1)c1ccccc1,-3.982
CCCN(CCC)C(=O)SCc1ccccc1,c1ccccc1,-4.2798
CC1(C)[C@H](C(=O)O[C@H](C#N)c2cccc(Oc3ccccc3)c2)[C@@H]1C=C(Br)Br,O=C(OCc1cccc(Oc2ccccc2)c1)C1CC1,-8.4024
CCCCC(O)CN(/N=C\c1ccc([N+](=O)[O-])o1)C(N)=O,c1ccoc1,-3.5716
Cc1cc(C)nc(Nc2ccccc2)n1,c1ccc(Nc2ncccn2)cc1,-3.2166
Clc1cc2c(Cl)cccc2c(Cl)c1Cl,c1ccc2ccccc2c1,-7.8566
Clc1cc(Cl)c2cc(Cl)cc(Cl)c2c1,c1ccc2ccccc2c1,-7.8228
CC(C)Cc1ccc(C(C)C(=O)NO)cc1,c1ccccc1,-3.044
CC(=O)Nc1cc(NS(=O)(=O)C(F)(F)F)c(C)cc1C,c1ccccc1,-3.2365
COCCOc1c(OC)cc(Cc2cnc(N)nc2N)cc1OC,c1ccc(Cc2cncnc2)cc1,-2.101
O=C1OCc2ccc(I)cc21,O=C1OCc2ccccc21,-3.2109
C/C=C(\Cl)C(=O)O,,0.9189
N[C@@H](C(=O)N[C@@H]1C(=O)N2C(C(=O)O)=C(Cl)CS[C@H]12)c1ccccc1,O=C(Cc1ccccc1)NC1C(=O)N2C=CCSC12,-1.5656
CC(C)(NC(=O)c1ccccc1)C(N)=O,c1ccccc1,-1.6154
COc1ccc(Cl)c(Cl)c1Cl,c1ccccc1,-4.2918
C#CC(OC(=O)C1C(C=C(C)C)C1(C)C)/C(C)=C/CC,C1CC1,-6.3931
CCCCC(=O)NCCNC(=O)CCCC,,-1.8145
CCOP(=S)(OCC)OC(Cl)C(Cl)(Cl)Cl,,-5.5263
O=NN1CCCC1=O,O=C1CCCN1,0.0523
CC[C@H](C)[C@@H](NC(C)=O)C(=O)O,,-0.5912
CSc1cc(O)cc(O)c1,c1ccccc1,-1.7957
CCCCSc1cc(O)cc(O)c1,c1ccccc1,-2.5191
CC(C)(C)C(O)C(Oc1ccc(-c2ccccc2)cc1)n1cncn1,c1ccc(-c2ccc(OCn3cncn3)cc2)cc1,-4.8292
Clc1ccccc1-c1c(Cl)cc(Cl)c(Cl)c1Cl,c1ccc(-c2ccccc2)cc1,-7.4346
CC(C)(C)C(O)C(Oc1ccc(Cl)cc1)n1cncn1,c1ccc(OCn2cncn2)cc1,-3.3918
CCCn1cnc2c1c(=O)n(CCCCC(C)=O)c(=O)n2C,O=c1[nH]c(=O)c2[nH]cnc2[nH]1,-0.9811
O=C(C1CCCCC1)N1CC(=O)N2CCc3ccccc3C2C1,O=C(C1CCCCC1)N1CC(=O)N2CCc3ccccc3C2C1,-2.8927
CC1=C(C)S(=O)(=O)CCS1(=O)=O,O=S1(=O)C=CS(=O)(=O)CC1,-1.66
Clc1ccccc1-c1cc(Cl)c(Cl)c(Cl)c1Cl,c1ccc(-c2ccccc2)cc1,-7.5226
CCCOP(=O)(OCC)OCCC,,-0.9802
O=C(O)COc1nc(Cl)c(Cl)cc1Cl,c1ccncc1,-2.7656
CN1CC(O)N(c2nnc(C(C)(C)C)s2)C1=O,O=C1NCCN1c1nncs1,-1.8773
CCCCCCCCSC(=O)Oc1cc(Cl)nnc1-c1ccccc1,c1ccc(-c2cccnn2)cc1,-5.4025
Clc1ccc(Oc2ccccc2)cc1Cl,c1ccc(Oc2ccccc2)cc1,-4.7206
Clc1ccc(-c2ccccc2)c(Cl)c1Cl,c1ccc(-c2ccccc2)cc1,-6.1799
Clc1cc(Cl)c2cc(Cl)ccc2c1,c1ccc2ccccc2c1,-6.5557
Clc1ccc2cc(Cl)c(Cl)cc2c1,c1ccc2ccccc2c1,-7.1419
Clc1cc2c(Cl)ccc(Cl)c2cc1Cl,c1ccc2ccccc2c1,-7.5163
Cc1ccccc1C(=O)Nc1cccc(OC(C)C)c1,O=C(Nc1ccccc1)c1ccccc1,-4.3265
CN(C)C(=O)Nc1cc(C(C)(C)C)on1,c1cnoc1,-2.4272
CCC(=O)N(c1ccccc1)C1(COC)CCN(CCc2cccs2)CC1,c1ccc(NC2CCN(CCc3cccs3)CC2)cc1,-3.7064
Clc1ccc(-c2c(Cl)cc(Cl)c(Cl)c2Cl)c(Cl)c1,c1ccc(-c2ccccc2)cc1,-7.4721
CCCC(C)CC(C)O,,-1.8779
CC(C)C(O)(c1ccc(OC(F)(F)F)cc1)c1cncnc1,c1ccc(Cc2cncnc2)cc1,-3.4377
O=CC(=O)Cc1ccccc1,c1ccccc1,-2.1707
Clc1cc(Cl)c(-c2c(Cl)cccc2Cl)c(Cl)c1,c1ccc(-c2ccccc2)cc1,-7.316
Clc1cc(Cl)c(-c2ccc(Cl)c(Cl)c2)c(Cl)c1,c1ccc(-c2ccccc2)cc1,-7.91
Clc1cc(Cl)cc(-c2c(Cl)cc(Cl)cc2Cl)c1,c1ccc(-c2ccccc2)cc1,-7.92
O=C(Nc1ccccc1)n1cc(F)c(=O)[nH]c1=O,O=C(Nc1ccccc1)n1ccc(=O)[nH]c1=O,-1.6184
CC(C)(C)c1ccc(OP(=O)(Oc2ccccc2)Oc2ccccc2)cc1,O=P(Oc1ccccc1)(Oc1ccccc1)Oc1ccccc1,-5.0774
COP(=S)(OC)Oc1c(Cl)cc(C)cc1Cl,c1ccccc1,-5.4374
CSc1nnc(C(C)(C)C)c(=O)n1/N=C/C(C)C,O=c1cnnc[nH]1,-4.4288
COc1c(O)cc(Cl)c(Cl)c1Cl,c1ccccc1,-2.8712
Clc1cc2oc3c(Cl)c(Cl)c(Cl)cc3c2cc1Cl,c1ccc2c(c1)oc1ccccc12,-9.1609
Nc1ccc2c(c1)C(=O)OC2,O=C1OCc2ccccc21,-2.0414
O=C1CCc2cccc3c2N1CC3,O=C1CCc2cccc3c2N1CC3,-1.6365
CCN(C(=O)Oc1cccc(NC(=O)OC(C)C)c1)c1ccccc1,O=C(Nc1ccccc1)Oc1ccccc1,-5.0574
FC(F)(F)c1cccc(C(c2ccccc2)(c2ccccc2)n2cncn2)c1,c1ccc(C(c2ccccc2)(c2ccccc2)n2cncn2)cc1,-8.402999999999999
CC(=O)N(C)CCOC(=O)c1ccccc1,c1ccccc1,-0.8494
COC(=O)C(C)N(C(=O)c1ccco1)c1c(C)cccc1C,O=C(Nc1ccccc1)c1ccco1,-3.1173
Cc1ccc(N=Nc2cc(C)ccc2N)cc1,c1ccc(N=Nc2ccccc2)cc1,-3.9031
CCC1(CC)C(=O)NC(=O)N=C1N,O=C1CC=NC(=O)N1,-1.3967
CC1OC(=O)c2cc([N+](=O)[O-])ccc21,O=C1OCc2ccccc21,-2.6157
Cc1cc(N(CCO)CCO)ccc1N=Nc1c(Cl)cc([N+](=O)[O-])cc1Cl,c1ccc(N=Nc2ccccc2)cc1,-5.9592
Nc1c(Br)cc(Br)c(S(=O)(=O)O)c1Br,c1ccccc1,-0.4888
CC(C(=O)O)N(C(=O)c1ccccc1)c1ccc(F)c(Cl)c1,O=C(Nc1ccccc1)c1ccccc1,-4.2474
Cc1cccc(C)c1N(C(=O)CCl)C1CCOC1=O,O=C1OCCC1Nc1ccccc1,-3.2855
COC1OC(CNC(=O)N(CCCl)N=O)C(O)C(O)C1O,C1CCOCC1,-1.5613
Clc1ccc(Oc2ccc(Cl)cc2Cl)cc1,c1ccc(Oc2ccccc2)cc1,-6.2196
CCCOP(=O)(OC)OC,,0.4733
Clc1cc(Cl)c(-c2ccc(Cl)c(Cl)c2Cl)c(Cl)c1,c1ccc(-c2ccccc2)cc1,-8.2399
CC(C)C=CCC(=O)O,,-1.1487
CS/C(C)=N/OC(=O)N(C)SN(C)C(=O)O/N=C(\C)SC,,-4.0055
Cn1cc(-c2ccccc2)c(=O)c(-c2cccc(C(F)(F)F)c2)c1,O=c1c(-c2ccccc2)c[nH]cc1-c1ccccc1,-4.4384
CCOc1ccccc1/C=C/C(=O)O,c1ccccc1,-3.3248
Clc1cc(Cl)c(-c2cc(Cl)ccc2Cl)c(Cl)c1,c1ccc(-c2ccccc2)cc1,-7.47
Clc1cc(Cl)c(-c2cc(Cl)c(Cl)cc2Cl)c(Cl)c1,c1ccc(-c2ccccc2)cc1,-8.1199
Clc1cc(Cl)c(-c2cc(Cl)c(Cl)c(Cl)c2Cl)c(Cl)c1,c1ccc(-c2ccccc2)cc1,-8.68
CC(C)(S(C)(=O)=O)S(C)(=O)=O,,-1.4504
Cn1cc(I)ccc1=O,O=c1cccc[nH]1,-0.0094
C[C@H](O)C(=O)Nc1c(I)c(C(=O)NC(CO)CO)c(I)c(C(=O)NC(CO)CO)c1I,c1ccccc1,-0.7443
OC(c1ccc(Cl)cc1)(c1cncnc1)c1ccccc1Cl,c1ccc(C(c2ccccc2)c2cncnc2)cc1,-4.374
Clc1ccc(C2(Cn3cncn3)OCCO2)c(Cl)c1,c1ccc(C2(Cn3cncn3)OCCO2)cc1,-3.0031
CCCC1COC(Cn2cncn2)(c2ccc(Cl)cc2Cl)O1,c1ccc(C2(Cn3cncn3)OCCO2)cc1,-3.4929
CCC1COC(Cn2cncn2)(c2ccc(Cl)cc2Cl)O1,c1ccc(C2(Cn3cncn3)OCCO2)cc1,-3.613
Clc1cccc(-c2c(Cl)cc(Cl)cc2Cl)c1,c1ccc(-c2ccccc2)cc1,-7.1547
Clc1cc(Cl)c(-c2cccc(Cl)c2Cl)c(Cl)c1,c1ccc(-c2ccccc2)cc1,-7.3999
CCOP(=S)(OCC)Oc1cc(Cl)c(Cl)c(SC)c1,c1ccccc1,-6.0807
CCSC(C(=O)O)c1ccccc1,c1ccccc1,-1.5686
O=S(=O)(O)c1c[nH]cn1,c1c[nH]cn1,0.1304
CC(Br)C(=O)NCC(=O)NCC(=O)O,,-0.9642
N#CNC(N)=S,,-0.0049
Clc1ccc(Oc2ccccc2Cl)cc1Cl,c1ccc(Oc2ccccc2)cc1,-5.199
CCC(=O)OC(C)C(=O)OC,,-0.8622
CC(C)(SC(=O)N1CCCCC1)c1ccccc1,O=C(SCc1ccccc1)N1CCCCC1,-4.1196
CC(C)Cc1ncc[nH]1,c1c[nH]cn1,-1.0488
Cc1ccc(N=c2sccn2C)c(C)c1,c1ccc(N=c2[nH]ccs2)cc1,-3.1630000000000003
CN=C(SC)N(C)C,,-0.4401
Clc1cccc(-c2c(Cl)cc(Cl)c(Cl)c2Cl)c1Cl,c1ccc(-c2ccccc2)cc1,-8.48
O=C(NCCO)c1cc(O)ccc1O,c1ccccc1,-0.5436
Nc1c(S(=O)(=O)O)cc(S(=O)(=O)O)c2ccc(S(=O)(=O)O)cc12,c1ccc2ccccc2c1,-0.3188
CNC(=O)OCc1cccc(Cl)c1Cl,c1ccccc1,-3.1389
CCCCN(C(N)=O)c1ccccc1,c1ccccc1,-1.2971
Clc1cc(Cl)c(-c2ccccc2Cl)c(Cl)c1,c1ccc(-c2ccccc2)cc1,-6.65
CN(C)C(=O)SCCCCOc1ccccc1,c1ccccc1,-3.9266
Cc1c(Cl)cc(-c2ccc(=O)[nH]n2)cc1Cl,O=c1ccc(-c2ccccc2)n[nH]1,-5.5375
N#CCO/N=C(\C#N)c1ccccc1,c1ccccc1,-3.2899
OC(c1ccc(F)cc1)(c1cncnc1)c1ccccc1Cl,c1ccc(C(c2ccccc2)c2cncnc2)cc1,-4.083
Clc1ccc(Oc2ccc(Cl)c(Cl)c2)cc1,c1ccc(Oc2ccccc2)cc1,-5.6603
CCCC(Br)(CCC)C(N)=O,,-1.8281
COC(=O)[C@@H](C)N(C(=O)c1ccccc1)c1ccc(F)c(Cl)c1,O=C(Nc1ccccc1)c1ccccc1,-4.3219
CC(C)OC(=O)[C@@H](C)N(C(=O)c1ccccc1)c1ccc(F)c(Cl)c1,O=C(Nc1ccccc1)c1ccccc1,-4.4817
CC[C@H]1OC[C@@H](COc2ccc(Oc3ccccc3)cc2)O1,c1ccc(Oc2ccc(OCC3COCO3)cc2)cc1,-4.7874
CCCn1c(=O)c2c(ncn2C)n(C)c1=O,O=c1[nH]c(=O)c2[nH]cnc2[nH]1,-1.2082
ClCCN(Cl)CCCl,,-1.9203
CCOc1ccc(C2(C(=O)OC(C#N)c3cccc(Oc4ccccc4)c3)CC2(Cl)Cl)cc1,O=C(OCc1cccc(Oc2ccccc2)c1)C1(c2ccccc2)CC1,-6.7243
CCOC(=O)N1CCN(CN2CCN(C(=O)OCC)CC2)CC1,C1CN(CN2CCNCC2)CCN1,-0.8443
CCCCNC(=O)n1cc(F)c(=O)[nH]c1=O,O=c1cc[nH]c(=O)[nH]1,-2.4464
COP(=S)(OC)SCC(=O)N(c1ccc(Cl)cc1)C(C)C,c1ccccc1,-4.4321
C[C@H](CCC(=O)NCC(=O)O)[C@H]1CCC2C3C(CC[C@@]21C)[C@@]1(C)CC[C@@H](O)C[C@H]1C[C@@H]3O,C1CCC2C(C1)CCC1C3CCCC3CCC21,-5.5225
CCSc1nnc(C(C)(C)C)c(=O)n1N,O=c1cnnc[nH]1,-2.7353
O=C(NC(=O)c1ccccc1Cl)Nc1ccc(OC(F)(F)F)cc1,O=C(NC(=O)c1ccccc1)Nc1ccccc1,-7.1568
NC(=O)COC(=O)c1ccccc1,c1ccccc1,-1.6405
CCNC(=O)COC(=O)c1ccccc1,c1ccccc1,-2.2373
CCN(CC)C(=O)COC(=O)c1ccccc1,c1ccccc1,-2.0706
CCNC(C)C(=O)O,,0.6522
CN1C(=O)C(N)C(=S)N(C)C1=O,O=C1CC(=S)NC(=O)N1,-1.117
Clc1ccc(-c2ccc(Cl)c(Cl)c2Cl)c(Cl)c1,c1ccc(-c2ccccc2)cc1,-7.62
S=c1nc[nH]c2nccnc12,S=c1nc[nH]c2nccnc12,-2.6471
CC(=O)OCC(C(OC(C)=O)c1ccccc1)[N+](=O)[O-],c1ccccc1,-3.972
CC(=O)OC[C@H]([C@@H](OC(C)=O)c1ccccc1)[N+](=O)[O-],c1ccccc1,-3.972
CC(C)[C@@H](C(=O)O[C@@H](C#N)c1cccc(Oc2ccccc2)c1)c1ccc(Cl)cc1,O=C(Cc1ccccc1)OCc1cccc(Oc2ccccc2)c1,-8.3221
CCCC(Cn1cncn1)c1ccc(Cl)cc1Cl,c1ccc(CCn2cncn2)cc1,-3.5903
CC(C)Oc1cccc(NC(=O)c2ccccc2C(F)(F)F)c1,O=C(Nc1ccccc1)c1ccccc1,-4.6947
CCOC(=O)C(C)Oc1ccc(Oc2nc3ccc(Cl)cc3o2)cc1,c1ccc(Oc2nc3ccccc3o2)cc1,-5.6042
Clc1cccc(Oc2ccc(Cl)c(Cl)c2)c1,c1ccc(Oc2ccccc2)cc1,-5.437
CC1(C)[C@H](C(=O)O[C@H](C#N)c2cccc(Oc3ccccc3)c2)[C@@H]1C(Br)C(Br)(Br)Br,O=C(OCc1cccc(Oc2ccccc2)c1)C1CC1,-6.9197
CCCC(Br)C(=O)NC(N)=O,,-1.4278
CN(C)C1CCC=CCCC1,C1=CCCCCCC1,-1.6004
CNC(=O)Sc1ccc(OS(C)(=O)=O)cc1,c1ccccc1,-2.7359
CC1(C#N)CCCC1=O,O=C1CCCC1,0.9095
Cc1cccc(C)c1N(Cn1cccn1)C(=O)CCl,c1ccc(NCn2cccn2)cc1,-2.8102
CCC(CC)(CC)NC(N)=O,,-1.8191
CC(Cc1ccc(C(C)(C)C)cc1)CN1CC(C)OC(C)C1,c1ccc(CCCN2CCOCC2)cc1,-2.4821
CC1(C)[C@H](C(=O)OC(C#N)c2cccc(Oc3ccccc3)c2)[C@@H]1C=C(Cl)Cl,O=C(OCc1cccc(Oc2ccccc2)c1)C1CC1,-7.6194
CC1(C)CN=C(NN=C(/C=C/c2ccc(C(F)(F)F)cc2)/C=C/c2ccc(C(F)(F)F)cc2)NC1,C(=Cc1ccccc1)C(C=Cc1ccccc1)=NNC1=NCCCN1,-7.916
Clc1cc2c(oc3c(Cl)c(Cl)c(Cl)c(Cl)c32)c(Cl)c1Cl,c1ccc2c(c1)oc1ccccc12,-11.4817
CC(Cc1ccc(C(C)(C)C)cc1)CN1C[C@@H](C)O[C@@H](C)C1,c1ccc(CCCN2CCOCC2)cc1,-4.8487
Brc1cc2oc3cc(Br)c(Br)cc3c2cc1Br,c1ccc2c(c1)oc1ccccc12,-6.8395
CCCN(CCOc1c(Cl)cc(Cl)cc1Cl)C(=O)n1ccnc1,O=C(NCCOc1ccccc1)n1ccnc1,-4.0445
CCOC(=O)CN(N=O)C(N)=O,,0.7566
Brc1ccc(Br)c(-c2cc(Br)c(Br)cc2Br)c1,c1ccc(-c2ccccc2)cc1,-9.7256
O=c1[nH]ccc2cccnc12,O=c1[nH]ccc2cccnc12,-1.1428
C#CCOc1cc(-n2nc3n(c2=O)CCCC3)c(Cl)cc1Cl,O=c1n(-c2ccccc2)nc2n1CCCC2,-4.3251
CC1(C)C(/C=C(\Cl)C(F)(F)F)C1C(=O)OC(C#N)c1cccc(Oc2ccccc2)c1,O=C(OCc1cccc(Oc2ccccc2)c1)C1CC1,-7.9541
O=C(Nc1ccccc1)Nc1ccnc(Cl)c1,O=C(Nc1ccccc1)Nc1ccncc1,-3.8028
Clc1ccc(-c2c(Cl)cccc2Cl)c(Cl)c1,c1ccc(-c2ccccc2)cc1,-6.65
Clc1ccc(-c2cc(Cl)cc(Cl)c2Cl)c(Cl)c1,c1ccc(-c2ccccc2)cc1,-7.82
Clc1cc(Cl)cc(-c2c(Cl)ccc(Cl)c2Cl)c1,c1ccc(-c2ccccc2)cc1,-7.95
Clc1ccc(-c2c(Cl)c(Cl)cc(Cl)c2Cl)cc1,c1ccc(-c2ccccc2)cc1,-7.88
Clc1cc(Cl)cc(-c2cc(Cl)c(Cl)cc2Cl)c1,c1ccc(-c2ccccc2)cc1,-7.47
Clc1ccc(Cl)c(-c2c(Cl)cc(Cl)c(Cl)c2Cl)c1,c1ccc(-c2ccccc2)cc1,-8.01
Clc1cc(-c2c(Cl)cccc2Cl)c(Cl)c(Cl)c1Cl,c1ccc(-c2ccccc2)cc1,-8.13
Clc1cc(Cl)c(Cl)c(-c2c(Cl)c(Cl)c(Cl)c(Cl)c2Cl)c1,c1ccc(-c2ccccc2)cc1,-9.42
CCOC(=O)CNc1nc(Cl)nc(NC(C)C)n1,c1ncncn1,-2.5622
COc1ccc(NC(=N)Nc2ccc(OC)cc2)cc1,N=C(Nc1ccccc1)Nc1ccccc1,-2.7345
CCS(=O)(=O)Oc1ccc2c(c1)C(C)(C)CO2,c1ccc2c(c1)CCO2,-2.9921
CC(=O)NC(=O)COC(=O)c1ccccc1,c1ccccc1,-2.4003
Clc1ccc(Oc2ccccc2Cl)c(Cl)c1,c1ccc(Oc2ccccc2)cc1,-4.9499
CC(C)N1C(=O)N(c2ccccc2)CSC1=NC(C)(C)C,N=C1NC(=O)N(c2ccccc2)CS1,-5.5307
Nc1c(Cl)c(F)nc(OCC(=O)O)c1Cl,c1ccncc1,-3.4475
CC(C)C(Nc1ccc(C(F)(F)F)cc1Cl)C(=O)OC(C#N)c1cccc(Oc2ccccc2)c1,O=C(CNc1ccccc1)OCc1cccc(Oc2ccccc2)c1,-8.0025
OCC(Cl)(Cl)Br,,-0.4424
O=C1OCCC1N(C(=O)C1CC1)c1cccc(Cl)c1,O=C1OCCC1N(C(=O)C1CC1)c1ccccc1,-2.6878
CC(CC(C)(C(=O)O)C(=O)O)C(=O)O,,-0.1086
O=C(O)c1occ(Cl)c1Cl,c1ccoc1,-1.8263
Clc1cc(Cl)cc(-c2c(Cl)c(Cl)c(Cl)c(Cl)c2Cl)c1,c1ccc(-c2ccccc2)cc1,-9.1
COC(=O)C(C)Oc1ccc(Oc2ncc(C(F)(F)F)cc2Cl)cc1,c1ccc(Oc2ccccn2)cc1,-4.6064
CCCCOC(=O)C(C)Oc1ccc(Oc2ccc(C(F)(F)F)cn2)cc1,c1ccc(Oc2ccccn2)cc1,-5.5836
COC(=O)c1cc(C)ccc1C1=NC(C)(C(C)C)C(=O)N1,O=C1CN=C(c2ccccc2)N1,-2.3262
CC(C)C(C(=O)OC(C#N)c1cccc(Oc2ccccc2)c1)c1ccc(OC(F)F)cc1,O=C(Cc1ccccc1)OCc1cccc(Oc2ccccc2)c1,-6.8765
CCCCCCCCOC(=O)c1cccnc1,c1ccncc1,-3.0929
Clc1cc(Cl)c(-c2ccccc2Cl)cc1Cl,c1ccc(-c2ccccc2)cc1,-7.2505
Clc1ccccc1-c1cc(Cl)c(Cl)c(Cl)c1,c1ccc(-c2ccccc2)cc1,-6.9069
Clc1ccc(Cl)c(-c2cc(Cl)c(Cl)c(Cl)c2)c1,c1ccc(-c2ccccc2)cc1,-7.3149
CCSC(=S)NC(C)C(=O)O,,-1.2343
O=P1(N(CCCl)CCCl)NCCCCO1,O=[PH]1NCCCCO1,-0.9624
CCCc1nnc(NS(=O)(=O)c2ccc(N)cc2)s1,O=S(=O)(Nc1nncs1)c1ccccc1,-3.3075
CCOC(=O)[C@@H](C)Oc1ccc(Oc2nc3ccc(Cl)cc3o2)cc1,c1ccc(Oc2nc3ccccc3o2)cc1,-5.6042
Cc1nn(C)c(OCC(=O)c2ccccc2)c1C(=O)c1ccc(Cl)cc1Cl,O=C(COc1[nH]ncc1C(=O)c1ccccc1)c1ccccc1,-2.6514
COC(=O)C(C)N(C(=O)Cc1ccccc1)c1c(C)cccc1C,O=C(Cc1ccccc1)Nc1ccccc1,-3.9442
CC1(C)C(C=C(Cl)Cl)C1C(=O)OC(C#N)c1cccc(Oc2ccccc2)c1,O=C(OCc1cccc(Oc2ccccc2)c1)C1CC1,-6.5587
NC(=O)C(=NO)C(N)=O,,-0.0384
O=C(O)C(Br)=C(Br)Br,,-1.3593
O=C(O)C(Br)=C(Br)I,,-1.0197
CCS(=O)(=O)NS(=O)(=O)CC,,0.5413
CCOC(=O)NCCOc1ccc(Oc2ccccc2)cc1,c1ccc(Oc2ccccc2)cc1,-4.7009
CCCCN(CCOC(C)=O)c1ccc(N=Nc2c(C#N)cc([N+](=O)[O-])cc2C#N)c(C)c1,c1ccc(N=Nc2ccccc2)cc1,-8.8809
O=C(OCc1ccccc1)c1sc(Cl)nc1C(F)(F)F,O=C(OCc1ccccc1)c1cncs1,-5.8085
CC=Cc1ccc(O)c(O)c1,c1ccccc1,-1.3505
C#CCN1CC(=O)N(COC(=O)C2C(C=C(C)C)C2(C)C)C1=O,O=C(OCN1C(=O)CNC1=O)C1CC1,-3.5321
CN(C(=O)COc1nc2ccccc2s1)c1ccccc1,O=C(COc1nc2ccccc2s1)Nc1ccccc1,-4.8727
Clc1cccc(-c2cc(Cl)c(Cl)cc2Cl)c1,c1ccc(-c2ccccc2)cc1,-7.1299
Clc1ccccc1-c1c(Cl)c(Cl)cc(Cl)c1Cl,c1ccc(-c2ccccc2)cc1,-7.3999
Clc1ccc(-c2c(Cl)cccc2Cl)c(Cl)c1Cl,c1ccc(-c2ccccc2)cc1,-6.7798
CCCCCCOC(=O)C(C)OC(=O)C(C)O,,-2.4884
Cc1cc(C)nc(C(N)=O)n1,c1cncnc1,0.1216
O=C(c1ccc(F)cc1)C1CCN(CCn2c(=O)[nH]c3ccccc3c2=O)CC1,O=C(c1ccccc1)C1CCN(CCn2c(=O)[nH]c3ccccc3c2=O)CC1,-4.5971
Nc1c([N+](=O)[O-])ccc(Oc2ccccc2)c1Cl,c1ccc(Oc2ccccc2)cc1,-5.0248
CCOc1ccc(NC(=O)NN)cc1,c1ccccc1,-1.6471
Clc1ccccc1-c1nnc(-c2ccccc2Cl)nn1,c1ccc(-c2nnc(-c3ccccc3)nn2)cc1,-5.4817
COC(=O)c1ccccc1S(=O)(=O)NC(=O)Nc1nc(C)cc(C)n1,O=C(Nc1ncccn1)NS(=O)(=O)c1ccccc1,-3.1742
Clc1cccc(-c2ccc(Cl)c(Cl)c2Cl)c1,c1ccc(-c2ccccc2)cc1,-6.77
Clc1ccc(-c2cc(Cl)cc(Cl)c2Cl)cc1,c1ccc(-c2ccccc2)cc1,-6.77
Clc1cccc(-c2c(Cl)c(Cl)cc(Cl)c2Cl)c1,c1ccc(-c2ccccc2)cc1,-7.76
Clc1ccc(-c2cc(Cl)c(Cl)c(Cl)c2Cl)cc1,c1ccc(-c2ccccc2)cc1,-7.3102
Clc1ccc(-c2c(Cl)cc(Cl)c(Cl)c2Cl)cc1,c1ccc(-c2ccccc2)cc1,-7.95
Clc1ccc(-c2c(Cl)cc(Cl)c(Cl)c2Cl)cc1Cl,c1ccc(-c2ccccc2)cc1,-7.6505
Clc1ccc(-c2c(Cl)c(Cl)cc(Cl)c2Cl)cc1Cl,c1ccc(-c2ccccc2)cc1,-8.48
Clc1cc(-c2c(Cl)ccc(Cl)c2Cl)cc(Cl)c1Cl,c1ccc(-c2ccccc2)cc1,-8.27
Clc1cc(Cl)cc(-c2c(Cl)c(Cl)cc(Cl)c2Cl)c1,c1ccc(-c2ccccc2)cc1,-8.2696
Clc1ccc(-c2c(Cl)c(Cl)c(Cl)c(Cl)c2Cl)c(Cl)c1,c1ccc(-c2ccccc2)cc1,-8.9706
Clc1cc(-c2c(Cl)cc(Cl)c(Cl)c2Cl)cc(Cl)c1Cl,c1ccc(-c2ccccc2)cc1,-9.1
Clc1cc(Cl)c(-c2c(Cl)c(Cl)c(Cl)c(Cl)c2Cl)c(Cl)c1,c1ccc(-c2ccccc2)cc1,-9.48
Clc1cc(-c2c(Cl)c(Cl)c(Cl)c(Cl)c2Cl)cc(Cl)c1Cl,c1ccc(-c2ccccc2)cc1,-9.6997
Clc1cc(Cl)c(-c2c(Cl)c(Cl)cc(Cl)c2Cl)c(Cl)c1,c1ccc(-c2ccccc2)cc1,-8.4901
O=Cc1cc(Br)ccc1Br,c1ccccc1,-3.8003
O=S(=O)(O)C(Cl)S(=O)(=O)O,,0.6765
CC(C)(NC(=O)C(Br)C(C)(C)C)c1ccccc1,c1ccccc1,-4.9455
N#Cc1c[nH]cc1-c1cccc(Cl)c1Cl,c1ccc(-c2cc[nH]c2)cc1,-4.6937
N#C/C(=N\OCC1OCCO1)c1ccccc1,C(=NOCC1OCCO1)c1ccccc1,-4.0649
CC(C)(C)C(O)C(Cc1ccc(Cl)cc1Cl)n1cncn1,c1ccc(CCn2cncn2)cc1,-4.5619
CCOC(=O)[C@H](CCc1ccccc1)N[C@@H](C)C(=O)N1CCC[C@H]1C(=O)O,O=C(CNCCCc1ccccc1)N1CCCC1,-1.3609
CCOP(=O)(Cc1ccc(-c2nc3ccccc3s2)cc1)OCC,c1ccc(-c2nc3ccccc3s2)cc1,-4.0017
CCN1CC(=O)N=C1N,O=C1CNC=N1,-0.165
O=C(O)c1c(Cl)c(Cl)c(Cl)c(Cl)c1C(=O)Nc1cccc(Cl)c1Cl,O=C(Nc1ccccc1)c1ccccc1,-4.5051
O=S(=O)(O)C(Cl)(S(=O)(=O)O)S(=O)(=O)O,,0.5366
CCOC(=O)[C@H](C)NC(=O)CCl,,-0.4628
CSCOC(=O)c1ccccc1OC(C)=O,c1ccccc1,-2.6404
CC(=O)Oc1ccccc1C(=O)OC[S+](C)[O-],c1ccccc1,-1.7824
CC(=O)Oc1ccccc1C(=O)OCS(C)(=O)=O,c1ccccc1,-3.3936
CC(Oc1ccccc1Cl)C(=O)O,c1ccccc1,-2.2232
CC(Oc1ccc(Oc2cnc3cc(Cl)ccc3n2)cc1)C(=O)O,c1ccc(Oc2cnc3ccccc3n2)cc1,-6.0604
OC(Cn1cncn1)(c1ccc(F)cc1)c1ccccc1F,c1ccc(C(Cn2cncn2)c2ccccc2)cc1,-3.3651
Clc1cc(-c2cccc(Cl)c2Cl)cc(Cl)c1Cl,c1ccc(-c2ccccc2)cc1,-7.4052
CC(C)C[C@H](N)C(=O)N[C@@H](C)C(=O)NCC(=O)O,,-0.8953
CCOC(=O)N(C)CC,,-0.4189
CCCSP(=O)(OCC)Oc1cnn(-c2ccc(Cl)cc2)c1,c1ccc(-n2cccn2)cc1,-4.0388
CCOC(=O)COC(=O)c1cc(Oc2ccc(C(F)(F)F)cc2Cl)ccc1[N+](=O)[O-],c1ccc(Oc2ccccc2)cc1,-5.8729
CCOC(CC(C)O)OCC,,0.0909
NN=c1nc[nH]c2nccnc12,N=c1nc[nH]c2nccnc12,-1.8632
COCC(=O)N(c1c(C)cccc1C)N1CCOC1=O,O=C1OCCN1Nc1ccccc1,-1.913
CCCCCCNC(=O)c1cccnc1,c1ccncc1,-2.5221
CCC1(c2ccccc2)C(=O)NC(=O)N(CC(O)CO)C1=O,O=C1NC(=O)C(c2ccccc2)C(=O)N1,-1.7872
C[C@H]1C(c2ccc(Cl)cc2)SC(=O)N1C(=O)NC1CCCCC1,O=C(NC1CCCCC1)N1CC(c2ccccc2)SC1=O,-5.8487
CCCCOC(=O)[C@@H](C)Oc1ccc(Oc2ccc(C(F)(F)F)cn2)cc1,c1ccc(Oc2ccccn2)cc1,-5.2826
COC(=O)c1sccc1S(=O)(=O)NC(=O)Nc1nc(C)nc(OC)n1,O=C(Nc1ncncn1)NS(=O)(=O)c1ccsc1,-2.2379
Cc1c(F)c(F)c(COC(=O)C2C(/C=C(\Cl)C(F)(F)F)C2(C)C)c(F)c1F,O=C(OCc1ccccc1)C1CC1,-7.3209
CCC(CC)C(=O)N(CC)CC,,-1.0876
CCC(C)(C)C(=O)O[C@H]1C[C@@H](C)C=C2C=C[C@H](C)[C@H](CC[C@@H]3C[C@@H](O)CC(=O)O3)[C@H]21,O=C1CCCC(CCC2CC=CC3=CCCCC32)O1,-7.1447
CCCCC(O)(Cn1cncn1)c1ccc(Cl)cc1Cl,c1ccc(CCn2cncn2)cc1,-4.2668
CC(C)c1cc(Oc2ccccc2)cc(C(C)C)c1NC(=S)NC(C)(C)C,c1ccc(Oc2ccccc2)cc1,-6.8068
CCOc1ccc(C(C)(C)COCc2cccc(Oc3ccccc3)c2)cc1,c1ccc(CCOCc2cccc(Oc3ccccc3)c2)cc1,-8.5758
CCc1cnc(C2=NC(C)(C(C)C)C(=O)N2)c(C(=O)O)c1,O=C1CN=C(c2ccccn2)N1,-2.3153
COC(=O)c1ccc(C)cc1C1=NC(C)(C(C)C)C(=O)N1,O=C1CN=C(c2ccccc2)N1,-2.4599
CCCCCCCCNC(=O)c1cccnc1,c1ccncc1,-3.0081
CCCCCCCCCNC(=O)c1cccnc1,c1ccncc1,-3.1398
CCCCCCCCCCNC(=O)c1cccnc1,c1ccncc1,-3.0765
CCCCCCCCCCCNC(=O)c1cccnc1,c1ccncc1,-3.0266
CCCCCCCCCCCCNC(=O)c1cccnc1,c1ccncc1,-3.2078
CC1(C)CON(Cc2ccccc2Cl)C1=O,O=C1CCON1Cc1ccccc1,-2.3383
COc1nc(C)nc(NC(=O)NS(=O)(=O)c2ccccc2OCCCl)n1,O=C(Nc1ncncn1)NS(=O)(=O)c1ccccc1,-4.0989
ON=C1C=CC(=NO)c2ncccc21,N=C1C=CC(=N)c2ncccc21,-3.7998
CC(C)(C)[C@H](O)[C@H](Oc1ccc(Cl)cc1)n1cncn1,c1ccc(OCn2cncn2)cc1,-3.9524
O=C(Nc1ccc(Cl)cc1C(O)c1ccccc1)c1ccncc1,O=C(Nc1ccccc1Cc1ccccc1)c1ccncc1,-5.5299
CCC(C)(CC)c1cc(NC(=O)c2c(OC)cccc2OC)on1,O=C(Nc1ccno1)c1ccccc1,-5.3694
CCOC(C)CCO,,-0.3736
Cc1c(COC(=O)C2C(/C=C(\Cl)C(F)(F)F)C2(C)C)cccc1-c1ccccc1,O=C(OCc1cccc(-c2ccccc2)c1)C1CC1,-6.6262
Cc1ccc(C(=O)COc2c(C(=O)c3ccc(Cl)c(C)c3Cl)c(C)nn2C)cc1,O=C(COc1[nH]ncc1C(=O)c1ccccc1)c1ccccc1,-6.5209
COC(=O)c1ccccc1CS(=O)(=O)NC(=O)Nc1nc(OC)cc(OC)n1,O=C(Nc1ncccn1)NS(=O)(=O)Cc1ccccc1,-3.534
O=C(NC(=O)c1c(F)cccc1F)Nc1cc(Cl)c(F)c(Cl)c1F,O=C(NC(=O)c1ccccc1)Nc1ccccc1,-7.3023
CCOC(=O)CCN(Cc1ccccc1)SN(C)C(=O)O/N=C(/C)SC,c1ccccc1,-4.3005
O=C(Nc1ccc(F)cc1F)c1cccnc1Oc1cccc(C(F)(F)F)c1,O=C(Nc1ccccc1)c1cccnc1Oc1ccccc1,-6.8969
O=C(O)C(I)=C(Br)I,,-1.2891
CC(C)(C)[C@H](O)/C(=C\c1ccc(Cl)cc1)n1cncn1,C(=Cn1cncn1)c1ccccc1,-4.5403
CC(C)(C)C(O)/C(=C\c1ccc(Cl)cc1)n1cncn1,C(=Cn1cncn1)c1ccccc1,-4.5403
CC(C)(C)C(O)/C(=C\c1ccc(Cl)cc1Cl)n1cncn1,C(=Cn1cncn1)c1ccccc1,-4.9115
CCCC(=O)N(CSP(=S)(OC)OC)c1ccccc1Cl,c1ccccc1,-5.204
O=C(O)c1ccc([N+](=O)[O-])c2cccnc12,c1ccc2ncccc2c1,-3.1656
CCOC(=O)C1(C)OC(=O)N(c2cc(Cl)cc(Cl)c2)C1=O,O=C1COC(=O)N1c1ccccc1,-5.2203
Nc1ncc2ncn(COCCO)c2n1,c1ncc2nc[nH]c2n1,-1.0775
Cc1c(Cl)ccc(OC(C)C(=O)Nc2ccccc2)c1Cl,O=C(COc1ccccc1)Nc1ccccc1,-7.0057
CCCCCS[S+]([O-])CCCCC,,-3.1711
COCCCCC=O,,0.4574
CCC(=O)OCc1ccc(Cl)cc1Cl,c1ccccc1,-3.0665
CCN(C(=O)SCc1ccccc1)C(C)C(C)C,c1ccccc1,-4.7337
COC(=O)c1ccccc1S(=O)(=O)NC(=O)Nc1nc(OC(F)F)cc(OC(F)F)n1,O=C(Nc1ncccn1)NS(=O)(=O)c1ccccc1,-5.152
Clc1ccc(CSC(Cn2cncn2)=Nc2ccc(Cl)cc2Cl)cc1,c1ccc(CSC(Cn2cncn2)=Nc2ccccc2)cc1,-5.3842
CCc1cccc(C)c1N(COC(C)C)C(=O)CCl,c1ccccc1,-3.1882
O=C(NC(=O)c1c(F)cccc1F)Nc1ccc(Cl)c(Oc2ncc(C(F)(F)F)cc2Cl)c1,O=C(NC(=O)c1ccccc1)Nc1cccc(Oc2ccccn2)c1,-7.4033
CCOc1ccc(NC(=O)OC(C)C)cc1OCC,c1ccccc1,-4.0022
CCOCCOC(=O)C(C)Oc1ccc(Oc2ncc(C(F)(F)F)cc2Cl)cc1,c1ccc(Oc2ccccn2)cc1,-5.8739
C/C=C\COCN(C(=O)CCl)c1c(CC)cccc1CC,c1ccccc1,-4.0287
CCCCCOC(=O)COc1cc(N2C(=O)C3=C(CCCC3)C2=O)c(F)cc1Cl,O=C1C2=C(CCCC2)C(=O)N1c1ccccc1,-6.3508
COCC(C)N(C(=O)CCl)c1c(C)csc1C,c1ccsc1,-2.3614
CC(Oc1ccc(Oc2ncc(Cl)cc2Cl)cc1)C(=O)N1CCCO1,O=C(COc1ccc(Oc2ccccn2)cc1)N1CCCO1,-4.5922
Cc1ccccc1COC1CC2(C(C)C)CCC1(C)O2,c1ccc(COC2CC3CCC2O3)cc1,-3.6391
FC(F)(F)/C(=N/OCC1OCCO1)c1ccc(Cl)cc1,C(=NOCC1OCCO1)c1ccccc1,-4.0138
O=C(O)C(Br)=C(Cl)Br,,-1.0071
O=C(O)C(Cl)=C(Br)Br,,-0.6873
CC(O)C([N+](=O)[O-])[N+](=O)[O-],,0.0789
C/C(=N/Nc1nc(C)cc(C)n1)c1ccccc1C,C(=NNc1ncccn1)c1ccccc1,-3.1959
Cn1c(=O)ncc2[nH]c(=O)[nH]c21,O=c1ncc2[nH]c(=O)[nH]c2[nH]1,-0.794
CC(C)(C)[C@@H](O)[C@H](Oc1ccc(Cl)cc1)n1cncn1,c1ccc(OCn2cncn2)cc1,-3.6786
C[C@@H](CCO)CCC=O,,-1.0732
Cn1cc2nccnc2nc1=O,O=c1nc2nccnc2c[nH]1,-0.9089
N#Cc1ccc2c(c1)C(=O)OC2,O=C1OCc2ccccc21,-2.7021
CCS(=O)(=O)C(C)(CO)S(=O)(=O)CC,,-0.1653
COc1c(O)ccc(C=O)c1N,c1ccccc1,-0.2232
COC(=O)c1ccc([N+](=O)[O-])cc1C(=O)O,c1ccccc1,-2.0558
N#CCCN[C@@H](CCC(=O)O)C(=O)O,,-1.3015
CCC1(CC(C)=O)C(=O)NC(=O)NC1=O,O=C1CC(=O)NC(=O)N1,-0.7661
CCCCCCC(O)C(O)C(=O)O,,-1.5469
Cc1cnc2c(C(=O)O)c(Cl)ccc2c1,c1ccc2ncccc2c1,-2.9973
CC[C@H](C)[C@H](NCCC#N)C(=O)O,,-0.9818
CCc1nc2cnc(O)nc2nc1CC,c1cnc2ncncc2n1,-2.2644
CC(C)(OC1CCCCC1)C(=O)O,C1CCCCC1,-1.0798
COC(CC(=O)O)c1ccccc1,c1ccccc1,-1.6952
O=C1CC(c2ccccc2)CC(=O)C1[N+](=O)[O-],O=C1CC(=O)CC(c2ccccc2)C1,-1.6688
O=C(Nc1ccccc1)C(O)(O)C(=O)Nc1ccccc1,O=C(CC(=O)Nc1ccccc1)Nc1ccccc1,-2.4568
CC=CCC1(C)C(=O)NC(=O)N(C)C1=O,O=C1CC(=O)NC(=O)N1,-1.5445
C=CC(O)C(=O)OCC,,0.3627
CC1CCCC(OC2CCCC(C)O2)O1,C1CCC(OC2CCCCO2)OC1,-1.1083
CCCOP(=O)(OC)OCCC,,-0.6592
Cn1cnc2c(=O)n(C)c(=O)n(C)c2c1=O,O=c1[nH]c(=O)c2nc[nH]c(=O)c2[nH]1,-1.985
O=C(O)CNS(=O)(=O)c1ccc2ccccc2c1,c1ccc2ccccc2c1,-2.8497
CCCCc1c2ccccc2cc2ccc3ccccc3c12,c1ccc2cc3c(ccc4ccccc43)cc2c1,-7.5245
CCC(Br)(Br)C(=O)O,,-0.8722
CCOC(=O)c1cnn(C)c1S(=O)(=O)NC(=O)Nc1nc(OC)cc(OC)n1,O=C(Nc1ncccn1)NS(=O)(=O)c1ccn[nH]1,-4.4561
O=C(O)CNC(=O)CNS(=O)(=O)c1ccc2ccccc2c1,c1ccc2ccccc2c1,-2.6954
CC(C1CC1)C(O)(Cn1cncn1)c1ccc(Cl)cc1,c1ccc(C(CC2CC2)Cn2cncn2)cc1,-3.3189
COCCOc1ccccc1S(=O)(=O)NC(=O)Nc1nc(OC)nc(OC)n1,O=C(Nc1ncncn1)NS(=O)(=O)c1ccccc1,-3.5372
CCOP(=O)(SC(C)CC)SC(C)CC,,-3.0376
O=C(O)COC1CCCC1,C1CCCC1,-0.8471
CCOP(=S)(Oc1cnc(C(C)(C)C)nc1)OC(C)C,c1cncnc1,-4.7626
CC(C)(C)c1ccc(CSc2cnn(C(C)(C)C)c(=O)c2Cl)cc1,O=c1cc(SCc2ccccc2)cn[nH]1,-7.483
COc1ccsc1CN(C(=O)CCl)c1c(C)cccc1C,c1ccc(NCc2cccs2)cc1,-4.4689
CNC1=C(c2cccc(C(F)(F)F)c2)C(=O)C(c2ccccc2)O1,O=C1C(c2ccccc2)=COC1c1ccccc1,-3.9788
CCCCCCCCCCCCCCNC(=O)C(C)O,,-3.9784
COC(=O)C1(S(=O)(=O)c2ccccc2)CC1,O=S(=O)(c1ccccc1)C1CC1,-2.2601
C=CCNC(=O)CN(CC=C)C(=O)C(Cl)Cl,,-1.0397
CSC(=O)c1c(C(F)F)nc(C(F)(F)F)c(C(=O)SC)c1CC(C)C,c1ccncc1,-5.4575
COc1nsc(N)n1,c1ncsn1,-1.2427
CCOc1nsc(N)n1,c1ncsn1,-0.6514
CC(=O)OCC(S)CS,,-1.2208
CC=C(CCCC)C(N)=O,,-1.3717
O=C(Nc1ncccn1)c1cnccn1,O=C(Nc1ncccn1)c1cnccn1,-0.3036
CCCCCCCCCOC(=O)c1cccnc1,c1ccncc1,-3.0958
CCOP(=O)(SC(C)CC)N1CCSC1=O,O=C1NCCS1,-1.4589
Cc1ccn2nc(S(=O)(=O)Nc3c(F)cccc3F)nc2n1,O=S(=O)(Nc1ccccc1)c1nc2ncccn2n1,-3.8248
Cc1ccnc(NC(=O)c2cnccn2)n1,O=C(Nc1ncccn1)c1cnccn1,-0.7308
CS(=O)(=O)c1ccc(C(=O)C2C(=O)CCCC2=O)c(Cl)c1,O=C1CCCC(=O)C1C(=O)c1ccccc1,-3.2994
CC1(C)OC(=O)c2cc([N+](=O)[O-])ccc21,O=C1OCc2ccccc21,-3.0516
CCC1OC(=O)c2cc([N+](=O)[O-])ccc21,O=C1OCc2ccccc21,-2.55
CC(O)C(C)C=O,,-0.4906
Cc1ncnc2c(O)cccc12,c1ccc2ncncc2c1,-2.6025
Cc1nc2cncnc2n(C)c1=O,O=c1cnc2cncnc2[nH]1,-1.489
NC(=O)C1CCCC(C(N)=O)N1,C1CCNCC1,0.2893
CCC(C)(C)C1CCC(=NO)C(=NO)C1,N=C1CCCCC1=N,-3.9652
CCCc1ncnc2c(O)cccc12,c1ccc2ncncc2c1,-2.9206
N[C@H](CC(=O)O)c1cccc2ccccc12,c1ccc2ccccc2c1,-1.5902
CCCCCCCOC(=O)c1cccnc1,c1ccncc1,-2.7429
CCOC(=O)[C@@H](C)Oc1ccc(Oc2cnc3cc(Cl)ccc3n2)cc1,c1ccc(Oc2cnc3ccccc3n2)cc1,-5.9694
COC(=O)c1c(Cl)nn(C)c1S(=O)(=O)NC(=O)Nc1nc(OC)cc(OC)n1,O=C(Nc1ncccn1)NS(=O)(=O)c1ccn[nH]1,-4.4642
CCOc1ccc(NC(C)=O)c2cccnc12,c1ccc2ncccc2c1,-1.5171
CCCCOP(=O)(OCCCC)OCCCCOCC,,-2.6468
CC1(C)[C@H](C(=O)O[C@H](C#N)c2cccc(Oc3ccccc3)c2)[C@@H]1/C=C\C(=O)OC(C(F)(F)F)C(F)(F)F,O=C(OCc1cccc(Oc2ccccc2)c1)C1CC1,-7.4325
COC(=O)c1ccccc1S(=O)(=O)NC(=O)N(C)c1nc(C)nc(OC)n1,O=C(Nc1ncncn1)NS(=O)(=O)c1ccccc1,-3.8981
O=C(O)C(Cl)(Cl)CCCl,,-0.5831
COC(=O)c1cc([N+](=O)[O-])ccc1C(=O)O,c1ccccc1,-1.721
NCCCCCCNCCCCCCCCCCC(=O)O,,-2.3017
C=CCCCOC(=O)C(CC)N(Cc1ccco1)C(=O)n1ccnc1,O=C(NCc1ccco1)n1ccnc1,-2.8919
COc1ncc2nccnc2n1,c1cnc2ncncc2n1,-1.113
Cn1c(=O)ncc2nccnc21,O=c1ncc2nccnc2[nH]1,-1.3713
C/C=C(/CCCC)C(=O)NC(N)=O,,-2.7883
COC(C)C(C)Cl,,-1.9986
COc1cc(Br)c2c(c1OC)C(=O)OC2,O=C1OCc2ccccc21,-3.9311
CCc1nc2ncnc(O)c2nc1CC,c1cnc2ncncc2n1,-1.9122
CCOC(=O)c1nc(C(Cl)(Cl)Cl)n(-c2ccc(Cl)cc2Cl)n1,c1ccc(-n2cncn2)cc1,-5.6516
C#CCN1C(=O)COc2cc(F)c(N3C(=O)C4=C(CCCC4)C3=O)cc21,O=C1COc2ccc(N3C(=O)C4=C(CCCC4)C3=O)cc2N1,-5.2966
O=C(O)CCCC(C(=O)O)(c1ccccc1)c1ccccc1,c1ccc(Cc2ccccc2)cc1,-3.1737
Cc1cnc(C2=NC(C)(C(C)C)C(=O)N2)c(C(=O)O)c1,O=C1CN=C(c2ccccn2)N1,-2.0911
COc1c(C(=O)O)oc2ccccc12,c1ccc2occc2c1,-2.8857
COC/C(=N/OCC(=O)OC)c1cc(Oc2ccc(C(F)(F)F)cc2Cl)ccc1[N+](=O)[O-],c1ccc(Oc2ccccc2)cc1,-5.6783
C#CCOC(=O)[C@@H](C)Oc1ccc(Oc2ncc(Cl)cc2F)cc1,c1ccc(Oc2ccccn2)cc1,-4.9417
CCOCCc1ccc(OCCNc2ncnc(CC)c2Cl)c(C)c1C,c1ccc(OCCNc2ccncn2)cc1,-5.2409
CC(CCC(=O)O)NC(=O)c1ccccc1,c1ccccc1,-1.6917
Cc1nc(Br)[nH]c1[N+](=O)[O-],c1c[nH]cn1,-1.7914
CNC(=O)COC(=O)c1ccccc1,c1ccccc1,-1.7178
CCCNC(=O)COC(=O)c1ccccc1,c1ccccc1,-2.5387
CC(C)(C)NC(=O)COC(=O)c1ccccc1,c1ccccc1,-2.8665
NC(=O)CNC(=O)COC(=O)c1ccccc1,c1ccccc1,-1.4983
CN(C)C(=O)COC(=O)c1ccccc1,c1ccccc1,-1.372
CCCN(CCC)C(=O)COC(=O)c1ccccc1,c1ccccc1,-2.3791
CCCCN(CCCC)C(=O)COC(=O)c1ccccc1,c1ccccc1,-3.5614
C=CCN(CC=C)C(=O)COC(=O)c1ccccc1,c1ccccc1,-2.5626
CN(CC(=O)O)C(=O)COC(=O)c1ccccc1,c1ccccc1,-2.254
O=C(OCC(=O)N1CCCCC1)c1ccccc1,O=C(OCC(=O)N1CCCCC1)c1ccccc1,-2.5011
O=C(OCC(=O)N1CCOCC1)c1ccccc1,O=C(OCC(=O)N1CCOCC1)c1ccccc1,-1.7734
CCC(NC=O)C(=O)O,,-0.5918
CC(C)(C)C(O)(CCc1ccc(Cl)cc1)Cn1cncn1,c1ccc(CCCCn2cncn2)cc1,-3.932
NS(=O)(=O)c1ccc(SCCO)cc1,c1ccccc1,-1.8239
NS(=O)(=O)c1ccc(SCCCO)cc1,c1ccccc1,-2.2472
NS(=O)(=O)c1ccc(SCCCCCO)cc1,c1ccccc1,-2.6618
CC(O)(CCC(C)(O)C(=O)O)C(=O)O,,-0.8372
CCCc1nc(N)c(CC)c(CCC)n1,c1cncnc1,-2.5132
C/C(=N\NC(=O)Nc1cc(F)cc(F)c1)c1ncccc1C(=O)O,O=C(NN=Cc1ccccn1)Nc1ccccc1,-3.7248
O=C(O)c1ccccc1C1OC(=O)c2ccccc21,O=C1OC(c2ccccc2)c2ccccc21,-3.1042
O=C1CCCCCCCCCCCCCCCCCN1,O=C1CCCCCCCCCCCCCCCCCN1,-2.8474
CC(C)=NOCCOC(=O)C(C)Oc1ccc(Oc2cnc3cc(Cl)ccc3n2)cc1,c1ccc(Oc2cnc3ccccc3n2)cc1,-5.8479
Cc1nn(C)c(Oc2ccccc2)c1/C=N/OCc1ccc(C(=O)OC(C)(C)C)cc1,C(=NOCc1ccccc1)c1cn[nH]c1Oc1ccccc1,-7.4604
CC(C)(COCc1cccc(Oc2ccccc2)c1)c1ccc(OC(F)(F)Br)cc1,c1ccc(CCOCc2cccc(Oc3ccccc3)c2)cc1,-9.9799
CCOC(=O)CSc1nc(C(C)(C)C)nn1C(=O)N(C)C,c1nc[nH]n1,-2.861
CC(C)(C)N(NC(=O)c1ccc(Cl)cc1)C(=O)c1ccccc1,O=C(NNC(=O)c1ccccc1)c1ccccc1,-4.4404
CCc1ccc(C(=O)NN(C(=O)c2cc(C)cc(C)c2)C(C)(C)C)cc1,O=C(NNC(=O)c1ccccc1)c1ccccc1,-5.6281
O=C(O)C1CC1C(=O)Nc1ccc(Cl)cc1Cl,O=C(Nc1ccccc1)C1CC1,-3.8697
CC(Oc1ccc(Oc2nc3ccc(Cl)cc3o2)cc1)C(=O)O,c1ccc(Oc2nc3ccccc3o2)cc1,-3.092
COCc1cnc(C2=NC(C)(C(C)C)C(=O)N2)c(C(=O)O)c1,O=C1CN=C(c2ccccn2)N1,-1.84
N#CC(CCc1ccc(Cl)cc1)(Cn1cncn1)c1ccccc1,c1ccc(CCC(Cn2cncn2)c2ccccc2)cc1,-6.2264
CC[C@@H]1C(=O)O[C@H]1C,O=C1CCO1,-0.6665
O=C(OCC(=O)N1CCC1)c1ccccc1,O=C(OCC(=O)N1CCC1)c1ccccc1,-1.6085
O=C(OCC(=O)N1CCCCCC1)c1ccccc1,O=C(OCC(=O)N1CCCCCC1)c1ccccc1,-2.5421
O=C(OCC(=O)N1CCC(O)CC1)c1ccccc1,O=C(OCC(=O)N1CCCCC1)c1ccccc1,-1.3486
O=C(OCC(=O)N1CCC[C@H]1C(=O)O)c1ccccc1,O=C(OCC(=O)N1CCCC1)c1ccccc1,-1.5917
COC(=O)[C@@H]1CCCN1C(=O)COC(=O)c1ccccc1,O=C(OCC(=O)N1CCCC1)c1ccccc1,-2.0841
CN(C)C(=O)CCOC(=O)c1ccccc1,c1ccccc1,-1.0994
CN(C)C(=O)CCCOC(=O)c1ccccc1,c1ccccc1,-1.2286
CC(=O)N(C)C(=O)COC(=O)c1ccccc1,c1ccccc1,-2.8664
CC(C)NC(=O)COC(=O)c1ccccc1,c1ccccc1,-2.7321
CCCCNC(=O)COC(=O)c1ccccc1,c1ccccc1,-2.7588
CCCCCCNC(=O)COC(=O)c1ccccc1,c1ccccc1,-3.902
CC(NC(=O)COC(=O)c1ccccc1)C(N)=O,c1ccccc1,-2.7172
Clc1ccc(C2(Cn3cncn3)CC(Br)CO2)c(Cl)c1,c1ccc(C2(Cn3cncn3)CCCO2)cc1,-3.8775
O=C(NC(=O)c1c(F)cccc1F)Nc1ccc(OC(F)(F)C(F)OC(F)(F)F)c(Cl)c1,O=C(NC(=O)c1ccccc1)Nc1ccccc1,-6.9675
CCNC(C)CC,,-0.21
NCCCCC(NC(=O)c1ccccc1)C(=O)O,c1ccccc1,-2.2845
COC(=O)CSc1cc(N=c2sc(=O)n3n2CCCC3)c(F)cc1Cl,O=c1sc(=Nc2ccccc2)n2n1CCCC2,-5.6768
O=C(O)[C@H](O)[C@H](O)[C@H](O)[C@@H](O)C(=O)O,,0.1999
COC(=O)c1c(C(F)F)nc(C(F)(F)F)c(C2=NCCS2)c1CC(C)C,c1cncc(C2=NCCS2)c1,-5.2002
CCCN(CC)CC1COC2(CCC(C(C)(C)C)CC2)O1,C1CCC2(CC1)OCCO2,-2.8014
O=[N+]([O-])c1cc(CCO)ccc1O,c1ccccc1,-1.1556
CC1OC(=O)c2cc(N)ccc21,O=C1OCc2ccccc21,-1.7891
CC1(C)[C@H](C=C(Cl)Cl)[C@H]1C(=O)OCc1c(F)c(F)cc(F)c1F,O=C(OCc1ccccc1)C1CC1,-6.8137
COc1ccc(C(=O)c2csc(S(N)(=O)=O)c2)cc1,O=C(c1ccccc1)c1ccsc1,-4.4733
NS(=O)(=O)c1cc(C(=O)c2ccc(O)cc2)cs1,O=C(c1ccccc1)c1ccsc1,-2.8612
COc1ccc(C(=O)c2coc(S(N)(=O)=O)c2)cc1,O=C(c1ccccc1)c1ccoc1,-4.1481
Cc1ccc(C(=O)c2csc(S(N)(=O)=O)c2)cc1,O=C(c1ccccc1)c1ccsc1,-4.4492
NC(=O)c1nc(-c2ccccc2)n(-c2ccc(Cl)c(COCC(F)(F)C(F)(F)F)c2)n1,c1ccc(-c2ncnn2-c2ccccc2)cc1,-5.6635
CCc1nn(C)c(C(=O)NCc2ccc(C(C)(C)C)cc2)c1Cl,O=C(NCc1ccccc1)c1ccn[nH]1,-5.1086
CC(Oc1ccc(Oc2cnc3cc(Cl)ccc3n2)cc1)C(=O)OCC1CCCO1,O=C(COc1ccc(Oc2cnc3ccccc3n2)cc1)OCC1CCCO1,-5.0303
N#Cc1nn(-c2c(Cl)cc(C(F)(F)F)cc2Cl)c(N)c1[S+]([O-])C(F)(F)F,c1ccc(-n2cccn2)cc1,-5.3619
COc1cc(OC)nc(NC(=O)NS(=O)(=O)c2c(-c3nnn(C)n3)cnn2C)n1,O=C(Nc1ncccn1)NS(=O)(=O)c1[nH]ncc1-c1nn[nH]n1,-2.6066
CCN(Cc1ccc(Cl)nc1)/C(=C/[N+](=O)[O-])NC,c1ccncc1,0.4918
CC(C)(C)c1ccc(CCOc2ncnc3ccccc23)cc1,c1ccc(CCOc2ncnc3ccccc23)cc1,-6.1439
COc1ccc(NCC(O)CO)cc1,c1ccccc1,-0.295
CC1(C)OC(c2ccco2)CN1C(=O)C(Cl)Cl,c1coc(C2CNCO2)c1,-3.1498
CCCCOC(=O)C(C)Oc1ccc(Oc2ccc(C#N)cc2F)cc1,c1ccc(Oc2ccccc2)cc1,-5.707999999999999
COc1cc(OC)nc(NC(=O)NS(=O)(=O)c2c(Cl)nc3ccccn23)n1,O=C(Nc1ncccn1)NS(=O)(=O)c1cnc2ccccn12,-4.7886
NC(=O)C[C@H](NC(=O)CCl)C(=O)O,,-0.3193
CCS(=O)(=O)c1cccnc1S(=O)(=O)NC(=O)Nc1nc(OC)cc(OC)n1,O=C(Nc1ncccn1)NS(=O)(=O)c1ccccn1,-4.6349
CC1=NNC(=O)N(/N=C/c2cccnc2)C1,O=C1NN=CCN1N=Cc1cccnc1,-2.8745
C[C@@H](O)CCCC=O,,-0.4629999999999999
CCOC(=O)c1ccc(OC)c(OC)c1C(=O)O,c1ccccc1,-2.253
Fc1ccc(Oc2ccnc3cc(Cl)cc(Cl)c23)cc1,c1ccc(Oc2ccnc3ccccc23)cc1,-6.4243
CC1(C)CCC(Cc2ccc(Cl)cc2)C1(O)Cn1cncn1,c1ccc(CC2CCCC2Cn2cncn2)cc1,-4.3288
CC(C)C1CCC(Cc2ccc(Cl)cc2)C1(O)Cn1cncn1,c1ccc(CC2CCCC2Cn2cncn2)cc1,-4.6828
CCN(CC)C(=O)n1cnc(S(=O)(=O)c2c(C)cc(C)cc2C)n1,O=S(=O)(c1ccccc1)c1nc[nH]n1,-5.1467
CC=CC(=O)Nc1ccc(O)cc1,c1ccccc1,-2.6464
CCC(C#N)(CC)C(=O)NC(N)=O,,-1.564
CCOc1ccccc1OS(=O)(=O)NC(=O)Nc1nc(OC)cc(OC)n1,O=C(Nc1ncccn1)NS(=O)(=O)Oc1ccccc1,-4.1853
CCOC(=O)C(Cl)Cc1cc(-n2nc(C)n(C(F)F)c2=O)c(F)cc1Cl,O=c1[nH]cnn1-c1ccccc1,-4.2727
CCc1c(C(=O)O)c(=O)cnn1-c1ccc(Cl)cc1,O=c1ccn(-c2ccccc2)nc1,0.4
OC1(c2ccc(Cl)cc2)CCCCCC1n1cncn1,c1ccc(C2CCCCCC2n2cncn2)cc1,-3.3681
CCOC(=O)COc1cc(-c2nn(C)c(OC(F)F)c2Cl)c(F)cc1Cl,c1ccc(-c2cc[nH]n2)cc1,-5.6161
Cc1nc(C(F)(F)F)c(C(=O)Nc2c(Br)cc(OC(F)(F)F)cc2Br)s1,O=C(Nc1ccccc1)c1cncs1,-5.5186
N#Cc1c[nH]cc1-c1cccc2c1OC(F)(F)O2,c1cc2c(c(-c3cc[nH]c3)c1)OCO2,-5.1395
CC1(c2ccc(Oc3ccccc3)cc2)OC(=O)N(Nc2ccccc2)C1=O,O=C1OC(c2ccc(Oc3ccccc3)cc2)C(=O)N1Nc1ccccc1,-6.8573
CO/C=C(/C(=O)OC)c1ccccc1Oc1cc(Oc2ccccc2C#N)ncn1,c1ccc(Oc2cc(Oc3ccccc3)ncn2)cc1,-4.8276
CNC(=O)/C(=N\OC)c1ccccc1Oc1ccccc1,c1ccc(Oc2ccccc2)cc1,-3.3466
CSC(=O)c1cccc2nnsc12,c1ccc2snnc2c1,-4.4363
CC(=NC#N)N(C)Cc1ccc(Cl)nc1,c1ccncc1,-1.7244
CCOC(=O)C1=NN(c2ccc(Cl)cc2Cl)C(C)(C(=O)OCC)C1,C1=NN(c2ccccc2)CC1,-4.271
NS(=O)(=O)c1ccc(SCCCCO)cc1,c1ccccc1,-2.5141
NS(=O)(=O)c1ccc(CCCO)cc1,c1ccccc1,-1.032
NS(=O)(=O)c1ccc(CCCCO)cc1,c1ccccc1,-1.1931
NS(=O)(=O)c1ccc(CCCCCO)cc1,c1ccccc1,-1.9712
Cc1cccc(C(=O)O)c1S(=O)(=O)NC(=O)Nc1nc(OCC(F)(F)F)nc(N(C)C)n1,O=C(Nc1ncncn1)NS(=O)(=O)c1ccccc1,-5.6798
CO/N=C(\C)c1cccc(Oc2nc(OC)cc(OC)n2)c1C(=O)OC,c1ccc(Oc2ncccn2)cc1,-3.6037
O=c1c2cc(F)ccc2nc(-n2cncn2)n1-c1ccc(Cl)cc1Cl,O=c1c2ccccc2nc(-n2cncn2)n1-c1ccccc1,-5.5754
COc1cc(OC)nc(NC(=O)NS(=O)(=O)Nc2ccccc2C(=O)C2CC2)n1,O=C(Nc1ncccn1)NS(=O)(=O)Nc1ccccc1C(=O)C1CC1,-6.3943
O=[N+]([O-])NC1=NCCN1Cc1ccc(Cl)nc1,C1=NCCN1Cc1cccnc1,-2.6223
COc1cc(OC)n2nc(S(=O)(=O)Nc3c(Cl)ccc(C)c3Cl)nc2n1,O=S(=O)(Nc1ccccc1)c1nc2ncccn2n1,-3.3204
CS(=O)(=O)c1cc(C(F)(F)F)ccc1C(=O)c1cnoc1C1CC1,O=C(c1ccccc1)c1cnoc1C1CC1,-4.7631
CCS(=O)(=O)c1nc2ccccn2c1S(=O)(=O)NC(=O)Nc1nc(OC)cc(OC)n1,O=C(Nc1ncccn1)NS(=O)(=O)c1cnc2ccccn12,-4.4191
CC(C)N(C(=O)COc1nnc(C(F)(F)F)s1)c1ccc(F)cc1,O=C(COc1nncs1)Nc1ccccc1,-3.8121
CO/N=C(/C(=O)OC)c1ccccc1COc1ccccc1C,c1ccc(COc2ccccc2)cc1,-5.195
Cc1cc(C)nc(NC(=O)NS(=O)(=O)c2ccccc2C(=O)OC2COC2)n1,O=C(Nc1ncccn1)NS(=O)(=O)c1ccccc1C(=O)OC1COC1,-3.893
COC(=O)C1(S(=O)(=O)c2ccc(C)cc2)CC1,O=S(=O)(c1ccccc1)C1CC1,-2.8803
CCOC(=O)C1(S(=O)(=O)c2ccc(C)cc2)CC1,O=S(=O)(c1ccccc1)C1CC1,-3.0104
Cc1ccc(S(=O)(=O)C2(C(=O)OC(C)C)CC2)cc1,O=S(=O)(c1ccccc1)C1CC1,-3.2307
COC(=O)C1(S(=O)(=O)c2ccc(Cl)cc2)CC1,O=S(=O)(c1ccccc1)C1CC1,-3.3086
CC(C)OC(=O)C1(S(=O)(=O)c2ccc(Cl)cc2)CC1,O=S(=O)(c1ccccc1)C1CC1,-3.5401
CC(C)(C)OC(=O)C1(S(=O)(=O)c2ccc(Cl)cc2)CC1,O=S(=O)(c1ccccc1)C1CC1,-4.1206
COC(=O)C1(S(=O)(=O)c2ccc(Br)cc2)CC1,O=S(=O)(c1ccccc1)C1CC1,-3.6703
COC(=O)C1(S(=O)(=O)c2ccc([N+](=O)[O-])cc2)CC1,O=S(=O)(c1ccccc1)C1CC1,-3.3797
CC(C)OC(=O)C1(S(=O)(=O)c2ccc([N+](=O)[O-])cc2)CC1,O=S(=O)(c1ccccc1)C1CC1,-4.2605
NC1[C@H]2CN(c3nc4c(cc3F)c(=O)c(C(=O)O)cn4-c3ccc(F)cc3F)C[C@@H]12,O=c1ccn(-c2ccccc2)c2nc(N3CC4CC4C3)ccc12,-4.5296
CCOc1nc(F)cc2nc(S(=O)(=O)Nc3c(Cl)cccc3C(=O)OC)nn12,O=S(=O)(Nc1ccccc1)c1nc2ccncn2n1,-4.4292
COc1ccc(-c2ccccc2)cc1NNC(=O)OC(C)C,c1ccc(-c2ccccc2)cc1,-4.9025
CCOc1cc(C(C)(C)C)ccc1C1COC(c2c(F)cccc2F)=N1,c1ccc(C2=NC(c3ccccc3)CO2)cc1,-6.6782
CCN(C(=O)n1nnn(-c2ccccc2Cl)c1=O)C1CCCCC1,O=C(NC1CCCCC1)n1nnn(-c2ccccc2)c1=O,-5.1821
CC(C)OC(=O)C1(S(=O)(=O)c2ccc([N+](=O)[O-])cc2)CCC1,O=S(=O)(c1ccccc1)C1CCC1,-3.7599
CC(C)OC(=O)C1(S(=O)(=O)c2ccc([N+](=O)[O-])cc2)CCCCC1,O=S(=O)(c1ccccc1)C1CCCCC1,-4.8796
CC(C)OC(=O)C1(S(=O)(=O)c2ccc([N+](=O)[O-])cc2)CCCCCC1,O=S(=O)(c1ccccc1)C1CCCCCC1,-5.0706
COC(=O)C1(S(=O)(=O)c2ccc(Br)cc2)CCC1,O=S(=O)(c1ccccc1)C1CCC1,-3.55
COC(=O)C1(S(=O)(=O)c2ccc(Br)cc2)CCCC1,O=S(=O)(c1ccccc1)C1CCCC1,-4.0104
COC(=O)C1(S(=O)(=O)c2ccc(Br)cc2)CCCCC1,O=S(=O)(c1ccccc1)C1CCCCC1,-4.4786
COC(=O)C1(S(=O)(=O)c2ccc(Cl)cc2)CCC1,O=S(=O)(c1ccccc1)C1CCC1,-2.9996
CC(C)OC(=O)C1(S(=O)(=O)c2ccc(Cl)cc2)CCCC1,O=S(=O)(c1ccccc1)C1CCCC1,-4.6498
CCOC(=O)C1(S(=O)(=O)c2ccc(C)cc2)CCC1,O=S(=O)(c1ccccc1)C1CCC1,-2.9594
COC(=O)C1(S(=O)(=O)c2ccccc2)CCC1,O=S(=O)(c1ccccc1)C1CCC1,-3.0005
COC(=O)C1(S(=O)(=O)c2ccccc2)CCCC1,O=S(=O)(c1ccccc1)C1CCCC1,-2.5501
CC(C)C(C(=O)OC(C#N)c1cccc(Oc2ccc(Br)cc2)c1)c1ccc(OC(F)F)cc1,O=C(Cc1ccccc1)OCc1cccc(Oc2ccccc2)c1,-8.1731
COc1cccc(C(=O)NN(C(=O)c2cc(C)cc(C)c2)C(C)(C)C)c1C,O=C(NNC(=O)c1ccccc1)c1ccccc1,-5.5664
CC(C)OC(=O)c1cc(-c2nn(C)c(C(F)(F)F)c2Br)c(F)cc1Cl,c1ccc(-c2cc[nH]n2)cc1,-6.9227
CCOC(=O)C(=Cc1ccoc1)NC=O,c1ccoc1,-2.7477
CC(C)C(C)C,,-3.5832
CCC(C)CC,,-3.6826
CC1CCCC1,C1CCCC1,-3.3019
CCCCCCCC,,-5.2382
CCCCCCC,,-4.4694
C1CCCCCCC1,C1CCCCCCC1,-4.1524
CC(C)(C)C,,-3.3371
c1ccc2c(c1)cc1ccc3cccc4ccc2c1c34,c1ccc2c(c1)cc1ccc3cccc4ccc2c1c34,-8.1924
c1ccc2c(c1)ccc1cc3c(ccc4ccccc43)cc12,c1ccc2c(c1)ccc1cc3c(ccc4ccccc43)cc12,-8.6679
Cc1ccc2cc3c(ccc4ccccc43)c3c2c1CC3,c1cc2c3c(c4ccc5ccccc5c4cc3c1)CC2,-7.9663
c1ccc2cc3c(ccc4ccccc43)cc2c1,c1ccc2cc3c(ccc4ccccc43)cc2c1,-7.3854
c1ccc2c(c1)ccc1ccccc12,c1ccc2c(c1)ccc1ccccc12,-5.1903
c1ccc2c(c1)sc1ccccc12,c1ccc2c(c1)sc1ccccc12,-5.0981
c1cc2ccc3ccc4ccc5cccc6c(c1)c2c3c4c56,c1cc2ccc3ccc4ccc5cccc6c(c1)c2c3c4c56,-9.0265
C1=Cc2cccc3cccc1c23,C1=Cc2cccc3cccc1c23,-3.9756
c1ccc2cc3c4ccccc4c4ccccc4c3cc2c1,c1ccc2cc3c4ccccc4c4ccccc4c3cc2c1,-8.2405
c1ccc2c(c1)c1ccccc1c1ccccc21,c1ccc2c(c1)c1ccccc1c1ccccc21,-6.7447
c1ccc2c(c1)ccc1c3ccccc3ccc21,c1ccc2c(c1)ccc1c3ccccc3ccc21,-8.0575
c1ccc2c(c1)ccc1cc3ccc4ccccc4c3cc12,c1ccc2c(c1)ccc1cc3ccc4ccccc4c3cc12,-8.4318
c1ccc2c(c1)Cc1cc3ccccc3cc1-2,c1ccc2c(c1)Cc1cc3ccccc3cc1-2,-7.733
O=[N+]([O-])c1c2ccccc2cc2ccccc12,c1ccc2cc3ccccc3cc2c1,-6.2918
Cc1ccc2cc3ccccc3cc2c1,c1ccc2cc3ccccc3cc2c1,-6.9555
Cc1c2ccccc2c(C)c2ccccc12,c1ccc2cc3ccccc3cc2c1,-6.5663
Cc1cccc2c1ccc1ccccc12,c1ccc2c(c1)ccc1ccccc12,-5.8541
Cc1cccc2c1Cc1ccccc1-2,c1ccc2c(c1)Cc1ccccc1-2,-5.2184
Cc1ccc2c(ccc3ccccc32)c1,c1ccc2c(c1)ccc1ccccc12,-5.8367
CCc1ccc2cc3ccccc3cc2c1,c1ccc2cc3ccccc3cc2c1,-6.8863
CC(C)(C)c1ccccc1,c1ccccc1,-3.658
CC(C)c1ccccc1,c1ccccc1,-3.2924
c1ccc(CCc2ccccc2)cc1,c1ccc(CCc2ccccc2)cc1,-4.6272
CCCc1ccccc1,c1ccccc1,-3.3622
CCCCc1ccccc1,c1ccccc1,-4.0559
CCc1ccccc1CC,c1ccccc1,-3.2759
CCc1cccc(CC)c1,c1ccccc1,-3.7476
Cc1cccc(C)c1C,c1ccccc1,-3.2037
C#Cc1ccccc1,c1ccccc1,-2.3502
CCCCCc1ccccc1,c1ccccc1,-4.6434
CC(C)Cc1ccccc1,c1ccccc1,-4.1235
CCc1ccccc1C,c1ccccc1,-3.2072
Cc1ccc(-c2ccc(C)cc2)cc1,c1ccc(-c2ccccc2)cc1,-6.0177
CCc1ccc(C)cc1,c1ccccc1,-3.1026
Cc1cc(C)c(C)c(C)c1C,c1ccccc1,-3.9807
CCCCCCc1ccccc1,c1ccccc1,-5.2551
CCCCCCCCc1ccccc1,c1ccccc1,-6.46
O=[N+]([O-])c1c(Cl)c(Cl)c(Cl)c(Cl)c1Cl,c1ccccc1,-5.8269
O=[N+]([O-])c1cc(Cl)c(Cl)cc1Cl,c1ccccc1,-3.8866
Cc1ccccc1Cl,c1ccccc1,-2.5295
Brc1ccc(Br)cc1,c1ccccc1,-4.0717
Cc1ccc(Br)cc1,c1ccccc1,-3.1917
Clc1ccc(Br)cc1,c1ccccc1,-3.6298
Brc1cccc(Br)c1,c1ccccc1,-3.5435
Clc1cccc(Br)c1,c1ccccc1,-3.2102
O=[N+]([O-])c1c(Cl)c(Cl)cc(Cl)c1Cl,c1ccccc1,-5.0963
Fc1ccc(CCl)cc1,c1ccccc1,-2.5442
Fc1ccc(F)cc1,c1ccccc1,-1.9709
Brc1ccccc1Br,c1ccccc1,-3.5
Cc1cccc(Br)c1,c1ccccc1,-3.523
Fc1cccc(Cl)c1,c1ccccc1,-2.3457
Clc1ccc(Cl)c(Cl)c1Cl,c1ccccc1,-4.5619
O=[N+]([O-])c1cc(Cl)c(Cl)c(Cl)c1Cl,c1ccccc1,-4.5531
Fc1cccc(Br)c1,c1ccccc1,-2.6656
O=[N+]([O-])c1ccc(Cl)c(Cl)c1Cl,c1ccccc1,-3.94
O=[N+]([O-])c1c(Cl)cc(Cl)cc1Cl,c1ccccc1,-4.5591
CN(C)C,,1.1777
CCN(CC)c1ccccc1,c1ccccc1,-3.0278
CNc1ccccc1,c1ccccc1,-1.2803
c1ccc(Nc2ccccc2)cc1,c1ccc(Nc2ccccc2)cc1,-3.5042
COc1ccc(C=O)cc1,c1ccccc1,-1.5016
Nc1cc(Cl)cc(Cl)c1,c1ccccc1,-2.3153
Oc1c(Cl)c(Cl)c(Cl)c(Cl)c1Cl,c1ccccc1,-4.2793
CCc1ccccc1O,c1ccccc1,-1.3594
COc1ccccc1O,c1ccccc1,-0.8221
COc1cccc(OC)c1O,c1ccccc1,-0.9525
Oc1ccc(-c2ccccc2)cc1,c1ccc(-c2ccccc2)cc1,-3.4812
Oc1cc(Cl)c(Cl)cc1Cl,c1ccccc1,-2.2163
Cc1ccc(O)c(C)c1,c1ccccc1,-1.1909999999999998
Oc1ccc(Br)cc1,c1ccccc1,-1.092
COc1ccc(O)cc1,c1ccccc1,-0.4919
Cc1cc(C)c(O)c(C)c1,c1ccccc1,-2.055
Oc1cccc(Cl)c1Cl,c1ccccc1,-1.6559
Oc1cccc(Br)c1,c1ccccc1,-0.8764
Oc1cc(Cl)cc(Cl)c1,c1ccccc1,-1.5590000000000002
Oc1ccc(Br)cc1Br,c1ccccc1,-2.1225
O=C(O)C(O)(c1ccccc1)c1ccccc1,c1ccc(Cc2ccccc2)cc1,-2.2092
C=C1C[C@]23C[C@@]1(O)CC[C@H]2[C@@]12C=C[C@H](O)C(C)(C(=O)O1)[C@H]2[C@@H]3C(=O)O,C=C1CC23CC1CCC2C12C=CCC(C(=O)O1)C2C3,-1.8406
O=C(O)CCl,,0.9277
CC(C)C(=O)O,,0.2777
CCC(Br)C(=O)O,,-0.3776
O=C(O)Cc1cccc2ccccc12,c1ccc2ccccc2c1,-2.6468
O=C(O)Cc1c[nH]c2ccccc12,c1ccc2[nH]ccc2c1,-2.0674
CCC(CC)C(=O)O,,-0.8098
Cc1cc(Cl)ccc1OCC(=O)O,c1ccccc1,-2.503
O=C(O)CCCCCC(=O)O,,-0.5056
CCCCCCCCCCC(=O)O,,-3.5525
O=C(O)COc1ccccc1,c1ccccc1,-1.1031
O=C(O)COc1ccc(Cl)cc1,c1ccccc1,-2.29
O=C(O)/C=C/c1ccccc1,c1ccccc1,-2.4335
CCCCC(CC)C(=O)O,,-1.858
CCCCCCCCCCCCCC(=O)O,,-5.3293
O=C(O)COc1ccc(Cl)c(Cl)c1,c1ccccc1,-2.6846
O=C(O)COc1ccccc1Cl,c1ccccc1,-2.1637
COc1ccc(/C=C/C(=O)O)cc1,c1ccccc1,-2.3984
O=C(O)c1cc(Cl)cc(Cl)c1,c1ccccc1,-3.1137
O=C(O)c1ccc(Cl)c(Cl)c1,c1ccccc1,-3.495
O=C(O)c1cccc2ccccc12,c1ccc2ccccc2c1,-3.3015
O=C(O)c1ccsc1,c1ccsc1,-1.4743
O=C(O)c1ccco1,c1ccoc1,-0.4802
O=C(O)c1ccccc1I,c1ccccc1,-2.7308
O=C(O)c1ccc2ccccc2c1,c1ccc2ccccc2c1,-3.5639
Cc1cccc(C(=O)O)c1,c1ccccc1,-2.1428
COc1ccc(C(=O)O)cc1,c1ccccc1,-2.458
Cc1ccccc1C(=O)O,c1ccccc1,-2.0621
O=C(O)c1cccc(F)c1,c1ccccc1,-1.9704
O=C(O)c1ccc(F)cc1,c1ccccc1,-2.0673
O=C(O)c1cccc(Cl)c1,c1ccccc1,-2.5415
CC(C)c1ccc(C(=O)O)cc1,c1ccccc1,-3.0364
O=C(O)c1cccc(Br)c1,c1ccccc1,-2.699
O=C(O)c1ccc(Br)cc1,c1ccccc1,-3.5251
O=C(O)c1cccc(I)c1,c1ccccc1,-3.2706
O=C(O)c1ccc(I)cc1,c1ccccc1,-3.9631
CC(C)(C)CO,,-0.4012
CCC(C)O,,0.3877
OC(c1ccccc1)c1ccccc1,c1ccc(Cc2ccccc2)cc1,-2.5494
OCc1ccccc1,c1ccccc1,-0.4319
OC1CCCCC1,C1CCCCC1,-0.3774
CCCCCCCO,,-1.8425
OCCCc1ccccc1,c1ccccc1,-1.3798
CCCCCCC(C)O,,-2.0655
CCCCCC(C)O,,-1.5507
CCC(O)CC,,-0.2334
Cc1ccc(CO)cc1,c1ccccc1,-1.1999
CCCC(O)CCC,,-1.3931
CCCCC(O)CC,,-1.4631
CC1CCC(O)CC1,C1CCCCC1,-0.8815
CCCC(O)CC,,-0.8025
CCCCC(C)O,,-0.8726
OCc1c(Cl)cccc1Cl,c1ccccc1,-2.1019
CBr,,-0.7956
CCBr,,-1.086
CCI,,-1.6009
ICI,,-2.3345
CC(C)Cl,,-1.4037
CC(Cl)Cl,,-1.2913
FC(Cl)Cl,,-0.7383
FC(F)F,,-1.2334
FC(Cl)(Cl)Cl,,-2.0965
ClC(Cl)C(Cl)(Cl)Cl,,-2.6248
FC(F)(Cl)C(F)(Cl)Cl,,-3.0423
ClC(Cl)C(Cl)Cl,,-1.7536
BrC1CCCCC1,C1CCCCC1,-2.2943
CCCCCBr,,-3.0753
CCCCCCBr,,-3.8078
ClCCCCl,,-1.6137
CCCCCCCBr,,-4.431
CCCCCCCCl,,-3.9957
CCCCCCCI,,-4.8102
O=Cc1ccco1,c1ccoc1,-0.0962
O=Cc1ccc2c(c1)OCO2,c1ccc2c(c1)OCO2,-1.6324
O=Cc1ccccc1[N+](=O)[O-],c1ccccc1,-1.8138
O=Cc1ccc([N+](=O)[O-])cc1,c1ccccc1,-1.8101
C=C(C)C(=O)OCC,,-1.3251
C=C(C)C(=O)OCC(C)C,,-2.039
CCOC(=O)NC,,0.8255
CCOC(=O)CCC(=O)OCC,,-0.96
CCCCOC(=O)c1ccccc1,c1ccccc1,-3.4801
CC(=O)OCc1ccccc1,c1ccccc1,-1.6853
CCOC(=O)CC(C)=O,,-0.073
CCC(=O)OC,,-0.1498
CC(C)OC(=O)c1ccccc1C(=O)OC(C)C,c1ccccc1,-2.8773
CC(=O)OCCBr,,-0.6737
CCC(=O)CC,,-0.253
CC(=O)CCC(C)C,,-1.3252
CC(=O)C(C)C,,-0.1513
CCCCCCCCC(C)=O,,-3.3085
CC(C)(O)C(Cl)(Cl)Cl,,-1.346
OCC(Cl)(Cl)Cl,,-0.2537
N#Cc1ccccc1,c1ccccc1,-1.7123
CCC#N,,0.2718
C=CC#N,,0.1474
CCCC#N,,-0.321
N#Cc1c(Cl)cccc1Cl,c1ccccc1,-3.9803
C=CCCCCCC,,-4.4373
C=CCCCCCCC,,-5.052
C1=CC=CCC=C1,C1=CC=CCC=C1,-2.1721
C/C=C\C,,-1.9302
C=CCC=C,,-2.0866
C=CCCCC,,-3.2261
C=CCCC=C,,-2.6867
C=CCCCCC,,-3.732
C1=CCC=CC1,C1=CCC=CC1,-2.0587
Cc1c[nH]c2ccccc12,c1ccc2[nH]ccc2c1,-2.4206
c1ccc2n[nH]nc2c1,c1ccc2n[nH]nc2c1,-0.7794
c1ccc2sccc2c1,c1ccc2sccc2c1,-3.0138
c1cc[nH]c1,c1cc[nH]c1,-0.1734
c1ccc2[nH]ncc2c1,c1ccc2[nH]ncc2c1,-2.1554
c1ccc2ocnc2c1,c1ccc2ocnc2c1,-1.1548
c1ccc2c(c1)CCC2,c1ccc2c(c1)CCC2,-3.0351
Cc1ccco1,c1ccoc1,-1.4372
COCc1ccc([N+](=O)[O-])o1,c1ccoc1,-1.1548
Cc1nc2ccccc2[nH]1,c1ccc2[nH]cnc2c1,-1.9598
CSc1nc2ccccc2s1,c1ccc2scnc2c1,-3.1614
Cc1ccsc1,c1ccsc1,-2.3899
CCc1cccs1,c1ccsc1,-2.5846
S=C1NCCN1,S=C1NCCN1,-0.7083
C=C(F)F,,-0.7061
ClC1=C(Cl)C(Cl)(Cl)C(Cl)=C1Cl,C1=CCC=C1,-5.1805
ClC(Cl)=C(Cl)C(Cl)=C(Cl)Cl,,-4.9111
C=CCBr,,-1.4995
C=CCCBr,,-2.2473
Cc1cccc2ccccc12,c1ccc2ccccc2c1,-3.7413
Clc1cccc2ccccc12,c1ccc2ccccc2c1,-3.9706
Cc1ccc2ccccc2c1,c1ccc2ccccc2c1,-3.762
Clc1ccc2ccccc2c1,c1ccc2ccccc2c1,-4.143
Nc1cccc2ccccc12,c1ccc2ccccc2c1,-1.9255
Oc1ccc2ccccc2c1,c1ccc2ccccc2c1,-2.2809
S=C=Nc1cccc2ccccc12,c1ccc2ccccc2c1,-4.6022
Cc1ccc(C)c2ccccc12,c1ccc2ccccc2c1,-4.1369
Cc1cc(C)c2ccccc2c1,c1ccc2ccccc2c1,-4.2907
Cc1ccc2cc(C)ccc2c1,c1ccc2ccccc2c1,-4.8927
Cc1ccc2cc(C)c(C)cc2c1,c1ccc2ccccc2c1,-5.0007
CCc1ccc2ccccc2c1,c1ccc2ccccc2c1,-4.2901
CCc1cccc2ccccc12,c1ccc2ccccc2c1,-4.1644
OCc1cccc2ccccc12,c1ccc2ccccc2c1,-1.7444
c1ccc2c(c1)Oc1ccccc1O2,c1ccc2c(c1)Oc1ccccc1O2,-5.3106
Clc1cccc2c1Oc1ccccc1O2,c1ccc2c(c1)Oc1ccccc1O2,-5.7196
Clc1ccc2c(c1)Oc1ccccc1O2,c1ccc2c(c1)Oc1ccccc1O2,-5.8359
Cc1ccccc1[N+](=O)[O-],c1ccccc1,-2.3243
COc1ccccc1[N+](=O)[O-],c1ccccc1,-1.9572
O=[N+]([O-])c1cc([N+](=O)[O-])cc([N+](=O)[O-])c1,c1ccccc1,-2.8846
O=[N+]([O-])c1cccc([N+](=O)[O-])c1,c1ccccc1,-2.4989
COc1ccc([N+](=O)[O-])cc1,c1ccccc1,-2.4142
O=[N+]([O-])c1ccc([N+](=O)[O-])cc1,c1ccccc1,-3.3867
Cc1c([N+](=O)[O-])cc([N+](=O)[O-])cc1[N+](=O)[O-],c1ccccc1,-3.2423
O=[N+]([O-])c1ccccc1[N+](=O)[O-],c1ccccc1,-3.1017
COc1cccc([N+](=O)[O-])c1,c1ccccc1,-2.4861
Cc1c([N+](=O)[O-])cccc1[N+](=O)[O-],c1ccccc1,-3.0003
Cc1ccc([N+](=O)[O-])c([N+](=O)[O-])c1,c1ccccc1,-3.2604
CCOC(N)=O,,0.7314
C=CC(N)=O,,0.9544
CCCC(N)=O,,0.2721
O=[N+]([O-])OCC(O)CO[N+](=O)[O-],,-0.366
CCCC[N+](=O)[O-],,-1.3506
CCCCC[N+](=O)[O-],,-1.9548
O=[N+]([O-])OCCO[N+](=O)[O-],,-1.3495
C#CCCC,,-1.6374
CCOCC,,-0.0889
CCCOCCC,,-1.3192
CCCCCCOCCO,,-1.1694
CCCCOCCOCCCC,,-1.9402
C1CCOCC1,C1CCOCC1,-0.031
CCCCOCCCC,,-2.6376
FC(F)OC(F)(F)C(F)Cl,,-1.5162
FC(F)OC(Cl)C(F)(F)F,,-1.6157
CCN(CC)N=O,,0.0161
O=NN(c1ccccc1)c1ccccc1,c1ccc(Nc2ccccc2)cc1,-3.7531
O=Nc1ccc2ccccc2c1O,c1ccc2ccccc2c1,-2.5395
CC(C)N(N=O)C(C)C,,-1.0006
CCCN(CCC)N=O,,-1.0006
CCCCN(CCCC)N=O,,-2.0955
CCCCN(CC)N=O,,-1.0354
CCCCN(C)N=O,,-0.6996
CCN(C)N=O,,0.5321
Brc1ccc(-c2ccccc2)cc1,c1ccc(-c2ccccc2)cc1,-5.5526
Cc1ccc(-c2ccccc2)cc1,c1ccc(-c2ccccc2)cc1,-4.6185
Clc1cccc(-c2cccc(Cl)c2)c1,c1ccc(-c2ccccc2)cc1,-5.7983
Clc1ccc(-c2ccc(Cl)cc2)cc1,c1ccc(-c2ccccc2)cc1,-6.5561
Clc1ccccc1-c1ccccc1,c1ccc(-c2ccccc2)cc1,-4.5917
Clc1ccc(-c2ccccc2)cc1Cl,c1ccc(-c2ccccc2)cc1,-6.3899
Clc1ccccc1-c1ccccc1Cl,c1ccc(-c2ccccc2)cc1,-5.0813
Clc1cccc(Cl)c1-c1c(Cl)cccc1Cl,c1ccc(-c2ccccc2)cc1,-7.3898
Clc1cccc(-c2ccccc2)c1Cl,c1ccc(-c2ccccc2)cc1,-5.3498
Clc1c(Cl)c(Cl)c(-c2ccccc2)c(Cl)c1Cl,c1ccc(-c2ccccc2)cc1,-7.9107
Clc1cccc(-c2ccccc2Cl)c1,c1ccc(-c2ccccc2)cc1,-5.5851
Clc1ccc(-c2cc(Cl)c(Cl)cc2Cl)cc1Cl,c1ccc(-c2ccccc2)cc1,-7.3867
Clc1ccc(-c2ccc(Cl)c(Cl)c2)c(Cl)c1,c1ccc(-c2ccccc2)cc1,-6.8995
Clc1ccc(Cl)c(-c2ccc(Cl)c(Cl)c2)c1,c1ccc(-c2ccccc2)cc1,-6.8526
Clc1ccc(-c2cc(Cl)c(Cl)cc2Cl)cc1,c1ccc(-c2ccccc2)cc1,-7.7699
Clc1ccc(-c2ccc(Cl)c(Cl)c2Cl)cc1,c1ccc(-c2ccccc2)cc1,-6.8754
Clc1ccc(-c2ccccc2)c(Cl)c1,c1ccc(-c2ccccc2)cc1,-5.2878
Clc1ccc(Cl)c(-c2ccccc2)c1,c1ccc(-c2ccccc2)cc1,-5.2993
Clc1ccc(-c2ccccc2Cl)cc1,c1ccc(-c2ccccc2)cc1,-5.2803
Clc1cc(Cl)c(-c2ccc(Cl)c(Cl)c2Cl)cc1Cl,c1ccc(-c2ccccc2)cc1,-8.3813
Brc1ccc(-c2ccc(Br)c(Br)c2Br)c(Br)c1Br,c1ccc(-c2ccccc2)cc1,-7.7563
Clc1ccc(-c2ccccc2Cl)c(Cl)c1,c1ccc(-c2ccccc2)cc1,-6.4902
Clc1ccc(Cl)c(-c2cc(Cl)c(Cl)cc2Cl)c1,c1ccc(-c2ccccc2)cc1,-7.3263
Clc1ccc(Cl)c(-c2c(Cl)ccc(Cl)c2Cl)c1,c1ccc(-c2ccccc2)cc1,-7.1895
Clc1ccc(-c2cc(Cl)c(Cl)cc2Cl)c(Cl)c1,c1ccc(-c2ccccc2)cc1,-7.9503
Clc1ccc(-c2c(Cl)ccc(Cl)c2Cl)cc1Cl,c1ccc(-c2ccccc2)cc1,-7.6499
Clc1ccc(Cl)c(-c2c(Cl)ccc(Cl)c2Cl)c1Cl,c1ccc(-c2ccccc2)cc1,-7.9032
Clc1ccccc1-c1c(Cl)cccc1Cl,c1ccc(-c2ccccc2)cc1,-5.9003
Clc1ccc(-c2c(Cl)cccc2Cl)cc1,c1ccc(-c2ccccc2)cc1,-6.2095
Clc1ccccc1-c1cccc(Cl)c1Cl,c1ccc(-c2ccccc2)cc1,-5.944
Clc1cccc(-c2cc(Cl)ccc2Cl)c1,c1ccc(-c2ccccc2)cc1,-6.0077
Clc1ccc(-c2ccccc2Cl)cc1Cl,c1ccc(-c2ccccc2)cc1,-6.287000000000001
Clc1ccc(-c2ccc(Cl)c(Cl)c2)cc1,c1ccc(-c2ccccc2)cc1,-6.5541
Clc1cccc(-c2cccc(Cl)c2Cl)c1Cl,c1ccc(-c2ccccc2)cc1,-7.2722
Clc1ccc(Cl)c(-c2cccc(Cl)c2Cl)c1,c1ccc(-c2ccccc2)cc1,-6.4654
Clc1ccccc1-c1ccc(Cl)c(Cl)c1Cl,c1ccc(-c2ccccc2)cc1,-6.8299
Clc1ccc(Cl)c(-c2cc(Cl)cc(Cl)c2Cl)c1,c1ccc(-c2ccccc2)cc1,-7.8201
Clc1cc(Cl)c(Cl)c(-c2c(Cl)ccc(Cl)c2Cl)c1,c1ccc(-c2ccccc2)cc1,-7.8218
Clc1cccc(-c2cc(Cl)c(Cl)c(Cl)c2Cl)c1Cl,c1ccc(-c2ccccc2)cc1,-8.4206
NC(=O)c1ccccc1,c1ccccc1,-0.953
CC1=CC(=O)c2ccccc2C1=O,O=C1C=CC(=O)c2ccccc21,-3.0319
ClCc1ccccc1,c1ccccc1,-2.3822
CSc1ccccc1,c1ccccc1,-2.39
O=CNc1ccccc1,c1ccccc1,-0.6785
S=C=Nc1ccccc1,c1ccccc1,-3.1772
CC(=O)Nc1ccccc1Cl,c1ccccc1,-1.4001
CC(=O)Nc1cccc(C)c1,c1ccccc1,-2.091
CC(=O)Nc1ccccc1[N+](=O)[O-],c1ccccc1,-1.9093
S=C=NCc1ccccc1,c1ccccc1,-3.1364
Oc1ccc2c(c1)CCCC2,c1ccc2c(c1)CCCC2,-1.9948
NC(=O)c1c(Cl)cccc1Cl,c1ccccc1,-1.8427
Cc1cccc(Oc2ccc([N+](=O)[O-])cc2)c1,c1ccc(Oc2ccccc2)cc1,-4.6613
CCNCNC(=O)c1ccccc1,c1ccccc1,-0.0749
CNCC(C)c1ccccc1,c1ccccc1,-1.0947
O=NN1CCCCC1,C1CCNCC1,-0.1738
c1ccc(N=Nc2ccccc2)cc1,c1ccc(N=Nc2ccccc2)cc1,-4.4544
COC(=O)[C@@H]1C2CCC(C[C@@H]1OC(=O)c1ccccc1)N2C,O=C(OC1CC2CCC(C1)N2)c1ccccc1,-2.2267
CN(C)CCCN1c2ccccc2CCc2ccccc21,c1ccc2c(c1)CCc1ccccc1N2,-4.187
COP(=O)(OC)OC,,0.5526
CC(C)OP(C)(=O)OC(C)C,,-0.0516
NC(=O)NCc1ccccc1,c1ccccc1,-0.9462
NS(=O)(=O)c1ccccc1,c1ccccc1,-1.5630000000000002
Cc1cccc(S(N)(=O)=O)c1,c1ccccc1,-1.3409
O=P1(N(CCCl)CCCl)NCCCO1,O=[PH]1NCCCO1,-0.8147
Clc1ccc(C(c2ccc(Cl)cc2)C(Cl)(Cl)Cl)cc1,c1ccc(Cc2ccccc2)cc1,-7.8092
COP(=S)(OC)Oc1ccc(SC)c(C)c1,c1ccccc1,-4.5695
CNC(=O)CSP(=S)(OC)OC,,-0.9624
ClC(Cl)=C(c1ccc(Cl)cc1)c1ccc(Cl)cc1,C=C(c1ccccc1)c1ccccc1,-6.9004
O=C(O)COc1ccc(Cl)cc1Cl,c1ccccc1,-2.5139
CCOP(=S)(OCC)Oc1ccc(Cl)cc1Cl,c1ccccc1,-6.1094
CC(C)OC(=O)Nc1cccc(Cl)c1,c1ccccc1,-3.3804
CN(C)C(=O)Nc1ccccc1,c1ccccc1,-1.6101
CC(CCl)OC(C)CCl,,-2.0027
OC(c1ccc(Cl)cc1)(c1ccc(Cl)cc1)C(Cl)(Cl)Cl,c1ccc(Cc2ccccc2)cc1,-5.6657
CC(Oc1ccc(Cl)cc1Cl)C(=O)O,c1ccccc1,-2.8271
CCOC(=O)CC(SP(=S)(OC)OC)C(=O)OCC,,-3.3637
CC(C)OC(=O)Nc1ccccc1,c1ccccc1,-3.0005
CCOP(=S)(OCC)SCSCC,,-3.7166
CCOP(=S)(OCC)SCCSCC,,-4.2262
COP(=S)(OC)Oc1cc(Cl)c(Cl)cc1Cl,c1ccccc1,-5.5072
COP(=S)(NC(C)C)Oc1ccc(Cl)cc1Cl,c1ccccc1,-4.7982
CNP(=O)(OC)Oc1ccc(C(C)(C)C)cc1Cl,c1ccccc1,-3.1639
COP(=O)(OC)OC(Br)C(Cl)(Cl)Br,,-2.2797
CCOP(=O)(OCC)Oc1ccc([N+](=O)[O-])cc1,c1ccccc1,-2.0594
CCOP(=S)(CC)Oc1cc(Cl)c(Cl)cc1Cl,c1ccccc1,-5.7524
CN(C)C(=O)Nc1ccc(Cl)c(Cl)c1,c1ccccc1,-3.7443
CON(C)C(=O)Nc1ccc(Cl)c(Cl)c1,c1ccccc1,-3.5213
CCOP(=O)(OCC)O/C(=C\Cl)c1ccc(Cl)cc1Cl,c1ccccc1,-3.4624
COP(=S)(OC)Oc1ccc([N+](=O)[O-])c(Cl)c1,c1ccccc1,-3.8717
CCCCN(C)C(=O)Nc1ccc(Cl)c(Cl)c1,c1ccccc1,-4.7584
CCCCOC(N)=O,,-0.6571
COC(N)=O,,0.964
CCCOC(N)=O,,-0.1302
CCC(=O)Nc1ccc(Cl)c(Cl)c1,c1ccccc1,-2.9864
COP(=S)(OC)SCSc1ccc(Cl)cc1,c1ccccc1,-5.2939
CNC(=O)Oc1cccc(C)c1,c1ccccc1,-1.803
N#Cc1c(Cl)c(Cl)c(Cl)c(C#N)c1Cl,c1ccccc1,-5.6466
CCOP(=S)(Oc1ccc([N+](=O)[O-])cc1)c1ccccc1,S=[PH](Oc1ccccc1)c1ccccc1,-5.0169
COP(=S)(OC)Oc1cc(Cl)c(Br)cc1Cl,c1ccccc1,-6.0864
CN(C)C(=O)Nc1cccc(C(F)(F)F)c1,c1ccccc1,-3.4365
CCSC(=O)N1CCCCCC1,C1CCCNCC1,-2.2858
CCCC(C)C(=O)Nc1ccc(C)c(Cl)c1,c1ccccc1,-4.4503
CNC(=O)Oc1cc(C)cc(C(C)C)c1,c1ccccc1,-3.3575
CNC(=O)Oc1ccccc1C(C)C,c1ccccc1,-2.6841
COP(=S)(OC)Oc1ccc(C#N)cc1,c1ccccc1,-3.7232
CNC(=O)Oc1cc(C)cc(C)c1,c1ccccc1,-2.5813
CON(C)C(=O)Nc1ccc(Br)cc1,c1ccccc1,-2.895
COP(=S)(OC)Oc1ccc(Sc2ccc(OP(=S)(OC)OC)cc2)cc1,c1ccc(Sc2ccccc2)cc1,-6.2375
C#CC(C)N(C)C(=O)Nc1ccc(Cl)cc1,c1ccccc1,-3.8971
COP1(=S)OCc2ccccc2O1,S=[PH]1OCc2ccccc2O1,-3.5714
CCOP(=S)(OCC)Oc1cc(Cl)c(Br)cc1Cl,c1ccccc1,-5.9521
CCCC(C)(C)C(=O)Nc1ccc(Cl)cc1,c1ccccc1,-4.0218
CCCOP(=O)(OCCC)Oc1ccc(SC)cc1,c1ccccc1,-3.3865
CCOP(=S)(Oc1ccc(C#N)cc1)c1ccccc1,S=[PH](Oc1ccccc1)c1ccccc1,-5.7037
CCOP(=S)(OCC)SCSC(C)(C)C,,-4.755
CON(C)C(=O)Nc1ccc(Br)c(Cl)c1,c1ccccc1,-3.9236
Cc1ccc(NC(=O)N(C)C)cc1Cl,c1ccccc1,-3.4826
CCOP(=O)(Sc1ccccc1)Sc1ccccc1,O=[PH](Sc1ccccc1)Sc1ccccc1,-3.3305
COP(=S)(OC)Oc1cc(Cl)c(I)cc1Cl,c1ccccc1,-6.6160000000000005
COP(=S)(Oc1cc(Cl)c(Br)cc1Cl)c1ccccc1,S=[PH](Oc1ccccc1)c1ccccc1,-7.1379
CCOP(=O)(NC(C)C)Oc1ccc(SC)c(C)c1,c1ccccc1,-2.9648
CCCOP(=S)(OCCC)SCC(=O)N1CCCCC1C,C1CCNCC1,-4.1504
CCOP(=S)(NC(C)C)Oc1ccccc1C(=O)OC(C)C,c1ccccc1,-4.1939
CC(C)OP(=O)(OC(C)C)SCc1ccccc1,c1ccccc1,-2.8579
CCN(CC)C(=O)SCc1ccc(Cl)cc1,c1ccccc1,-3.9641
CC(C)C(C(=O)OC(C#N)c1cccc(Oc2ccccc2)c1)c1ccc(Cl)cc1,O=C(Cc1ccccc1)OCc1cccc(Oc2ccccc2)c1,-7.2429
CCCN,,1.2283
CC=O,,1.3561
CN(C)N=O,,1.1303
[O-][n+]1ccccc1,c1cc[nH+]cc1,1.0218
CSSC,,-1.4969
Cc1cccnc1C,c1ccncc1,0.0938
Cc1ccnc(C)c1,c1ccncc1,0.4471
Cc1ccc(C)nc1,c1ccncc1,-0.03
Cc1ccncc1C,c1ccncc1,-0.314
Cc1cncc(C)c1,c1ccncc1,-0.5115
C=Cc1ccccn1,c1ccncc1,-0.5824
C=Cc1ccncc1,c1ccncc1,-0.5579
c1ccc(-c2ccccn2)nc1,c1ccc(-c2ccccn2)nc1,-1.4206
c1cc(-c2ccncc2)ccn1,c1cc(-c2ccncc2)ccn1,-1.5376
c1cnc2c(c1)ccc1ncccc12,c1cnc2c(c1)ccc1ncccc12,-2.6806
c1ccc2nc3ccccc3cc2c1,c1ccc2nc3ccccc3cc2c1,-3.6691
c1ccc2c(c1)ccc1ncccc12,c1ccc2c(c1)ccc1ncccc12,-3.3574
c1ccc2cnccc2c1,c1ccc2cnccc2c1,-1.456
c1ccc2nc(-c3ccc4ccccc4n3)ccc2c1,c1ccc2nc(-c3ccc4ccccc4n3)ccc2c1,-5.4002
c1ccc2cnncc2c1,c1ccc2cnncc2c1,-0.4155
CCOP(=S)(OCC)Oc1cc(C)nc(C(C)C)n1,c1cncnc1,-3.8813
Oc1ccc(Cl)cc1Cc1cc(Cl)ccc1O,c1ccc(Cc2ccccc2)cc1,-3.9528
CCCCCCc1ccc(O)cc1O,c1ccccc1,-2.5895
CC/C(=C(/CC)c1ccc(O)cc1)c1ccc(O)cc1,C(=Cc1ccccc1)c1ccccc1,-4.3495
Nc1ccc(-c2ccc(N)c(Cl)c2)cc1Cl,c1ccc(-c2ccccc2)cc1,-4.912
Nc1ccc(N)cc1,c1ccccc1,-0.4658
COc1cc(-c2ccc(N)c(OC)c2)ccc1N,c1ccc(-c2ccccc2)cc1,-3.6098
Cc1ccc(S(C)(=O)=O)cc1,c1ccccc1,-1.9873
CCN(C=O)CC,,0.995
CCOC(=O)[C@H](Cc1c[nH]c2ccccc12)N(C)C=O,c1ccc2[nH]ccc2c1,-2.2709
C=CS(=O)(=O)Nc1ccccc1,c1ccccc1,-1.4996
Cc1ccc(NO)cc1,c1ccccc1,-0.7894
ONc1ccccc1,c1ccccc1,-0.4359
CCOP(=S)(OCC)SCC[S+]([O-])CC,,-1.8609
CCOP(=O)(OCC)SC[S+]([O-])CC,,-1.5124
CC[S+]([O-])CCSP(=S)(OC)OC,,-0.9137
[O-][S+](CCCl)CCCl,,-1.1641
CC[S+]([O-])CSP(=S)(OC(C)C)OC(C)C,,-2.3074
CCOP(=S)(OCC)SCS(=O)(=O)C(C)(C)C,,-2.8951
CCS(=O)(=O)CC,,0.0433
CCS(=O)(=O)CI,,-0.9714
CCOS(=O)(=O)c1ccccc1,c1ccccc1,-2.1308
COS(=O)(=O)c1ccccc1,c1ccccc1,-1.7419
Cc1ccc(S(=O)(=O)Oc2c(C(=O)c3ccc(Cl)cc3Cl)c(C)nn2C)cc1,O=C(c1ccccc1)c1cn[nH]c1OS(=O)(=O)c1ccccc1,-6.8946
Nc1ccc(S(=O)(=O)c2ccc(Cl)cc2)cc1,O=S(=O)(c1ccccc1)c1ccccc1,-4.1267
Nc1ccc(N)c(S(=O)(=O)c2ccccc2C(=O)O)c1,O=S(=O)(c1ccccc1)c1ccccc1,-1.8395
CC(=O)Nc1ccc(S(=O)(=O)c2ccc(N)cc2)cc1,O=S(=O)(c1ccccc1)c1ccccc1,-3.6116
CCC(CC)COC(=O)NS(N)(=O)=O,,-1.7487
CCCCOC(=O)NS(N)(=O)=O,,-1.0375
CCCCC(CC)COC(=O)NS(N)(=O)=O,,-2.402
CC(C)N1C(=O)c2ccccc2NS1(=O)=O,O=C1NS(=O)(=O)Nc2ccccc21,-2.6817
O=C(O)C(=O)c1ccc2c(c1)OCO2,c1ccc2c(c1)OCO2,-1.1912
O=C1C(=O)c2ccccc2-c2ccccc21,O=C1C(=O)c2ccccc2-c2ccccc21,-4.4435
O=C(O)C(=O)c1c(C(=O)O)cccc1C(=O)O,c1ccccc1,-0.4541
Cc1cc(=S)n(C)n1-c1ccccc1,S=c1ccn(-c2ccccc2)[nH]1,-1.6668
N[C@@H](CS/C(Cl)=C/Cl)C(=O)O,,-1.4895
CC(=O)CC1=NCCS1,C1=NCCS1,-1.156
Cc1ccc(P(=O)(O)O)c(C)c1,c1ccccc1,-1.0938
O=P(O)(O)c1cccc2ccccc12,c1ccc2ccccc2c1,-1.6194
CCCCOC(=O)N(C)SN(C)C(=O)Oc1cccc2c1OC(C)(C)C2,c1ccc2c(c1)CCO2,-4.5412
CCOC(=O)CCN(SN(C)C(=O)Oc1cccc2c1OC(C)(C)C2)C(C)C,c1ccc2c(c1)CCO2,-4.7103
CCCCN(CCCC)SN(C)C(=O)Oc1cccc2c1OC(C)(C)C2,c1ccc2c(c1)CCO2,-6.1033
C=O,,1.1206
C#CC#C,,-0.7241
O=C1CC=CS1,O=C1CC=CS1,-0.2225
COS(=O)(=O)OC,,-0.6537
CC(=O)C(=O)c1ccccc1,c1ccccc1,-1.7558
CC(=O)C(C)=O,,0.3661
CCC(=O)C(C)=O,,-0.1764
O=C(S)CCCCC(=O)S,,-1.7326
COC(=O)OC(C)C(=O)OC,,-0.6003
CCOP(=S)(OCC)O/N=C(\C#N)c1ccccc1Cl,c1ccccc1,-5.2917
NC(=S)c1c(Cl)cccc1Cl,c1ccccc1,-2.3363
CC(=O)CSC#N,,-0.2162
N#CSCC(CSC#N)SC#N,,-1.9351
O=S(=O)(O)c1c(Br)c(Br)c(Br)c(Br)c1Br,c1ccccc1,-2.0061
O=S(=O)(O)c1ccc2oc3ccccc3c2c1,c1ccc2c(c1)oc1ccccc12,-0.4655
O=C=O,,-1.4748
COc1cccc(N(C)C(=S)Oc2cccc(C(C)(C)C)c2)n1,S=C(Nc1ccccn1)Oc1ccccc1,-6.013999999999999
O=S1(=O)OCC2C(CO1)C1(Cl)C(Cl)=C(Cl)C2(Cl)C1(Cl)Cl,O=S1(=O)OCC2C3C=CC(C3)C2CO1,-5.945
C#CCOS(=O)OC1CCCCC1Oc1ccc(C(C)(C)C)cc1,c1ccc(OC2CCCCC2)cc1,-5.8457
O=S1OC[C@@H]2[C@H](CO1)C1(Cl)C(Cl)=C(Cl)[C@@]2(Cl)C1(Cl)Cl,O=S1OCC2C3C=CC(C3)C2CO1,-5.9019
O=S1OCCO1,O=S1OCCO1,0.2214
CCOP(=S)(OCC)OP(=S)(OCC)OCC,,-4.0312
OC(=S)c1cccnc1,c1ccncc1,-1.3801
CCOC(=S)SC(C)C(=O)O,,-1.4489
Brc1cc(Br)cc(Br)c1,c1ccccc1,-5.6004
Oc1c(Br)cc(Br)cc1Br,c1ccccc1,-3.6745
Nc1c(Cl)cc(Cl)cc1Cl,c1ccccc1,-3.6912
O=C(O)C(CO)c1ccccc1,c1ccccc1,-0.9305
O=C(O)c1ccccc1-c1ccccc1C(=O)O,c1ccc(-c2ccccc2)cc1,-2.2839
OCc1ccccc1O,c1ccccc1,-0.2946
FC(F)(F)Cl,,-3.0647
CCCCCCCCBr,,-5.0631
FC(F)(F)C(Cl)Br,,-1.7043
CC(=O)OC[C@@H](OC(C)=O)[C@@H](OC(C)=O)[C@H](OC(C)=O)[C@H](C=O)OC(C)=O,,-2.4154
CC(=O)c1ccc(N)cc1,c1ccccc1,-1.6058
CN(C)c1nc(N(C)C)nc(N(C)C)n1,c1ncncn1,-3.3638
Cc1cc(=O)[nH]o1,O=c1cco[nH]1,-0.0666
NC(=S)Nc1cccc2ccccc12,c1ccc2ccccc2c1,-2.5278
NC(=S)Nc1ccccc1,c1ccccc1,-1.7898
Clc1cc2c(cc1Cl)Oc1cc(Cl)c(Cl)cc1O2,c1ccc2c(c1)Oc1ccccc1O2,-9.2068
Clc1c(Cl)c(Cl)c2c(c1Cl)Oc1c(Cl)c(Cl)c(Cl)c(Cl)c1O2,c1ccc2c(c1)Oc1ccccc1O2,-12.0605
Clc1cc(Cl)c2c(c1)Oc1c(Cl)cc(Cl)cc1O2,c1ccc2c(c1)Oc1ccccc1O2,-9.0027
Clc1ccc2c(c1)Oc1ccc(Cl)cc1O2,c1ccc2c(c1)Oc1ccccc1O2,-7.8292
Clc1cc2c(cc1Cl)Oc1c(Cl)c(Cl)c(Cl)c(Cl)c1O2,c1ccc2c(c1)Oc1ccccc1O2,-10.9486
Clc1ccc2c(c1)Oc1c(Cl)c(Cl)c(Cl)c(Cl)c1O2,c1ccc2c(c1)Oc1ccccc1O2,-9.4728
Clc1cc2oc3cc(Cl)c(Cl)cc3c2cc1Cl,c1ccc2c(c1)oc1ccccc12,-8.6456
Clc1ccc2c(c1)Oc1cc(Cl)c(Cl)c(Cl)c1O2,c1ccc2c(c1)Oc1ccccc1O2,-8.8744
Clc1cccc(-c2c(Cl)ccc(Cl)c2Cl)c1Cl,c1ccc(-c2ccccc2)cc1,-6.7798
O=C(Nc1ccccc1)c1ccccc1O,O=C(Nc1ccccc1)c1ccccc1,-3.5885
O=C(OOC(=O)c1ccccc1)c1ccccc1,O=C(OOC(=O)c1ccccc1)c1ccccc1,-4.4252
CC(=O)Nc1ccc(S(N)(=O)=O)cc1,c1ccccc1,-1.6066
CCC1(c2ccccc2)C(=O)NCNC1=O,O=C1NCNC(=O)C1c1ccccc1,-2.64
CN1CC(=O)N=C1N,O=C1CNC=N1,-0.1499
C[C@@H]1C[C@@H]([C@H](O)CC2CC(=O)NC(=O)C2)C(=O)[C@@H](C)C1,O=C1CC(CCC2CCCCC2=O)CC(=O)N1,-1.127
O=[N+]([O-])C(Cl)(Cl)Cl,,-2.0063
CCC1(c2ccccc2)CCC(=O)NC1=O,O=C1CCC(c2ccccc2)C(=O)N1,-2.3374
O=[N+]([O-])O[C@H]1CO[C@H]2[C@@H]1OC[C@H]2O[N+](=O)[O-],C1CC2OCCC2O1,-2.6328
O=c1ccc(=O)[nH][nH]1,O=c1ccc(=O)[nH][nH]1,-1.2714
Cc1cc(N)nc(C)n1,c1cncnc1,-1.2843
CCCCC1C(=O)N(c2ccccc2)N(c2ccccc2)C1=O,O=C1CC(=O)N(c2ccccc2)N1c1ccccc1,-3.8124
CC(C)(S)[C@@H](N)C(=O)O,,-0.1285
O=C(CCCN1CCC(O)(c2ccc(Cl)cc2)CC1)c1ccc(F)cc1,O=C(CCCN1CCC(c2ccccc2)CC1)c1ccccc1,-4.4289
O=C(NC(CO)C(O)c1ccc([N+](=O)[O-])cc1)C(Cl)Cl,c1ccccc1,-2.1114
O=C1C[C@@H]2OCC=C3CN4CC[C@]56c7ccccc7N1[C@H]5[C@H]2[C@H]3C[C@H]46,O=C1CC2OCC=C3CN4CCC56c7ccccc7N1C5C2C3CC46,-3.3202
Cc1c(N(C)C)c(=O)n(-c2ccccc2)n1C,O=c1cc[nH]n1-c1ccccc1,-0.6286
OCCN1CCN(CCCN2c3ccccc3Sc3ccc(Cl)cc32)CC1,c1ccc2c(c1)Sc1ccccc1N2CCCN1CCNCC1,-4.1546
CN(C)CCCN1c2ccccc2Sc2ccccc21,c1ccc2c(c1)Nc1ccccc1S2,-4.3017
Cc1cc(=O)n(-c2ccccc2)n1C,O=c1cc[nH]n1-c1ccccc1,-0.5642
CC(CN1c2ccccc2Sc2ccccc21)N(C)C,c1ccc2c(c1)Nc1ccccc1S2,-4.2597
O=C1NCCN1c1ncc([N+](=O)[O-])s1,O=C1NCCN1c1nccs1,-3.2169
OCCN1CCN(CCCN2c3ccccc3Sc3ccc(C(F)(F)F)cc32)CC1,c1ccc2c(c1)Sc1ccccc1N2CCCN1CCNCC1,-4.1488
Nc1ncnc2c1ccn2C1OC(CO)C(O)C1O,c1ncc2ccn(C3CCCO3)c2n1,-1.9515
Nc1ccc(S(=O)(=O)Nc2nccs2)cc1,O=S(=O)(Nc1nccs1)c1ccccc1,-2.4248
C=CCC1(C(C)CCC)C(=O)NC(=S)NC1=O,O=C1CC(=O)NC(=S)N1,-3.4585
Cn1cnc2c1c(=O)[nH]c(=O)n2C,O=c1[nH]c(=O)c2[nH]cnc2[nH]1,-2.7372
O=C1NC(=O)c2ccccc21,O=C1NC(=O)c2ccccc21,-2.6114
CN1CCN(CCCN2c3ccccc3Sc3ccc(C(F)(F)F)cc32)CC1,c1ccc2c(c1)Sc1ccccc1N2CCCN1CCNCC1,-4.5238
COc1cc(NS(=O)(=O)c2ccc(N)cc2)nc(OC)n1,O=S(=O)(Nc1ccncn1)c1ccccc1,-2.9565
COc1cc(OC)c2c(c1Cl)O[C@]1(C2=O)C(OC)CC(=O)C[C@H]1C,O=C1CCC2(CC1)Oc1ccccc1C2=O,-4.611000000000001
CCCCC1C(=O)N(c2ccccc2)N(c2ccc(O)cc2)C1=O,O=C1CC(=O)N(c2ccccc2)N1c1ccccc1,-3.7329
Cc1nnc(NS(=O)(=O)c2ccc(N)cc2)s1,O=S(=O)(Nc1nncs1)c1ccccc1,-2.4107
OCC(O)C(O)CO,,0.6985
CN[C@@H](C)[C@H](O)c1ccccc1,c1ccccc1,-0.4147
O=c1ncnc2[nH][nH]cc1-2,O=c1ncnc2[nH][nH]cc1-2,-2.3788
CCCCNC(=O)NS(=O)(=O)c1ccc(N)cc1,c1ccccc1,-2.1782
COc1cc2c(cc1OC)[C@@]13CCN4CC5=CCOC6CC(=O)N2C1[C@H]6[C@H]5C[C@H]43,O=C1CC2OCC=C3CN4CCC56c7ccccc7N1C5C2C3CC46,-2.0909
Nc1ccc(S(=O)(=O)Nc2ccnn2-c2ccccc2)cc1,O=S(=O)(Nc1ccnn1-c1ccccc1)c1ccccc1,-2.3213
O=C1C[C@@H](c2ccc(O)c(O)c2)Oc2cc(O)cc(O)c21,O=C1CC(c2ccccc2)Oc2ccccc21,-3.6147
Cc1cnc(NS(=O)(=O)c2ccc(N)cc2)nc1,O=S(=O)(Nc1ncccn1)c1ccccc1,-2.82
COc1cnc(NS(=O)(=O)c2ccc(N)cc2)nc1,O=S(=O)(Nc1ncccn1)c1ccccc1,-2.5843
Cc1ccc(S(=O)(=O)NC(=O)NC2CCCCC2)cc1,O=C(NC1CCCCC1)NS(=O)(=O)c1ccccc1,-4.207
Cc1cc(NS(=O)(=O)c2ccc(N)cc2)no1,O=S(=O)(Nc1ccon1)c1ccccc1,-2.6183
COc1cc(Cc2cnc(N)nc2N)cc(OC)c1OC,c1ccc(Cc2cncnc2)cc1,-2.8608
CC(=O)OCC(=O)[C@H]1CC[C@H]2[C@@H]3CCC4=CC(=O)CC[C@]4(C)[C@H]3CC[C@]12C,O=C1C=C2CCC3C4CCCC4CCC3C2CC1,-4.6301
C[C@]12C=CC(=O)C=C1CC[C@H]1[C@@H]3C[C@@H](O)[C@](O)(C(=O)CO)[C@@]3(C)C[C@H](O)[C@@]12F,O=C1C=CC2C(=C1)CCC1C3CCCC3CCC21,-3.6929
CCCCC(=O)O[C@]1(C(=O)CO)[C@@H](C)C[C@H]2[C@@H]3CCC4=CC(=O)C=C[C@]4(C)[C@@]3(F)[C@@H](O)C[C@@]21C,O=C1C=CC2C(=C1)CCC1C3CCCC3CCC21,-4.7101
Nc1ccccc1O,c1ccccc1,-0.7369
Nc1cc([N+](=O)[O-])cc([N+](=O)[O-])c1O,c1ccccc1,-2.4862
Nc1cccc([N+](=O)[O-])c1,c1ccccc1,-2.0611
Nc1ccc([N+](=O)[O-])cc1,c1ccccc1,-2.2782
O=[N+]([O-])c1ccc(O)c([N+](=O)[O-])c1,c1ccccc1,-2.5976
Cc1ccc(O)c([N+](=O)[O-])c1,c1ccccc1,-2.3837
O=Cc1ccc(O)cc1,c1ccccc1,-0.9762
O=[N+]([O-])c1ccc([N+](=O)[O-])c(O)c1,c1ccccc1,-2.6796
O=[N+]([O-])c1ccc(F)cc1O,c1ccccc1,-2.05
Cc1cc([N+](=O)[O-])cc([N+](=O)[O-])c1O,c1ccccc1,-3.0003
O=[N+]([O-])c1cccc([N+](=O)[O-])c1O,c1ccccc1,-2.7668
O=[N+]([O-])c1c(O)cccc1O,c1ccccc1,-2.0734
O=[N+]([O-])c1cc(-c2ccccc2)ccc1O,c1ccc(-c2ccccc2)cc1,-4.4101
CCC(C)c1ccc(O)c([N+](=O)[O-])c1,c1ccccc1,-3.8403
Nc1ccc(C(=O)O)c(O)c1,c1ccccc1,-1.9572
Nc1cccc(C(=O)O)c1,c1ccccc1,-1.3663
O=C(O)c1ccc(O)c(O)c1,c1ccccc1,-0.9278
COc1cc(C(=O)O)ccc1O,c1ccccc1,-2.0496
Nc1cc(Cl)cc(C(=O)O)c1Cl,c1ccccc1,-2.4688
Nc1ccc(C(=O)O)cc1,c1ccccc1,-1.3511
O=C(O)c1c(O)cccc1O,c1ccccc1,-1.2074
CCCCOC(=O)c1ccc(O)cc1,c1ccccc1,-2.9723
COC(=O)c1ccccc1O,c1ccccc1,-1.3130000000000002
Nc1ccc(C(=O)Oc2ccccc2)c(O)c1,O=C(Oc1ccccc1)c1ccccc1,-4.5152
COC(=O)c1ccc(N)cc1,c1ccccc1,-1.5974
CCCCCOC(=O)c1ccc(N)cc1,c1ccccc1,-3.3499
CCCCCCCOC(=O)c1ccc(N)cc1,c1ccccc1,-4.6001
CCCCCCCCOC(=O)c1ccc(N)cc1,c1ccccc1,-5.3999
CCOC(C)OCC,,-0.4291
COCOC,,0.506
CC1OC(C)OC(C)O1,C1OCOCO1,-0.0719
CCOCOCC,,-0.1726
C[C@@H]1C[C@H]2[C@@H]3CCC4=CC(=O)C=C[C@]4(C)[C@@]3(F)[C@@H](O)C[C@]2(C)[C@@]1(O)C(=O)CO,O=C1C=CC2C(=C1)CCC1C3CCCC3CCC21,-3.6444
CC(=O)OCC(=O)[C@@]1(O)CC[C@H]2[C@@H]3CCC4=CC(=O)CC[C@]4(C)[C@H]3[C@@H](O)C[C@@]21C,O=C1C=C2CCC3C4CCCC4CCC3C2CC1,-4.4577
CC(=O)OCC(=O)[C@@]1(O)CC[C@H]2[C@@H]3CCC4=CC(=O)CC[C@]4(C)[C@H]3C(=O)C[C@@]21C,O=C1C=C2CCC3C4CCCC4CC(=O)C3C2CC1,-4.3037
C[C@]12C[C@H](O)[C@H]3[C@@H](CCC4=CC(=O)CC[C@@]43C)[C@@H]1CC[C@@H]2C(=O)CO,O=C1C=C2CCC3C4CCCC4CCC3C2CC1,-3.2408
CC(=O)OCC(=O)[C@@]1(O)CC[C@H]2[C@@H]3CCC4=CC(=O)C=C[C@]4(C)[C@H]3[C@@H](O)C[C@@]21C,O=C1C=CC2C(=C1)CCC1C3CCCC3CCC21,-4.3692
C[C@]12CCC(=O)C=C1CC[C@@H]1[C@@H]2C(=O)C[C@@]2(C)[C@H]1CC[C@]2(O)C(=O)CO,O=C1C=C2CCC3C4CCCC4CC(=O)C3C2CC1,-3.1097
CC(=O)[C@H]1CC[C@H]2[C@@H]3CCC4=CC(=O)CC[C@]4(C)[C@H]3CC[C@]12C,O=C1C=C2CCC3C4CCCC4CCC3C2CC1,-4.5526
C[C@]12CCC(=O)C=C1CC[C@@H]1[C@@H]2CC[C@@]2(C)[C@H]1CC[C@]2(C)O,O=C1C=C2CCC3C4CCCC4CCC3C2CC1,-3.9505
C[C@]12CC[C@H]3[C@@H](CCC4=CC(=O)CC[C@@]43C)[C@@H]1CC[C@@H]2O,O=C1C=C2CCC3C4CCCC4CCC3C2CC1,-4.0908
C[C@]12CCC(=O)C=C1CC[C@@H]1[C@@H]2CC[C@]2(C)C(=O)CC[C@@H]12,O=C1C=C2CCC3C4CCC(=O)C4CCC3C2CC1,-3.6949
C[C@]12CC[C@H]3[C@@H](CCC4=CC(=O)CC[C@@]43C)[C@@H]1CC[C@@H]2C(=O)CO,O=C1C=C2CCC3C4CCCC4CCC3C2CC1,-3.7446
CC(=O)OCC(=O)[C@@]1(O)[C@H](OC(C)=O)C[C@H]2[C@@H]3CCC4=CC(=O)C=C[C@]4(C)[C@@]3(F)[C@@H](O)C[C@@]21C,O=C1C=CC2C(=C1)CCC1C3CCCC3CCC21,-4.1297
CC(=O)[C@@]1(O)CC[C@H]2[C@@H]3CCC4=CC(=O)CC[C@]4(C)[C@H]3CC[C@@]21C,O=C1C=C2CCC3C4CCCC4CCC3C2CC1,-4.7076
C[C@]12CCC(=O)C=C1CC[C@H]1[C@@H]3CC[C@](O)(C(=O)CO)[C@@]3(C)C[C@H](O)[C@@]12F,O=C1C=C2CCC3C4CCCC4CCC3C2CC1,-3.4342
CC(=O)[C@@]1(O)CC[C@H]2[C@@H]3C[C@H](C)C4=CC(=O)C=C[C@]4(C)[C@@]3(F)[C@@H](O)C[C@@]21C,O=C1C=CC2C(=C1)CCC1C3CCCC3CCC21,-4.0986
CC(=O)OCC(=O)[C@@]1(O)[C@H](C)C[C@H]2[C@@H]3CCC4=CC(=O)C=C[C@]4(C)[C@@]3(F)[C@@H](O)C[C@@]21C,O=C1C=CC2C(=C1)CCC1C3CCCC3CCC21,-4.9
O=c1[nH]cc(F)c(=O)[nH]1,O=c1cc[nH]c(=O)[nH]1,-1.0689
Cc1c[nH]c(=O)[nH]c1=O,O=c1cc[nH]c(=O)[nH]1,-1.5187
O=C1CNC(=O)N1,O=C1CNC(=O)N1,-0.4016
Cn1ccc(=O)[nH]c1=O,O=c1cc[nH]c(=O)[nH]1,-0.7998
CCC1(C2=CCCCC2)C(=O)NC(=O)NC1=O,O=C1NC(=O)C(C2=CCCCC2)C(=O)N1,-2.1693
C=CCC1(CC=C)C(=O)NC(=O)NC1=O,O=C1CC(=O)NC(=O)N1,-2.0608
CCC1(CCC(C)C)C(=O)NC(=O)NC1=O,O=C1CC(=O)NC(=O)N1,-2.5743
C=CCC1(C(C)C)C(=O)NC(=O)NC1=O,O=C1CC(=O)NC(=O)N1,-1.712
Oc1cccnc1,c1ccncc1,-0.4557
Oc1cccc2ncccc12,c1ccc2ncccc2c1,-2.5417
Oc1ccc2ncccc2c1,c1ccc2ncccc2c1,-2.1618
Clc1nc(Cl)nc(Nc2ccccc2Cl)n1,c1ccc(Nc2ncncn2)cc1,-4.5371
CCNc1nc(NC(C)(C)C)nc(SC)n1,c1ncncn1,-3.9847
CCNc1nc(Cl)nc(N(CC)CC)n1,c1ncncn1,-4.0601
CC(C)Nc1nc(N)nc(Cl)n1,c1ncncn1,-2.7063
CSc1nc(NC(C)C)nc(NC(C)C)n1,c1ncncn1,-3.8642
CCNc1nc(Cl)nc(NC(C)(C)C#N)n1,c1ncncn1,-3.151
CCNc1nc(NC(C)(C)C)nc(OC)n1,c1ncncn1,-3.2388
Brc1ccccn1,c1ccncc1,-0.8806
NC1(C(=O)O)CCCC1,C1CCCC1,-0.4122
NC(Cc1ccccc1)C(=O)O,c1ccccc1,-1.0657
O=C(O)c1cccc(C(=O)O)c1,c1ccccc1,-3.2204
O=C(O)c1ccnc(C(=O)O)c1,c1ccncc1,-1.8268
O=C(O)c1ccc(C(=O)O)nc1,c1ccncc1,-2.1296
O=C(O)c1cccc(C(=O)O)n1,c1ccncc1,-1.5241
O=C(O)c1ccncc1C(=O)O,c1ccncc1,-1.8538
O=C(O)c1cncc(C(=O)O)c1,c1ccncc1,-2.2230000000000003
O=C(O)c1cccnc1,c1ccncc1,-0.835
CCCCCCCCS(=O)(=O)NS(=O)(=O)CCCCCCCC,,-3.9145
NC(=O)CCl,,-0.0166
NC(=O)CBr,,0.0643
CCC(Cl)(CC)C(N)=O,,-1.0289
NC(=O)C(Cl)CCl,,-0.5138
CC(=O)N(C)c1ccccc1,c1ccccc1,-0.951
CC(C)N(C(=O)CCl)c1ccccc1,c1ccccc1,-2.4806
CCOCN(C(=O)CCl)c1c(C)cccc1CC,c1ccccc1,-3.0827
NCC(=O)O,,0.92
CC1=CCC(C(C)(C)O)CC1,C1=CCCCC1,-1.91
CC(C)COC(N)=O,,-0.3
C=C(C)C1CC=C(C)C(O)C1,C1=CCCCC1,-1.72
CC(C)(C)OC(N)=O,,0.1
OCC1OC(O)C(O)C(O)C1O,C1CCOCC1,0.74
CCNC(=S)NCC,,-1.46
C/C=C/C=C/C(=O)O,,-1.77
NC(CO)C(=O)O,,-0.02
ClC(Cl)(Cl)C(Cl)(Cl)Cl,,-3.94
O=C(O)CCCC(=O)O,,1.0
O=C(O)CCC(=O)O,,-0.17
CC(C)(S)C(N)C(=O)O,,-0.13
O=C(O)CCCCC(=O)O,,-0.82
O=C(O)CC(O)C(=O)O,,0.64
Oc1ccccc1,c1ccccc1,-0.04
NC(=O)CCC(N)C(=O)O,,-0.54
CCC1(CC)C(=O)NCC(C)C1=O,O=C1CCNC(=O)C1,-0.38
N=C(N)NCCCC(N)C(=O)O,,0.0
CNC(=O)O/N=C(/C)SC,,-1.21
O=[N+]([O-])OC1COC2C(O[N+](=O)[O-])COC12,C1CC2OCCC2O1,-2.63
CC1(C)C(=O)NC(=O)NC1=O,O=C1CC(=O)NC(=O)N1,-1.74
Nc1cccc(N)c1,c1ccccc1,0.51
O=C1NC(=O)C2(CC2)C(=O)N1,O=C1NC(=O)C2(CC2)C(=O)N1,-1.89
CCCCCCCCCCNC(=O)NC1CCCCC1,C1CCCCC1,-2.81
CCc1ccc(O)cc1,c1ccccc1,-1.4
CCC1(C)C(=O)NC(=O)NC1=O,O=C1CC(=O)NC(=O)N1,-1.23
O=C1NC(=O)C2(CCC2)C(=O)N1,O=C1NC(=O)C2(CCC2)C(=O)N1,-1.66
Cc1cc(C)c(C)cc1C,c1ccccc1,-3.84
Clc1ccc(Cl)cc1,c1ccccc1,-3.35
CCC1(CC)C(=O)NC(=O)NC1=O,O=C1CC(=O)NC(=O)N1,-1.42
C=CCC1(C)C(=O)NC(=O)NC1=O,O=C1CC(=O)NC(=O)N1,-1.16
O=Cc1cccc(O)c1,c1ccccc1,-1.23
Oc1cc(O)cc(O)c1,c1ccccc1,-1.05
CCCC1(CC)C(=O)NC(=O)NC1=O,O=C1CC(=O)NC(=O)N1,-1.49
C=CCC1(CC)C(=O)NC(=O)NC1=O,O=C1CC(=O)NC(=O)N1,-1.61
CCC1(CC)C(=O)NC(=O)N(C)C1=O,O=C1CC(=O)NC(=O)N1,-2.1
O=C1NC(=O)C2(CCCCC2)C(=O)N1,O=C1NC(=O)C2(CCCCC2)C(=O)N1,-3.06
Cc1ccc(C(=O)O)cc1,c1ccccc1,-2.53
CC(C)=CCC1(C)C(=O)NC(=O)NC1=O,O=C1CC(=O)NC(=O)N1,-2.6
NC(=O)OCc1ccccc1,c1ccccc1,-0.35
COc1nn(CSP(=S)(OC)OC)c(=O)s1,O=c1[nH]ncs1,-3.1
NNC(=O)c1ccncc1,c1ccncc1,-0.04
CCC(C)C1(CC)C(=O)NC(=O)NC1=O,O=C1CC(=O)NC(=O)N1,-2.39
O=C(O)c1ccccc1F,c1ccccc1,-1.39
CC(C)C1(C(C)C)C(=O)NC(=O)NC1=O,O=C1CC(=O)NC(=O)N1,-2.77
Nc1ccccc1C(=O)O,c1ccccc1,-1.52
O=C(O)c1cccc(O)c1,c1ccccc1,-1.24
CCCCCC1(CC)C(=O)NC(=O)NC1=O,O=C1CC(=O)NC(=O)N1,-2.51
CCNC(=O)NC(=O)/C(C#N)=N/OC,,-2.3
O=[N+]([O-])c1ccc(O)cc1,c1ccccc1,-0.94
Nc1ccccc1[N+](=O)[O-],c1ccccc1,-1.96
Cc1c(C)c(C)c(C)c(C)c1C,c1ccccc1,-5.23
O=[N+]([O-])c1cccc(O)c1,c1ccccc1,-1.07
CCCCCOC(=O)CCCNC(=O)NC1CCCCC1,C1CCCCC1,-2.3
CCC1(CC=C(C)C)C(=O)NC(=O)NC1=O,O=C1CC(=O)NC(=O)N1,-2.25
CCCCCC(O)/C=C/C1C(O)CC(O)C1C/C=C/CCCC(=O)O,C1CCCC1,-2.33
O=C1NC(=S)NC(=O)C12CCCCC2,O=C1NC(=S)NC(=O)C12CCCCC2,-3.46
CCCCCCC1(CC)C(=O)NC(=O)NC1=O,O=C1CC(=O)NC(=O)N1,-3.05
O=C1NC(=O)C2(CCCCCCC2)C(=O)N1,O=C1NC(=O)C2(CCCCCCC2)C(=O)N1,-2.98
CCCCCCCCCCNC(=O)NC12CC3CC(CC(C3)C1)C2,C1C2CC3CC1CC(C2)C3,-5.83
CC/C=C(\C)C1(CC)C(=O)NC(=O)NC1=O,O=C1CC(=O)NC(=O)N1,-2.31
c1ccc2[nH]ccc2c1,c1ccc2[nH]ccc2c1,-1.21
C=CCC1(C(C)CC)C(=O)NC(=O)NC1=O,O=C1CC(=O)NC(=O)N1,-2.02
CC12CCC3C(CCC4CC(=O)CCC43C)C1CCC2O,O=C1CCC2C(CCC3C4CCCC4CCC23)C1,-4.74
CC(=O)Nc1cccc(O)c1,c1ccccc1,-1.06
CCCCCCCC1(CC)C(=O)NC(=O)NC1=O,O=C1CC(=O)NC(=O)N1,-3.43
COc1cccc(C(=O)O)c1,c1ccccc1,-1.93
CC(=O)Nc1ccccc1O,c1ccccc1,-2.13
COc1ccccc1C(=O)O,c1ccccc1,-1.6
CC(C)=CCC1(C(C)C)C(=O)NC(=O)NC1=O,O=C1CC(=O)NC(=O)N1,-2.59
Cc1ccc(O)c(C(=O)O)c1,c1ccccc1,-2.76
COP(=O)(NC(C)=O)SC,,0.54
CCCCCCCCC1(CC)C(=O)NC(=O)NC1=O,O=C1CC(=O)NC(=O)N1,-3.94
O=Cc1cccc([N+](=O)[O-])c1,c1ccccc1,-1.98
CCCC(C)C1(CC)C(=O)NC(=S)NC1=O,O=C1CC(=O)NC(=S)N1,-3.6
CCOC(=O)c1ccc(O)cc1,c1ccccc1,-2.2
CCC1C(=O)NC(=O)NC1=O,O=C1CC(=O)NC(=O)N1,-0.92
Nc1ccc(O)c(C(=O)O)c1,c1ccccc1,-2.26
N#Cc1cccc(N=C=S)c1,c1ccccc1,-3.19
COC(=O)c1ccc(OC)cc1,c1ccccc1,-2.34
CCCCCCCCCC1(CC)C(=O)NC(=O)NC1=O,O=C1CC(=O)NC(=O)N1,-4.46
COC(=O)CCCNC(=O)NC12CC3CC(CC(C3)C1)C2,C1C2CC3CC1CC(C2)C3,-2.25
O=C(O)c1cc(O)ccc1O,c1ccccc1,-0.85
CC(C)=CCC1(C(C)(C)C)C(=O)NC(=O)NC1=O,O=C1CC(=O)NC(=O)N1,-3.55
CC(=O)Nc1ccc(C=O)cc1,c1ccccc1,-1.63
CCC1(C2=CCCCCC2)C(=O)NC(=O)NC1=O,O=C1NC(=O)C(C2=CCCCCC2)C(=O)N1,-3.0
CCCOC(=O)c1ccc(O)cc1,c1ccccc1,-2.68
O=C1NC(=O)C2(CCCCCCCCCC2)C(=O)N1,O=C1NC(=O)C2(CCCCCCCCCC2)C(=O)N1,-4.59
CN(C)c1ccc(N=C=S)cc1,c1ccccc1,-4.13
C#CC1(O)CCC2C3CCC4=CC(=O)CCC4C3CCC21C,O=C1C=C2CCC3C4CCCC4CCC3C2CC1,-4.63
N#CC(C#N)=NNc1ccccc1,c1ccccc1,-3.36
CCCCCC(O)/C=C/C1C(O)CC(=O)C1CCCCCCC(=O)O,O=C1CCCC1,-3.67
Oc1c(F)c(F)c(F)c(F)c1F,c1ccccc1,-0.52
O=C(O)c1ccccc1Br,c1ccccc1,-2.05
Cc1cc(Cl)ccc1N=CN(C)C,c1ccccc1,-2.88
O=C1NC(=O)C2(CCCCCCCCCCC2)C(=O)N1,O=C1NC(=O)C2(CCCCCCCCCCC2)C(=O)N1,-5.8
CCCCCC(O)/C=C/C1C(O)CC(=O)C1C/C=C/CCCC(=O)O,O=C1CCCC1,-2.47
ClC1=C(Cl)C2(Cl)C3C4C=CC(C4)C3C1(Cl)C2(Cl)Cl,C1=CC2CC1C1C3C=CC(C3)C21,-6.31
CC12CCC3C(CCC4=CC(=O)CCC43C)C1CCC2=O,O=C1C=C2CCC3C4CCC(=O)C4CCC3C2CC1,-3.7
CCC1=C(C2(CC)C(=O)NC(=O)NC2=O)CCCC1,O=C1NC(=O)C(C2=CCCCC2)C(=O)N1,-3.53
C#CC1(O)CCC2C3CCC4=CC(=O)CCC4C3CCC21CC,O=C1C=C2CCC3C4CCCC4CCC3C2CC1,-5.19
c1cnc2ncncc2n1,c1cnc2ncncc2n1,0.02
CC(C)=CC1C(C(=O)OCN2C(=O)C3=C(CCCC3)C2=O)C1(C)C,O=C(OCN1C(=O)C2=C(CCCC2)C1=O)C1CC1,-5.26
O=C(O)CNC(=O)c1ccccc1,c1ccccc1,-1.69
CN(C)C(=O)Nc1ccc(Cl)cc1,c1ccccc1,-2.89
O=C(O)c1ccccc1[N+](=O)[O-],c1ccccc1,-1.35
O=C(O)c1ccc(N=C=S)cc1,c1ccccc1,-3.98
NCC(CC(=O)O)c1ccc(Cl)cc1,c1ccccc1,-1.7
O=C(O)c1cccc(N=C=S)c1,c1ccccc1,-3.25
CCNc1nc(Cl)nc(NCC)n1,c1ncncn1,-4.55
C=C(Br)CC1(C(C)CC)C(=O)NC(=O)NC1=O,O=C1CC(=O)NC(=O)N1,-2.65
CCCCCOC(=O)CCCNC(=O)NC12CC3CC(CC(C3)C1)C2,C1C2CC3CC1CC(C2)C3,-2.32
O=C1OC(C(O)CO)C(O)=C1O,O=C1C=CCO1,0.28
O=C(O)c1cc(Br)ccc1O,c1ccccc1,-2.65
c1ccc(-c2ccccc2)cc1,c1ccc(-c2ccccc2)cc1,-4.32
CC(CCC(=O)O)C1CCC2C3C(O)CC4CC(O)CCC4(C)C3CCC12C,C1CCC2C(C1)CCC1C3CCCC3CCC21,-4.57
S=C=Nc1ccc(I)cc1,c1ccccc1,-4.05
CC(=O)C1CCC2C3CCC4=CC(=O)CCC4(C)C3CCC12C,O=C1C=C2CCC3C4CCCC4CCC3C2CC1,-4.43
NC(=O)N/N=C/c1ccc([N+](=O)[O-])o1,c1ccoc1,-2.98
CC(C)Nc1nc(Cl)nc(NC(C)C)n1,c1ncncn1,-4.46
O=CNC(N1CCN(C(NC=O)C(Cl)(Cl)Cl)CC1)C(Cl)(Cl)Cl,C1CNCCN1,-4.16
CON(C)C(=O)Nc1ccc(Cl)cc1,c1ccccc1,-2.47
O=C(O)c1ccc(Cl)c([N+](=O)[O-])c1,c1ccccc1,-2.76
O=C(O)CCCOc1ccc(Cl)cc1Cl,c1ccccc1,-3.57
CC(CCC(=O)O)C1CCC2C3C(O)CC4CC(O)CCC4(C)C3CC(O)C12C,C1CCC2C(C1)CCC1C3CCCC3CCC21,-3.63
C=CCOc1ccc(CC(=O)O)cc1Cl,c1ccccc1,-3.13
Cc1ccc(C)c2c(C)cccc12,c1ccc2ccccc2c1,-4.92
Oc1cccc2c(O)cccc12,c1ccc2ccccc2c1,-2.92
NNc1nncc2ccccc12,c1ccc2cnncc2c1,-2.6
COc1c(Cl)ccc(Cl)c1C(=O)O,c1ccccc1,-1.7
CC(=O)C1CCC2C3CCC4=CC(=O)CCC4(C)C3C(O)CC12C,O=C1C=C2CCC3C4CCCC4CCC3C2CC1,-3.82
O=C(Nc1cccc(Cl)c1)OCC#CCCl,c1ccccc1,-4.24
CCC(=O)OC1CCC2C3CCC4=CC(=O)CCC4(C)C3CCC12C,O=C1C=C2CCC3C4CCCC4CCC3C2CC1,-5.37
CS(=O)(=O)OCCCCOS(C)(=O)=O,,-2.27
O=C(O)Cc1c(Cl)ccc(Cl)c1Cl,c1ccccc1,-3.08
OC(CCN1CCCC1)(c1ccccc1)C1CCCCC1,c1ccc(C(CCN2CCCC2)C2CCCCC2)cc1,-4.7
CNC(=O)Oc1cccc2c1OC(C)(C)C2,c1ccc2c(c1)CCO2,-2.42
OC(CCN1CCCCC1)(c1ccccc1)C1CCCCC1,c1ccc(C(CCN2CCCCC2)C2CCCCC2)cc1,-5.2
Clc1cc2ccccc2cc1Cl,c1ccc2ccccc2c1,-5.36
Clc1ccc2cccc(Cl)c2c1,c1ccc2ccccc2c1,-5.92
OCc1ccccc1OC1OC(CO)C(O)C(O)C1O,c1ccc(OC2CCCCO2)cc1,-0.85
Clc1cccc2c(Cl)cccc12,c1ccc2ccccc2c1,-5.7
S=C=Nc1ccc2ccccc2c1,c1ccc2ccccc2c1,-4.44
CC12CCC(=O)C=C1CCC1C2C(O)CC2(C)C(C(=O)CO)CCC12,O=C1C=C2CCC3C4CCCC4CCC3C2CC1,-3.24
O=C(O)COc1cc(Cl)c(Cl)cc1Cl,c1ccccc1,-2.98
O=C(O)COc1ccc(Cl)c(Cl)c1Cl,c1ccccc1,-3.1
CC12CCC3c4ccc(O)cc4CCC3C1CCC2O,c1ccc2c(c1)CCC1C2CCC2CCCC21,-4.83
CCC(C)C(=O)OC1CC(C)C=C2C=CC(C)C(CCC3CC(O)CC(=O)O3)C21,O=C1CCCC(CCC2CC=CC3=CCCCC32)O1,-6.01
CC1=C(C(=O)Nc2ccccc2)SCCO1,O=C(Nc1ccccc1)C1=COCCS1,-3.14
CC(C)(C)NCC(O)COc1cccc2c1CC(O)C(O)C2,c1ccc2c(c1)CCCC2,-1.01
CN1C2CCC1CC(OC(=O)C(CO)c1ccccc1)C2,O=C(Cc1ccccc1)OC1CC2CCC(C1)N2,-1.91
CC(=O)NS(=O)(=O)c1ccc(N)cc1,c1ccccc1,-1.41
CC(=O)C1(O)CCC2C3CC(C)C4=CC(=O)C=CC4(C)C3(F)C(O)CC21C,O=C1C=CC2C(=C1)CCC1C3CCCC3CCC21,-4.1
O=C(O)COc1ccc2ccccc2c1,c1ccc2ccccc2c1,-3.36
Cn1c(=O)c2c(ncn2C)n(C)c1=O,O=c1[nH]c(=O)c2[nH]cnc2[nH]1,-0.91
CC(C)NCC1CCc2cc(CO)c([N+](=O)[O-])cc2N1,c1ccc2c(c1)CCCN2,-2.97
CC1CC2C(C(O)CC3(C)C2CCC3(O)C(=O)CO)C2(C)C=CC(=O)C=C12,O=C1C=CC2C(=C1)CCC1C3CCCC3CCC21,-3.49
C#CC1(O)CCC2C3CCc4cc(O)ccc4C3CCC21C,c1ccc2c(c1)CCC1C2CCC2CCCC21,-4.47
CCC1(c2ccccc2)C(=O)NC(=O)N(C)C1=O,O=C1NC(=O)C(c2ccccc2)C(=O)N1,-3.68
c1ccc2c(c1)oc1ccccc12,c1ccc2c(c1)oc1ccccc12,-4.6
CCCCN1CCCCC1C(=O)Nc1c(C)cccc1C,O=C(Nc1ccccc1)C1CCCCN1,-3.22
CN1C2CC(OC(=O)C(CO)c3ccccc3)CC1C1OC12,O=C(Cc1ccccc1)OC1CC2NC(C1)C1OC21,-1.24
CCN(CC)CCNC(=O)c1cc(Cl)c(N)cc1OC,c1ccccc1,-3.18
NC(Cc1ccc(N(CCCl)CCCl)cc1)C(=O)O,c1ccccc1,-3.49
COC(=O)NS(=O)(=O)c1ccc(N)cc1,c1ccccc1,-1.76
CC(=O)OCC(=O)C1CCC2C3CCC4=CC(=O)CCC4(C)C3CCC12C,O=C1C=C2CCC3C4CCCC4CCC3C2CC1,-4.97
Nc1nc2c(ncn2COCCO)c(=O)[nH]1,O=c1[nH]cnc2[nH]cnc12,-2.12
C#CC1(O)CCC2C3CCc4cc(OC)ccc4C3CCC21C,c1ccc2c(c1)CCC1C2CCC2CCCC21,-5.49
CC12CCC(=O)C=C1CCC1C2C(=O)CC2(C)C1CCC2(O)C(=O)CO,O=C1C=C2CCC3C4CCCC4CC(=O)C3C2CC1,-3.11
Nc1ccc(N=Nc2ccccc2)c(N)n1,c1ccc(N=Nc2cccnc2)cc1,-4.24
COC(=O)CS(=O)(=O)c1ccc(Cl)cc1,c1ccccc1,-2.38
O=[N+]([O-])c1cc([N+](=O)[O-])c(O)c([N+](=O)[O-])c1,c1ccccc1,-1.97
Cc1c(N)c(=O)n(-c2ccccc2)n1C,O=c1cc[nH]n1-c1ccccc1,0.31
O=C(O)c1ccccc1Nc1ccccc1,c1ccc(Nc2ccccc2)cc1,-4.96
CC12C=CC(=O)C=C1CCC1C3CC(O)C(O)(C(=O)CO)C3(C)CC(O)C12F,O=C1C=CC2C(=C1)CCC1C3CCCC3CCC21,-3.68
O=c1[nH]cnc2c1ncn2C1CCC(CO)O1,O=c1[nH]cnc2c1ncn2C1CCCO1,-0.94
Cc1cc(C(=O)NNCc2ccccc2)no1,O=C(NNCc1ccccc1)c1ccon1,-2.46
c1ccc2nc3ccccc3nc2c1,c1ccc2nc3ccccc3nc2c1,-3.7
O=C(Nc1ccccc1)Nc1cnns1,O=C(Nc1ccccc1)Nc1cnns1,-3.85
CCCCNC(=O)NS(=O)(=O)c1ccc(C)cc1,c1ccccc1,-3.17
Cc1cc(C2CC2)nc(Nc2ccccc2)n1,c1ccc(Nc2nccc(C3CC3)n2)cc1,-4.05
COC(=O)C1(S(=O)(=O)c2ccccc2)CCCCC1,O=S(=O)(c1ccccc1)C1CCCCC1,-3.85
CC(=O)OCC(=O)C1(O)CCC2C3CCC4=CC(=O)CCC4(C)C3C(O)CC21C,O=C1C=C2CCC3C4CCCC4CCC3C2CC1,-4.61
CCOC(=O)c1cncn1C(C)c1ccccc1,c1ccc(Cn2ccnc2)cc1,-4.73
COc1ccc2cc(C(C)C(=O)O)ccc2c1,c1ccc2ccccc2c1,-3.29
C#CC1(O)CCC2C3CCC4=Cc5oncc5CC4(C)C3CCC21C,C1=C2CCC3C4CCCC4CCC3C2Cc2cnoc21,-5.51
Nc1nc2c(ncn2COC(CO)CO)c(=O)[nH]1,O=c1[nH]cnc2[nH]cnc12,-1.77
CC1c2nc3ccccc3c(=O)n2CN1C,O=c1c2ccccc2nc2n1CNC2,0.03
Clc1ccc(-c2ccc(Cl)cc2Cl)cc1,c1ccc(-c2ccccc2)cc1,-6.0
CC(C)OC(=O)CS(=O)(=O)c1ccc(Cl)cc1,c1ccccc1,-2.41
Cc1cn(C2CC(N=[N+]=[N-])C(CO)O2)c(=O)[nH]c1=O,O=c1ccn(C2CCCO2)c(=O)[nH]1,-1.16
Cc1ccc(S(=O)(=O)C2(C(=O)OC(C)C)CCC2)cc1,O=S(=O)(c1ccccc1)C1CCC1,-3.34
CC(=O)OCC(=O)C1(O)CCC2C3CCC4=CC(=O)C=CC4(C)C3C(O)CC21C,O=C1C=CC2C(=C1)CCC1C3CCCC3CCC21,-4.38
NC(=O)c1cc(N2CC2)c([N+](=O)[O-])cc1[N+](=O)[O-],c1ccc(N2CC2)cc1,-2.3
COC(=O)CS(=O)(=O)c1ccc(Br)cc1,c1ccccc1,-2.48
Clc1cc(Cl)c(-c2ccccc2)c(Cl)c1,c1ccc(-c2ccccc2)cc1,-6.06
NS(=O)(=O)c1cc2c(s1)SCCC2O,c1cc2c(s1)SCCC2,-2.59
COC(=O)C1(S(=O)(=O)c2ccc(C)cc2)CCCCC1,O=S(=O)(c1ccccc1)C1CCCCC1,-4.61
CC(=O)N=c1sc(S(N)(=O)=O)nn1C,N=c1[nH]ncs1,-1.92
Clc1ccc(Cl)c(-c2ccccc2)c1Cl,c1ccc(-c2ccccc2)cc1,-6.29
O=C1CN(/N=C/c2ccc([N+](=O)[O-])o2)C(=O)N1,O=C1CN(N=Cc2ccco2)C(=O)N1,-3.38
COP(=S)(OC)Oc1ccc([N+](=O)[O-])cc1,c1ccccc1,-3.68
Cc1nc(=O)c(C#N)c(NCc2cccnc2)[nH]1,O=c1cc(NCc2cccnc2)[nH]cn1,-2.35
CCOC1Oc2ccc(OS(C)(=O)=O)cc2C1(C)C,c1ccc2c(c1)CCO2,-3.42
Nc1ncnc2c1ncn2C1OC(CO)C(O)C1O,c1ncc2ncn(C3CCCO3)c2n1,-1.73
CC(C(=O)O)c1ccc(-c2ccccc2)c(F)c1,c1ccc(-c2ccccc2)cc1,-4.29
Cc1ccc(S(=O)(=O)C2(C(=O)OC(C)C)CCCC2)cc1,O=S(=O)(c1ccccc1)C1CCCC1,-3.91
CNC(=O)c1cc(N2CC2)c([N+](=O)[O-])cc1[N+](=O)[O-],c1ccc(N2CC2)cc1,-2.85
CC1(C)OC2CC3C4CCC5=CC(=O)C=CC5(C)C4(F)C(O)CC3(C)C2(C(=O)CO)O1,O=C1C=CC2C(=C1)CCC1C2CCC2C1CC1OCOC12,-4.31
CCCSc1ccc2[nH]c(NC(=O)OC)nc2c1,c1ccc2[nH]cnc2c1,-4.22
CCCN1Cn2c(nc3ccccc3c2=O)C1C,O=c1c2ccccc2nc2n1CNC2,-2.67
CCCCC(C#N)(Cn1cncn1)c1ccc(Cl)cc1,c1ccc(CCn2cncn2)cc1,-3.31
CN1CCC23c4c5ccc(O)c4OC2C(=O)CCC3C1C5,O=C1CCC2C3Cc4cccc5c4C2(CCN3)C1O5,-2.1
NS(=O)(=O)c1cc2c(s1)SCCC2=O,O=C1CCSc2sccc21,-3.55
NS(=O)(=O)c1cc2c(s1)C(=O)CCS2,O=C1CCSc2ccsc21,-3.49
NS(=O)(=O)c1cc2c(s1)C(O)CCS2,c1cc2c(s1)CCCS2,-2.25
Cc1ccc(S(=O)(=O)C2(C(=O)OC(C)C)CCCCC2)cc1,O=S(=O)(c1ccccc1)C1CCCCC1,-4.62
Nc1ccc2ccccc2c1S(=O)(=O)O,c1ccc2ccccc2c1,-1.7
Cc1ccc(C(=O)c2ccc(CC(=O)O)n2C)cc1,O=C(c1ccccc1)c1ccc[nH]1,-4.09
CN(C)C(=O)c1cc(N2CC2)c([N+](=O)[O-])cc1[N+](=O)[O-],c1ccc(N2CC2)cc1,-2.48
Clc1ccc(-c2cc(Cl)c(Cl)c(Cl)c2)cc1,c1ccc(-c2ccccc2)cc1,-7.96
O=C(O)c1cc(-c2ccc(F)cc2F)ccc1O,c1ccc(-c2ccccc2)cc1,-4.61
CC(=O)OCC(=O)C1(O)C(C)CC2C3CCC4=CC(=O)C=CC4(C)C3(F)C(O)CC21C,O=C1C=CC2C(=C1)CCC1C3CCCC3CCC21,-4.9
Clc1ccc(-c2ccc(Cl)cc2Cl)c(Cl)c1,c1ccc(-c2ccccc2)cc1,-6.51
Clc1ccc(-c2cc(Cl)ccc2Cl)c(Cl)c1,c1ccc(-c2ccccc2)cc1,-7.26
Clc1ccc(Cl)c(-c2cc(Cl)ccc2Cl)c1,c1ccc(-c2ccccc2)cc1,-7.04
Clc1cc(-c2ccccc2)c(Cl)c(Cl)c1Cl,c1ccc(-c2ccccc2)cc1,-7.16
CNCCCC12CCC(c3ccccc31)c1ccccc12,c1ccc2c(c1)C1CCC2c2ccccc21,-4.69
CCN(CC)C(=O)/C(C#N)=C\c1cc(O)c(O)c([N+](=O)[O-])c1,c1ccccc1,-4.26
Clc1ccc(C(c2ccc(Cl)cc2)C(Cl)Cl)cc1,c1ccc(Cc2ccccc2)cc1,-7.2
O=C(NC1CC1)c1cc(N2CC2)c([N+](=O)[O-])cc1[N+](=O)[O-],O=C(NC1CC1)c1cccc(N2CC2)c1,-3.39
CC1=Nc2ccc(Cl)cc2S(=O)(=O)N1,O=S1(=O)NC=Nc2ccccc21,-3.36
Oc1c(Br)c(Br)c(Br)c(Br)c1Br,c1ccccc1,-6.6
CC(C)(C)C(=O)OCC1OC(n2cc(I)c(=O)[nH]c2=O)CC1O,O=c1ccn(C2CCCO2)c(=O)[nH]1,-3.36
CS(=O)(=O)c1ccc(C(O)C(CO)NC(=O)C(Cl)Cl)cc1,c1ccccc1,-2.15
CC(C(=O)O)c1ccc(C(=O)c2cccs2)cc1,O=C(c1ccccc1)c1cccs1,-2.0
CN1CCN=C(c2ccccc2)c2cc(Cl)ccc21,c1ccc(C2=NCCNc3ccccc32)cc1,-4.43
NC(=O)N1c2ccccc2C=Cc2ccccc21,C1=Cc2ccccc2Nc2ccccc21,-3.29
O=C(O)c1ccccc1Nc1cccc(C(F)(F)F)c1,c1ccc(Nc2ccccc2)cc1,-4.4
CCCN(CCC)c1c([N+](=O)[O-])cc(C(F)(F)F)cc1[N+](=O)[O-],c1ccccc1,-6.05
CC(C)OC(=O)C1(S(=O)(=O)c2ccc(Cl)cc2)CCCCCC1,O=S(=O)(c1ccccc1)C1CCCCCC1,-5.52
CC(CN(C)C)CN1c2ccccc2CCc2ccccc21,c1ccc2c(c1)CCc1ccccc1N2,-4.79
NS(=O)(=O)c1cc2c(s1)[S+]([O-])CCC2O,c1cc2c(s1)[SH+]CCC2,-1.35
CCCC(=O)OCC1OC(n2cc(I)c(=O)[nH]c2=O)CC1O,O=c1ccn(C2CCCO2)c(=O)[nH]1,-2.84
CC(C)C(=O)OCC1OC(n2cc(I)c(=O)[nH]c2=O)CC1O,O=c1ccn(C2CCCO2)c(=O)[nH]1,-2.76
CCC(=O)N(c1ccccc1)C1CCN(CCc2ccccc2)CC1,c1ccc(CCN2CCC(Nc3ccccc3)CC2)cc1,-3.82
CC12CCC(=O)C=C1CCC1C2CCC2(C)C(OC(=O)c3ccccc3)CCC12,O=C1C=C2CCC3C(CCC4C(OC(=O)c5ccccc5)CCC43)C2CC1,-4.48
O=S(=O)(Nc1ccc(Cl)cc1)c1ccccc1,O=S(=O)(Nc1ccccc1)c1ccccc1,-4.03
COC(=O)C1CC1S(=O)(=O)c1ccc([N+](=O)[O-])cc1,O=S(=O)(c1ccccc1)C1CC1,-3.38
CC12CCC(=O)C=C1CCC1C2CCC2(C)C(OC(=O)CCc3ccccc3)CCC12,O=C1C=C2CCC3C(CCC4C(OC(=O)CCc5ccccc5)CCC43)C2CC1,-5.27
c1ccc2c(c1)-c1cccc3cccc-2c13,c1ccc2c(c1)-c1cccc3cccc-2c13,-5.93
CCCCNC(=O)n1c(NC(=O)OC)nc2ccccc21,c1ccc2[nH]cnc2c1,-4.86
CC12CCC(=O)C=C1CCC1C2CCC2(C)C(OC(=O)CCCc3ccccc3)CCC12,O=C1C=C2CCC3C(CCC4C(OC(=O)CCCc5ccccc5)CCC43)C2CC1,-5.43
CCCCC(=O)OCC1OC(n2cc(I)c(=O)[nH]c2=O)CC1O,O=c1ccn(C2CCCO2)c(=O)[nH]1,-3.4
Clc1ccc(-c2cc(Cl)c(Cl)c(Cl)c2)cc1Cl,c1ccc(-c2ccccc2)cc1,-8.39
O=S(=O)(Nc1ccccc1Cl)c1ccccc1,O=S(=O)(Nc1ccccc1)c1ccccc1,-4.32
CCN1CCCC1CNC(=O)c1cc(S(N)(=O)=O)ccc1OC,O=C(NCC1CCCN1)c1ccccc1,-2.88
Clc1ccc(-c2cc(Cl)c(Cl)c(Cl)c2)c(Cl)c1,c1ccc(-c2ccccc2)cc1,-8.55
CC12CCC(=O)C=C1CCC1C2CCC2(C)C(OC(=O)Cc3ccccc3)CCC12,O=C1C=C2CCC3C(CCC4C(OC(=O)Cc5ccccc5)CCC43)C2CC1,-4.66
O=C(O)Cc1ccccc1Oc1ccc(Cl)cc1Cl,c1ccc(Oc2ccccc2)cc1,-4.86
O=S(=O)(Nc1cccnc1Cl)c1ccccc1,O=S(=O)(Nc1cccnc1)c1ccccc1,-3.76
C=CC1CN2CCC1CC2C(O)c1ccnc2ccc(OC)cc12,c1ccc2c(CC3CC4CCN3CC4)ccnc2c1,-2.79
O=S(=O)(Nc1ncccc1Cl)c1ccccc1,O=S(=O)(Nc1ccccn1)c1ccccc1,-3.17
COC12C(COC(N)=O)C3=C(C(=O)C(C)=C(N)C3=O)N1CC1NC12,O=C1C=CC(=O)C2=C1CC1C3NC3CN21,-2.56
CCCCC(=O)OC1(C(=O)CO)C(C)CC2C3CCC4=CC(=O)C=CC4(C)C3(F)C(O)CC21C,O=C1C=CC2C(=C1)CCC1C3CCCC3CCC21,-4.71
Clc1cc2c(cc1Cl)Oc1ccccc1O2,c1ccc2c(c1)Oc1ccccc1O2,-7.23
C=CC1CN2CCC1C(C(O)c1ccnc3ccc(OC)cc13)C2,c1ccc2c(CC3CN4CCC3CC4)ccnc2c1,-3.36
Clc1ccc(Cl)c(-c2ccc(Cl)c(Cl)c2Cl)c1,c1ccc(-c2ccccc2)cc1,-7.91
NS(=O)(=O)c1cc2c(s1)S(=O)(=O)CCC2,O=S1(=O)CCCc2ccsc21,-2.68
CCOc1ccc2nc(S(N)(=O)=O)sc2c1,c1ccc2scnc2c1,-4.03
CC(C)(C)C1CCC(CC2=C(O)C(=O)c3ccccc3C2=O)CC1,O=C1C=C(CC2CCCCC2)C(=O)c2ccccc21,-7.04
CCc1ccc(NS(=O)(=O)c2ccc(N)cc2)cc1,O=S(=O)(Nc1ccccc1)c1ccccc1,-4.52
Nc1ccc(S(=O)(=O)Nc2ccc(Cl)cc2)cc1,O=S(=O)(Nc1ccccc1)c1ccccc1,-4.13
CCCN(CCC)c1c([N+](=O)[O-])cc(C(F)(F)F)c(N)c1[N+](=O)[O-],c1ccccc1,-7.07
COc1ccc(NS(=O)(=O)c2ccc(N)cc2)cc1,O=S(=O)(Nc1ccccc1)c1ccccc1,-4.23
N#Cc1ccc(NS(=O)(=O)c2ccc(N)cc2)cc1,O=S(=O)(Nc1ccccc1)c1ccccc1,-3.6
CCC(=O)OC(Cc1ccccc1)(c1ccccc1)C(C)CN(C)C,c1ccc(CCc2ccccc2)cc1,-2.61
CC(C)N(CCC(C(N)=O)(c1ccccc1)c1ccccn1)C(C)C,c1ccc(Cc2ccccn2)cc1,-1.7
O=C1NC(=O)C(c2ccccc2)(c2ccccc2)C(=O)N1,O=C1NC(=O)C(c2ccccc2)(c2ccccc2)C(=O)N1,-4.2
O=[N+]([O-])c1ccc(NS(=O)(=O)c2ccccc2)cc1,O=S(=O)(Nc1ccccc1)c1ccccc1,-3.93
COc1ccc(NS(=O)(=O)c2ccc(N)cc2)nn1,O=S(=O)(Nc1cccnn1)c1ccccc1,-2.68
CC1=C(C(=O)Nc2ccccc2)S(=O)(=O)CCO1,O=C(Nc1ccccc1)C1=COCCS1(=O)=O,-2.43
Cc1ccc(NS(=O)(=O)c2ccc(N)cc2)cc1Cl,O=S(=O)(Nc1ccccc1)c1ccccc1,-4.91
Cc1cc(Cl)ccc1NS(=O)(=O)c1ccc(N)cc1,O=S(=O)(Nc1ccccc1)c1ccccc1,-4.35
CC(=O)OCC(=O)C1(O)C(OC(C)=O)CC2C3CCC4=CC(=O)C=CC4(C)C3(F)C(O)CC21C,O=C1C=CC2C(=C1)CCC1C3CCCC3CCC21,-4.13
O=S(=O)(Nc1cccc(Cl)c1Cl)c1ccccc1,O=S(=O)(Nc1ccccc1)c1ccccc1,-4.73
Cc1cc(N)ccc1S(=O)(=O)Nc1ccc(Cl)cc1,O=S(=O)(Nc1ccccc1)c1ccccc1,-4.42
Cc1cc(NS(=O)(=O)c2ccc(N)cc2)nc(C)n1,O=S(=O)(Nc1ccncn1)c1ccccc1,-2.3
Cc1ccccc1-n1c(C)nc2ccccc2c1=O,O=c1c2ccccc2ncn1-c1ccccc1,-2.92
Clc1cc(-c2ccc(Cl)c(Cl)c2Cl)cc(Cl)c1Cl,c1ccc(-c2ccccc2)cc1,-9.1
Cc1ccc(Cl)cc1NS(=O)(=O)c1ccc(N)cc1,O=S(=O)(Nc1ccccc1)c1ccccc1,-3.98
Cc1ccc(NS(=O)(=O)c2ccc(N)cc2)c(Cl)c1,O=S(=O)(Nc1ccccc1)c1ccccc1,-4.32
O=[N+]([O-])c1ccccc1NS(=O)(=O)c1ccccc1,O=S(=O)(Nc1ccccc1)c1ccccc1,-4.01
Clc1ccc(-c2ccc(Cl)c(Cl)c2Cl)c(Cl)c1Cl,c1ccc(-c2ccccc2)cc1,-8.78
Cc1cc(N)ccc1S(=O)(=O)Nc1ccccc1Cl,O=S(=O)(Nc1ccccc1)c1ccccc1,-5.05
COC1=CC(=O)CC(C)C12Oc1c(Cl)c(OC)cc(OC)c1C2=O,O=C1C=CC2(CC1)Oc1ccccc1C2=O,-3.97
Clc1cc(Cl)c(-c2c(Cl)cc(Cl)cc2Cl)c(Cl)c1,c1ccc(-c2ccccc2)cc1,-8.71
CCCC(=O)OCn1cnc2c(cnn2COC(=O)CCC)c1=O,O=c1[nH]cnc2[nH]ncc12,-3.83
CC(C)(C)CC(=O)OCC(=O)C12OC(C)(C)OC1CC1C3CCC4=CC(=O)C=CC4(C)C3(F)C(O)CC12C,O=C1C=CC2C(=C1)CCC1C2CCC2C1CC1OCOC12,-5.12
O=C1CN=C(c2ccccc2)c2cc([N+](=O)[O-])ccc2N1,O=C1CN=C(c2ccccc2)c2ccccc2N1,-3.8
CCn1ccc(NS(=O)(=O)c2ccc(N)cc2)nc1=O,O=c1nc(NS(=O)(=O)c2ccccc2)cc[nH]1,-2.23
Cc1ccc(NS(=O)(=O)c2ccc([N+](=O)[O-])cc2)nc1,O=S(=O)(Nc1ccccn1)c1ccccc1,-4.29
CC1OC(OC2C(O)CC(OC3C(O)CC(OC4CCC5(C)C(CCC6C5CCC5(C)C(C7=CC(=O)OC7)CCC65O)C4)OC3C)OC2C)CC(O)C1O,O=C1C=C(C2CCC3C2CCC2C4CCC(OC5CCC(OC6CCC(OC7CCCCO7)CO6)CO5)CC4CCC23)CO1,-5.29
Nc1ccc(S(=O)(=O)Nc2ccc([N+](=O)[O-])cc2)cc1,O=S(=O)(Nc1ccccc1)c1ccccc1,-3.94
CNC1=Nc2ccc(Cl)cc2C(c2ccccc2)=[N+]([O-])C1,C1=Nc2ccccc2C(c2ccccc2)=[NH+]C1,-4.48
Nc1ccc(S(=O)(=O)Nc2ccc(Cl)cc2)c(Cl)c1,O=S(=O)(Nc1ccccc1)c1ccccc1,-4.59
Nc1ccc(S(=O)(=O)Nc2cc(Cl)ccc2Cl)cc1,O=S(=O)(Nc1ccccc1)c1ccccc1,-4.4
Nc1ccc(S(=O)(=O)Nc2cccc(Cl)c2Cl)cc1,O=S(=O)(Nc1ccccc1)c1ccccc1,-4.73
CCn1cc(C(=O)O)c(=O)c2cc(F)c(N3CCN(C)CC3)cc21,O=c1cc[nH]c2cc(N3CCNCC3)ccc12,-1.47
Cc1noc(C)c1N=C1C=C(O)C(=O)c2ccccc21,O=C1C=CC(=Nc2cnoc2)c2ccccc21,-3.89
NS(=O)(=O)c1cc2c(s1)C(O)CC[S+]2[O-],c1cc2c(s1)CCC[SH+]2,-1.57
CCCN(CCC)c1c([N+](=O)[O-])cc(S(N)(=O)=O)cc1[N+](=O)[O-],c1ccccc1,-5.13
Nc1ccc(S(=O)(=O)Nc2ccccc2[N+](=O)[O-])cc1,O=S(=O)(Nc1ccccc1)c1ccccc1,-4.49
Nc1ccc(S(=O)(=O)Nc2ccccc2Cl)c(Cl)c1,O=S(=O)(Nc1ccccc1)c1ccccc1,-5.11
COc1c(Cl)cccc1NS(=O)(=O)c1ccc(N)cc1,O=S(=O)(Nc1ccccc1)c1ccccc1,-4.15
CN1CCN(C2=Nc3ccccc3Oc3ccc(Cl)cc32)CC1,c1ccc2c(c1)N=C(N1CCNCC1)c1ccccc1O2,-4.42
CC(=O)OCN1C(=O)NC(c2ccccc2)(c2ccccc2)C1=O,O=C1NC(=O)C(c2ccccc2)(c2ccccc2)N1,-4.47
CN1C(=O)CCC(N2C(=O)c3ccccc3C2=O)C1=O,O=C1CCC(N2C(=O)c3ccccc3C2=O)C(=O)N1,-2.99
Nc1ccc(S(=O)(=O)Nc2ccc(I)cc2)cc1,O=S(=O)(Nc1ccccc1)c1ccccc1,-4.52
COP(=S)(OC)SCn1nnc2ccccc2c1=O,O=c1[nH]nnc2ccccc12,-4.04
COC(=O)Nc1nc2cc(C(=O)c3ccccc3)ccc2[nH]1,O=C(c1ccccc1)c1ccc2[nH]cnc2c1,-3.88
Cn1cnc([N+](=O)[O-])c1Sc1ncnc2nc[nH]c12,c1nc(Sc2cnc[nH]2)c2[nH]cnc2n1,-3.21
CC1c2nc3ccccc3c(=O)n2CN1Cc1ccccc1,O=c1c2ccccc2nc2n1CN(Cc1ccccc1)C2,-4.0
CCc1onc(C)c1N=C1C=C(O)C(=O)c2ccccc21,O=C1C=CC(=Nc2cnoc2)c2ccccc21,-2.72
Clc1cc(Cl)c(-c2c(Cl)cc(Cl)c(Cl)c2Cl)cc1Cl,c1ccc(-c2ccccc2)cc1,-7.92
CCOc1ccc(NS(=O)(=O)c2ccc([N+](=O)[O-])cc2)cc1,O=S(=O)(Nc1ccccc1)c1ccccc1,-4.72
CC(C)=C1OC(=O)N(c2cc(OC3CCCC3)c(Cl)cc2F)C1=O,C=C1OC(=O)N(c2cccc(OC3CCCC3)c2)C1=O,-6.21
CCC(=O)OCN1C(=O)NC(c2ccccc2)(c2ccccc2)C1=O,O=C1NC(=O)C(c2ccccc2)(c2ccccc2)N1,-4.91
Clc1ccc(Cl)c(-c2c(Cl)c(Cl)c(Cl)c(Cl)c2Cl)c1,c1ccc(-c2ccccc2)cc1,-8.46
Cc1cc(N)ccc1S(=O)(=O)Nc1ccccc1[N+](=O)[O-],O=S(=O)(Nc1ccccc1)c1ccccc1,-4.51
Cc1c2ccccc2c(C)c2c1ccc1ccccc12,c1ccc2cc3c(ccc4ccccc43)cc2c1,-6.78
Fc1cccc(F)c1-c1nnc(-c2ccccc2Cl)nn1,c1ccc(-c2nnc(-c3ccccc3)nn2)cc1,-6.12
C(=C/c1ccccc1)\CN1CCN(C(c2ccccc2)c2ccccc2)CC1,C(=Cc1ccccc1)CN1CCN(C(c2ccccc2)c2ccccc2)CC1,-4.2
CCCc1onc(C)c1N=C1C=C(O)C(=O)c2ccccc21,O=C1C=CC(=Nc2cnoc2)c2ccccc21,-3.7
Nc1ccc(S(=O)(=O)Nc2cc(Cl)c(Cl)cc2Cl)cc1,O=S(=O)(Nc1ccccc1)c1ccccc1,-4.83
O=S(=O)(Nc1ccc(Br)cc1Br)c1ccccc1,O=S(=O)(Nc1ccccc1)c1ccccc1,-5.01
NS(=O)(=O)c1cc2c(cc1Cl)N=CNS2(=O)=O,O=S1(=O)NC=Nc2ccccc21,-2.92
CN(C)CC/C=C1/c2ccccc2Sc2ccc(Cl)cc21,C=C1c2ccccc2Sc2ccccc21,-5.87
NS(=O)(=O)c1cc2c(s1)CC(O)CS2(=O)=O,O=S1(=O)CCCc2sccc21,-1.59
CCCCC(=O)OCN1C(=O)NC(c2ccccc2)(c2ccccc2)C1=O,O=C1NC(=O)C(c2ccccc2)(c2ccccc2)N1,-4.68
NS(=O)(=O)c1cc2c(s1)S(=O)(=O)CC(O)C2,O=S1(=O)CCCc2ccsc21,-1.54
NS(=O)(=O)c1cc2c(s1)C(=O)CCS2(=O)=O,O=C1CCS(=O)(=O)c2ccsc21,-3.67
NS(=O)(=O)c1cc2c(s1)C(O)CCS2(=O)=O,O=S1(=O)CCCc2sccc21,-1.28
CCCN1C(=O)CCC(N2C(=O)c3ccccc3C2=O)C1=O,O=C1CCC(N2C(=O)c3ccccc3C2=O)C(=O)N1,-3.72
NS(=O)(=O)c1cc2c(s1)S(=O)(=O)CCC2=O,O=C1CCS(=O)(=O)c2sccc21,-3.02
CC1(O)CC(c2ccccc2)c2c(c3ccccc3oc2=O)O1,O=c1oc2ccccc2c2c1C(c1ccccc1)CCO2,-4.74
CC(=O)OCC1=C(C(=O)O)N2C(=O)C(NC(=O)Cc3cccs3)C2SC1,O=C(Cc1cccs1)NC1C(=O)N2C=CCSC12,-2.94
CCC1OC(=O)C(C)C(OC2CC(C)(OC)C(O)C(C)O2)C(C)C(OC2OC(C)CC(N(C)C)C2O)C(C)(O)CC(C)C(=O)C(C)C(O)C1(C)O,O=C1CCCCOC(=O)CC(OC2CCCCO2)CC(OC2CCCCO2)CCC1,-1.27
Clc1cc(-c2cc(Cl)c(Cl)c(Cl)c2Cl)c(Cl)c(Cl)c1Cl,c1ccc(-c2ccccc2)cc1,-9.16
CCCCCc1onc(C)c1N=C1C=C(O)C(=O)c2ccccc21,O=C1C=CC(=Nc2cnoc2)c2ccccc21,-3.18
CCO/N=C(\OC(=O)c1ccccc1)c1c(OC)ccc(Cl)c1OC,N=C(OC(=O)c1ccccc1)c1ccccc1,-4.08
CC1COc2c(N3CCN(C)CC3)c(F)cc3c(=O)c(C(=O)O)cn1c23,O=c1ccn2c3c(c(N4CCNCC4)ccc13)OCC2,-1.27
COc1cc2nc(N3CCN(C(=O)C4CCCO4)CC3)nc(N)c2cc1OC,O=C(C1CCCO1)N1CCN(c2ncc3ccccc3n2)CC1,-1.8
CCn1c(O)c(N=Nc2ccc(Cl)cc2[N+](=O)[O-])c(C)c(C#N)c1=O,O=c1ccc(N=Nc2ccccc2)c[nH]1,-6.69
COc1ccc2c(c1)N(CC(C)CN(C)C)c1ccccc1S2,c1ccc2c(c1)Nc1ccccc1S2,-4.37
Clc1cc(Cl)c(Cl)c(-c2c(Cl)c(Cl)cc(Cl)c2Cl)c1Cl,c1ccc(-c2ccccc2)cc1,-9.38
CCC1OC(=O)C(C)C(OC2CC(C)(OC)C(O)C(C)O2)C(C)C(OC2OC(C)CC(N(C)C)C2O)C(C)(OC)CC(C)C(=O)C(C)C(O)C1(C)O,O=C1CCCCOC(=O)CC(OC2CCCCO2)CC(OC2CCCCO2)CCC1,-2.2
Cc1cccc(C)c1NC(=O)c1cc(S(N)(=O)=O)c(Cl)cc1O,O=C(Nc1ccccc1)c1ccccc1,-3.9
CC(=O)Nc1ccncc1NS(=O)(=O)c1ccc([N+](=O)[O-])cc1,O=S(=O)(Nc1cccnc1)c1ccccc1,-3.39
CCCCCN1C(=O)CCC(N2C(=O)c3ccccc3C2=O)C1=O,O=C1CCC(N2C(=O)c3ccccc3C2=O)C(=O)N1,-4.7
Cc1cn(C2CC(N=[N+]=[N-])C(COC(=O)c3ccncc3)O2)c(=O)[nH]c1=O,O=C(OCC1CCC(n2ccc(=O)[nH]c2=O)O1)c1ccncc1,-2.72
COc1cc2c(c(OC)c1OC)-c1ccc(OC)c(=O)cc1C(NC(C)=O)CC2,O=c1cccc2c(c1)CCCc1ccccc1-2,-0.94
Cc1nnc2n1-c1ccc(Cl)cc1C(c1ccccc1)=NC2,c1ccc(C2=NCc3nncn3-c3ccccc32)cc1,-3.6
c1cc2cccc3c4cccc5cccc(c(c1)c23)c54,c1cc2cccc3c4cccc5cccc(c(c1)c23)c54,-8.7
c1ccc2c(c1)c1cccc3ccc4cccc2c4c31,c1ccc2c(c1)c1cccc3ccc4cccc2c4c31,-7.66
COc1cc2c(N)nc(N3CCN(C(=O)OCC(C)(C)O)CC3)nc2c(OC)c1OC,c1ccc2nc(N3CCNCC3)ncc2c1,-3.64
COc1cc2c(c3c1c(=O)c1ccccc1n3C)C=CC(C)(C)O2,O=c1c2ccccc2[nH]c2c3c(ccc12)OCC=C3,-5.21
Clc1cc(-c2c(Cl)c(Cl)c(Cl)c(Cl)c2Cl)c(Cl)c(Cl)c1Cl,c1ccc(-c2ccccc2)cc1,-9.62
O=P(Oc1ccccc1)(Oc1ccccc1)Oc1ccccc1,O=P(Oc1ccccc1)(Oc1ccccc1)Oc1ccccc1,-5.66
CSc1ccc2c(c1)N(CCC1CCCCN1C)c1ccccc1S2,c1ccc2c(c1)Sc1ccccc1N2CCC1CCCCN1,-5.82
CCOC(=O)C(C)Oc1ccc(Oc2nc3ccc(Cl)cc3s2)cc1,c1ccc(Oc2nc3ccccc3s2)cc1,-5.67
Cc1nnc2n1-c1ccc(Cl)cc1C(c1ccccc1Cl)=NC2,c1ccc(C2=NCc3nncn3-c3ccccc32)cc1,-4.08
C=C(C)C1Cc2c(ccc3c2OC2COc4cc(OC)c(OC)cc4C2C3=O)O1,O=C1c2ccc3c(c2OC2COc4ccccc4C12)CCO3,-4.47
CN1C(CCl)Nc2cc(Cl)c(S(N)(=O)=O)cc2S1(=O)=O,O=S1(=O)NCNc2ccccc21,-3.78
CC(Oc1ccc(Oc2cnc3cc(Cl)ccc3n2)cc1)C(=O)OC1CCCO1,O=C(COc1ccc(Oc2cnc3ccccc3n2)cc1)OC1CCCO1,-5.02
NS(=O)(=O)c1cc2c(cc1Cl)NC(C(Cl)Cl)NS2(=O)=O,O=S1(=O)NCNc2ccccc21,-3.18
CCOC(=O)c1ccccc1S(=O)(=O)NC(=O)Nc1nc(Cl)cc(OC)n1,O=C(Nc1ncccn1)NS(=O)(=O)c1ccccc1,-4.58
CN1C(C(=O)Nc2ccccn2)=C(O)c2ccccc2S1(=O)=O,O=C(Nc1ccccn1)C1=Cc2ccccc2S(=O)(=O)N1,-4.5
Cc1ccc(-c2cc(C(F)(F)F)nn2-c2ccc(S(N)(=O)=O)cc2)cc1,c1ccc(-c2ccnn2-c2ccccc2)cc1,-4.74
CN(C)C1C(O)=C(C(N)=O)C(=O)C2(O)C(O)=C3C(=O)c4c(O)cccc4C(C)(O)C3C(O)C12,O=C1C2=CC3C(=O)C=CCC3CC2Cc2ccccc21,-3.15
O=c1oc2ccccc2c(O)c1Cc1c(O)c2ccccc2oc1=O,O=c1oc2ccccc2cc1Cc1cc2ccccc2oc1=O,-4.27
Cc1cnc(NC(=O)C2=C(O)c3ccccc3S(=O)(=O)N2C)s1,O=C(Nc1nccs1)C1=Cc2ccccc2S(=O)(=O)N1,-1.92
CC(C)(Sc1c(C(C)(C)C)cc(O)cc1C(C)(C)C)Sc1c(C(C)(C)C)cc(O)cc1C(C)(C)C,c1ccc(SCSc2ccccc2)cc1,-8.17
CCOC(=O)Nc1ccc2c(c1)N(C(=O)CCN1CCOCC1)c1ccccc1S2,O=C(CCN1CCOCC1)N1c2ccccc2Sc2ccccc21,-3.9
O=C(NC(=O)c1c(F)cccc1F)Nc1ccc(Oc2ccc(C(F)(F)F)cc2Cl)cc1F,O=C(NC(=O)c1ccccc1)Nc1ccc(Oc2ccccc2)cc1,-8.09
COC(=O)c1ccc(C(F)(F)F)nc1S(=O)(=O)NC(=O)Nc1nc(OC)cc(OC)n1,O=C(Nc1ncccn1)NS(=O)(=O)c1ccccn1,-3.89
CN(Cc1cnc2nc(N)nc(N)c2n1)c1ccc(C(=O)NC(CCC(=O)O)C(=O)O)cc1,c1ccc(NCc2cnc3ncncc3n2)cc1,-4.0
c1cc2ccc3ccc4ccc5ccc6ccc1c1c2c3c4c5c61,c1cc2ccc3ccc4ccc5ccc6ccc1c1c2c3c4c5c61,-8.83
C=CCN(CCC#N)c1cc(NC(C)=O)c(N=Nc2c(Br)cc([N+](=O)[O-])cc2[N+](=O)[O-])cc1OC,c1ccc(N=Nc2ccccc2)cc1,-8.9
COc1cc(C2c3cc4c(cc3C(OC3OC5COC(C)OC5C(O)C3O)C3COC(=O)C23)OCO4)cc(OC)c1O,O=C1OCC2C(OC3CCC4OCOCC4O3)c3cc4c(cc3C(c3ccccc3)C12)OCO4,-3.47
C/C=C/CC(C)C(O)C1C(=O)NC(CC)C(=O)N(C)CC(=O)N(C)C(CC(C)C)C(=O)NC(C(C)C)C(=O)N(C)C(CC(C)C)C(=O)NC(C)C(=O)NC(C)C(=O)N(C)C(CC(C)C)C(=O)N(C)C(CC(C)C)C(=O)N(C)C(C(C)C)C(=O)N1C,O=C1CNC(=O)CNC(=O)CNC(=O)CNC(=O)CNC(=O)CNC(=O)CNC(=O)CNC(=O)CNC(=O)CNC(=O)CN1,-4.64
N#CCC#N,,0.25
CS(C)(=O)=O,,0.2
Oc1ccc(F)cc1,c1ccccc1,-0.21
CC1=C(/C=C/C(C)=C/C=C/C(C)=C/CO)C(C)(C)CCC1,C1=CCCCC1,-3.81
O=C1C=CC(=O)C=C1,O=C1C=CC(=O)C=C1,-0.89
CCC(Br)(CC)C(=O)NC(N)=O,,-2.68
Oc1cccc(Cl)c1,c1ccccc1,-0.71
CCC(CC)(C(=O)NC(N)=O)C(=O)OC,,-1.96
CCOC(=O)C(CC)(CC)C(=O)NC(N)=O,,-2.08
O=C(O)C1C2CCC(O2)C1C(=O)O,C1CC2CCC1O2,-0.27
CCOc1ccc(O)cc1,c1ccccc1,-1.29
Cc1ncc([N+](=O)[O-])[nH]1,c1c[nH]cn1,-1.63
CCC(CC)(C(=O)NC(N)=O)C(=O)OC(C)C,,-2.77
CCC(CC)(C(=O)NC(N)=O)C(=O)OCOC,,-2.17
NC(=S)c1ccccc1,c1ccccc1,-1.92
O=NN(CCCl)C(=O)NC1CCCCC1,C1CCCCC1,-3.37
C=CCC(CC=C)(C(=O)NC(N)=O)C(=O)OC,,-2.17
Cc1cc(O)cc(C)c1Cl,c1ccccc1,-2.67
O=C(NCO)c1ccccc1,c1ccccc1,-0.52
Cc1ncc([N+](=O)[O-])n1C,c1c[nH]cn1,-1.16
CCc1ccc(C(=O)O)cc1,c1ccccc1,-2.52
CC(C)c1nc([N+](=O)[O-])c[nH]1,c1c[nH]cn1,-1.15
COc1ccc(C(N)=O)cc1,c1ccccc1,-1.72
COc1cccc(C(N)=O)c1,c1ccccc1,-1.72
CC(C)(C)C(=O)OCn1cc(F)c(=O)n(COC(=O)C(C)(C)C)c1=O,O=c1cc[nH]c(=O)[nH]1,-3.9
CN(C)CNC(=O)c1ccccc1,c1ccccc1,0.42
Oc1ccc(I)cc1,c1ccccc1,-1.71
CCCCc1ccc(C(=O)O)cc1,c1ccccc1,-3.08
CC(=O)OCn1cc(F)c(=O)n(COC(C)=O)c1=O,O=c1cc[nH]c(=O)[nH]1,-1.81
CCOC(=O)C(C)(C(=O)NC(=O)NC)C1=CCCCC1,C1=CCCCC1,-3.0
CC(C)c1ncc([N+](=O)[O-])n1C,c1c[nH]cn1,-1.26
CNC(=O)Oc1ccc(C)c(C)c1,c1ccccc1,-2.49
Cc1ncc([N+](=O)[O-])n1CC(C)O,c1c[nH]cn1,-0.74
Cc1cc2ccccc2cn1,c1ccc2cnccc2c1,-2.19
CCC(C)c1ccccc1OC(=O)NC,c1ccccc1,-2.53
CCC(CC)(C(=O)NC(N)=O)C(=O)OCC(=O)OC,,-2.01
O=C(O)CONC(=O)c1ccccc1,c1ccccc1,-0.95
COc1cc(/C=C/C(=O)O)ccc1O,c1ccccc1,-3.05
S=c1[nH]cnc2[nH]cnc12,S=c1[nH]cnc2[nH]cnc12,-2.95
CNC(=O)n1cc(F)c(=O)[nH]c1=O,O=c1cc[nH]c(=O)[nH]1,-2.28
CCC(=O)n1c(=O)[nH]cc(F)c1=O,O=c1cc[nH]c(=O)[nH]1,-0.7
COC(=O)n1cc(F)c(=O)[nH]c1=O,O=c1cc[nH]c(=O)[nH]1,-0.91
CC(=O)OCn1cc(F)c(=O)[nH]c1=O,O=c1cc[nH]c(=O)[nH]1,-0.67
COC(=O)c1ccccc1OC(C)=O,c1ccccc1,-1.84
O=c1[nH]c(=O)c2nc[nH]c2[nH]1,O=c1[nH]c(=O)c2nc[nH]c2[nH]1,-3.87
CC(=O)OCn1c(=O)[nH]cc(F)c1=O,O=c1cc[nH]c(=O)[nH]1,-1.2
CCNc1nc(Cl)nc(NC(C)(C)C)n1,c1ncncn1,-4.43
CCNc1nc(NCC)nc(SC)n1,c1ncncn1,-2.73
CCC(C)(S(=O)(=O)CC)S(=O)(=O)CC,,-1.91
CCNC(=O)n1cc(F)c(=O)[nH]c1=O,O=c1cc[nH]c(=O)[nH]1,-2.13
Nc1cc(N2CCCCC2)nc(N)[n+]1[O-],c1cc(N2CCCCC2)nc[nH+]1,-1.94
CCOC(=O)OCn1c(=O)[nH]cc(F)c1=O,O=c1cc[nH]c(=O)[nH]1,-1.46
C=CCOc1ccccc1OCC(O)CNC(C)C,c1ccccc1,-0.32
COc1nc(NC(C)C)nc(NC(C)C)n1,c1ncncn1,-2.56
CCOC(=O)n1cc(F)c(=O)[nH]c1=O,O=c1cc[nH]c(=O)[nH]1,-1.47
CN(C)C(=O)n1cc(F)c(=O)[nH]c1=O,O=c1cc[nH]c(=O)[nH]1,-1.53
CCC(=O)OCn1cc(F)c(=O)[nH]c1=O,O=c1cc[nH]c(=O)[nH]1,-0.81
CCOC(=O)n1c(=O)[nH]cc(F)c1=O,O=c1cc[nH]c(=O)[nH]1,-0.45
CCC(C)(C)C(=O)OC1CC(C)C=C2C=CC(C)C(CCC3CC(O)CC(=O)O3)C21,O=C1CCCC(CCC2CC=CC3=CCCCC32)O1,-5.48
CC(C)(C)C(=O)OCn1cc(F)c(=O)[nH]c1=O,O=c1cc[nH]c(=O)[nH]1,-2.03
CCCC(=O)OCn1cc(F)c(=O)[nH]c1=O,O=c1cc[nH]c(=O)[nH]1,-1.31
O=C(OCC(=O)N1CCCC1)c1ccccc1,O=C(OCC(=O)N1CCCC1)c1ccccc1,-1.57
CC(C)(C)NCC(O)COc1ccccc1C1CCCC1,c1ccc(C2CCCC2)cc1,-1.84
CN(C)C(=O)COC(=O)c1ccccc1O,c1ccccc1,-1.71
CCC(C)C(=O)OC1CCC=C2C=CC(C)C(CCC3CC(O)CC(=O)O3)C21,O=C1CCCC(CCC2CC=CC3=CCCCC32)O1,-5.42
CCCCOC(=O)n1cc(F)c(=O)[nH]c1=O,O=c1cc[nH]c(=O)[nH]1,-1.59
COCCN(C(=O)CCl)c1c(C)cccc1C,c1ccccc1,-2.09
CC(C)COC(=O)n1cc(F)c(=O)[nH]c1=O,O=c1cc[nH]c(=O)[nH]1,-1.89
CCN(CCO)C(=O)COC(=O)c1ccccc1,c1ccccc1,-1.37
O=C(OCCCl)n1cc(F)c(=O)[nH]c1=O,O=c1cc[nH]c(=O)[nH]1,-1.91
CN1CCC23CCCCC2C1Cc1ccc(O)cc13,c1ccc2c(c1)CC1NCCC23CCCCC13,-2.72
COC(=O)Nc1nc2ccccc2[nH]1,c1ccc2[nH]cnc2c1,-4.52
CCC(C)C(=O)OC1CC(O)C=C2C=CC(C)C(CCC3CC(O)CC(=O)O3)C21,O=C1CCCC(CCC2CC=CC3=CCCCC32)O1,-3.35
O=C(O)CCCc1ccc(N(CCCl)CCCl)cc1,c1ccccc1,-3.4
CC(C)N(C(=O)COC(=O)c1ccccc1)C(C)C,c1ccccc1,-3.34
O=C(OCC(=O)N(CCO)CCO)c1ccccc1,c1ccccc1,0.43
CCCCCCOC(=O)n1cc(F)c(=O)[nH]c1=O,O=c1cc[nH]c(=O)[nH]1,-2.24
CCN(CC)C(=O)COC(=O)c1ccccc1O,c1ccccc1,-2.56
COc1ccc2c(c1)C13CCCCC1C(C2)N(C)CC3,c1ccc2c(c1)CC1NCCC23CCCCC13,-3.48
CNc1ccc(S(=O)(=O)N(C)C)cc1,c1ccccc1,-3.08
O=C(COC(=O)c1ccccc1)NC(CO)(CO)CO,c1ccccc1,-1.27
CN(CC(N)=O)C(=O)COC(=O)c1ccccc1,c1ccccc1,-0.92
CCCCCCCCNC(=O)n1cc(F)c(=O)[nH]c1=O,O=c1cc[nH]c(=O)[nH]1,-4.18
CC1CCCC(C)N1C(=O)COC(=O)c1ccccc1,O=C(OCC(=O)N1CCCCC1)c1ccccc1,-3.26
COCCN(CCOC)C(=O)COC(=O)c1ccccc1,c1ccccc1,-1.57
CC(=O)Oc1ccccc1C(=O)OCC(N)=O,c1ccccc1,-1.79
CON(C(=O)c1cc(C)oc1C)C1CCCCC1,O=C(NC1CCCCC1)c1ccoc1,-2.92
O=C(O)c1ccccc1-c1ccccc1,c1ccc(-c2ccccc2)cc1,-2.73
CCOC(=O)CN(C)C(=O)COC(=O)c1ccccc1,c1ccccc1,-1.67
CC(=O)OCn1ncc2c(=O)[nH]cnc21,O=c1[nH]cnc2[nH]ncc12,-2.56
O=C(OCC(=O)N1CCC1C(=O)O)c1ccccc1,O=C(OCC(=O)N1CCC1)c1ccccc1,-2.14
O=C1C(Cl)C(CCl)CN1c1cccc(C(F)(F)F)c1,O=C1CCCN1c1ccccc1,-4.05
CCNC(=O)COC(=O)c1ccccc1OC(C)=O,c1ccccc1,-1.68
CCOC(=O)COC(=O)c1ccccc1OC(C)=O,c1ccccc1,-2.58
CC(=O)Oc1ccccc1C(=O)OCC(=O)N(C)C,c1ccccc1,-1.55
CN(C=O)c1ccc(S(=O)(=O)N(C)C)cc1,c1ccccc1,-2.37
CC(=O)OCCOCn1cnc2cnc(N)nc21,c1ncc2nc[nH]c2n1,-0.97
NC(=O)C1CCCN1C(=O)COC(=O)c1ccccc1,O=C(OCC(=O)N1CCCC1)c1ccccc1,-2.27
CN1CCC23c4c5ccc(O)c4OC2C(O)C=CC3C1C5,C1=CC2C3Cc4cccc5c4C2(CCN3)C(C1)O5,-3.15
O=C(OCC(=O)N1CCCC1C(=O)O)c1ccccc1,O=C(OCC(=O)N1CCCC1)c1ccccc1,-1.59
CCCC(=O)OCn1cc2c(=O)[nH]cnc2n1,O=c1[nH]cnc2n[nH]cc12,-2.2
CCCC(=O)OCn1ncc2c(=O)[nH]cnc21,O=c1[nH]cnc2[nH]ncc12,-2.83
CC(=O)Nc1ncc2ncn(COCCO)c2n1,c1ncc2nc[nH]c2n1,-0.86
CC(=O)N(C)c1ccc(S(=O)(=O)N(C)C)cc1,c1ccccc1,-2.3
COCC(=O)N(c1c(C)cccc1C)C(C)C(=O)OC,c1ccccc1,-1.6
CCN(CC)C(=O)COC(=O)c1ccccc1OC(C)=O,c1ccccc1,-2.11
CC(C)(C)C(=O)OCn1cc2c(=O)[nH]cnc2n1,O=c1[nH]cnc2n[nH]cc12,-2.17
CC1(C)C(C=C(Cl)Cl)C1C(=O)OCc1c(F)c(F)cc(F)c1F,O=C(OCc1ccccc1)C1CC1,-6.81
CC(C)(C)C(=O)OCn1ncc2c(=O)[nH]cnc21,O=c1[nH]cnc2[nH]ncc12,-2.68
Clc1cc(Oc2ccccc2)cc(Cl)c1Cl,c1ccc(Oc2ccccc2)cc1,-6.77
CC(=O)OCCOCn1cnc2c(=O)[nH]c(N)nc21,O=c1[nH]cnc2[nH]cnc12,-2.7
CCC(=O)N(C)c1ccc(S(=O)(=O)N(C)C)cc1,c1ccccc1,-2.48
Clc1cc(Cl)c(Oc2ccccc2)cc1Cl,c1ccc(Oc2ccccc2)cc1,-6.58
CC(=O)Oc1ccccc1C(=O)OCC(=O)N1CCOCC1,O=C(OCC(=O)N1CCOCC1)c1ccccc1,-1.8
Nc1c(S(=O)(=O)O)ccc2ccccc12,c1ccc2ccccc2c1,-2.96
CCCCCCC(C)OC(=O)COc1nc(F)c(Cl)c(N)c1Cl,c1ccncc1,-6.43
O=C(c1ccccc1)n1c(=O)[nH]cc(F)c1=O,O=C(c1ccccc1)n1c(=O)cc[nH]c1=O,-2.26
CCCN(CCC)C(=O)COC(=O)c1ccccc1OC(C)=O,c1ccccc1,-2.65
CC(=NNc1nc(C)cc(C)n1)c1ccccc1C,C(=NNc1ncccn1)c1ccccc1,-3.2
CC(=O)Oc1ccccc1C(=O)OCC(=O)NCC(N)=O,c1ccccc1,-2.52
CCCC(=O)N(C)c1ccc(S(=O)(=O)N(C)C)cc1,c1ccccc1,-2.16
CCN(CC)CCCC(C)Nc1ccnc2cc(Cl)ccc12,c1ccc2ncccc2c1,-2.83
CCN(CC)C(=O)C(C)OC(=O)c1ccccc1OC(C)=O,c1ccccc1,-1.6
CC(=O)Oc1ccccc1C(=O)OCC(=O)N(C(C)C)C(C)C,c1ccccc1,-3.25
CC(=O)Nc1nc2c(ncn2COCCO)c(=O)[nH]1,O=c1[nH]cnc2[nH]cnc12,-1.92
Cc1c(Cl)cccc1Nc1ccccc1C(=O)O,c1ccc(Nc2ccccc2)cc1,-5.06
CCn1cc(C(=O)OC)c(=O)c2ccc(C)nc21,O=c1cc[nH]c2ncccc12,-2.7
O=C(OCc1ccccc1)n1cc(F)c(=O)[nH]c1=O,O=C(OCc1ccccc1)n1ccc(=O)[nH]c1=O,-2.82
CC1C(c2ccc(Cl)cc2)SC(=O)N1C(=O)NC1CCCCC1,O=C(NC1CCCCC1)N1CC(c2ccccc2)SC1=O,-5.85
O=C(Oc1ccccc1)n1cc(F)c(=O)[nH]c1=O,O=C(Oc1ccccc1)n1ccc(=O)[nH]c1=O,-2.44
CCCCC(=O)N(C)c1ccc(S(=O)(=O)N(C)C)cc1,c1ccccc1,-2.85
CCN(CC)CC(=O)OCn1ncc2c(=O)[nH]cnc21,O=c1[nH]cnc2[nH]ncc12,-1.79
O=C(Oc1ccccc1)n1c(=O)[nH]cc(F)c1=O,O=C(Oc1ccccc1)n1c(=O)cc[nH]c1=O,-3.22
Nc1nc2c(ncn2C2OC(CO)C(O)C2O)c(=O)[nH]1,O=c1[nH]cnc2c1ncn2C1CCCO1,-2.74
CCCCCC(=O)N(C)c1ccc(S(=O)(=O)N(C)C)cc1,c1ccccc1,-2.95
CC(=O)Nc1ncc2ncn(COCCOC(C)=O)c2n1,c1ncc2nc[nH]c2n1,-0.73
CC(C)(C)C(O)C(Cc1ccc(Cl)cc1)n1cncn1,c1ccc(CCn2cncn2)cc1,-4.05
CCN(CC)C(=O)Nc1ccc(OCC(O)CNC(C)(C)C)c(C(C)=O)c1,c1ccccc1,-1.9
CCOC(=O)CNC(=O)COC(=O)c1ccccc1OC(C)=O,c1ccccc1,-1.87
Clc1ccc(Oc2ccc(Cl)cc2Cl)c(Cl)c1,c1ccc(Oc2ccccc2)cc1,-6.82
COP(=S)(OC)Oc1ccc([N+](=O)[O-])cc1Cl,c1ccccc1,-4.68
O=C(OCn1c(=O)[nH]cc(F)c1=O)Oc1ccccc1,O=C(OCn1c(=O)cc[nH]c1=O)Oc1ccccc1,-2.45
CCCCCCC(=O)N(C)c1ccc(S(=O)(=O)N(C)C)cc1,c1ccccc1,-3.68
CCCCCCC(=O)N(C)S(=O)(=O)c1ccc(N(C)C)cc1,c1ccccc1,-3.68
CCCCCCCC(=O)N(C)c1ccc(S(=O)(=O)N(C)C)cc1,c1ccccc1,-3.59
CC(=O)OCn1cc2c(=O)n(COC(C)=O)cnc2n1,O=c1[nH]cnc2n[nH]cc12,-1.99
CCOC(=O)CN(C)C(=O)COC(=O)c1ccccc1OC(C)=O,c1ccccc1,-2.55
COc1ccc2cc(C(C)C(=O)OCC(N)=O)ccc2c1,c1ccc2ccccc2c1,-3.93
COP(=O)(OC)SCn1c(=O)oc2cc(Cl)cnc21,O=c1[nH]c2ncccc2o1,-2.47
C=CCN1CCC23c4c5ccc(O)c4OC2C(=O)CCC3(O)C1C5,O=C1CCC2C3Cc4cccc5c4C2(CCN3)C1O5,-3.39
CC(=O)Oc1ccccc1C(=O)OCN1C(=O)CCC1=O,O=C(OCN1C(=O)CCC1=O)c1ccccc1,-2.77
CCOC(=O)Nc1cccc(OC(=O)Nc2ccccc2)c1,O=C(Nc1ccccc1)Oc1ccccc1,-4.52
CC(C(=O)O)c1ccc(N2Cc3ccccc3C2=O)cc1,O=C1c2ccccc2CN1c1ccccc1,-4.72
CC(=O)Nc1nc2c(ncn2COCCOC(C)=O)c(=O)[nH]1,O=c1[nH]cnc2[nH]cnc12,-2.14
[O-][n+]1nc(-n2ccnc2)nc2ccc(Cl)cc21,c1ccc2[nH+]nc(-n3ccnc3)nc2c1,-3.63
Cc1nc(NS(=O)(=O)c2ccc(N)cc2)oc1C,O=S(=O)(Nc1ncco1)c1ccccc1,-2.22
Clc1ccc(Oc2ccc(Cl)c(Cl)c2Cl)cc1Cl,c1ccc(Oc2ccccc2)cc1,-7.67
C=C(CC(=O)c1ccc(-c2ccccc2Cl)cc1)C(=O)O,c1ccc(-c2ccccc2)cc1,-3.2
CCN(CC)C(=O)CCC(=O)OCn1ncc2c(=O)[nH]cnc21,O=c1[nH]cnc2[nH]ncc12,-0.99
COc1ccc2cc(C(C)C(=O)OCC(=O)N(C)C)ccc2c1,c1ccc2ccccc2c1,-4.9
COP(=O)(OC)O/C(=C\Cl)c1cc(Cl)c(Cl)cc1Cl,c1ccccc1,-4.52
CO/N=C(\C(=O)OC)c1ccccc1COc1ccccc1C,c1ccc(COc2ccccc2)cc1,-5.19
O=C1CC(c2ccc(O)c(O)c2)Oc2cc(O)cc(O)c21,O=C1CC(c2ccccc2)Oc2ccccc21,-3.62
CCn1cc(C(=O)OCOC(C)=O)c(=O)c2ccc(C)nc21,O=c1cc[nH]c2ncccc12,-2.49
O=C(OCn1ncc2c(=O)[nH]cnc21)c1ccccc1,O=C(OCn1ncc2c(=O)[nH]cnc21)c1ccccc1,-4.05
CCCC(=O)OCn1cc2c(=O)n(COC(=O)CCC)cnc2n1,O=c1[nH]cnc2n[nH]cc12,-3.55
CCC(=O)OCOC(=O)c1cn(CC)c2nc(C)ccc2c1=O,O=c1cc[nH]c2ncccc12,-2.83
CCOP(=S)(OCC)Oc1ccc(S(C)(=O)=O)cc1,c1ccccc1,-3.58
CCN(CC)C(=O)COC(=O)C(C)c1ccc2cc(OC)ccc2c1,c1ccc2ccccc2c1,-4.46
COc1ccc2cc(C(C)C(=O)OCC(=O)N(C)CCO)ccc2c1,c1ccc2ccccc2c1,-3.39
CC(C)(C)C(=O)OCn1cc2c(=O)n(COC(=O)C(C)(C)C)cnc2n1,O=c1[nH]cnc2n[nH]cc12,-3.91
Clc1cc(Cl)c(Oc2cc(Cl)c(Cl)c(Cl)c2)cc1Cl,c1ccc(Oc2ccccc2)cc1,-8.72
CC(C)Oc1cc(-n2nc(C(C)(C)C)oc2=O)c(Cl)cc1Cl,O=c1ocnn1-c1ccccc1,-5.54
Clc1ccc(Oc2cc(Cl)c(Cl)c(Cl)c2Cl)cc1Cl,c1ccc(Oc2ccccc2)cc1,-8.78
Clc1cc(Cl)c(Oc2cc(Cl)c(Cl)cc2Cl)cc1Cl,c1ccc(Oc2ccccc2)cc1,-8.36
CC(C)(C)C(=O)OCn1cnc2c(cnn2COC(=O)C(C)(C)C)c1=O,O=c1[nH]cnc2[nH]ncc12,-4.26
Clc1cc(Cl)c(Oc2ccc(Cl)c(Cl)c2Cl)cc1Cl,c1ccc(Oc2ccccc2)cc1,-8.31
COC(=O)n1c(-c2cscn2)nc2ccccc21,c1ccc2[nH]c(-c3cscn3)nc2c1,-3.11
Clc1ccc(Oc2ccc(Cl)c(Cl)c2Cl)c(Cl)c1Cl,c1ccc(Oc2ccccc2)cc1,-8.14
CCCC(=O)OCOC(=O)c1cn(CC)c2nc(C)ccc2c1=O,O=c1cc[nH]c2ncccc12,-2.95
Clc1ccc(Oc2cc(Cl)c(Cl)c(Cl)c2Cl)c(Cl)c1,c1ccc(Oc2ccccc2)cc1,-8.44
Clc1cc(Cl)c(Oc2cc(Cl)c(Cl)cc2Cl)c(Cl)c1,c1ccc(Oc2ccccc2)cc1,-8.04
CCn1cc(C(=O)OCOC(=O)C(C)C)c(=O)c2ccc(C)nc21,O=c1cc[nH]c2ncccc12,-3.02
Clc1cc(Cl)c(Oc2ccc(Cl)c(Cl)c2Cl)c(Cl)c1,c1ccc(Oc2ccccc2)cc1,-8.1
Clc1ccc(Oc2c(Cl)c(Cl)c(Cl)c(Cl)c2Cl)cc1,c1ccc(Oc2ccccc2)cc1,-8.94
C#CCOC(=O)C(C)Oc1ccc(Oc2ncc(Cl)cc2F)cc1,c1ccc(Oc2ccccn2)cc1,-5.15
CN1C(=O)C(O)N=C(c2ccccc2)c2cc(Cl)ccc21,O=C1CN=C(c2ccccc2)c2ccccc2N1,-2.7
CN1CCN(C2=Nc3cc(Cl)ccc3Nc3ccccc32)CC1,c1ccc2c(c1)N=C(N1CCNCC1)c1ccccc1N2,-4.64
CCOC(=O)n1c(-c2cscn2)nc2ccccc21,c1ccc2[nH]c(-c3cscn3)nc2c1,-2.92
COc1ccc2cc(C(C)C(=O)OCC(=O)N(CCO)CCO)ccc2c1,c1ccc2ccccc2c1,-2.96
O=C1CN=C(c2ccccc2)c2cc(Cl)ccc2N1CC1CC1,O=C1CN=C(c2ccccc2)c2ccccc2N1CC1CC1,-4.91
CCN(CC)C(=O)COC(=O)c1cn(CC)c2nc(C)ccc2c1=O,O=c1cc[nH]c2ncccc12,-1.43
COc1ccc2cc(C(C)C(=O)OCC(=O)N(C)CC(N)=O)ccc2c1,c1ccc2ccccc2c1,-3.78
CCCOC(=O)n1c(-c2cscn2)nc2ccccc21,c1ccc2[nH]c(-c3cscn3)nc2c1,-3.52
O=c1oc2ccccc2c(O)c1C1CCCc2ccccc21,O=c1oc2ccccc2cc1C1CCCc2ccccc21,-4.86
CCCCNC(=O)Oc1cc(/C=C(/C#N)C(=O)N(CC)CC)cc([N+](=O)[O-])c1O,c1ccccc1,-2.32
Clc1cc(Cl)c(Oc2cc(Cl)c(Cl)c(Cl)c2Cl)cc1Cl,c1ccc(Oc2ccccc2)cc1,-9.5
Clc1ccc(Oc2c(Cl)c(Cl)c(Cl)c(Cl)c2Cl)cc1Cl,c1ccc(Oc2ccccc2)cc1,-9.46
CCN(CC)C(=O)/C(C#N)=C\c1cc(OC(=O)NC(C)(C)C)c(O)c([N+](=O)[O-])c1,c1ccccc1,-3.53
Clc1cc(Cl)c(Oc2c(Cl)c(Cl)cc(Cl)c2Cl)cc1Cl,c1ccc(Oc2ccccc2)cc1,-9.05
Clc1ccc(Oc2c(Cl)c(Cl)cc(Cl)c2Cl)c(Cl)c1Cl,c1ccc(Oc2ccccc2)cc1,-9.09
Clc1cc(Oc2c(Cl)ccc(Cl)c2Cl)c(Cl)c(Cl)c1Cl,c1ccc(Oc2ccccc2)cc1,-8.89
CC(C)COC(=O)n1c(-c2cscn2)nc2ccccc21,c1ccc2[nH]c(-c3cscn3)nc2c1,-4.17
COP(=O)(Oc1cc(Cl)c(Br)cc1Cl)c1ccccc1,O=[PH](Oc1ccccc1)c1ccccc1,-4.99
Clc1cc(Cl)c(Oc2c(Cl)c(Cl)c(Cl)c(Cl)c2Cl)cc1Cl,c1ccc(Oc2ccccc2)cc1,-10.1
Clc1ccc(Oc2c(Cl)c(Cl)c(Cl)c(Cl)c2Cl)c(Cl)c1Cl,c1ccc(Oc2ccccc2)cc1,-10.6
Clc1cc(Oc2c(Cl)c(Cl)cc(Cl)c2Cl)c(Cl)c(Cl)c1Cl,c1ccc(Oc2ccccc2)cc1,-10.1
CO/N=C(/C)c1cccc(Oc2nc(OC)cc(OC)n2)c1C(=O)OC,c1ccc(Oc2ncccn2)cc1,-3.31
COc1ccc2[nH]c([S+]([O-])Cc3ncc(C)c(OC)c3C)nc2c1,c1ccc(C[SH+]c2nc3ccccc3[nH]2)nc1,-4.28
CCOC(=O)C(C)Oc1ccc(Oc2cnc3cc(Cl)ccc3n2)cc1,c1ccc(Oc2cnc3ccccc3n2)cc1,-5.97
c1ccc2c(c1)ccc1c3ccc4ccccc4c3[nH]c21,c1ccc2c(c1)ccc1c3ccc4ccccc4c3[nH]c21,-7.41
Nc1nc2c(ncn2COCCOC(=O)c2ccc(CN3CCOCC3)cc2)c(=O)[nH]1,O=C(OCCOCn1cnc2c(=O)[nH]cnc21)c1ccc(CN2CCOCC2)cc1,-2.75
O=C(NC(=O)c1c(F)cccc1F)Nc1cc(Cl)c(OC(F)(F)C(F)F)c(Cl)c1,O=C(NC(=O)c1ccccc1)Nc1ccccc1,-5.82
O=[N+]([O-])c1ccc(O/N=C/c2cc(Br)c(O)c(Br)c2)c([N+](=O)[O-])c1,C(=NOc1ccccc1)c1ccccc1,-5.19
CC1COC(Cn2cncn2)(c2ccc(Oc3ccc(Cl)cc3)cc2Cl)O1,c1ccc(Oc2ccc(C3(Cn4cncn4)OCCO3)cc2)cc1,-4.91
N#Cc1sc2c(=O)c3ccccc3c(=O)c=2sc1C#N,O=c1c2sccsc=2c(=O)c2ccccc12,-6.33
CC(C)N=c1cc2n(-c3ccc(Cl)cc3)c3ccccc3nc-2cc1Nc1ccc(Cl)cc1,N=c1cc2n(-c3ccccc3)c3ccccc3nc-2cc1Nc1ccccc1,-6.24
CC(=O)OC1C(=O)C2(C)C(O)CC3OCC3(OC(C)=O)C2C(OC(=O)c2ccccc2)C2(O)CC(OC(=O)C(O)C(NC(=O)c3ccccc3)c3ccccc3)C(C)=C1C2(C)C,O=C(CC(NC(=O)c1ccccc1)c1ccccc1)OC1C=C2CC(=O)C3CCC4OCC4C3C(OC(=O)c3ccccc3)C(C2)C1,-6.33
C1CCCNCC1,C1CCCNCC1,-0.49
CC(C)(C)C(C)(C)C,,-4.87
CC1CNC(C)CN1,C1CNCCN1,0.49
CCC(C)(N)C(=O)O,,0.38
CCCC(=O)CCC,,-1.48
OC1CC(O)C(O)C(O)C1O,C1CCCCC1,-0.17
CCC(CO)NCCNC(CC)CO,,0.57
NC12CC3CC(CC(C3)C1)C2,C1C2CC3CC1CC(C2)C3,-1.85
I/C=C/I,,-3.22
CC(/C=N/O)=N\O,,-0.35
CCCC(N)C(=O)O,,-0.11
C/C(Br)=C/C(=O)O,,-0.6
CCC(Br)(CC)C(N)=O,,-1.44
CC(=N/O)/C(C)=N/O,,-2.16
CC(CC(=O)O)C(=O)O,,0.48
C/C(I)=C/C(=O)O,,-1.16
CCCCCCCCCCCCCCC(=O)O,,-4.31
NCC(=O)NCC(=O)O,,0.1
CC(CCC(=O)O)CC(=O)O,,0.09
CN(C)C(=O)NC1CCCCCCC1,C1CCCCCCC1,-2.26
O=C(O)C1=CC(O)C(O)C(O)C1,C1=CCCCC1,0.01
CC12C(=O)OC(=O)C1(C)C1CCC2O1,O=C1OC(=O)C2C3CCC(O3)C12,-3.82
CCCCCCCCCCCCCCCCC(=O)O,,-4.69
O=C(O)/C=C/C=C/C(=O)O,,-2.85
O=C(O)C(O)C(Cl)(Cl)Cl,,0.36
CCCCCCCCCCCCCCCCCC(=O)O,,-4.98
O=C1CCC(=O)N1,O=C1CCC(=O)N1,0.39
CC(=O)OC1CC2CCC1(C)C2(C)C,C1CC2CCC1C2,-3.93
NC1CONC1=O,O=C1CCON1,-0.01
O=C(O)/C(S)=C/C1CCCCC1,C1CCCCC1,-2.67
O=C(O)C1=CCC(C(=O)O)CC1,C1=CCCCC1,-2.93
O=C(O)CCCCCCCCCCCC(=O)O,,-3.79
Cc1ccccc1CO,c1ccccc1,-1.09
Nc1cccc(N)n1,c1ccncc1,-0.08
Nc1cccnc1N,c1ccncc1,-1.75
C=COC(=O)CCCCCCCCCCCCCCCCC,,-6.15
Cc1c[nH]c(=O)nc1N,O=c1nccc[nH]1,-1.44
C=CCC(CC)(C(=O)NC(N)=O)C(=O)OC,,-1.92
O=C(CO)C(O)C(O)C(O)CO,,0.32
Nc1c[nH]c(=O)[nH]c1=O,O=c1cc[nH]c(=O)[nH]1,-2.41
N#Cc1ccccc1C#N,c1ccccc1,-2.38
CN(C)C(CSC(N)=O)CSC(N)=O,,-0.07
O=CC(=O)c1ccccc1,c1ccccc1,-0.74
O=Cc1ccccc1C=O,c1ccccc1,-1.34
CCCCNC(=O)OCC(C)(CCC)COC(N)=O,,-2.74
O=C(O)CCCc1ccccc1,c1ccccc1,-1.78
O=C1NC(=O)C2(CCCCCC2)C(=O)N1,O=C1NC(=O)C2(CCCCCC2)C(=O)N1,-2.98
NCCc1ccc(O)c(O)c1,c1ccccc1,0.12
CCC(=O)Nc1ccccc1,c1ccccc1,-1.55
CCCC1(CC)C(=O)NC(=S)NC1=O,O=C1CC(=O)NC(=S)N1,-2.8
CC12C=CCC1C1CCC3CC(=O)CCC3(C)C1CC2,O=C1CCC2C(CCC3C4CC=CC4CCC23)C1,-6.07
C=CCC1(CCCC)C(=O)NC(=O)NC1=O,O=C1CC(=O)NC(=O)N1,-2.17
Cc1ccc(C(=O)O)c(C)c1,c1ccccc1,-2.97
Cc1ccc(C)c(C(=O)O)c1,c1ccccc1,-2.92
CNC(=O)c1ccc(N)cc1,c1ccccc1,-1.24
Oc1ccc(N=C=S)cc1,c1ccccc1,-2.67
CCCCC1(CC)C(=O)NC(=S)NC1=O,O=C1CC(=O)NC(=S)N1,-3.14
Oc1cccc(N=C=S)c1,c1ccccc1,-1.99
CC12CCC3C4CCC(=O)C=C4CCC3C1CCC2O,O=C1C=C2CCC3C4CCCC4CCC3C2CC1,-3.02
CC1C(=O)NC(=O)NC1=O,O=C1CC(=O)NC(=O)N1,-1.13
CC1NC(=O)C(C)NC1=O,O=C1CNC(=O)CN1,-0.75
CC(C)C1=CC2=CCC3C(C)(C(=O)O)CCCC3(C)C2CC1,C1=CC2=CCC3CCCCC3C2CC1,-3.8
O=C(O)C(=O)c1ccccc1,c1ccccc1,-0.37
CC12CC(O)C3C(CCC4CC(O)CCC43C)C1CCC2=O,O=C1CCC2C1CCC1C3CCCCC3CCC21,-3.59
N#Cc1cccc(C(=O)O)c1,c1ccccc1,-2.63
CNC(=O)NC(=O)C(C)(C(=O)OC)C1=CCCCC1,C1=CCCCC1,-2.68
CCCCCC1(CC)C(=O)NC(=S)NC1=O,O=C1CC(=O)NC(=S)N1,-3.71
OCNC(=S)c1ccccc1,c1ccccc1,-1.14
O=C(O)CCCNC(=O)NC12CC3CC(CC(C3)C1)C2,C1C2CC3CC1CC(C2)C3,-1.6
Cc1cccc(C(=O)O)c1O,c1ccccc1,-2.04
Cc1cccc(O)c1C(=O)O,c1ccccc1,-2.04
CNC(=O)C(C)SCCSP(=O)(OC)OC,,0.54
O=C(O)c1occc1Br,c1ccoc1,-1.17
Cc1nc(Cl)ncc1N(C)C,c1cncnc1,-1.26
CCCCCCC1(CC)C(=O)NC(=S)NC1=O,O=C1CC(=O)NC(=S)N1,-4.08
O=C1NC(=O)C2(CCCCCCCCC2)C(=O)N1,O=C1NC(=O)C2(CCCCCCCCC2)C(=O)N1,-4.59
CC12CCC3C(CC=C4CC(OC=O)CCC43C)C1CCC2=O,O=C1CCC2C1CCC1C3CCCCC3=CCC21,-4.41
O=C(O)c1ccc(O)cc1O,c1ccccc1,-1.41
CC(C)CC1NC(=O)CNC1=O,O=C1CNC(=O)CN1,-1.25
O=S(=O)(O)c1ncc[nH]1,c1c[nH]cn1,-0.3
O=C(O)/C=C/C=C/c1ccccc1,c1ccccc1,-3.64
CC12CCC(=O)CC1CCC1C2CCC2(C)C(OC=O)CCC12,O=C1CCC2C(CCC3C4CCCC4CCC23)C1,-5.32
CCOc1ccc(N=C=S)cc1,c1ccccc1,-4.26
CNC(=O)NC(=O)C(C)(C(=O)OCOC)C1=CCCCC1,C1=CCCCC1,-2.42
COc1ccc(C(=O)NCO)cc1,c1ccccc1,-1.22
O=C(O)/C=C(\Cl)c1ccccc1,c1ccccc1,-2.77
COc1cccc(C(=O)NCO)c1,c1ccccc1,-1.29
CCCCCCc1ccc(C(=O)O)cc1,c1ccccc1,-3.65
Cc1nc2ncncc2[nH]1,c1ncc2[nH]cnc2n1,-0.41
S=C=Nc1ccc(Br)cc1,c1ccccc1,-4.27
CN1C(=O)C23CC4=CC=CC(O)C4N2C(=O)C1(CO)SS3,O=C1C2NC(=O)C3(CC4=CC=CCC4N13)SS2,-3.67
CC12CCC(=O)C=C1CCC1C2CCC2(C)C(OC=O)CCC12,O=C1C=C2CCC3C4CCCC4CCC3C2CC1,-4.93
CC(=O)c1ccc(N=C=S)cc1,c1ccccc1,-4.02
Nc1nc2cncnc2[nH]1,c1ncc2nc[nH]c2n1,-2.43
O=C(O)/C(S)=C/c1ccccc1,c1ccccc1,-2.96
O=C(O)C(S)Cc1ccccc1,c1ccccc1,-1.56
O=C(O)CCCOc1ccc(Cl)cc1,c1ccccc1,-3.29
O=C(O)c1cccnc1C(=O)O,c1ccncc1,-1.48
O=C(NCN1CCCCC1)c1ccccc1,O=C(NCN1CCCCC1)c1ccccc1,-2.15
CC(=O)Oc1ccc(C(C)=O)cc1,c1ccccc1,-1.52
CC(=O)Oc1ccc(C(N)=O)cc1,c1ccccc1,-1.64
CC(=O)n1cc(F)c(=O)[nH]c1=O,O=c1cc[nH]c(=O)[nH]1,-0.6
O=[N+]([O-])c1cccc(N=C=S)c1,c1ccccc1,-3.55
NCCc1c[nH]c2ccccc12,c1ccc2[nH]ccc2c1,-3.3
CC(CCC(=O)O)C1CCC2C3CCC4CC(O)CCC4(C)C3CCC12C,C1CCC2C(C1)CCC1C3CCCC3CCC21,-7.34
CC(=O)n1c(=O)[nH]cc(F)c1=O,O=c1cc[nH]c(=O)[nH]1,-0.6
CC(CCC(=O)O)C1CCC2C3C(O)CC4CCCCC4(C)C3CCC12C,C1CCC2C(C1)CCC1C3CCCC3CCC21,-6.46
S=C=Nc1cccc(N=C=S)c1,c1ccccc1,-4.7
CC(=O)OC1CCC2(C)C(=CCC3C4CCC(=O)C4(C)CCC32)C1,O=C1CCC2C1CCC1C3CCCCC3=CCC21,-4.53
N#CC(C#N)=NNc1cccc(O)c1,c1ccccc1,-2.95
COc1ncc2[nH]cnc2n1,c1ncc2[nH]cnc2n1,-1.48
CCc1cc(CC)cc(OC(=O)NC)c1,c1ccccc1,-3.32
CCOC(=O)c1ccc(O)c(OC)c1,c1ccccc1,-1.72
CC(=O)Nc1cccc(N=C=S)c1,c1ccccc1,-3.53
COc1ncnc2nc[nH]c12,c1ncc2[nH]cnc2n1,-1.53
OCc1nc2ncncc2[nH]1,c1ncc2[nH]cnc2n1,-1.52
COC(=O)c1ccc(NC(C)=O)cc1,c1ccccc1,-1.9
Cc1cnc2cncnc2n1,c1cnc2ncncc2n1,-0.01
CC(C)Nc1nc(NC(C)C)[nH]c(=O)n1,O=c1ncnc[nH]1,-2.81
N#CC(C#N)=NNc1ccc(Cl)cc1,c1ccccc1,-4.36
CC(=O)OC1CCC2C3CCC4CC(=O)CCC4(C)C3CCC12C,O=C1CCC2C(CCC3C4CCCC4CCC23)C1,-5.35
O=C(O)CC(C(=O)O)C(CC(=O)O)C(=O)O,,-0.18
O=C(O)c1ccc(O)c(C(=O)O)c1,c1ccccc1,-1.78
COC(=O)c1ccc(OC(C)=O)cc1,c1ccccc1,-2.5
CCC(=O)OC1CCC2(C)C(=CCC3C4CCC(=O)C4(C)CCC32)C1,O=C1CCC2C1CCC1C3CCCCC3=CCC21,-4.69
Nc1cnc2cncnc2n1,c1cnc2ncncc2n1,-2.31
Nc1cnc2ncncc2n1,c1cnc2ncncc2n1,-2.34
CCCC(=O)NNC(=O)c1ccncc1,c1ccncc1,-0.32
CC(=O)Oc1ccc(NC(N)=O)cc1,c1ccccc1,-2.49
O=C(O)c1cccc(C(=O)O)c1O,c1ccccc1,-2.11
Nc1nc(N)c2nc[nH]c2n1,c1ncc2nc[nH]c2n1,-1.8
CCNc1nc(N(CC)CC)nc(=O)[nH]1,O=c1ncnc[nH]1,-3.64
S=C=Nc1cccc(I)c1,c1ccccc1,-4.68
Nc1ncnc2nccnc12,c1cnc2ncncc2n1,-2.31
CC1CCC2(OC1)OC1CC3C4CC=C5CC(O)CCC5(C)C4CCC3(C)C1C2C,C1=C2CCCCC2C2CCC3C4CC5(CCCCO5)OC4CC3C2C1,-7.32
O=c1cnc2cncnc2[nH]1,O=c1cnc2cncnc2[nH]1,-2.12
O=c1cnc2ncncc2[nH]1,O=c1cnc2ncncc2[nH]1,-2.71
O=c1ncc2nccnc2[nH]1,O=c1ncc2nccnc2[nH]1,-2.0
O=C(O)c1cccc(O)c1C(=O)O,c1ccccc1,-2.11
CCOC(=O)c1ccc(N=C=S)cc1,c1ccccc1,-4.05
CCCNc1nc(Cl)nc(NC(C)C)n1,c1ncncn1,-3.74
Nc1nc(=O)[nH]c2[nH]cnc12,O=c1ncc2nc[nH]c2[nH]1,-3.38
O=c1ncc2[nH]c(=O)[nH]c2[nH]1,O=c1ncc2[nH]c(=O)[nH]c2[nH]1,-3.6
O=c1[nH]c2nc[nH]c(=O)c2[nH]1,O=c1[nH]c2nc[nH]c(=O)c2[nH]1,-2.96
CC(=O)OC(C(=O)O)c1ccccc1,c1ccccc1,-1.23
O=C(O)COc1cc(Cl)ccc1Cl,c1ccccc1,-2.62
O=C(O)COc1c(Cl)cccc1Cl,c1ccccc1,-2.15
CN(C)c1ncnc2[nH]cnc12,c1ncc2nc[nH]c2n1,-1.3
CCCCC(=O)NNC(=O)c1ccncc1,c1ccncc1,-1.01
CCCC(=O)n1c(=O)[nH]cc(F)c1=O,O=c1cc[nH]c(=O)[nH]1,-1.28
CCC(=O)Oc1ccc(NC(C)=O)cc1,c1ccccc1,-2.72
Cc1ccc(S(=O)(=O)NN)cc1,c1ccccc1,-1.48
CCC(=O)Nc1nc(C)c(Cl)s1,c1cscn1,-3.06
CC(CCC(=O)O)C1CCC2C3C(O)C(O)C4CC(O)CCC4(C)C3CCC12C,C1CCC2C(C1)CCC1C3CCCC3CCC21,-4.35
Clc1ncc2nccnc2n1,c1cnc2ncncc2n1,-0.71
CCCC(=O)OC1CCC2C3CCC4=CC(=O)CCC4C3CCC12C,O=C1C=C2CCC3C4CCCC4CCC3C2CC1,-5.91
CCCCC(=O)OC1CCC2(C)C(=CCC3C4CCC(=O)C4(C)CCC32)C1,O=C1CCC2C1CCC1C3CCCCC3=CCC21,-4.76
CNC(=S)N(C)c1ccc(Cl)cc1C,c1ccccc1,-3.66
N#[N+]c1ccc(S(=O)(=O)O)cc1,c1ccccc1,-2.42
CC1=C(C(=O)Nc2ccccc2)CCCO1,O=C(Nc1ccccc1)C1=COCCC1,-2.56
COC(=O)Oc1ccc(NC(C)=O)cc1,c1ccccc1,-1.69
Cc1ccc(N)cc1S(=O)(=O)O,c1ccccc1,-1.62
CCCOC(=O)c1ccc(NC(C)=O)cc1,c1ccccc1,-3.29
CCC(=O)OCn1c(=O)[nH]cc(F)c1=O,O=c1cc[nH]c(=O)[nH]1,-0.77
COc1cnc2ncncc2n1,c1cnc2ncncc2n1,-1.14
COc1cnc2cncnc2n1,c1cnc2ncncc2n1,-0.91
CCCCCC(=O)NNC(=O)c1ccncc1,c1ccncc1,-1.24
COC(=O)C(N)Cc1ccc(O)c(O)c1,c1ccccc1,0.48
Cc1nc2cncnc2nc1C,c1cnc2ncncc2n1,-0.46
S=c1cnc2cncnc2[nH]1,S=c1cnc2cncnc2[nH]1,-2.71
S=c1ncc2nccnc2[nH]1,S=c1ncc2nccnc2[nH]1,-2.68
C[N+](C)(C)C(Cc1cnc(S)[nH]1)C(=O)[O-],c1c[nH]cn1,-0.46
CCCNC(=O)n1cc(F)c(=O)[nH]c1=O,O=c1cc[nH]c(=O)[nH]1,-1.83
CCCCC(=O)n1c(=O)[nH]cc(F)c1=O,O=c1cc[nH]c(=O)[nH]1,-2.3
O=C1C=CN(C2OC(CO)C(O)C2O)C(=O)C1,O=C1C=CN(C2CCCO2)C(=O)C1,-0.77
CCCC(=O)Oc1ccc(NC(C)=O)cc1,c1ccccc1,-2.83
Cn1c(=O)cnc2cncnc21,O=c1cnc2cncnc2[nH]1,-0.92
CC(=O)OC1(C)CCC2C3CCC4=CC(=O)CCC4(C)C3CCC21C,O=C1C=C2CCC3C4CCCC4CCC3C2CC1,-5.28
Cn1cnc2nccnc2c1=O,O=c1[nH]cnc2nccnc12,-1.07
OCC1OC(OCC2OC(OC3(CO)OC(CO)C(O)C3O)C(O)C(O)C2O)C(O)C(O)C1O,C1CCC(OCC2CCCC(OC3CCCO3)O2)OC1,0.3
Nc1nc2[nH]cnc2c(=S)[nH]1,S=c1[nH]cnc2[nH]cnc12,-3.31
CCOC(=O)OCOc1ccc(NC(C)=O)cc1,c1ccccc1,-2.43
CC12CC(=O)C3C(CCC4=CC(=O)CCC43C)C1CCC2=O,O=C1C=C2CCC3C4CCC(=O)C4CC(=O)C3C2CC1,-3.48
C#CC1(OC(=O)C(C)(C)C)CCC2C3CCC4=CC(=O)CCC4C3CCC21C,O=C1C=C2CCC3C4CCCC4CCC3C2CC1,-7.16
CC(C)(C)C(=O)Oc1ccccc1C(=O)O,c1ccccc1,-3.01
CCCCCCC(=O)NNC(=O)c1ccncc1,c1ccncc1,-2.1
Nc1nc(N)c2nc(N)[nH]c2n1,c1ncc2nc[nH]c2n1,-1.52
Cc1cnc2c(=O)[nH]cnc2n1,O=c1[nH]cnc2nccnc12,-1.56
CCCCOC(=O)c1ccc(NC(C)=O)cc1,c1ccccc1,-3.46
Cc1cnc2nc[nH]c(=O)c2n1,O=c1[nH]cnc2nccnc12,-1.65
Nc1nc(N)c2nccnc2n1,c1cnc2ncncc2n1,-2.69
CCCC(=O)OC1CCC2C3CCC4=CC(=O)CCC4(C)C3CCC12C,O=C1C=C2CCC3C4CCCC4CCC3C2CC1,-5.93
CCCC(=O)OCn1c(=O)[nH]cc(F)c1=O,O=c1cc[nH]c(=O)[nH]1,-1.13
CC(=O)c1ccc(NN=C(C#N)C#N)cc1,c1ccccc1,-2.71
Nc1nc(=O)[nH]c2nccnc12,O=c1ncc2nccnc2[nH]1,-3.36
Nc1nc(=O)c2nccnc2[nH]1,O=c1nc[nH]c2nccnc12,-3.97
O=c1[nH]c2cncnc2[nH]c1=O,O=c1[nH]c2cncnc2[nH]c1=O,-2.69
CC(=O)Oc1ccc(/C=N/NC(N)=O)cc1,c1ccccc1,-2.84
O=c1cnc2c(=O)[nH]cnc2[nH]1,O=c1cnc2c(=O)[nH]cnc2[nH]1,-2.82
CN(C)c1cnc2cncnc2n1,c1cnc2ncncc2n1,-0.09
O=c1cnc2nc[nH]c(=O)c2[nH]1,O=c1cnc2nc[nH]c(=O)c2[nH]1,-2.96
CCCCCCCC(=O)NNC(=O)c1ccncc1,c1ccncc1,-2.91
CCCCC(=O)OC1CCC2C3CCC4=CC(=O)CCC4(C)C3CCC12C,O=C1C=C2CCC3C4CCCC4CCC3C2CC1,-6.19
CCCCN(CC)c1nc(N)nc(N=[N+]=[N-])n1,c1ncncn1,-3.52
O=[N+]([O-])c1ccc(N2CC2)c([N+](=O)[O-])c1,c1ccc(N2CC2)cc1,-3.0
CCCOC(=O)Oc1ccc(NC(C)=O)cc1,c1ccccc1,-2.57
CCCCC(=O)OCn1c(=O)[nH]cc(F)c1=O,O=c1cc[nH]c(=O)[nH]1,-1.66
CSc1nc(N=[N+]=[N-])nc(NC(C)C)n1,c1ncncn1,-3.48
CSc1cnc2cncnc2n1,c1cnc2ncncc2n1,-1.55
O=C(O)COc1cc(Cl)c(Cl)c(Cl)c1,c1ccccc1,-2.94
CCCCCC(=O)Oc1ccc(NC(C)=O)cc1,c1ccccc1,-4.14
CCCCCCCCC(=O)NNC(=O)c1ccncc1,c1ccncc1,-3.52
CCC(CC)C(=O)Oc1ccccc1C(=O)O,c1ccccc1,-1.84
O=C(O)COc1cc(Cl)cc(Cl)c1Cl,c1ccccc1,-3.0
Cc1cccc(C)c1NC(=O)C1CCCCN1C,O=C(Nc1ccccc1)C1CCCCN1,-1.99
O=C(COC(=O)c1ccccc1)NC1CCCCC1,O=C(COC(=O)c1ccccc1)NC1CCCCC1,-3.9
N#CC(C#N)=NNc1ccccc1[N+](=O)[O-],c1ccccc1,-3.93
CC12CCC3C(=CCc4cc(O)ccc43)C1CCC2O,C1=C2C(CCC3CCCC23)c2ccccc2C1,-4.4
O=C(c1ccccc1)c1ccccn1,O=C(c1ccccc1)c1ccccn1,-2.02
CCCCCC(=O)OCn1c(=O)[nH]cc(F)c1=O,O=c1cc[nH]c(=O)[nH]1,-2.11
CCC/C(=N\OCC)C1=C(O)CC(C2CCCSC2)CC1=O,O=C1C=CCC(C2CCCSC2)C1,-3.58
CCCCOC(=O)Oc1ccc(NC(C)=O)cc1,c1ccccc1,-3.37
CC(=O)Oc1ccc2ccccc2c1,c1ccc2ccccc2c1,-3.44
CCCCCCCCC(=O)OC1CCC2C3CCC4=CC(=O)CCC4C3CCC12C,O=C1C=C2CCC3C4CCCC4CCC3C2CC1,-5.72
CCN(CC)C(=O)C(C)OC(=O)c1ccccc1,c1ccccc1,-2.28
CCC1(c2ccccc2)CCC(=O)N(CO)C1=O,O=C1CCC(c2ccccc2)C(=O)N1,-1.66
CCCCCCCCCC(=O)NNC(=O)c1ccncc1,c1ccncc1,-4.17
Cc1ccc(Oc2ccc(C)cc2)cc1,c1ccc(Oc2ccccc2)cc1,-4.85
COCCOC(=O)Oc1ccc(NC(C)=O)cc1,c1ccccc1,-1.69
O=c1oc2ccc(Cl)cc2n1CO,O=c1[nH]c2ccccc2o1,-2.7
CC(=O)n1ncc2c(=O)[nH]cnc21,O=c1[nH]cnc2[nH]ncc12,-2.38
Clc1cc(Cl)cc(C2(CC(Cl)(Cl)Cl)CO2)c1,c1ccc(C2CO2)cc1,-5.25
Cc1nc2nc[nH]c(=O)c2nc1C,O=c1[nH]cnc2nccnc12,-2.29
CC12CCC(=O)C=C1C=CC1C2CCC2(C)C1CCC2(O)CCC(=O)O,O=C1C=C2C=CC3C4CCCC4CCC3C2CC1,-5.17
CC(=O)Oc1ccc2c(c1)CC(=O)N2,O=C1Cc2ccccc2N1,-1.54
CCc1nc2cncnc2nc1CC,c1cnc2ncncc2n1,-0.18
N=C(N)NC(=O)c1nc(Cl)c(N)nc1N,c1cnccn1,-2.87
CCN(CC)CCOC(=O)c1ccc(NC(C)=O)cc1,c1ccccc1,-1.65
N#CC(C#N)=NNc1ccc(C(=O)CCl)cc1,c1ccccc1,-3.19
CCCCCOC(=O)C(N)Cc1ccc(O)c(O)c1,c1ccccc1,-0.99
CCC(CC)(C(=O)NC(N)=O)C(=O)OCc1ccccc1,c1ccccc1,-3.66
CCCCCCCC(=O)Oc1ccc(NC(C)=O)cc1,c1ccccc1,-4.44
CN(C(=O)COC(=O)c1ccccc1)C1CCCCC1,O=C(COC(=O)c1ccccc1)NC1CCCCC1,-3.29
Nc1nc(=O)c2[nH]c(=O)cnc2[nH]1,O=c1cnc2[nH]cnc(=O)c2[nH]1,-3.86
O=c1cnc2c(=O)[nH]c(=O)[nH]c2[nH]1,O=c1cnc2c(=O)[nH]c(=O)[nH]c2[nH]1,-3.34
CCC1CCCCN1C(=O)COC(=O)c1ccccc1,O=C(OCC(=O)N1CCCCC1)c1ccccc1,-2.72
CCCCCCCC(=O)OCn1c(=O)[nH]cc(F)c1=O,O=c1cc[nH]c(=O)[nH]1,-3.29
O=c1[nH]c2nc[nH]c(=O)c2[nH]c1=O,O=c1[nH]c2nc[nH]c(=O)c2[nH]c1=O,-3.69
CC12CCC3C(=CCc4cc(O)ccc43)C1CCC2=O,O=C1CCC2C3=CCc4ccccc4C3CCC12,-4.99
CCC(C(=O)NC(N)=O)(C(=O)OC)c1ccccc1,c1ccccc1,-2.75
COCC(C)OC(=O)Oc1ccc(NC(C)=O)cc1,c1ccccc1,-2.48
CCCCCCOC(=O)Oc1ccc(NC(C)=O)cc1,c1ccccc1,-4.32
O=c1c2cnn(CO)c2ncn1CO,O=c1[nH]cnc2[nH]ncc12,-1.72
CCC(=O)n1ncc2c(=O)[nH]cnc21,O=c1[nH]cnc2[nH]ncc12,-2.81
CC(C)CN(CC(C)C)C(=O)COC(=O)c1ccccc1,c1ccccc1,-3.56
C#CC1(OC(=O)CCCCCC)CCC2C3CCC4=CC(=O)CCC4C3CCC21C,O=C1C=C2CCC3C4CCCC4CCC3C2CC1,-6.89
CC(=O)c1ccc(OC2OC(CO)C(O)C(O)C2O)cc1,c1ccc(OC2CCCCO2)cc1,-1.17
Cn1cnc2[nH]c(=O)nc(NCCO)c21,O=c1ncc2[nH]cnc2[nH]1,0.08
CNC(=O)N(C)c1nnc(C(C)(C)CCl)s1,c1nncs1,-2.47
CC(O)CN(CC(C)O)C(=O)COC(=O)c1ccccc1,c1ccccc1,-1.18
CCCCCCCCCC(=O)Oc1ccc(NC(C)=O)cc1,c1ccccc1,-4.53
CCC1(c2ccccc2)C(=O)NC(=S)NC1=O,O=C1NC(=S)NC(=O)C1c1ccccc1,-3.58
S=C=Nc1ccc(-c2ccccc2)cc1,c1ccc(-c2ccccc2)cc1,-4.85
Nc1ccc(C(=O)O)c(S(=O)(=O)O)c1,c1ccccc1,-1.86
NC(Cc1ccc(O)c(O)c1)C(=O)OC1CCCCC1,O=C(CCc1ccccc1)OC1CCCCC1,-1.27
c1cc2c3c(ccc4c3c1CCC4)CCC2,c1cc2c3c(ccc4c3c1CCC4)CCC2,-5.96
O=C(O)COc1c(Cl)cc(Cl)c(Cl)c1Cl,c1ccccc1,-3.41
CCCC(=O)n1ncc2c(=O)[nH]cnc21,O=c1[nH]cnc2[nH]ncc12,-3.27
CCc1nc2cnc(N)nc2nc1CC,c1cnc2ncncc2n1,-3.04
O=C(O)Cc1ccc(-c2ccccc2)cc1,c1ccc(-c2ccccc2)cc1,-3.73
CCc1nc2ncnc(N)c2nc1CC,c1cnc2ncncc2n1,-2.93
CCN(CC)S(=O)(=O)c1ccc(N)cc1,c1ccccc1,-2.63
CC(=O)Oc1ccc(-c2ccccc2)cc1,c1ccc(-c2ccccc2)cc1,-4.4
CC(C)(C)NC(=O)C1CCC2C3CC=C4C=C(C(=O)O)CCC4(C)C3CCC12C,C1=CC2=CCC3C4CCCC4CCC3C2CC1,-8.76
CC1(C)SC2C(N=CN3CCCCCC3)C(=O)N2C1C(=O)O,O=C1C(N=CN2CCCCCC2)C2SCCN12,-4.5
O=c1[nH]c(=O)n(C2CC(O)C(CO)O2)cc1C(F)(F)F,O=c1ccn(C2CCCO2)c(=O)[nH]1,-0.71
Cn1c(=O)c2c(ncn2CO)n(C)c1=O,O=c1[nH]c(=O)c2[nH]cnc2[nH]1,-0.41
CCC1(c2ccccc2)C(=O)NC(=O)N(CO)C1=O,O=C1NC(=O)C(c2ccccc2)C(=O)N1,-1.6
CC(=O)OCSc1ncnc2[nH]cnc12,c1ncc2nc[nH]c2n1,-2.15
O=c1[nH]c(=O)c2[nH]c(=O)c(=O)[nH]c2[nH]1,O=c1[nH]c(=O)c2[nH]c(=O)c(=O)[nH]c2[nH]1,-4.06
CN/C(=C/[N+](=O)[O-])NCCSCc1ccc(CN(C)C)o1,c1ccoc1,-2.5
CC12C=CC(=O)C=C1CCC1C2C(=O)CC2(C)C1CCC2(O)C(=O)CO,O=C1C=CC2C(=C1)CCC1C3CCCC3CC(=O)C21,-3.48
O=c1c2ccccc2nc2n1CCC2O,O=c1c2ccccc2nc2n1CCC2,-2.1
CCCn1cnc2c1c(=O)n(C)c(=O)n2C,O=c1[nH]c(=O)c2[nH]cnc2[nH]1,0.02
CCc1[nH]c(=O)[nH]c1C(=O)c1ccncc1,O=C(c1ccncc1)c1c[nH]c(=O)[nH]1,-1.99
CC(=O)NC(Cc1ccc(OC(C)=O)cc1)C(N)=O,c1ccccc1,-1.9
Cc1ncc([N+](=O)[O-])n1CCOP(=O)(O)O,c1c[nH]cn1,-1.38
CC#Cc1cc(C)nc(Nc2ccccc2)n1,c1ccc(Nc2ncccn2)cc1,-4.6
CCC(=O)OCSc1ncnc2[nH]cnc12,c1ncc2nc[nH]c2n1,-2.39
CC1(C)SC2C(NC(=O)C3(N)CCCCC3)C(=O)N2C1C(=O)O,O=C(NC1C(=O)N2CCSC12)C1CCCCC1,-1.04
Cc1cccc(Nc2ccccc2C(=O)O)c1,c1ccc(Nc2ccccc2)cc1,-5.06
CCc1nc2[nH]c(=O)nc(N)c2nc1CC,O=c1ncc2nccnc2[nH]1,-3.55
CCc1nc2nc(N)[nH]c(=O)c2nc1CC,O=c1[nH]cnc2nccnc12,-4.28
CCc1nc2[nH]c(=O)[nH]c(=O)c2nc1CC,O=c1[nH]c(=O)c2nccnc2[nH]1,-2.39
CCCC(=O)OCSc1ncnc2[nH]cnc12,c1ncc2nc[nH]c2n1,-2.69
COc1cc(/C=C/CO)ccc1OC1OC(CO)C(O)C(O)C1O,c1ccc(OC2CCCCO2)cc1,-1.87
Nc1cccc(Nc2ccccc2C(=O)O)c1,c1ccc(Nc2ccccc2)cc1,-4.09
O=C(O)COc1c(Cl)c(Cl)c(Cl)c(Cl)c1Cl,c1ccccc1,-3.75
Clc1cc(Cl)c2c(Cl)ccc(Cl)c2c1,c1ccc2ccccc2c1,-7.51
CCCCCCC(C(C)O)n1cnc2c(N)ncnc21,c1ncc2nc[nH]c2n1,-2.25
COCC1(C)OC(=O)N(c2cc(Cl)cc(Cl)c2)C1=O,O=C1COC(=O)N1c1ccccc1,-4.66
NC(=O)c1cn(Cc2c(F)cccc2F)nn1,c1ccc(Cn2ccnn2)cc1,-3.5
O=C(O)c1ccccc1Nc1cccc(O)c1,c1ccc(Nc2ccccc2)cc1,-3.54
COC(=O)C1CCCN1C(=O)COC(=O)c1ccccc1,O=C(OCC(=O)N1CCCC1)c1ccccc1,-2.08
O=C(O)c1c(Cl)ccc2cc(Cl)cnc12,c1ccc2ncccc2c1,-3.57
c1ccc(-c2nc3ncncc3[nH]2)cc1,c1ccc(-c2nc3ncncc3[nH]2)cc1,-3.06
O=C(NNC(=O)c1ccncc1)c1ccccc1,O=C(NNC(=O)c1ccncc1)c1ccccc1,-2.54
O=[N+]([O-])c1cc([N+](=O)[O-])c(O)c([N+](=O)[O-])c1O,c1ccccc1,-3.51
S=C=Nc1ccc2ccccc2c1Br,c1ccc2ccccc2c1,-4.32
CC(=O)Nc1ccc(S(=O)(=O)NC(C)=O)cc1,c1ccccc1,-2.78
O=C(Cc1ccc(-c2ccccc2)cc1)OCCF,c1ccc(-c2ccccc2)cc1,-5.01
CC(COc1ccccc1)NC(C)C(O)c1ccc(O)cc1,c1ccc(CCNCCOc2ccccc2)cc1,-1.53
O=C(OCC(=O)N(C1CCCCC1)C1CCCCC1)c1ccccc1,O=C(OCC(=O)N(C1CCCCC1)C1CCCCC1)c1ccccc1,-5.06
CC(=O)n1cnc2c1c(=O)n(C)c(=O)n2C,O=c1[nH]c(=O)c2[nH]cnc2[nH]1,-1.4
S=C(N=Nc1ccccc1)NNc1ccccc1,S=C(N=Nc1ccccc1)NNc1ccccc1,-6.61
CCCCC(=O)OCSc1ncnc2[nH]cnc12,c1ncc2nc[nH]c2n1,-3.1
O=C(c1ccccc1)c1cccc(N=C=S)c1,O=C(c1ccccc1)c1ccccc1,-5.4
O=C(O)c1ccccc1Nc1cccc(Cl)c1,c1ccc(Nc2ccccc2)cc1,-5.3
Cc1c(CC(=O)O)sc2cc(Cl)ccc12,c1ccc2sccc2c1,-3.84
O=C(Cc1ccccc1)NNC(=O)c1ccncc1,O=C(Cc1ccccc1)NNC(=O)c1ccncc1,-2.47
Nc1ccc2ccc(S(=O)(=O)O)cc2c1,c1ccc2ccccc2c1,-3.05
Cc1nc(C)c(C(=O)Nc2ccccc2)s1,O=C(Nc1ccccc1)c1cncs1,-1.73
Clc1ccc(Oc2c(Cl)cccc2Cl)cc1,c1ccc(Oc2ccccc2)cc1,-5.91
CCCCCC(=O)OCSc1ncnc2[nH]cnc12,c1ncc2nc[nH]c2n1,-3.63
Nc1cccc2cc(S(=O)(=O)O)ccc12,c1ccc2ccccc2c1,-2.24
COc1cccc(Nc2ccccc2C(=O)O)c1,c1ccc(Nc2ccccc2)cc1,-4.8
Clc1cc(Cl)c(Oc2ccccc2)c(Cl)c1,c1ccc(Oc2ccccc2)cc1,-6.11
COC1=CC=C2C3Cc4ccc(OC)c5c4C2(CCN3C)C1O5,C1=CC2Oc3cccc4c3C23CCNC(C4)C3=C1,-2.66
Nc1cc(S(=O)(=O)O)cc2ccccc12,c1ccc2ccccc2c1,-2.34
Clc1ccc(Cl)c(Oc2ccccc2)c1Cl,c1ccc(Oc2ccccc2)cc1,-5.95
COc1ccc2c(c1O)C13CCN(C)C(C2)C1C=CC(=O)C3,O=C1C=CC2C3Cc4ccccc4C2(CCN3)C1,-1.87
Cc1ccccc1C(=O)NNC(=O)c1ccncc1,O=C(NNC(=O)c1ccncc1)c1ccccc1,-2.73
CCN1CCn2c(nc3ccccc3c2=O)C1C,O=c1c2ccccc2nc2n1CCNC2,-2.5
CCC(C)c1cc([N+](=O)[O-])cc([N+](=O)[O-])c1OC(C)=O,c1ccccc1,-2.25
CCC(=O)n1cnc2c1c(=O)n(C)c(=O)n2C,O=c1[nH]c(=O)c2[nH]cnc2[nH]1,-1.1
c1ccc(CN(CC2=NCCN2)c2ccccc2)cc1,c1ccc(CN(CC2=NCCN2)c2ccccc2)cc1,-2.6
Nc1ccc2c(S(=O)(=O)O)cccc2c1,c1ccc2ccccc2c1,-2.75
CC12CCc3c(ccc4cc(O)ccc34)C1CCC2O,c1ccc2c3c(ccc2c1)C1CCCC1CC3,-4.64
CC(c1cc2ccccc2s1)N(O)C(N)=O,c1ccc2sccc2c1,-3.37
Nc1cccc2c(S(=O)(=O)O)cccc12,c1ccc2ccccc2c1,-2.35
Nc1ccc(S(=O)(=O)O)c2ccccc12,c1ccc2ccccc2c1,-2.91
O=C1COC2(CCN(CCc3c[nH]c4ccccc34)CC2)CN1,O=C1COC2(CCN(CCc3c[nH]c4ccccc34)CC2)CN1,-2.99
CCNC(=O)c1cc(N2CC2)c([N+](=O)[O-])cc1[N+](=O)[O-],c1ccc(N2CC2)cc1,-3.13
CSC(=O)C1(OC(C)=O)C(C)CC2C3CCC4=CC(=O)C=CC4(C)C3(F)C(O)CC21C,O=C1C=CC2C(=C1)CCC1C3CCCC3CCC21,-6.22
CC(=O)Oc1ccc(NC(=O)c2ccccc2)cc1,O=C(Nc1ccccc1)c1ccccc1,-4.14
CC1c2nc3ccccc3c(=O)n2C(C)CN1C,O=c1c2ccccc2nc2n1CCNC2,-2.09
Nc1cccc2cccc(S(=O)(=O)O)c12,c1ccc2ccccc2c1,-3.07
O=C(O)c1cc(=O)c2cc3c(cc2o1)CCCC3,O=c1ccoc2cc3c(cc12)CCCC3,-1.05
O=C(Oc1cccc(N=C=S)c1)c1ccccc1,O=C(Oc1ccccc1)c1ccccc1,-4.85
COC(=O)n1cnc2c1c(=O)n(C)c(=O)n2C,O=c1[nH]c(=O)c2[nH]cnc2[nH]1,-1.24
CC(C)Cc1ccc(C(C)C(=O)OCC(=O)N(C)CC(N)=O)cc1,c1ccccc1,-3.41
CC(=O)OCn1cnc2c1c(=O)n(C)c(=O)n2C,O=c1[nH]c(=O)c2[nH]cnc2[nH]1,-1.83
CCN(Cc1ccncc1)C(=O)C(CO)c1ccccc1,O=C(Cc1ccccc1)NCc1ccncc1,-1.7
O=C(Oc1cccc(N=C=S)c1)c1cccnc1,O=C(Oc1ccccc1)c1cccnc1,-4.3
CCCCCCCC(=O)OCSc1ncnc2[nH]cnc12,c1ncc2nc[nH]c2n1,-4.62
CCCN1CCn2c(nc3ccccc3c2=O)C1C,O=c1c2ccccc2nc2n1CCNC2,-2.31
CC(CN1CC(=O)NC(=O)C1)N1CC(=O)NC(=O)C1,O=C1CN(CCN2CC(=O)NC(=O)C2)CC(=O)N1,-1.27
CCCC(=O)n1cnc2c1c(=O)n(C)c(=O)n2C,O=c1[nH]c(=O)c2[nH]cnc2[nH]1,-1.53
CC(=O)OCC(=O)C1(O)CCC2C3CCC4=CC(=O)C=CC4(C)C3C(=O)CC21C,O=C1C=CC2C(=C1)CCC1C3CCCC3CC(=O)C21,-4.24
CCCNC(=O)c1cc(N2CC2)c([N+](=O)[O-])cc1[N+](=O)[O-],c1ccc(N2CC2)cc1,-3.89
CC12CCc3c(ccc4cc(O)ccc34)C1CCC2=O,O=C1CCC2c3ccc4ccccc4c3CCC12,-4.96
CC1=C(C(=O)O)N2C(=O)C(NC(=O)C(N)C3=CCC=CC3)C2SC1,O=C(CC1=CCC=CC1)NC1C(=O)N2C=CCSC12,-1.22
CCOC(=O)OCn1cnc2c1c(=O)n(C)c(=O)n2C,O=c1[nH]c(=O)c2[nH]cnc2[nH]1,-1.86
CC(C)NC(=O)c1cc(N2CC2)c([N+](=O)[O-])cc1[N+](=O)[O-],c1ccc(N2CC2)cc1,-3.5
Clc1cc(Cl)c(Cl)c(-c2ccccc2Cl)c1,c1ccc(-c2ccccc2)cc1,-6.23
CCOC(=O)n1cnc2c1c(=O)n(C)c(=O)n2C,O=c1[nH]c(=O)c2[nH]cnc2[nH]1,-1.65
CCN1CC(C)n2c(nc3ccccc3c2=O)C1C,O=c1c2ccccc2nc2n1CCNC2,-2.46
CC(=O)Oc1ccc(NC(=O)Nc2ccccc2)cc1,O=C(Nc1ccccc1)Nc1ccccc1,-4.44
CCC(=O)OCn1cnc2c1c(=O)n(C)c(=O)n2C,O=c1[nH]c(=O)c2[nH]cnc2[nH]1,-2.3
O=C1CN(/N=C/c2ccc([N+](=O)[O-])o2)C(=O)N1CO,O=C1CN(N=Cc2ccco2)C(=O)N1,-2.91
CC(=O)c1cccc(Nc2ccccc2C(=O)O)c1,c1ccc(Nc2ccccc2)cc1,-4.86
Clc1cccc(-c2c(Cl)cccc2Cl)c1Cl,c1ccc(-c2ccccc2)cc1,-6.3
O=c1ccn(CCO)c(C(O)c2ccccc2)c1O,O=c1cc[nH]c(Cc2ccccc2)c1,-2.82
Clc1ccc(Oc2ccc(Cl)c(Cl)c2)cc1Cl,c1ccc(Oc2ccccc2)cc1,-6.98
CCc1cccc2c3c([nH]c12)C(CC)(CC(=O)O)OCC3,c1ccc2c3c([nH]c2c1)COCC3,-3.31
CS(=O)(=O)Nc1nnc(S(N)(=O)=O)s1,c1nncs1,-1.68
CNC1CCC(c2ccc(Cl)c(Cl)c2)c2ccccc21,c1ccc(C2CCCc3ccccc32)cc1,-5.23
N#CC(C#N)=NNc1ccc(N=Nc2ccccc2)cc1,c1ccc(N=Nc2ccccc2)cc1,-4.92
Clc1ccc(Oc2cc(Cl)c(Cl)c(Cl)c2)cc1,c1ccc(Oc2ccccc2)cc1,-7.35
Clc1cc(Cl)cc(Oc2ccc(Cl)c(Cl)c2)c1,c1ccc(Oc2ccccc2)cc1,-7.32
CCCCC(=O)n1cnc2c1c(=O)n(C)c(=O)n2C,O=c1[nH]c(=O)c2[nH]cnc2[nH]1,-2.12
NC(Cc1ccc(O)c(O)c1)C(=O)OCc1ccccc1,O=C(CCc1ccccc1)OCc1ccccc1,-1.81
Clc1ccc(Oc2ccc(Cl)c(Cl)c2)c(Cl)c1,c1ccc(Oc2ccccc2)cc1,-7.0
Clc1ccc(Oc2cc(Cl)c(Cl)cc2Cl)cc1,c1ccc(Oc2ccccc2)cc1,-7.04
O=[N+]([O-])c1cc([N+](=O)[O-])c2ccccc2c1Cl,c1ccc2ccccc2c1,-5.4
CC(C)CNC(=O)c1cc(N2CC2)c([N+](=O)[O-])cc1[N+](=O)[O-],c1ccc(N2CC2)cc1,-3.85
Clc1cc(Cl)cc(Oc2ccc(Cl)cc2Cl)c1,c1ccc(Oc2ccccc2)cc1,-7.14
Clc1ccc(Cl)c(Oc2ccc(Cl)c(Cl)c2)c1,c1ccc(Oc2ccccc2)cc1,-7.07
Clc1ccc(Oc2ccc(Cl)c(Cl)c2Cl)cc1,c1ccc(Oc2ccccc2)cc1,-7.01
CCC(=O)OCC1OC(n2cc(I)c(=O)[nH]c2=O)CC1O,O=c1ccn(C2CCCO2)c(=O)[nH]1,-2.46
Clc1ccc(Oc2cc(Cl)cc(Cl)c2Cl)cc1,c1ccc(Oc2ccccc2)cc1,-7.14
Clc1ccc(Oc2cccc(Cl)c2Cl)cc1Cl,c1ccc(Oc2ccccc2)cc1,-6.9
Cn1c(=O)c2c(ncn2COC(=O)C(C)(C)C)n(C)c1=O,O=c1[nH]c(=O)c2[nH]cnc2[nH]1,-2.17
Clc1cccc(Oc2cc(Cl)c(Cl)cc2Cl)c1,c1ccc(Oc2ccccc2)cc1,-7.27
Clc1ccc(Oc2c(Cl)cc(Cl)cc2Cl)cc1,c1ccc(Oc2ccccc2)cc1,-6.83
O=C(O)c1ccccc1Nc1cccc([N+](=O)[O-])c1,c1ccc(Nc2ccccc2)cc1,-6.43
Clc1cccc(Oc2ccc(Cl)c(Cl)c2Cl)c1,c1ccc(Oc2ccccc2)cc1,-7.09
Clc1ccc(Oc2cc(Cl)ccc2Cl)c(Cl)c1,c1ccc(Oc2ccccc2)cc1,-6.77
CCCOC(=O)n1cnc2c1c(=O)n(C)c(=O)n2C,O=c1[nH]c(=O)c2[nH]cnc2[nH]1,-1.45
Clc1ccc(Oc2c(Cl)cccc2Cl)cc1Cl,c1ccc(Oc2ccccc2)cc1,-6.56
Clc1ccc(Oc2cccc(Cl)c2Cl)c(Cl)c1,c1ccc(Oc2ccccc2)cc1,-6.65
CCCN1CC(C)n2c(nc3ccccc3c2=O)C1C,O=c1c2ccccc2nc2n1CCNC2,-2.24
Clc1ccc(Oc2c(Cl)ccc(Cl)c2Cl)cc1,c1ccc(Oc2ccccc2)cc1,-6.64
CC(C)(C)NC(=O)c1cc(N2CC2)c([N+](=O)[O-])cc1[N+](=O)[O-],c1ccc(N2CC2)cc1,-3.17
CCCC(=O)OCn1cnc2c1c(=O)n(C)c(=O)n2C,O=c1[nH]c(=O)c2[nH]cnc2[nH]1,-1.86
Clc1cc(Cl)c(Oc2ccccc2Cl)cc1Cl,c1ccc(Oc2ccccc2)cc1,-7.0
NC(Cc1cc(I)c(O)c(I)c1)C(=O)O,c1ccccc1,-2.86
Clc1ccccc1Oc1ccc(Cl)c(Cl)c1Cl,c1ccc(Oc2ccccc2)cc1,-6.74
CC1CN(S(=O)(=O)NC(=O)NCC2CC3C=CC2C3)CCO1,O=C(NCC1CC2C=CC1C2)NS(=O)(=O)N1CCOCC1,-2.26
Clc1cc(Oc2ccccc2)c(Cl)c(Cl)c1Cl,c1ccc(Oc2ccccc2)cc1,-7.52
CCN(CC)C(=O)c1cc(N2CC2)c([N+](=O)[O-])cc1[N+](=O)[O-],c1ccc(N2CC2)cc1,-2.59
O=C1NC2C(O)C(O)C(O)C(O)C2c2cc3c(c(O)c21)OCO3,O=C1NC2CCCCC2c2cc3c(cc21)OCO3,-3.8
Clc1cc(Cl)c(Oc2ccccc2)c(Cl)c1Cl,c1ccc(Oc2ccccc2)cc1,-7.06
CC1CCc2cc(F)cc3c(=O)c(C(=O)O)cn1c23,O=c1ccn2c3c(cccc13)CCC2,-3.74
Clc1cc(Cl)c(Cl)c(Oc2ccccc2)c1Cl,c1ccc(Oc2ccccc2)cc1,-7.02
CCCCOC(=O)n1cnc2c1c(=O)n(C)c(=O)n2C,O=c1[nH]c(=O)c2[nH]cnc2[nH]1,-1.93
CCCCC(=O)OCn1cnc2c1c(=O)n(C)c(=O)n2C,O=c1[nH]c(=O)c2[nH]cnc2[nH]1,-2.37
CN(CC(=O)Nc1nnc(S(N)(=O)=O)s1)C(=N)N,c1nncs1,-1.14
O=C(O)CCC(=O)OCn1c(=O)oc2ccc(Cl)cc21,O=c1[nH]c2ccccc2o1,-3.41
C=CC1CN2CCC1CC2C(=O)c1ccnc2ccccc12,O=C(c1ccnc2ccccc12)C1CC2CCN1CC2,-3.19
O=C(c1cc(N2CC2)c([N+](=O)[O-])cc1[N+](=O)[O-])N1CCCCC1,O=C(c1cccc(N2CC2)c1)N1CCCCC1,-3.17
Cc1c2c(cc3c1ccc1ccccc13)CCCC2,c1ccc2c(c1)ccc1cc3c(cc12)CCCC3,-6.75
CCCCCC(=O)OCn1cnc2c1c(=O)n(C)c(=O)n2C,O=c1[nH]c(=O)c2[nH]cnc2[nH]1,-2.64
CC(=O)OCSc1ncnc2c1ncn2COC(C)=O,c1ncc2nc[nH]c2n1,-2.54
O=C(c1cc(N2CC2)c([N+](=O)[O-])cc1[N+](=O)[O-])N1CCOCC1,O=C(c1cccc(N2CC2)c1)N1CCOCC1,-2.89
Cn1nc(S(N)(=O)=O)sc1=NS(C)(=O)=O,N=c1[nH]ncs1,-2.05
Clc1cc(Cl)c(Cl)c(-c2cccc(Cl)c2Cl)c1,c1ccc(-c2ccccc2)cc1,-6.96
CCCn1c(=O)c2[nH]c(C3CCCC3)nc2n(CCC)c1=O,O=c1[nH]c(=O)c2[nH]c(C3CCCC3)nc2[nH]1,-4.96
Cc1ccc(C(=O)c2cc(O)c(O)c([N+](=O)[O-])c2)cc1,O=C(c1ccccc1)c1ccccc1,-4.17
Cc1onc(NS(=O)(=O)c2ccc(N)cc2)c1C,O=S(=O)(Nc1ccon1)c1ccccc1,-2.19
CCCc1c2c(cc3c(=O)cc(C(=O)O)oc13)CCCC2,O=c1ccoc2cc3c(cc12)CCCC3,-1.9
O=C1NC(c2ccccc2)(c2ccccc2)C(=O)N1CO,O=C1NC(=O)C(c2ccccc2)(c2ccccc2)N1,-3.3
CCCCCCOC(=O)n1cnc2c1c(=O)n(C)c(=O)n2C,O=c1[nH]c(=O)c2[nH]cnc2[nH]1,-3.0
Clc1ccc(Oc2cc(Cl)c(Cl)c(Cl)c2)cc1Cl,c1ccc(Oc2ccccc2)cc1,-8.25
C#CC1(OC(=O)c2ccccc2)CCC2C3CCC4=CC(=O)CCC4C3CCC21C,O=C1C=C2CCC3C(CCC4C(OC(=O)c5ccccc5)CCC43)C2CC1,-7.75
Clc1ccc(Oc2cc(Cl)c(Cl)cc2Cl)cc1Cl,c1ccc(Oc2ccccc2)cc1,-7.83
CC1CC2C(C(O)CC3(C)C2CCC3(O)C(=O)COC(=O)CCC(=O)O)C2(C)C=CC(=O)C=C12,O=C1C=CC2C(=C1)CCC1C3CCCC3CCC21,-4.2
Clc1ccc(Oc2cc(Cl)c(Cl)c(Cl)c2)c(Cl)c1,c1ccc(Oc2ccccc2)cc1,-7.89
O=C(c1ccccc1)n1ncc2c(=O)[nH]cnc21,O=C(c1ccccc1)n1ncc2c(=O)[nH]cnc21,-4.23
Clc1ccc(C(c2ccccc2Cl)C(Cl)(Cl)Cl)cc1,c1ccc(Cc2ccccc2)cc1,-7.13
Clc1cc(Cl)cc(Oc2cc(Cl)c(Cl)cc2Cl)c1,c1ccc(Oc2ccccc2)cc1,-8.06
Clc1cc(Cl)c(Cl)c(Oc2ccc(Cl)c(Cl)c2)c1,c1ccc(Oc2ccccc2)cc1,-7.83
Clc1ccc(Oc2cc(Cl)c(Cl)cc2Cl)c(Cl)c1,c1ccc(Oc2ccccc2)cc1,-7.61
Clc1cc(Cl)cc(Oc2ccc(Cl)c(Cl)c2Cl)c1,c1ccc(Oc2ccccc2)cc1,-7.86
Clc1ccc(Oc2cc(Cl)c(Cl)c(Cl)c2Cl)cc1,c1ccc(Oc2ccccc2)cc1,-8.06
Clc1cc(Cl)c(Oc2ccc(Cl)c(Cl)c2)c(Cl)c1,c1ccc(Oc2ccccc2)cc1,-7.62
Nc1ccc(S(=O)(=O)Nc2cc[nH]c(=O)n2)cc1,O=c1nc(NS(=O)(=O)c2ccccc2)cc[nH]1,-3.55
Clc1ccc(Oc2ccc(Cl)c(Cl)c2Cl)c(Cl)c1,c1ccc(Oc2ccccc2)cc1,-7.44
Clc1ccc(Cl)c(Oc2cc(Cl)c(Cl)cc2Cl)c1,c1ccc(Oc2ccccc2)cc1,-7.56
Clc1ccc(Oc2cc(Cl)cc(Cl)c2Cl)c(Cl)c1,c1ccc(Oc2ccccc2)cc1,-7.64
Clc1ccc(Oc2c(Cl)ccc(Cl)c2Cl)cc1Cl,c1ccc(Oc2ccccc2)cc1,-7.35
Clc1ccc(Oc2c(Cl)cc(Cl)c(Cl)c2Cl)cc1,c1ccc(Oc2ccccc2)cc1,-7.77
CCCCCCCC(=O)OCn1cnc2c1c(=O)n(C)c(=O)n2C,O=c1[nH]c(=O)c2[nH]cnc2[nH]1,-3.45
Clc1ccc(Oc2c(Cl)cc(Cl)cc2Cl)c(Cl)c1,c1ccc(Oc2ccccc2)cc1,-7.33
Clc1cc(Cl)c(Oc2cccc(Cl)c2Cl)cc1Cl,c1ccc(Oc2ccccc2)cc1,-7.48
Clc1ccc(Cl)c(Oc2ccc(Cl)c(Cl)c2Cl)c1,c1ccc(Oc2ccccc2)cc1,-7.7
N=C(N)c1cccc(NC(=O)Nc2cccc(C(=N)N)c2)c1,O=C(Nc1ccccc1)Nc1ccccc1,-1.77
Clc1cccc(Oc2ccc(Cl)c(Cl)c2Cl)c1Cl,c1ccc(Oc2ccccc2)cc1,-7.38
Clc1ccc(Oc2c(Cl)c(Cl)cc(Cl)c2Cl)cc1,c1ccc(Oc2ccccc2)cc1,-7.76
Clc1ccc(N2N=NC3C4CC(C5N=NC45)C32)cc1,c1ccc(N2N=NC3C4CC(C5N=NC45)C32)cc1,-4.87
Clc1ccc(Oc2c(Cl)ccc(Cl)c2Cl)c(Cl)c1,c1ccc(Oc2ccccc2)cc1,-7.24
Clc1cc(Cl)c(Oc2c(Cl)cccc2Cl)cc1Cl,c1ccc(Oc2ccccc2)cc1,-7.12
Clc1ccc(Oc2c(Cl)cccc2Cl)c(Cl)c1Cl,c1ccc(Oc2ccccc2)cc1,-7.23
COc1ccc2cc(C(C)C(=O)OCCOC(=O)CN)ccc2c1,c1ccc2ccccc2c1,-1.98
CN(C)S(=O)(=O)Nc1nnc(S(N)(=O)=O)s1,c1nncs1,-2.68
Clc1c(Cl)c(Cl)c(Oc2ccccc2)c(Cl)c1Cl,c1ccc(Oc2ccccc2)cc1,-7.94
CCC(=O)OCSc1ncnc2c1ncn2COC(=O)CC,c1ncc2nc[nH]c2n1,-2.78
CC(Oc1ccc(Oc2ccc(Cl)cc2Cl)cc1)C(=O)O,c1ccc(Oc2ccccc2)cc1,-5.04
CC(C(=O)O)c1ccc2c(c1)[nH]c1ccc(Cl)cc12,c1ccc2c(c1)[nH]c1ccccc12,-4.7
COc1ccc2cc(C(C)C(=O)OC(C)OC(=O)CN)ccc2c1,c1ccc2ccccc2c1,-2.44
O=C1c2cccc(O)c2C(=O)c2c(O)cccc21,O=C1c2ccccc2C(=O)c2ccccc21,-5.19
Cn1ccc(NS(=O)(=O)c2ccc(N)cc2)nc1=O,O=c1nc(NS(=O)(=O)c2ccccc2)cc[nH]1,-2.36
CC(=O)Nc1ccc(C(=O)Nc2ccc(OC(C)=O)cc2)cc1,O=C(Nc1ccccc1)c1ccccc1,-4.41
Cn1c(=O)c2[nH]c(-c3ccccc3)nc2n(C)c1=O,O=c1[nH]c(=O)c2[nH]c(-c3ccccc3)nc2[nH]1,-5.0
CCCn1c(=O)c2[nH]c(C(C3CC3)C3CC3)nc2n(CCC)c1=O,O=c1[nH]c(=O)c2[nH]c(C(C3CC3)C3CC3)nc2[nH]1,-4.59
CCCc1c2c(c(O)c3c(=O)cc(C(=O)O)oc13)CCCC2,O=c1ccoc2cc3c(cc12)CCCC3,-2.68
CC1(C)SC2C(NC(=O)C(N)c3ccccc3)C(=O)N2C1C(=O)O,O=C(Cc1ccccc1)NC1C(=O)N2CCSC12,-1.99
CC(C)C1(O)CCN2CC3c4ccccc4CCc4cccc(c43)C2C1,c1ccc2c(c1)CCc1cccc3c1C2CN1CCCCC31,-3.81
CC1C/C=C/C=C/C=C/C=C/C(OC2OC(C)C(O)C(N)C2O)CC2OC(O)(CC(O)CC3OC3/C=C/C(=O)O1)CC(O)C2C(=O)O,O=C1C=CC2OC2CCCC2CCCC(CC(OC3CCCCO3)C=CC=CC=CC=CCCO1)O2,-2.21
CCn1cc(C(=O)O)c(=O)c2cc(F)c(N3CCNCC3)cc21,O=c1cc[nH]c2cc(N3CCNCC3)ccc12,-2.76
CCCC(=O)OCSc1ncnc2c1ncn2COC(=O)CCC,c1ncc2nc[nH]c2n1,-3.71
CC1=C(C(=O)O)N2C(=O)C(NC(=O)C(N)c3ccccc3)C2SC1,O=C(Cc1ccccc1)NC1C(=O)N2C=CCSC12,-1.58
CC(=O)Nc1ccc(S(=O)(=O)Nc2ncccn2)cc1,O=S(=O)(Nc1ncccn1)c1ccccc1,-3.59
CCCn1c(=O)c2[nH]c(C3CCC(=O)C3)nc2n(CCC)c1=O,O=C1CCC(c2nc3[nH]c(=O)[nH]c(=O)c3[nH]2)C1,-3.16
Clc1cc(Oc2ccc(Cl)c(Cl)c2Cl)cc(Cl)c1Cl,c1ccc(Oc2ccccc2)cc1,-8.49
CC(C)C1(C)N=C(c2nc3ccccc3cc2C(=O)O)NC1=O,O=C1CN=C(c2ccc3ccccc3n2)N1,-3.72
CC(=O)OCn1cc(F)c(=O)n(C(=O)c2ccccc2)c1=O,O=C(c1ccccc1)n1c(=O)cc[nH]c1=O,-3.34
Cc1ncc([N+](=O)[O-])n1CCOC(=O)c1ccc(CN2CCOCC2)cc1,O=C(OCCn1ccnc1)c1ccc(CN2CCOCC2)cc1,-2.89
Nc1ccc(S(=O)(=O)Nc2ccc(Cl)c(Cl)c2)cc1,O=S(=O)(Nc1ccccc1)c1ccccc1,-4.94
COc1ccc(N)cc1NS(=O)(=O)c1ccc(N)cc1,O=S(=O)(Nc1ccccc1)c1ccccc1,-5.08
CCn1cc(C(=O)O)c(=O)c2cc(F)c(N3CCNCC3)nc21,O=c1cc[nH]c2nc(N3CCNCC3)ccc12,-2.92
CN(C)S(=O)(=O)N=c1sc(S(N)(=O)=O)nn1C,N=c1[nH]ncs1,-2.7
Clc1cc(Cl)c(Cl)c(Oc2cc(Cl)c(Cl)cc2Cl)c1,c1ccc(Oc2ccccc2)cc1,-8.41
Clc1cc(Cl)c(Cl)c(Oc2ccc(Cl)c(Cl)c2Cl)c1,c1ccc(Oc2ccccc2)cc1,-8.55
Clc1ccc(Oc2c(Cl)c(Cl)cc(Cl)c2Cl)cc1Cl,c1ccc(Oc2ccccc2)cc1,-8.3
Clc1ccc(Oc2c(Cl)cc(Cl)c(Cl)c2Cl)c(Cl)c1,c1ccc(Oc2ccccc2)cc1,-8.47
CCOC(=O)c1ccc(NS(=O)(=O)c2ccccc2)nc1,O=S(=O)(Nc1ccccn1)c1ccccc1,-4.24
CC(=O)Oc1ccc(CC(NC(=O)c2ccccc2)C(N)=O)cc1,O=C(NCCc1ccccc1)c1ccccc1,-3.89
Clc1cc(Cl)c(Oc2c(Cl)ccc(Cl)c2Cl)cc1Cl,c1ccc(Oc2ccccc2)cc1,-7.88
CN(CC(=O)NCCC(=O)Nc1nnc(S(N)(=O)=O)s1)C(=N)N,c1nncs1,-1.13
Cn1c(=O)c2[nH]c(/C=C/c3ccccc3)nc2n(C)c1=O,O=c1[nH]c(=O)c2[nH]c(C=Cc3ccccc3)nc2[nH]1,-6.66
Clc1ccc(Oc2c(Cl)c(Cl)cc(Cl)c2Cl)c(Cl)c1,c1ccc(Oc2ccccc2)cc1,-8.42
Clc1ccc(Oc2c(Cl)ccc(Cl)c2Cl)c(Cl)c1Cl,c1ccc(Oc2ccccc2)cc1,-7.96
CCC(Cc1c(I)cc(I)c(N)c1I)C(=O)O,c1ccccc1,-4.58
Cn1nc(S(N)(=O)=O)sc1=NS(=O)(=O)C(F)(F)F,N=c1[nH]ncs1,-1.16
Cn1c(=O)c2c(nc(-c3ccccc3)n2C)n(C)c1=O,O=c1[nH]c(=O)c2[nH]c(-c3ccccc3)nc2[nH]1,-3.31
CN(Cc1ccc(OCCN2CCOCC2)cc1)C(=O)c1ccc([N+](=O)[O-])o1,O=C(NCc1ccc(OCCN2CCOCC2)cc1)c1ccco1,-2.29
C=CCn1ccc(NS(=O)(=O)c2ccc(N)cc2)nc1=O,O=c1nc(NS(=O)(=O)c2ccccc2)cc[nH]1,-3.11
CC(=O)Nc1ccc(S(=O)(=O)Nc2nccs2)cc1,O=S(=O)(Nc1nccs1)c1ccccc1,-3.43
CC(C)n1ccc(NS(=O)(=O)c2ccc(N)cc2)nc1=O,O=c1nc(NS(=O)(=O)c2ccccc2)cc[nH]1,-3.17
CCNC(=O)Oc1cc(/C=C(/C#N)C(=O)N(CC)CC)cc([N+](=O)[O-])c1O,c1ccccc1,-3.18
CCCCC(=O)OCSc1ncnc2c1ncn2COC(=O)CCCC,c1ncc2nc[nH]c2n1,-4.33
COc1ccc(NS(=O)(=O)c2ccc([N+](=O)[O-])cc2)cc1,O=S(=O)(Nc1ccccc1)c1ccccc1,-4.64
CC1(C)SC2C(NC(=O)C(N)c3ccc(O)cc3)C(=O)N2C1C(=O)O,O=C(Cc1ccccc1)NC1C(=O)N2CCSC12,-2.17
CCCn1c(=O)c2[nH]c(C34CC5CC(CC3C5)C4)nc2n(CCC)c1=O,O=c1[nH]c(=O)c2[nH]c(C34CC5CC(CC3C5)C4)nc2[nH]1,-5.85
Cn1cc(C(N)=O)c(Nc2ccc(Br)cc2F)c(F)c1=O,O=c1cc(Nc2ccccc2)cc[nH]1,-4.14
COc1ccc2cc(C(C)C(=O)OCCOC(=O)C(N)CC(C)C)ccc2c1,c1ccc2ccccc2c1,-3.82
CCCCn1ccc(NS(=O)(=O)c2ccc(N)cc2)nc1=O,O=c1nc(NS(=O)(=O)c2ccccc2)cc[nH]1,-3.09
CCC(C)C(N)C(=O)OCCOC(=O)C(C)c1ccc2cc(OC)ccc2c1,c1ccc2ccccc2c1,-3.82
Fc1cccc(F)c1C1SCc2nc3ccccc3n21,c1ccc(C2SCc3nc4ccccc4n32)cc1,-3.76
CCN(CC)C(=O)CCC(=O)OCn1cnc2c1c(=O)n(C)c(=O)n2C,O=c1[nH]c(=O)c2[nH]cnc2[nH]1,-1.14
CC(C)Cn1ccc(NS(=O)(=O)c2ccc(N)cc2)nc1=O,O=c1nc(NS(=O)(=O)c2ccccc2)cc[nH]1,-3.11
CCCC(=O)OCn1cc(F)c(=O)n(C(=O)c2ccccc2)c1=O,O=C(c1ccccc1)n1c(=O)cc[nH]c1=O,-3.73
CNn1cc(C(=O)O)c(=O)c2cc(F)c(N3CCN(C)CC3)cc21,O=c1cc[nH]c2cc(N3CCNCC3)ccc12,-3.73
CC(C)(C)C(=O)Oc1ccc2nc(S(N)(=O)=O)sc2c1,c1ccc2scnc2c1,-3.73
CCC(C)n1ccc(NS(=O)(=O)c2ccc(N)cc2)nc1=O,O=c1nc(NS(=O)(=O)c2ccccc2)cc[nH]1,-2.76
COc1ccc2cc(C(C)C(=O)OCCOC(=O)CN3CCOCC3)ccc2c1,O=C(Cc1ccc2ccccc2c1)OCCOC(=O)CN1CCOCC1,-4.3
Clc1ccc(-c2c(Cl)c(Cl)c(Cl)c(Cl)c2Cl)cc1Cl,c1ccc(-c2ccccc2)cc1,-8.9
Clc1cc(-c2c(Cl)c(Cl)cc(Cl)c2Cl)cc(Cl)c1Cl,c1ccc(-c2ccccc2)cc1,-9.1
CCCOC(=O)N1C2CN3C4=C(C(=O)C(N)=C(C)C4=O)C(COC(N)=O)C3(OC)C21,O=C1C=CC(=O)C2=C1CC1C3NC3CN21,-3.48
Cn1c(=O)c2c(nc(/C=C/c3ccccc3)n2C)n(C)c1=O,O=c1[nH]c(=O)c2[nH]c(C=Cc3ccccc3)nc2[nH]1,-5.55
CCC(C)C(N)C(=O)OCCCCOC(=O)C(C)c1ccc2cc(OC)ccc2c1,c1ccc2ccccc2c1,-4.52
COc1cc2c(cc1OC)C13CCN4CC5=CCOC6CC(=O)N2C1C6C5CC43,O=C1CC2OCC=C3CN4CCC56c7ccccc7N1C5C2C3CC46,-2.79
Clc1cc(Oc2cc(Cl)c(Cl)c(Cl)c2Cl)cc(Cl)c1Cl,c1ccc(Oc2ccccc2)cc1,-9.54
c1ccc2cc3c(cc4c5c(cccc53)CC4)cc2c1,c1ccc2cc3c(cc4c5c(cccc53)CC4)cc2c1,-2.97
CC(C)Oc1ccc(C(=O)NS(=O)(=O)c2ccc(N)cc2)cc1,O=C(NS(=O)(=O)c1ccccc1)c1ccccc1,-4.3
CSc1ccc2oc3ccc(C(=O)O)cc3c(=O)c2c1,O=c1c2ccccc2oc2ccccc12,-5.32
CCn1cc(C(=O)O)c(=O)c2cc(F)c(N3CCNC(C)C3)c(F)c21,O=c1cc[nH]c2cc(N3CCNCC3)ccc12,-2.33
CCN1CCN(c2cc3c(cc2F)c(=O)c(C(=O)O)cn3C2CC2)CC1,O=c1ccn(C2CC2)c2cc(N3CCNCC3)ccc12,-3.18
O=C(O)CCc1nc(-c2ccccc2)c(-c2ccccc2)o1,c1ccc(-c2ncoc2-c2ccccc2)cc1,-2.24
CC(=O)Nc1c(I)cc(I)c(C(=O)O)c1I,c1ccccc1,-2.64
Clc1ccc(Oc2c(Cl)c(Cl)c(Cl)c(Cl)c2Cl)c(Cl)c1,c1ccc(Oc2ccccc2)cc1,-9.64
CCN(CC)C(=O)NC1C=C2c3cccc4[nH]c(Br)c(c34)CC2N(C)C1,C1=C2c3cccc4[nH]cc(c34)CC2NCC1,-4.38
O=C1OC(c2ccccc2)(c2ccccc2)c2ccccc21,O=C1OC(c2ccccc2)(c2ccccc2)c2ccccc21,-3.85
CN1CC2CC1CN2c1cc2c(cc1F)c(=O)c(C(=O)O)cn2C1CC1,O=c1ccn(C2CC2)c2cc(N3CC4CC3CN4)ccc12,-2.9
O=c1cc(-c2ccc(O)c(O)c2)oc2cc(O)cc(O)c12,O=c1cc(-c2ccccc2)oc2ccccc12,-3.61
CCCc1c(O)n2c(N(C)C)nc3ccc(C)cc3n2c1=O,O=c1ccn2cnc3ccccc3n12,-3.63
CCCCc1ccc2cc3ccc4ccccc4c3cc2c1,c1ccc2cc3c(ccc4ccccc43)cc2c1,-7.52
COC1=C(C(=O)O)N2C(=O)C(NC(=O)C(N)C3=CCC=CC3)C2SC1,O=C(CC1=CCC=CC1)NC1C(=O)N2C=CCSC12,-1.89
CNCC(=O)Nc1cc(Cl)c(S(N)(=O)=O)cc1S(N)(=O)=O,c1ccccc1,-1.27
Cc1c2cc(Cl)ccc2cc2c1ccc1ccccc12,c1ccc2cc3c(ccc4ccccc43)cc2c1,-7.44
CC(C)OC(=O)CC(C(=O)OC(C)C)S(=O)(=O)c1ccc([N+](=O)[O-])cc1,c1ccccc1,-4.29
CN1CCN(c2c(F)cc3c(=O)c(C(=O)O)cn(CCF)c3c2F)CC1,O=c1cc[nH]c2cc(N3CCNCC3)ccc12,-2.73
CC1CCc2c(N3CCC(O)CC3)c(F)cc3c(=O)c(C(=O)O)cn1c23,O=c1ccn2c3c(c(N4CCCCC4)ccc13)CCC2,-3.78
CCn1ccc(NS(=O)(=O)c2ccc(NC(C)=O)cc2)nc1=O,O=c1nc(NS(=O)(=O)c2ccccc2)cc[nH]1,-2.71
CCc1nnc(NS(=O)(=O)c2ccc(NC(C)=O)cc2)s1,O=S(=O)(Nc1nncs1)c1ccccc1,-3.4
CONC(=O)c1cn(C)c(=O)c(C)c1Nc1ccc(Br)cc1F,O=c1cc(Nc2ccccc2)cc[nH]1,-3.28
CCOP(=O)(OCC)Oc1ccc2c(C)c(Cl)c(=O)oc2c1,O=c1ccc2ccccc2o1,-3.18
CN(C)Cc1ccc(C(=O)OCCOCn2cnc3c(=O)[nH]c(N)nc32)cc1,O=C(OCCOCn1cnc2c(=O)[nH]cnc21)c1ccccc1,-2.47
O=C(OCN1C(=O)NC(c2ccccc2)(c2ccccc2)C1=O)C(CO)CO,O=C1NC(=O)C(c2ccccc2)(c2ccccc2)N1,-2.21
CC(C(=O)OCC(=O)N(C)CC(N)=O)c1cccc(C(=O)c2ccccc2)c1,O=C(c1ccccc1)c1ccccc1,-2.42
CCCCCc1c2ccccc2cc2c1ccc1ccccc12,c1ccc2cc3c(ccc4ccccc43)cc2c1,-8.57
Clc1cc(Oc2cc(Cl)c(Cl)c(Cl)c2Cl)c(Cl)c(Cl)c1Cl,c1ccc(Oc2ccccc2)cc1,-10.1
CCONC(=O)c1cn(C)c(=O)c(C)c1Nc1ccc(Br)cc1F,O=c1cc(Nc2ccccc2)cc[nH]1,-3.82
CCCCCCCC(=O)OCN1C(=O)NC(c2ccccc2)(c2ccccc2)C1=O,O=C1NC(=O)C(c2ccccc2)(c2ccccc2)N1,-6.52
Nc1ccc(S(=O)(=O)Nc2ccc([N+](=O)[O-])cc2Br)cc1,O=S(=O)(Nc1ccccc1)c1ccccc1,-4.78
C[S+]([O-])c1ccc2oc3ccc(C(=O)O)cc3c(=O)c2c1,O=c1c2ccccc2oc2ccccc12,-5.02
CSc1ccc(C(=O)c2cc(CC(=O)O)cc3ccoc23)cc1,O=C(c1ccccc1)c1cccc2ccoc12,-5.51
COc1nc(C)nc(NC(=O)NS(=O)(=O)c2ccccc2Cl)n1,O=C(Nc1ncncn1)NS(=O)(=O)c1ccccc1,-1.71
NS(=O)(=O)c1nnc(NS(=O)(=O)c2ccccc2)s1,O=S(=O)(Nc1nncs1)c1ccccc1,-2.9
CCONC(=O)c1cn(C)c(=O)c(F)c1Nc1ccc(Br)cc1F,O=c1cc(Nc2ccccc2)cc[nH]1,-4.19
Clc1cc2c(oc3cc(Cl)c(Cl)c(Cl)c32)c(Cl)c1Cl,c1ccc2c(c1)oc1ccccc12,-10.3
O=c1c(O)c(-c2ccc(O)c(O)c2)oc2cc(O)cc(O)c12,O=c1cc(-c2ccccc2)oc2ccccc12,-1.99
Clc1ccc(COC(Cn2ccnc2)c2ccc(Cl)cc2Cl)c(Cl)c1,c1ccc(COC(Cn2ccnc2)c2ccccc2)cc1,-5.08
Cn1c(=O)c2nc3c(=O)n(C)c(=O)n(C)c3nc2n(C)c1=O,O=c1[nH]c(=O)c2nc3c(=O)[nH]c(=O)[nH]c3nc2[nH]1,-3.31
NS(=O)(=O)c1nnc(NS(=O)(=O)Cc2ccccc2)s1,O=S(=O)(Cc1ccccc1)Nc1nncs1,-2.7
COC(=O)/C(=C/c1ccccc1)S(=O)(=O)c1ccc([N+](=O)[O-])cc1,O=S(=O)(C=Cc1ccccc1)c1ccccc1,-4.57
CC1(O)CC(c2ccc(Cl)cc2)c2c(c3ccccc3oc2=O)O1,O=c1oc2ccccc2c2c1C(c1ccccc1)CCO2,-5.84
Cc1onc(-c2ccccc2)c1-c1ccc(S(N)(=O)=O)cc1,c1ccc(-c2conc2-c2ccccc2)cc1,-4.52
Cc1c(Nc2ccc(Br)cc2F)c(C(=O)NOCCO)cn(C)c1=O,O=c1cc(Nc2ccccc2)cc[nH]1,-2.96
NCC(=O)NCC(=O)OCCOc1ccc2nc(S(N)(=O)=O)sc2c1,c1ccc2scnc2c1,-1.3
Cc1ccc(S(=O)(=O)Nc2nnc(S(N)(=O)=O)s2)cc1,O=S(=O)(Nc1nncs1)c1ccccc1,-1.22
CCCCNc1cc(C(=O)O)cc(S(N)(=O)=O)c1Oc1ccccc1,c1ccc(Oc2ccccc2)cc1,-3.56
CC1CN(c2c(F)c(N)c3c(=O)c(C(=O)O)cn(C4CC4)c3c2F)CC(C)N1,O=c1ccn(C2CC2)c2cc(N3CCNCC3)ccc12,-3.37
O=C(OCC(O)CO)c1ccccc1Nc1ccnc2cc(Cl)ccc12,c1ccc(Nc2ccnc3ccccc23)cc1,-4.54
Nc1ccc(S(=O)(=O)Nc2nnc(S(N)(=O)=O)s2)cc1,O=S(=O)(Nc1nncs1)c1ccccc1,-1.5
CC/C(=C(\c1ccccc1)c1ccc(OCCN(C)C)cc1)c1ccccc1,C(=C(c1ccccc1)c1ccccc1)c1ccccc1,-8.49
Nc1cccc(S(=O)(=O)Nc2nnc(S(N)(=O)=O)s2)c1,O=S(=O)(Nc1nncs1)c1ccccc1,-1.54
Cc1ncc2n1-c1ccc(Cl)cc1C(c1ccccc1F)=NC2,c1ccc(C2=NCc3cncn3-c3ccccc32)cc1,-4.13
CCCN(CCC)c1c([N+](=O)[O-])cc(S(=O)(=O)N=S(C)C)cc1[N+](=O)[O-],c1ccccc1,-4.86
CC1(C)SC2C(NC(=O)C(N)c3ccc(N)cc3)C(=O)N2C1c1nnn[nH]1,O=C(Cc1ccccc1)NC1C(=O)N2C(c3nnn[nH]3)CSC12,-1.57
NS(=O)(=O)c1nnc(NC(=O)c2c(F)c(F)c(F)c(F)c2F)s1,O=C(Nc1nncs1)c1ccccc1,-1.37
CCCN(CCC)Cc1cccc(C(=O)OCCOCn2cnc3c(=O)[nH]c(N)nc32)c1,O=C(OCCOCn1cnc2c(=O)[nH]cnc21)c1ccccc1,-0.35
NS(=O)(=O)c1nnc(NS(=O)(=O)c2ccc(Cl)cc2)s1,O=S(=O)(Nc1nncs1)c1ccccc1,-2.01
NS(=O)(=O)c1ccc(CNC(=S)NC(C(=O)O)C(O)c2ccccc2)cc1,S=C(NCCc1ccccc1)NCc1ccccc1,-1.29
Cn1nc(S(N)(=O)=O)sc1=NS(=O)(=O)Cc1ccccc1,O=S(=O)(Cc1ccccc1)N=c1[nH]ncs1,-2.48
COc1ccc(S(=O)(=O)Nc2nnc(S(N)(=O)=O)s2)cc1,O=S(=O)(Nc1nncs1)c1ccccc1,-2.25
COc1cc2nc(N3CCN(C(=O)c4ccco4)CC3)nc(N)c2cc1OC,O=C(c1ccco1)N1CCN(c2ncc3ccccc3n2)CC1,-5.09
Cc1ccc(S(=O)(=O)N=c2sc(S(N)(=O)=O)nn2C)cc1,O=S(=O)(N=c1[nH]ncs1)c1ccccc1,-2.84
COc1ccc2cc(C(C)C(=O)OCCOC(=O)C(N)Cc3ccccc3)ccc2c1,O=C(CCc1ccccc1)OCCOC(=O)Cc1ccc2ccccc2c1,-3.75
OCC1OC2OC3C(CO)OC(OC4C(CO)OC(OC5C(CO)OC(OC6C(CO)OC(OC7C(CO)OC(OC1C(O)C2O)C(O)C7O)C(O)C6O)C(O)C5O)C(O)C4O)C(O)C3O,C1CC2OCC1OC1CCC(CO1)OC1CCC(CO1)OC1CCC(CO1)OC1CCC(CO1)OC1CCC(CO1)O2,-0.91
Nc1ccc(S(=O)(=O)Nc2ccn(Cc3ccccc3)c(=O)n2)cc1,O=c1nc(NS(=O)(=O)c2ccccc2)ccn1Cc1ccccc1,-4.8
Cn1nc(S(N)(=O)=O)sc1=NS(=O)(=O)c1ccc(F)cc1,O=S(=O)(N=c1[nH]ncs1)c1ccccc1,-2.03
CCN(C(=O)CNC)C1CC(C)S(=O)(=O)c2sc(S(N)(=O)=O)cc21,O=S1(=O)CCCc2ccsc21,-1.21
Cn1nc(S(N)(=O)=O)sc1=NS(=O)(=O)c1ccc(N)cc1,O=S(=O)(N=c1[nH]ncs1)c1ccccc1,-2.5
C#CC1(OC(=O)c2ccc(-c3ccccc3)cc2)CCC2C3CCC4=CC(=O)CCC4C3CCC21C,O=C1C=C2CCC3C(CCC4C(OC(=O)c5ccc(-c6ccccc6)cc5)CCC43)C2CC1,-8.11
Cn1nc(S(N)(=O)=O)sc1=NS(=O)(=O)c1cccc(N)c1,O=S(=O)(N=c1[nH]ncs1)c1ccccc1,-2.45
Cc1cc(C)c(S(=O)(=O)Nc2nnc(S(N)(=O)=O)s2)c(C)c1,O=S(=O)(Nc1nncs1)c1ccccc1,-2.7
CC1Cc2ccccc2N1NC(=O)c1ccc(Cl)c(S(N)(=O)=O)c1,O=C(NN1CCc2ccccc21)c1ccccc1,-3.79
CC1C(NC(=O)/C(=N\OC(C)(C)C(=O)O)c2csc(N)n2)C(=O)N1S(=O)(=O)O,N=C(C(=O)NC1CNC1=O)c1cscn1,-1.64
COc1ccc2cc(C(C)C(=O)OC(C)OC(=O)C(N)Cc3ccccc3)ccc2c1,O=C(CCc1ccccc1)OCOC(=O)Cc1ccc2ccccc2c1,-3.5
NS(=O)(=O)c1nnc(NS(=O)(=O)c2ccc(Br)cc2)s1,O=S(=O)(Nc1nncs1)c1ccccc1,-2.13
Cn1nc(S(N)(=O)=O)sc1=NS(=O)(=O)c1ccc(Cl)cc1,O=S(=O)(N=c1[nH]ncs1)c1ccccc1,-2.44
CC(=O)N1CCN(C(=O)/C=C/c2ccc(Sc3ccc4c(c3)OCCO4)c(Cl)c2)CC1,O=C(C=Cc1ccc(Sc2ccc3c(c2)OCCO3)cc1)N1CCNCC1,-2.05
COc1cc2ncnc(N3CCN(C(=S)NCc4ccco4)CC3)c2cc1OC,S=C(NCc1ccco1)N1CCN(c2ncnc3ccccc23)CC1,-5.63
COc1cc2ncnc(N3CCN(C(=O)Nc4ccsc4)CC3)c2cc1OC,O=C(Nc1ccsc1)N1CCN(c2ncnc3ccccc23)CC1,-5.3
NS(=O)(=O)c1ccc(Nc2ccnc(NC(=O)c3cccnc3)n2)cc1,O=C(Nc1nccc(Nc2ccccc2)n1)c1cccnc1,-1.27
CC(=O)Nc1c(I)c(NC(C)=O)c(I)c(C(=O)O)c1I,c1ccccc1,-2.01
C#CC1(OC(=O)c2ccc(Oc3ccccc3)cc2)CCC2C3CCC4=CC(=O)CCC4C3CCC21C,O=C1C=C2CCC3C(CCC4C(OC(=O)c5ccc(Oc6ccccc6)cc5)CCC43)C2CC1,-6.84
COc1ccc(S(=O)(=O)N=c2sc(S(N)(=O)=O)nn2C)cc1,O=S(=O)(N=c1[nH]ncs1)c1ccccc1,-2.76
NS(=O)(=O)c1nnc(NS(=O)(=O)c2ccc([N+](=O)[O-])cc2)s1,O=S(=O)(Nc1nncs1)c1ccccc1,-1.33
NCC(=O)NCC(=O)Nc1c(S(N)(=O)=O)cc(S(N)(=O)=O)c(Cl)c1Cl,c1ccccc1,-1.23
CN(C)c1ccc(O)c2c1CC1CC3C(N(C)C)C(O)=C(C(N)=O)C(=O)C3(O)C(O)=C1C2=O,O=C1C2=CC3C(=O)C=CCC3CC2Cc2ccccc21,-0.94
NS(=O)(=O)c1nnc(NS(=O)(=O)c2cccc([N+](=O)[O-])c2)s1,O=S(=O)(Nc1nncs1)c1ccccc1,-1.46
CC(=O)N1CCN(C(=O)/C=C/c2ccc(Sc3ccccc3C(C)C)c([N+](=O)[O-])c2)CC1,O=C(C=Cc1ccc(Sc2ccccc2)cc1)N1CCNCC1,-2.7
NS(=O)(=O)c1nnc(NS(=O)(=O)c2ccccc2C(=O)O)s1,O=S(=O)(Nc1nncs1)c1ccccc1,-2.32
CC(=O)Nc1ccc(S(=O)(=O)Nc2nnc(S(N)(=O)=O)s2)cc1,O=S(=O)(Nc1nncs1)c1ccccc1,-1.62
NS(=O)(=O)c1nnc(NS(=O)(=O)c2ccccc2[N+](=O)[O-])s1,O=S(=O)(Nc1nncs1)c1ccccc1,-1.82
CC(=O)N1CCN(C(=O)/C=C/c2ccc(Sc3ccc4[nH]ccc4c3)c(Cl)c2)CC1,O=C(C=Cc1ccc(Sc2ccc3[nH]ccc3c2)cc1)N1CCNCC1,-2.74
Cc1cc(C)c(S(=O)(=O)N=c2sc(S(N)(=O)=O)nn2C)c(C)c1,O=S(=O)(N=c1[nH]ncs1)c1ccccc1,-3.0
COc1cc(OC)nc(NC(=O)NS(=O)(=O)c2ncccc2C(=O)N(C)C)n1,O=C(Nc1ncccn1)NS(=O)(=O)c1ccccn1,-3.97
NS(=O)(=O)c1nnc(NS(=O)(=O)c2ccc(I)cc2)s1,O=S(=O)(Nc1nncs1)c1ccccc1,-2.2
COc1ccc(C2Sc3ccccc3N(CCN(C)C)C(=O)C2OC(C)=O)cc1,O=C1CC(c2ccccc2)Sc2ccccc2N1,-2.95
Cn1nc(S(N)(=O)=O)sc1=NS(=O)(=O)c1ccc(Br)cc1,O=S(=O)(N=c1[nH]ncs1)c1ccccc1,-2.51
COC(=O)c1sccc1S(=O)(=O)NC(=O)Nc1nc(OC)nc(OC)n1,O=C(Nc1ncncn1)NS(=O)(=O)c1ccsc1,-3.19
CN1CCC(c2c(O)cc(O)c3c(=O)cc(-c4ccccc4Cl)oc23)C(O)C1,O=c1cc(-c2ccccc2)oc2c(C3CCNCC3)cccc12,-4.26
Fc1ccc(C(c2ccccc2)(c2ccccc2F)n2ccnc2)cc1,c1ccc(C(c2ccccc2)(c2ccccc2)n2ccnc2)cc1,-8.4
CN1C(C(=O)Nc2ccccn2)=C(O)c2sccc2S1(=O)=O,O=C(Nc1ccccn1)C1=Cc2sccc2S(=O)(=O)N1,-3.88
NCC(=O)Nc1ccc(S(=O)(=O)Nc2nnc(S(N)(=O)=O)s2)cc1,O=S(=O)(Nc1nncs1)c1ccccc1,-1.19
Cn1nc(S(N)(=O)=O)sc1=NS(=O)(=O)c1ccc([N+](=O)[O-])cc1,O=S(=O)(N=c1[nH]ncs1)c1ccccc1,-2.7
Cn1nc(S(N)(=O)=O)sc1=NS(=O)(=O)c1cccc([N+](=O)[O-])c1,O=S(=O)(N=c1[nH]ncs1)c1ccccc1,-2.67
CN1CCN(c2cc3c(cc2F)c(=O)c(C(=O)O)cn3-c2ccc(F)cc2)CC1,O=c1ccn(-c2ccccc2)c2cc(N3CCNCC3)ccc12,-3.82
CCNC1CN(CCCOC)S(=O)(=O)c2sc(S(N)(=O)=O)cc21,O=S1(=O)NCCc2ccsc21,-2.95
CC(=O)Nc1ccc(S(=O)(=O)N=c2sc(S(N)(=O)=O)nn2C)cc1,O=S(=O)(N=c1[nH]ncs1)c1ccccc1,-1.69
Cn1nc(S(N)(=O)=O)sc1=NS(=O)(=O)c1ccccc1C(=O)O,O=S(=O)(N=c1[nH]ncs1)c1ccccc1,-2.51
O=C(O)c1cc(N=Nc2ccc(S(=O)(=O)Nc3ccccn3)cc2)ccc1O,O=S(=O)(Nc1ccccn1)c1ccc(N=Nc2ccccc2)cc1,-6.14
CCCCC(=O)N(Cc1ccc(-c2ccccc2-c2nnn[nH]2)cc1)C(C(=O)O)C(C)C,c1ccc(-c2ccccc2-c2nnn[nH]2)cc1,-4.2
Cn1nc(S(N)(=O)=O)sc1=NS(=O)(=O)c1ccccc1[N+](=O)[O-],O=S(=O)(N=c1[nH]ncs1)c1ccccc1,-2.79
NS(=O)(=O)c1nnc(NS(=O)(=O)c2ccc(Cl)c([N+](=O)[O-])c2)s1,O=S(=O)(Nc1nncs1)c1ccccc1,-1.99
COc1cc2ncnc(N3CCN(C(=O)Nc4ccc([N+](=O)[O-])cc4)CC3)c2cc1OC,O=C(Nc1ccccc1)N1CCN(c2ncnc3ccccc23)CC1,-6.95
O=C(O)c1ccccc1-c1c2ccc(=O)cc-2oc2cc(O)ccc12,O=c1ccc2c(-c3ccccc3)c3ccccc3oc-2c1,-3.82
COc1cncnc1N1CCN(CCc2c[nH]c3ccc(CS(=O)(=O)N(C)C)cc23)CC1,c1ccc2c(CCN3CCN(c4ccncn4)CC3)c[nH]c2c1,-3.76
Cn1nc(S(N)(=O)=O)sc1=NS(=O)(=O)c1ccc(I)cc1,O=S(=O)(N=c1[nH]ncs1)c1ccccc1,-2.77
Cc1nnc(SCC2=C(C(=O)O)N3C(=O)C(NC(=O)Cn4cnnn4)C3SC2)s1,O=C(Cn1cnnn1)NC1C(=O)N2C=C(CSc3nncs3)CSC12,-2.62
CC(C)(C)NC(=O)C1N(C(=O)C(O)C(Cc2ccccc2)NC(=O)c2ccccc2)CSC1(C)C,O=C(NC(CC(=O)N1CCSC1)Cc1ccccc1)c1ccccc1,-3.62
NS(=O)(=O)c1nnc(NS(=O)(=O)c2c(F)c(F)c(F)c(F)c2F)s1,O=S(=O)(Nc1nncs1)c1ccccc1,-1.21
Cn1nnnc1SCC1=C(C(=O)O)N2C(=O)C(NC(=O)C(O)c3ccccc3)C2SC1,O=C(Cc1ccccc1)NC1C(=O)N2C=C(CSc3nnn[nH]3)CSC12,-0.14
Cc1c(-c2ccc(-c3ccccc3F)cc2)nc2ccc(F)cc2c1C(=O)O,c1ccc(-c2ccc(-c3ccc4ccccc4n3)cc2)cc1,-6.39
FC(F)(F)N=C1SC(=Nc2ccccc2)N(c2ccccc2)C1=NC(F)(F)F,N=C1SC(=Nc2ccccc2)N(c2ccccc2)C1=N,-5.42
CC(C)(C)NC(=O)C1N(C(=O)C(O)C(Cc2ccccc2)NC(=O)Cc2ccccc2)CSC1(C)C,O=C(Cc1ccccc1)NC(CC(=O)N1CCSC1)Cc1ccccc1,-3.72
CC1CN(c2cc3c(cc2F)c(=O)c(C(=O)O)cn3-c2ccc(F)cc2F)CCN1,O=c1ccn(-c2ccccc2)c2cc(N3CCNCC3)ccc12,-3.8
Cc1ccc(C(=O)NC(Cc2ccccc2)C(O)C(=O)N2CSC(C)(C)C2C(=O)NC(C)(C)C)cc1,O=C(NC(CC(=O)N1CCSC1)Cc1ccccc1)c1ccccc1,-4.11
Nc1nc(=O)c2nc(CNc3ccc(C(=O)NC(CCC(=O)O)C(=O)O)cc3)cnc2[nH]1,O=c1nc[nH]c2ncc(CNc3ccccc3)nc12,-5.44
NC1C2CN(c3nc4c(cc3F)c(=O)c(C(=O)O)cn4-c3ccc(F)cc3F)CC12,O=c1ccn(-c2ccccc2)c2nc(N3CC4CC4C3)ccc12,-4.53
Cn1nc(S(N)(=O)=O)sc1=NS(=O)(=O)c1ccc(Cl)c([N+](=O)[O-])c1,O=S(=O)(N=c1[nH]ncs1)c1ccccc1,-2.47
NS(=O)(=O)c1ccc(Nc2ccnc(NS(=O)(=O)c3ccccc3)n2)cc1,O=S(=O)(Nc1nccc(Nc2ccccc2)n1)c1ccccc1,-2.55
OCC1OC2OC3C(CO)OC(OC4C(CO)OC(OC5C(CO)OC(OC6C(CO)OC(OC7C(CO)OC(OC8C(CO)OC(OC1C(O)C2O)C(O)C8O)C(O)C7O)C(O)C6O)C(O)C5O)C(O)C4O)C(O)C3O,C1CC2OCC1OC1CCC(CO1)OC1CCC(CO1)OC1CCC(CO1)OC1CCC(CO1)OC1CCC(CO1)OC1CCC(CO1)O2,-1.84
CC(C)(C)NC(=O)C1N(C(=O)C(O)C(Cc2ccccc2)NC(=O)COc2ccccc2)CSC1(C)C,O=C(COc1ccccc1)NC(CC(=O)N1CCSC1)Cc1ccccc1,-3.83
NS(=O)(=O)c1ccc(Nc2ccnc(NS(=O)(=O)Cc3ccccc3)n2)cc1,O=S(=O)(Cc1ccccc1)Nc1nccc(Nc2ccccc2)n1,-2.7
CC(C)(C)NC(=O)C1N(C(=O)C(O)C(Cc2ccccc2)NC(=O)c2ccc(Cl)cc2)CSC1(C)C,O=C(NC(CC(=O)N1CCSC1)Cc1ccccc1)c1ccccc1,-4.28
NS(=O)(=O)c1nnc(NS(=O)(=O)c2ccc([N+](=O)[O-])cc2[N+](=O)[O-])s1,O=S(=O)(Nc1nncs1)c1ccccc1,-2.91
COc1ccc(C(=O)NC(Cc2ccccc2)C(O)C(=O)N2CSC(C)(C)C2C(=O)NC(C)(C)C)cc1,O=C(NC(CC(=O)N1CCSC1)Cc1ccccc1)c1ccccc1,-4.11
NCC(=O)NCC(=O)Nc1ccc(S(=O)(=O)Nc2nnc(S(N)(=O)=O)s2)cc1,O=S(=O)(Nc1nncs1)c1ccccc1,-1.29
COC(=O)c1cccc(C)c1S(=O)(=O)NC(=O)Nc1nc(OCC(F)(F)F)nc(N(C)C)n1,O=C(Nc1ncncn1)NS(=O)(=O)c1ccccc1,-5.69
Cc1cccc(C)c1OCC(=O)NC(Cc1ccccc1)C(O)C(=O)N1CSC(C)(C)C1C(=O)NC(C)(C)C,O=C(COc1ccccc1)NC(CC(=O)N1CCSC1)Cc1ccccc1,-5.01
Cn1nc(S(N)(=O)=O)sc1=NS(=O)(=O)c1ccc([N+](=O)[O-])cc1[N+](=O)[O-],O=S(=O)(N=c1[nH]ncs1)c1ccccc1,-2.74
CC(C)(C)NC(=O)C1N(C(=O)C(O)C(Cc2ccccc2)NC(=O)c2ccc([N+](=O)[O-])cc2)CSC1(C)C,O=C(NC(CC(=O)N1CCSC1)Cc1ccccc1)c1ccccc1,-3.98
Nc1ccc(S(=O)(=O)Nc2nc(-c3ccc(-c4ccccc4)cc3)cs2)cc1,O=S(=O)(Nc1nc(-c2ccc(-c3ccccc3)cc2)cs1)c1ccccc1,-5.61
NS(=O)(=O)c1ccc(Nc2ccnc(NS(=O)(=O)c3ccc(Br)cc3)n2)cc1,O=S(=O)(Nc1nccc(Nc2ccccc2)n1)c1ccccc1,-2.62
Cc1ccc(S(=O)(=O)NC(=O)Nc2nccc(Nc3ccc(S(N)(=O)=O)cc3)n2)cc1,O=C(Nc1nccc(Nc2ccccc2)n1)NS(=O)(=O)c1ccccc1,-4.3
O=C(NC(=O)c1c(F)cccc1F)Nc1cc(Cl)c(Oc2ncc(C(F)(F)F)cc2Cl)c(Cl)c1,O=C(NC(=O)c1ccccc1)Nc1ccc(Oc2ccccn2)cc1,-8.65
COc1ccc(-c2c(Cl)ncn2-c2ccc(S(=O)(=O)NP(=O)(O)O)cc2)cc1F,c1ccc(-c2cncn2-c2ccccc2)cc1,-2.55
NS(=O)(=O)c1ccc(Nc2ccnc(NS(=O)(=O)c3cccc(C(F)(F)F)c3)n2)cc1,O=S(=O)(Nc1nccc(Nc2ccccc2)n1)c1ccccc1,-1.82
NS(=O)(=O)c1ccc(Nc2ccnc(NC(=O)NS(=O)(=O)c3ccc(Cl)cc3)n2)cc1,O=C(Nc1nccc(Nc2ccccc2)n1)NS(=O)(=O)c1ccccc1,-4.0
OCC1OC2OC3C(CO)OC(OC4C(CO)OC(OC5C(CO)OC(OC6C(CO)OC(OC7C(CO)OC(OC8C(CO)OC(OC9C(CO)OC(OC1C(O)C2O)C(O)C9O)C(O)C8O)C(O)C7O)C(O)C6O)C(O)C5O)C(O)C4O)C(O)C3O,C1CC2OCC1OC1CCC(CO1)OC1CCC(CO1)OC1CCC(CO1)OC1CCC(CO1)OC1CCC(CO1)OC1CCC(CO1)OC1CCC(CO1)O2,-0.75
COCCNC(=O)C(NC(=O)C(Cc1cc(OC)c(OC)c(OC)c1)CC(O)C(Cc1ccccc1)NC(=O)OC(C)(C)C)C(C)C,c1ccc(CCCCCCc2ccccc2)cc1,-4.0
NS(=O)(=O)c1ccc(Nc2ccnc(NS(=O)(=O)c3c(F)c(F)c(F)c(F)c3F)n2)cc1,O=S(=O)(Nc1nccc(Nc2ccccc2)n1)c1ccccc1,-1.57
CCCOc1ccc2c(c1)C(c1ccc(OC)cc1OCC(=O)O)C(C(=O)O)C2c1ccc2c(c1)OCO2,c1ccc(C2CC(c3ccc4c(c3)OCO4)c3ccccc32)cc1,-6.77
CC(C)C1(NC(=O)C2CC3c4cccc5[nH]cc(c45)CC3N(C)C2)OC2(O)C3CCCN3C(=O)C(Cc3ccccc3)N2C1=O,O=C(NC1OC2C3CCCN3C(=O)C(Cc3ccccc3)N2C1=O)C1CNC2Cc3c[nH]c4cccc(c34)C2C1,-5.27
COC(=O)C1C2CC3c4[nH]c5cc(OC)ccc5c4CCN3CC2CC(OC(=O)c2cc(OC)c(OC)c(OC)c2)C1OC,O=C(OC1CCC2CC3c4[nH]c5ccccc5c4CCN3CC2C1)c1ccccc1,-5.97
O=c1oc2ccccc2c(O)c1C(CC(O)c1ccc(-c2ccc(Br)cc2)cc1)c1ccccc1,O=c1oc2ccccc2cc1C(CCc1ccc(-c2ccccc2)cc1)c1ccccc1,-4.45
CC(C)CCCC(C)C1CCC2C3CCC4CC(C)(CCC=C(c5cc(Cl)c(O)c(C(=O)O)c5)c5cc(Cl)c(O)c(C(=O)O)c5)CCC4(C)C3CCC12C,C(CCC1CCC2C(CCC3C4CCCC4CCC23)C1)=C(c1ccccc1)c1ccccc1,-8.46
CC(C)CC(NC(=O)CC(O)C(CC(C)C)NC(=O)C(Cc1c[nH]cn1)NC(=O)C(Cc1ccccc1)NC(=O)OC(C)(C)C)C(=O)NCCCN(CCO)CCO,O=C(CCc1ccccc1)NCCc1c[nH]cn1,-2.37
CC(C)CC(NC(=O)CC(O)C(CC(C)C)NC(=O)C(Cc1c[nH]cn1)NC(=O)C(Cc1ccccc1)NC(=O)OC(C)(C)C)C(=O)NCCC(N)C(=O)O,O=C(CCc1ccccc1)NCCc1c[nH]cn1,-2.22
CSCC(NC(=O)COc1cccc2cnccc12)C(=O)NC(Cc1ccccc1)C(O)C(=O)N1CSCC1C(=O)NC(C)(C)C,O=C(COc1cccc2cnccc12)NCC(=O)NC(CC(=O)N1CCSC1)Cc1ccccc1,-3.95
Cc1cc(C2(c3cc(C)c(O)c(Br)c3C(C)C)OS(=O)(=O)c3ccccc32)c(C(C)C)c(Br)c1O,O=S1(=O)OC(c2ccccc2)(c2ccccc2)c2ccccc21,-5.18
CC(C)CC(NC(=O)CC(O)C(CC(C)C)NC(=O)C(Cc1c[nH]cn1)NC(=O)C(Cc1ccccc1)NC(=O)OC(C)(C)C)C(=O)NCc1ccncc1,O=C(CCCNC(=O)C(Cc1c[nH]cn1)NC(=O)CCc1ccccc1)NCC(=O)NCc1ccncc1,-3.36
CC(C)CC(NC(=O)CC(O)C(CC(C)C)NC(=O)C(Cc1c[nH]cn1)NC(=O)C(Cc1ccccc1)NC(=O)OC(C)(C)C)C(=O)NCc1ccccn1,O=C(CCCNC(=O)C(Cc1c[nH]cn1)NC(=O)CCc1ccccc1)NCC(=O)NCc1ccccn1,-3.42
CC(C)CC(NC(=O)CC(O)C(CC(C)C)NC(=O)C(Cc1c[nH]cn1)NC(=O)C(Cc1ccccc1)NC(=O)OC(C)(C)C)C(=O)NCc1cc[n+]([O-])cc1,O=C(CCCNC(=O)C(Cc1c[nH]cn1)NC(=O)CCc1ccccc1)NCC(=O)NCc1cc[nH+]cc1,-2.38
CC(C)CC(NC(=O)CC(O)C(CC(C)C)NC(=O)C(Cc1c[nH]cn1)NC(=O)C(Cc1ccccc1)NC(=O)OC(C)(C)C)C(=O)NCc1cccc(CN)c1,O=C(CCCNC(=O)C(Cc1c[nH]cn1)NC(=O)CCc1ccccc1)NCC(=O)NCc1ccccc1,-2.85
CC(C)CC(NC(=O)CC(O)C(CC(C)C)NC(=O)C(Cc1c[nH]cn1)NC(=O)C(Cc1ccccc1)NC(=O)OC(C)(C)C)C(=O)NCC(N)c1ccccn1,O=C(CCCNC(=O)C(Cc1c[nH]cn1)NC(=O)CCc1ccccc1)NCC(=O)NCCc1ccccn1,-3.4
O=C(CCCCC(=O)Nc1c(I)cc(I)c(C(=O)O)c1I)Nc1c(I)cc(I)c(C(=O)O)c1I,O=C(CCCCC(=O)Nc1ccccc1)Nc1ccccc1,-3.39
CC(C)CC(NC(=O)CC(O)C(CC1CCCCC1)NC(=O)C(Cc1c[nH]cn1)NC(=O)C(Cc1ccccc1)NC(=O)OC(C)(C)C)C(=O)NCc1cccc(CN)c1,O=C(CCC(CC1CCCCC1)NC(=O)C(Cc1c[nH]cn1)NC(=O)CCc1ccccc1)NCC(=O)NCc1ccccc1,-4.7
CC(C)CC(NC(=O)CC(O)C(CC(C)C)NC(=O)C(Cc1c[nH]cn1)NC(=O)C(Cc1ccccc1)NC(=O)OC(C)(C)C)C(=O)NC(C(=O)O)c1ccccc1,O=C(CCCNC(=O)C(Cc1c[nH]cn1)NC(=O)CCc1ccccc1)NCC(=O)NCc1ccccc1,-3.13
CCC(C)C1NC(=O)C(Cc2ccccc2)NC(=O)C2CCCN2C(=O)C(Cc2ccccc2)N(C)C(=O)C2CCCCN2C(=O)C2CCCCN2C1=O,O=C1NCC(=O)N2CCCCC2C(=O)N2CCCCC2C(=O)NC(Cc2ccccc2)C(=O)N2CCCC2C(=O)NC1Cc1ccccc1,-5.57
CC(C)CC(NC(=O)CC(O)C(CC(C)C)NC(=O)C(Cc1c[nH]cn1)NC(=O)C(Cc1ccccc1)NC(=O)OC(C)(C)C)C(=O)NC(Cc1cccc(CN)c1)C(=O)O,O=C(CCCNC(=O)C(Cc1c[nH]cn1)NC(=O)CCc1ccccc1)NCC(=O)NCCc1ccccc1,-2.82
CCC(C)C1NC(=O)C(Cc2c[nH]c3ccccc23)NC(=O)C2CCCN2C(=O)C(Cc2c[nH]cn2)NC(=O)C2CCCCN2C(=O)C2CCCCN2C1=O,O=C1NCC(=O)N2CCCCC2C(=O)N2CCCCC2C(=O)NC(Cc2c[nH]cn2)C(=O)N2CCCC2C(=O)NC1Cc1c[nH]c2ccccc12,-2.58
CCC(C)C1NC(=O)C(Cc2ccccc2)NC(=O)C2CCCN2C(=O)C(Cc2ccccc2)N(C)C(=O)C(CCCN)NC(=O)C2CCC=NN2C1=O,O=C1CNC(=O)C2CCC=NN2C(=O)CNC(=O)C(Cc2ccccc2)NC(=O)C2CCCN2C(=O)C(Cc2ccccc2)N1,-2.7
CCC(C)C1NC(=O)C(Cc2ccc3ccccc3c2)NC(=O)C2CCCN2C(=O)C(Cc2c[nH]cn2)NC(=O)C2CCCCN2C(=O)C2CCCCN2C1=O,O=C1NCC(=O)N2CCCCC2C(=O)N2CCCCC2C(=O)NC(Cc2c[nH]cn2)C(=O)N2CCCC2C(=O)NC1Cc1ccc2ccccc2c1,-3.98
CCC(C)C1NC(=O)C(Cc2c[nH]c3ccccc23)NC(=O)C2CCCN2C(=O)C(Cc2ccccc2)N(C)C(=O)C2CNCCN2C(=O)C2CCCCN2C1=O,O=C1NCC(=O)N2CCCCC2C(=O)N2CCNCC2C(=O)NC(Cc2ccccc2)C(=O)N2CCCC2C(=O)NC1Cc1c[nH]c2ccccc12,-2.75
CCC(C)C1NC(=O)C(Cc2c[nH]c3ccccc23)NC(=O)C2CCCN2C(=O)C(Cc2c[nH]cn2)NC(=O)C2CCCCN2C(=O)C2CCC=NN2C1=O,O=C1NCC(=O)N2N=CCCC2C(=O)N2CCCCC2C(=O)NC(Cc2c[nH]cn2)C(=O)N2CCCC2C(=O)NC1Cc1c[nH]c2ccccc12,-2.6
CCC(C)C1NC(=O)C(Cc2ccccc2)NC(=O)C2CCCN2C(=O)C(Cc2ccccc2)N(C)C(=O)C2CCC=NN2C(=O)C2CCC=NN2C1=O,O=C1NCC(=O)N2N=CCCC2C(=O)N2N=CCCC2C(=O)NC(Cc2ccccc2)C(=O)N2CCCC2C(=O)NC1Cc1ccccc1,-4.04
CCCCCCCCCCCC,,-6.41
CCCCCCCCCCCCCC,,-7.456
C=CBr,,-1.275
C=COCC,,-0.858
COP(=O)(OC)OC=C(Cl)Cl,,-1.344
CCOP(=S)(OCC)O/N=C(\C#N)c1ccccc1,c1ccccc1,-4.63
CSc1nnc(C(C)(C)C)c(=O)n1N,O=c1cnnc[nH]1,-2.245
CCN(CC)c1nc(C)cc(OP(=S)(OC)OC)n1,c1cncnc1,-4.133
CCOP(=O)(OCC)SCn1nnc2ccccc2c1=O,O=c1[nH]nnc2ccccc12,-1.993
COC(=O)C(C)Oc1ccc(Oc2ccc(Cl)cc2Cl)cc1,c1ccc(Oc2ccccc2)cc1,-3.834
CC1(C)[C@H](C(=O)OCc2cccc(Oc3ccccc3)c2)[C@@H]1C=C(Cl)Cl,O=C(OCc1cccc(Oc2ccccc2)c1)C1CC1,-6.99
COC(=O)c1ccccc1S(=O)(=O)NC(=O)Nc1nc(C)nc(OC)n1,O=C(Nc1ncncn1)NS(=O)(=O)c1ccccc1,-1.604
FC(F)(F)c1ccccc1,c1ccccc1,-2.511
CNC,,1.558
O=[N+]([O-])c1cc(C(F)(F)F)ccc1O,c1ccccc1,-2.503
O=C(O)C(Cl)(Cl)Cl,,0.519
CCC(=O)c1ccc(O)cc1,c1ccccc1,-2.639
CCCCCCCCCCCCN1CCCC1=O,O=C1CCCN1,-4.67
CCCCCCCCCCCCN1CC(C(=O)O)CC1=O,O=C1CCCN1,-3.2230000000000003
CN1CC(C(=O)O)CC1=O,O=C1CCCN1,-0.954
COC(=O)C1CC(=O)N(C)C1,O=C1CCCN1,0.804
CCCCCCN1CC(C(=O)OC)CC1=O,O=C1CCCN1,-1.246
CCc1ccccn1,c1ccncc1,0.501
Cc1cccc(C)n1,c1ccncc1,0.447
O=C(Cn1ccnc1[N+](=O)[O-])NCc1ccccc1,O=C(Cn1ccnc1)NCc1ccccc1,-2.813
CNc1cccc2c1C(=O)c1ccccc1C2=O,O=C1c2ccccc2C(=O)c2ccccc21,-6.3
Nc1ccc(N)c2c1C(=O)c1ccccc1C2=O,O=C1c2ccccc2C(=O)c2ccccc21,-5.859
COc1cc(N)c2c(c1N)C(=O)c1ccccc1C2=O,O=C1c2ccccc2C(=O)c2ccccc21,-5.746
CCN(CCO)c1ccc(N=Nc2ccc([N+](=O)[O-])cc2)cc1,c1ccc(N=Nc2ccccc2)cc1,-6.292999999999999
Cc1cc(N(CCO)CCO)ccc1N=Nc1ccc([N+](=O)[O-])cc1Cl,c1ccc(N=Nc2ccccc2)cc1,-6.57
O=[N+]([O-])c1cc(S(=O)(=O)Nc2ccccc2)ccc1Nc1ccccc1,O=S(=O)(Nc1ccccc1)c1ccc(Nc2ccccc2)cc1,-6.269
N#CCCN(CCO)c1ccc(N=Nc2ccc([N+](=O)[O-])cc2Cl)cc1,c1ccc(N=Nc2ccccc2)cc1,-6.13
Oc1ccc2cc(O)ccc2c1,c1ccc2ccccc2c1,-2.205
Cc1occc(=O)c1O,O=c1ccocc1,-1.063
O=C1C(O)=C(O)OC1C(O)CO,O=C1C=COC1,0.2769999999999999
CN1[C@@H]2CC(OC(=O)[C@H](CO)c3ccccc3)C[C@H]1C1OC12,O=C(Cc1ccccc1)OC1CC2NC(C1)C1OC21,-0.504
C[C@]12CC[C@@H](O)C[C@@H]1CC[C@@H]1[C@@H]2CC[C@]2(C)C(=O)CC[C@@H]12,O=C1CCC2C1CCC1C3CCCCC3CCC21,-4.402
C[C@]12CC[C@H](O)CC1=CC[C@@H]1[C@@H]2CC[C@]2(C)C(=O)CC[C@@H]12,O=C1CCC2C1CCC1C3CCCCC3=CCC21,-4.122
NC(Cc1c[nH]c2ccc(O)cc12)C(=O)O,c1ccc2[nH]ccc2c1,-1.3430000000000002
O=CC(O)CO,,-0.489
O=C(O)CCCCC1SCC2NC(=O)NC21,O=C1NC2CSCC2N1,-3.0460000000000003
CCOS(C)(=O)=O,,0.402
O=C(O)CC(S)C(=O)O,,0.522
CCC(=O)c1ccc(N)cc1,c1ccccc1,-2.627
C=CCl,,-1.36
C=CF,,-0.276
FC(F)(F)C(F)(F)Cl,,-3.411
FC(F)(F)C(F)(F)C(F)(F)F,,-4.518
O=C(O)C1(O)CC(O)C(O)C(O)C1,C1CCCCC1,0.179
CC(C)CBr,,-2.432
CCC(C)C,,-3.1630000000000003
CC(C)[N+](=O)[O-],,-0.615
Nc1ccc(S(=O)(=O)c2ccc(NCCO)cc2)cc1,O=S(=O)(c1ccccc1)c1ccccc1,-2.597
CC1(O)CCC(C(C)(C)O)CC1,C1CCCCC1,-1.634
CCC(c1ccc(O)cc1)C(CC)c1ccc(O)cc1,c1ccc(CCc2ccccc2)cc1,-4.353
C/C=C(C(=C/C)/c1ccc(O)cc1)\c1ccc(O)cc1,C=C(C(=C)c1ccccc1)c1ccccc1,-4.948
O=C(O)c1cccc([N+](=O)[O-])c1O,c1ccccc1,-2.149
Nc1ccc2ccccc2c1N=Nc1ccccc1,c1ccc(N=Nc2cccc3ccccc23)cc1,-5.916
CN1C2CCC1CC(OC(=O)C(O)c1ccccc1)C2,O=C(Cc1ccccc1)OC1CC2CCC(C1)N2,-1.44
OC1C(O)C(O)C(O)C(O)C1O,C1CCCCC1,-0.1
O=[N+]([O-])c1cc([N+](=O)[O-])c(Cl)c([N+](=O)[O-])c1,c1ccccc1,-2.669
O=C(O)c1cc(C(=O)O)c(C(=O)O)cc1C(=O)O,c1ccccc1,-1.259
O=C(/C=C/C=C/c1ccc2c(c1)OCO2)N1CCCCC1,O=C(C=CC=Cc1ccc2c(c1)OCO2)N1CCCCC1,-3.853
ClCC(Br)CBr,,-2.374
OC(CCl)CCl,,-0.115
ClC(Cl)(Cl)c1ccccc1,c1ccccc1,-3.567
O=C(O)CC(CC(=O)O)C(=O)O,,0.275
c1ccc(COCc2ccccc2)cc1,c1ccc(COCc2ccccc2)cc1,-3.695
O=C(O)/C=C/c1cnc[nH]1,c1c[nH]cn1,-1.964
CCCOC(=O)CCC,,-1.905
CCCC(C)C,,-3.74
CC(C)CC(O)CC(C)C,,-2.1590000000000003
C=CCNC(N)=S,,-0.294
C=COC=C,,-1.261
NCCNCCNCCN,,0.835
NCCNCCNCCNCCN,,0.723
CCS(=O)(=O)C(C)(C)S(=O)(=O)CC,,-1.927
FC1(F)C(F)(F)C(F)(F)C1(F)F,C1CCC1,-3.638
COC1=CC=C2[C@H]3Cc4ccc(OC)c5c4[C@@]2(CCN3C)[C@H]1O5,C1=CC2Oc3cccc4c3C23CCNC(C4)C3=C1,-2.661
COc1ccc([N+](=O)[O-])cc1[N+](=O)[O-],c1ccccc1,-3.107
FC(Br)C(F)(F)F,,-1.901
CC(=O)c1c(O)c(C)c(O)c2c1OC1=CC(=O)C(C(C)=O)C(=O)C12C,O=C1C=C2Oc3ccccc3C2C(=O)C1,-3.537
O=[N+]([O-])C(CO)(CO)CO,,0.821
COc1ccc(C(=O)Cc2c(CCN(C)C)cc3c(c2OC)OCO3)c(C(=O)O)c1OC,O=C(Cc1ccc2c(c1)OCO2)c1ccccc1,-2.535
CC(=O)[C@H]1CC[C@H]2[C@@H]3CC=C4C[C@@H](O)CC[C@]4(C)[C@H]3CC[C@]12C,C1=C2CCCCC2C2CCC3CCCC3C2C1,-4.652
Fc1ccccc1F,c1ccccc1,-2.0
C=COCC(F)(F)F,,-1.4780000000000002
CC1OC(O[C@@H]2C=C3CC[C@@H]4[C@H](CC[C@]5(C)[C@@H](c6ccc(=O)oc6)CC[C@]45O)[C@@]3(C)CC2)C(O)C(O)C1O,O=c1ccc(C2CCC3C2CCC2C4CCC(OC5CCCCO5)C=C4CCC23)co1,-3.955
O=c1cccc2n1C[C@@H]1CNC[C@@H]2C1,O=c1cccc2n1CC1CNCC2C1,0.363
C/C(=C\C(=O)O)C(=O)O,,-0.6940000000000001
O=S(=O)(O)CS(=O)(=O)O,,0.754
CC(C)(C)Cl,,-1.507
CCOC(=O)C(O)(c1ccc(Cl)cc1)c1ccc(Cl)cc1,c1ccc(Cc2ccccc2)cc1,-4.512
CC(C)CCl,,-2.0
O=C(c1ccc(O)c(O)c1)c1c(O)cc(O)cc1O,O=C(c1ccccc1)c1ccccc1,-1.72
CC(=O)C1C(=O)C=C(C)OC1=O,O=C1C=COC(=O)C1,-1.226
COc1ccn(C)c(=O)c1C#N,O=c1cccc[nH]1,-1.784
OC[C@@H](O)[C@@H](O)C(O)[C@H](O)[C@@H](O)CO,,-0.517
CC(=O)c1ccc(O[C@@H]2O[C@H](CO)[C@@H](O)[C@H](O)[C@H]2O)cc1,c1ccc(OC2CCCCO2)cc1,-1.1740000000000002
CC(C)(C)c1nnc(NS(=O)(=O)c2ccc(N)cc2)s1,O=S(=O)(Nc1nncs1)c1ccccc1,-3.74
CCc1cccnc1,c1ccncc1,0.5379999999999999
CN1C2CCC1CC(OC(=O)c1ccccc1)C2,O=C(OC1CC2CCC(C1)N2)c1ccccc1,-2.369
CCOC(=O)NCC(C)C,,-0.768
CCCCCOC(=O)CCC,,-2.467
CC(=O)NCC(=O)O,,-0.649
COC(=O)C1=CO[C@@H](O[C@@H]2O[C@H](CO)[C@@H](O)[C@H](O)[C@H]2O)[C@H]2[C@@H]1C(=O)C[C@@H]2C,O=C1CCC2C(OC3CCCCO3)OC=CC12,-0.265
O=C(O)c1cccc(C(=O)O)c1C(=O)O,c1ccccc1,-0.8370000000000001
CCCOC(=O)Cn1cc(I)c(=O)c(I)c1,O=c1cc[nH]cc1,-3.504
Brc1ccc(I)cc1,c1ccccc1,-4.452
CC1=CCC(=O)O1,O=C1CC=CO1,-0.293
CC(C)C(C)(C)O,,-0.411
CC(C)(C)C(C)(C)O,,-0.723
CC(=O)O[C@]1(C(C)=O)CC[C@H]2[C@@H]3C=C(C)C4=CC(=O)CC[C@]4(C)[C@H]3CC[C@@]21C,O=C1C=C2C=CC3C4CCCC4CCC3C2CC1,-5.284
CC(C)(C(=O)O)C(=O)O,,-0.1669999999999999
CC(C)(CC(=O)O)C(=O)O,,-0.32
CCCC(C)(O)CC,,-1.001
COc1c([N+](=O)[O-])cc([N+](=O)[O-])cc1[N+](=O)[O-],c1ccccc1,-3.085
O=c1cc[nH]c2ccccc12,O=c1cc[nH]c2ccccc12,-1.481
O=C(NC(=O)c1ccccc1)c1ccccc1,O=C(NC(=O)c1ccccc1)c1ccccc1,-2.273
Ic1ccccc1I,c1ccccc1,-4.217
CCN(C)CC,,0.713
CCCCC(O)CCCC,,-2.49
CCCC(C)Cl,,-2.63
Ic1cccc(I)c1,c1ccccc1,-4.518
CCCCCCCC(C)O,,-2.744
O=C(O)c1ccnc(C(=O)O)c1C(=O)O,c1ccncc1,-1.245
Clc1ccccc1Br,c1ccccc1,-3.2030000000000003
O=C(O)CC(Br)C(=O)O,,-0.215
O=[N+]([O-])c1ccc(Nc2ccccc2)c([N+](=O)[O-])c1,c1ccc(Nc2ccccc2)cc1,-3.834
CCOc1ccc(NS(=O)(=O)c2ccc(N)cc2)nn1,O=S(=O)(Nc1cccnn1)c1ccccc1,-2.427
CC(C)c1ccc2ccccc2c1,c1ccc2ccccc2c1,-5.297999999999999
CC12CCC3C(CCC4CC5SC5CC43C)C1CCC2O,C1CC2CCC3C4CC5SC5CC4CCC3C2C1,-5.407
C#CCCCC#C,,-1.747
CC(C)CCCCCCO,,-2.487
O=C(O)C1(O)c2ccccc2-c2ccc(Cl)cc21,c1ccc2c(c1)Cc1ccccc1-2,-4.1610000000000005
C=C(C)[C@@H]1[C@H]2OC(=O)[C@@H]1[C@]1(O)[C@H]3O[C@H]3[C@]3(CO3)[C@]1(C)[C@@H]2O,O=C1OC2CC1C1C3OC3C3(CO3)C1C2,-1.19
CC(=O)Nc1ccc(N/N=C2\C=C(C)C=CC2=O)cc1,O=C1C=CC=CC1=NNc1ccccc1,-5.358
C#CCCCCCCC,,-4.093999999999999
C=C(C)C1(O)[C@H]2OC(=O)[C@@H]1[C@]1(O)[C@H]3O[C@H]3[C@]3(CO3)[C@]1(C)[C@@H]2O,O=C1OC2CC1C1C3OC3C3(CO3)C1C2,-1.42
CCCCCC(O)CCC,,-2.591
C/C(Cl)=C\C(=O)O,,-0.605
CC(C)=C[C@@H]1[C@@H](C(=O)OCN2C(=O)C3=C(CCCC3)C2=O)C1(C)C,O=C(OCN1C(=O)C2=C(CCCC2)C1=O)C1CC1,-4.8580000000000005
C[C@H](C(=O)O)[C@@H](C)C(=O)O,,-0.688
COC(=O)Nc1cccc(OC(=O)Nc2cccc(C)c2)c1,O=C(Nc1ccccc1)Oc1ccccc1,-4.779
CCCC(CC)(CC)CO,,-2.419
CN1CC[C@]23c4c5ccc(OCc6ccccc6)c4O[C@H]2[C@@H](O)C=C[C@H]3[C@H]1C5,C1=CC2C3Cc4ccc(OCc5ccccc5)c5c4C2(CCN3)C(C1)O5,-2.9730000000000003
OCC(O)[C@H]1OC2O[C@H](C(Cl)(Cl)Cl)O[C@@H]2[C@H]1O,C1CC2OCOC2O1,-1.843
CC(C)OC(=O)C(O)(c1ccc(Br)cc1)c1ccc(Br)cc1,c1ccc(Cc2ccccc2)cc1,-4.933
CCCCOCN(C(=O)CCl)c1c(CC)cccc1CC,c1ccccc1,-4.1930000000000005
CCCCc1c(C)[nH]c(NCC)nc1=O,O=c1cc[nH]cn1,-3.02
CCNc1nc(NC(C)CC)nc(OC)n1,c1ncncn1,-2.575
CC(Cl)=CCl,,-1.614
O=C(O)c1cccc(Cl)c1C(=O)O,c1ccccc1,-0.976
CNC(=O)N(C)c1nnc(C(C)(C)C)s1,c1nncs1,-1.997
CCOP(=S)(NC(C)CC)Oc1cc(C)ccc1[N+](=O)[O-],c1ccccc1,-4.814
CC1=C(CC(=O)O)c2cc(F)ccc2/C1=C\c1ccc([S+](C)[O-])cc1,C1=Cc2ccccc2C1=Cc1ccccc1,-4.552
COC(=O)[C@@H]1C2C=CC(C2)[C@@H]1C(=O)OC,C1=CC2CCC1C2,-1.202
CCOC(=O)/C=C(C)/C=C/CC(C)CCCC(C)C,,-5.693
CC(C)OC(=O)[C@H](C)N(C(=O)c1ccccc1)c1ccc(F)c(Cl)c1,O=C(Nc1ccccc1)c1ccccc1,-4.561
CCN(Cc1c(F)cccc1Cl)c1c([N+](=O)[O-])cc(C(F)(F)F)cc1[N+](=O)[O-],c1ccc(CNc2ccccc2)cc1,-6.625
Nc1nc(N)nc(NC2CC2)n1,c1ncnc(NC2CC2)n1,-1.179
CCOC(=O)C(C)Oc1cccc(Oc2nc3ccc(Cl)cc3s2)c1,c1ccc(Oc2nc3ccccc3s2)cc1,-5.674
C1CCCC1,C1CCCC1,-2.64
CCC(C)(C)C,,-3.55
C1CCCCC1,C1CCCCC1,-3.1
CC=CCC,,-2.54
CC=CCCCC,,-3.82
C#CCCCC,,-2.36
Cc1ccc(C)c(C)c1,c1ccccc1,-3.31
CCc1ccc(CC)cc1,c1ccccc1,-3.75
Cc1ccc(C(C)C)cc1,c1ccccc1,-3.77
c1ccc(Cc2ccccc2)cc1,c1ccc(Cc2ccccc2)cc1,-4.17
c1ccc2c(c1)Cc1ccccc1-2,c1ccc2c(c1)Cc1ccccc1-2,-4.91
Cc1cccc2c(C)cccc12,c1ccc2ccccc2c1,-4.74
Cc1cc2ccccc2cc1C,c1ccc2ccccc2c1,-4.72
c1cc2c3c(cccc3c1)CC2,c1cc2c3c(cccc3c1)CC2,-4.63
Cc1c2ccccc2cc2ccccc12,c1ccc2cc3ccccc3cc2c1,-5.89
ClCCl,,-0.63
ClC(Cl)Br,,-1.54
ClC(Br)Br,,-1.9
BrCCBr,,-1.68
CCCI,,-2.29
CCCCCl,,-2.03
CC(Cl)C(C)(C)Cl,,-2.69
ClC=CCl,,-1.3
IC=CI,,-3.22
ClC=C(Cl)Cl,,-1.96
ClC(Cl)=CC(Cl)=C(Cl)Cl,,-4.23
Clc1cccc(-c2ccccc2)c1,c1ccc(-c2ccccc2)cc1,-4.88
Clc1cccc(Cl)c1-c1ccccc1,c1ccc(-c2ccccc2)cc1,-5.21
Clc1cc(Cl)c(-c2ccccc2)cc1Cl,c1ccc(-c2ccccc2)cc1,-6.27
Clc1cc(Cl)c(-c2cc(Cl)c(Cl)cc2Cl)cc1Cl,c1ccc(-c2ccccc2)cc1,-8.56
Clc1cc(Cl)c(-c2cc(Cl)cc(Cl)c2Cl)c(Cl)c1,c1ccc(-c2ccccc2)cc1,-8.71
CC(C)CO,,0.04
CCCC(C)CO,,-1.11
CCC(C)(C)CO,,-1.04
CCC(CC)CO,,-1.17
CCC(C)C(C)(C)O,,-0.89
CCC(O)(CC)CC,,-0.85
CCC=O,,0.58
CCCCC=O,,-0.85
CCCCCC=O,,-1.3
CC=CC=O,,0.32
CCC(C)=O,,0.52
CCCC(C)=O,,-0.19
CCCCC(C)=O,,-0.8
C=CC(=O)CCC,,-0.83
CCCCCCCC(=O)O,,-2.3
CC=CC=CC(=O)O,,-1.77
O=C(O)Cc1ccccc1,c1ccccc1,-0.89
C=C1CC23CC1(O)CCC2C12C=CC(O)C(C)(C(=O)O1)C2C3C(=O)O,C=C1CC23CC1CCC2C12C=CCC(C(=O)O1)C2C3,-1.84
CCCOC=O,,-0.49
CCCOC(C)=O,,-0.72
CCOC(=O)CC(=O)OCC,,-0.82
C=CC(=O)OC,,-0.22
C=CC(=O)OCC,,-0.74
C=C(C)C(=O)OC,,-0.8
CCOC(=O)c1ccccc1C(=O)OCC,c1ccccc1,-2.35
CCCCOC(=O)c1ccccc1C(=O)OCc1ccccc1,O=C(OCc1ccccc1)c1ccccc1,-5.64
CCOCCOCC,,-0.77
c1ccc(Oc2ccccc2)cc1,c1ccc(Oc2ccccc2)cc1,-3.96
Cc1cccc(Oc2cccc(C)c2)c1,c1ccc(Oc2ccccc2)cc1,-4.85
C1CCOC1,C1CCOC1,0.56
c1ccoc1,c1ccoc1,-0.82
OCC1(O)OCC(O)C(O)C1O,C1CCOCC1,0.64
CC(=O)SC1CC2=CC(=O)CCC2(C)C2CCC3(C)C(CCC34CCC(=O)O4)C12,O=C1C=C2CCC3C(CCC4C3CCC43CCC(=O)O3)C2CC1,-4.28
CC(=O)C1(O)CCC2C3CCC4=CC(=O)CCC4(C)C3CCC21C,O=C1C=C2CCC3C4CCCC4CCC3C2CC1,-4.71
CC1CC2C3CCC4=CC(=O)C=CC4(C)C3(F)C(O)CC2(C)C1(O)C(=O)CO,O=C1C=CC2C(=C1)CCC1C3CCCC3CCC21,-3.77
O=C(O)c1ccc(O)cc1,c1ccccc1,-1.41
O=C(O)c1ccccc1Cl,c1ccccc1,-1.89
ClCCOCCCl,,-1.12
CCCCCCCN,,-1.85
NCc1ccccc1,c1ccccc1,-1.53
Nc1ccc(-c2ccc(N)cc2)cc1,c1ccc(-c2ccccc2)cc1,-2.7
NNc1ccccc1,c1ccccc1,0.07
c1ccncc1,c1ccncc1,0.76
CN1CCCC1c1cccnc1,c1cncc(C2CCCN2)c1,0.79
COC(=O)C1C(OC(=O)c2ccccc2)CC2CCC1N2C,O=C(OC1CC2CCC(C1)N2)c1ccccc1,-2.23
CCC(=C(CC)c1ccc(O)cc1)c1ccc(O)cc1,C(=Cc1ccccc1)c1ccccc1,-4.35
O=C1CC2OCC=C3CN4CCC56c7ccccc7N1C5C2C3CC46,O=C1CC2OCC=C3CN4CCC56c7ccccc7N1C5C2C3CC46,-3.32
C=CCC1(c2ccccc2)C(=O)NC(=O)NC1=O,O=C1NC(=O)C(c2ccccc2)C(=O)N1,-2.18
CNC(C)C(O)c1ccccc1,c1ccccc1,-0.42
O=[N+]([O-])c1ccc(C=NO)o1,c1ccoc1,-2.19
O=c1cc[nH]c(=O)[nH]1,O=c1cc[nH]c(=O)[nH]1,-1.48
C1CCNC1,C1CCNC1,1.15
CN1CCCCC1,C1CCNCC1,0.23
Nc1ccc(O)cc1,c1ccccc1,-0.8
CC(=O)Nc1ccccc1,c1ccccc1,-1.33
COc1ccc2c3c1OC1C(O)C=CC4C(C2)N(C)CCC341,C1=CC2C3Cc4cccc5c4C2(CCN3)C(C1)O5,-1.52
CCC[N+](=O)[O-],,-0.8
O=[N+]([O-])c1ccccc1,c1ccccc1,-1.8
N=C(N)NCC(=O)O,,-1.51
Cc1cc(O)ccc1OP(=O)(Oc1cc(O)ccc1C)Oc1c(C)cccc1O,O=P(Oc1ccccc1)(Oc1ccccc1)Oc1ccccc1,-6.7
COP(=S)(OC)SCN1C(=O)c2ccccc2C1=O,O=C1NC(=O)c2ccccc21,-4.1
CCCCSP(=O)(SCCCC)SCCCC,,-5.14
CC(CCC(=O)O)C1CCC2C3CCC4CC(O)CCC4(C)C3CC(O)C12C,C1CCC2C(C1)CCC1C3CCCC3CCC21,-3.95
Nc1nccs1,c1cscn1,-0.36
N#CCCCl,,-0.29
CC=CCC#N,,-0.96
CC(=O)Nc1ccc(N)cc1,c1ccccc1,-0.98
CC(=O)Nc1ccc(Br)cc1,c1ccccc1,-3.08
CC(=O)Nc1ccc(F)cc1,c1ccccc1,-1.78
CC(=O)Nc1ccc(I)cc1,c1ccccc1,-3.25
COc1ccc(NC(C)=O)cc1,c1ccccc1,-1.3
CCCCOc1cc(C(=O)NCCN(CC)CC)c2ccccc2n1,c1ccc2ncccc2c1,-3.7
CN(C)CCC=C1c2ccccc2COc2ccccc21,C=C1c2ccccc2COc2ccccc21,-3.4
CN(C)C(=O)NC1CC2CC1C1CCCC21,C1CC2C3CCC(C3)C2C1,-3.01
C#CC1(OC(C)=O)CCC2C3CCC4=CC(=O)CCC4C3CCC21C,O=C1C=C2CCC3C4CCCC4CCC3C2CC1,-4.79
N#Cc1cc(I)c(O)c(I)c1,c1ccccc1,-3.61
CN(C)C1C(O)=C(C(N)=O)C(=O)C2(O)C(O)=C3C(=O)c4c(O)cccc4C(C)(O)C3CC12,O=C1C2=CC3C(=O)C=CCC3CC2Cc2ccccc21,-3.12
CN(C)C(=O)C(c1ccccc1)c1ccccc1,c1ccc(Cc2ccccc2)cc1,-2.98
CCOC(=O)C=Cc1ccccc1,c1ccccc1,-3.0
CCCCCCOC(=O)c1ccc(N)cc1,c1ccccc1,-3.95
CCCCCNCCOC(=O)c1ccc(N)cc1,c1ccccc1,-3.27
CN1C(=O)CN=C(c2ccccc2)c2cc([N+](=O)[O-])ccc21,O=C1CN=C(c2ccccc2)c2ccccc2N1,-3.8
CCCCOc1ccc(C(=O)OCCN(CC)CC)cc1,c1ccccc1,-3.84
CN(C)CCN(Cc1ccccc1)c1ccccn1,c1ccc(CNc2ccccn2)cc1,-2.64
CC(=O)OC1(C(C)=O)CCC2C3C=C(C)C4=CC(=O)CCC4(C)C3CCC21C,O=C1C=C2C=CC3C4CCCC4CCC3C2CC1,-5.35
COc1cc(Cl)c(Cl)cc1O,c1ccccc1,-2.53
O=C1NC(=O)C(=O)N1,O=C1NC(=O)C(=O)N1,-0.4
CC(=O)NC(N)=O,,-0.9
O=C1NC(=O)C(=O)C(=O)N1,O=C1NC(=O)C(=O)C(=O)N1,-1.25
O=S(=O)(CCl)CCCl,,-1.5
O=C(O)c1cc(=O)[nH]c(=O)[nH]1,O=c1cc[nH]c(=O)[nH]1,-1.93
CCC1NC(=O)NC1=O,O=C1CNC(=O)N1,-0.06
Clc1cc(Cl)c2nsnc2c1Cl,c1ccc2nsnc2c1,-4.98
Clc1cnc2ncncc2n1,c1cnc2ncncc2n1,-0.87
Sc1cnc2ncncc2n1,c1cnc2ncncc2n1,-2.71
O=C(O)C=Cc1c[nH]cn1,c1c[nH]cn1,-1.96
C=CCS[S+]([O-])CC=C,,-0.83
CCCCCOC(N)=O,,-1.47
CC(C)(C)COC(N)=O,,-0.8
OCC(O)C(O)C(O)C(O)CO,,1.09
Cc1cnc2ncncc2n1,c1cnc2ncncc2n1,0.06
CSc1ncnc2nccnc12,c1cnc2ncncc2n1,-1.76
O=Cc1ccccc1O,c1ccccc1,-0.86
NC(=O)c1ccccc1O,c1ccccc1,-1.76
NNC(=O)Nc1ccccc1,c1ccccc1,-2.33
CC1CCCCC1=O,O=C1CCCCC1,-0.94
CCCCCCOC(N)=O,,-1.92
CC(=O)OC1CCCCC1,C1CCCCC1,-1.67
CC(=O)c1cccc(N)c1,c1ccccc1,-1.28
OCC(O)C1OC2OC(C(Cl)(Cl)Cl)OC2C1O,C1CC2OCOC2O1,-1.84
C=C(Cl)CSC(=S)N(CC)CC,,-3.39
CCCCC(=O)CC(C)=O,,-1.56
CCCC(C(C)=O)C(C)=O,,-0.88
CC(=O)CC(=O)C(C)(C)C,,-1.63
CCCCCCCOC(N)=O,,-2.62
Cn1c(=O)on(-c2ccc(Cl)c(Cl)c2)c1=O,O=c1[nH]c(=O)n(-c2ccccc2)o1,-2.82
CC(C)(C(=O)O)C(C)(CC(=O)O)C(=O)O,,-0.29
CN1C2CCC1C(C(=O)O)C(O)C2,C1CC2CCC(C1)N2,-0.02
CNC(=O)ON=C(CSC)C(C)(C)C,,-1.62
CCCCCCCCOC(N)=O,,-3.3
ClC1=C(Cl)C2(Cl)C3CC=CC3C1(Cl)C2(Cl)Cl,C1=CC2C3C=CC(C3)C2C1,-5.64
OC1C=CC2C1C1(Cl)C(Cl)=C(Cl)C2(Cl)C1(Cl)Cl,C1=CC2C3C=CC(C3)C2C1,-5.46
Nc1ccc(S(=O)(=O)Nc2cnccn2)cc1,O=S(=O)(Nc1cnccn1)c1ccccc1,-3.7
CNC(=O)ON=C1C(Cl)C2CC(C#N)C1C2,N=C1CC2CCC1C2,-2.08
CC=Cc1ccc(OC)cc1,c1ccccc1,-3.13
Cn1c(=O)c2c(ncn2CC(O)CO)n(C)c1=O,O=c1[nH]c(=O)c2[nH]cnc2[nH]1,-0.17
CC(C)=CCCC(C)=CC=O,,-2.06
C=C(C)C1CCC(C)C(=O)C1,O=C1CCCCC1,-2.18
CC1(C(=O)O)CCC(C(=O)O)C1(C)C,C1CCCC1,-1.42
OC1CCN2C1=Nc1ccccc1C2O,c1ccc2c(c1)CN1CCCC1=N2,-2.07
Nc1ccc(S(=O)(=O)Nc2ccccn2)cc1,O=S(=O)(Nc1ccccn1)c1ccccc1,-2.7
Cc1noc(NS(=O)(=O)c2ccc(N)cc2)c1C,O=S(=O)(Nc1ccno1)c1ccccc1,-2.91
O=c1cccc2n1CC1CNCC2C1,O=c1cccc2n1CC1CNCC2C1,0.36
CNC(=O)Oc1cccc(N=CN(C)C)c1,c1ccccc1,-2.34
CCOP(=S)(OCC)Oc1ccc([S+](C)[O-])cc1,c1ccccc1,-2.3
CCNC(=O)C(C)OC(=O)Nc1ccccc1,c1ccccc1,-1.83
CC(=O)N(c1onc(C)c1C)S(=O)(=O)c1ccc(N)cc1,O=S(=O)(Nc1ccno1)c1ccccc1,-3.59
CC(=O)Oc1c(C(C)(C)C)cc([N+](=O)[O-])c(C)c1[N+](=O)[O-],c1ccccc1,-4.47
CCCCCCCCCCCC(=O)OC,,-4.69
O=c1nc(-c2ccccc2)oc2ccccc12,O=c1nc(-c2ccccc2)oc2ccccc12,-4.61
COc1cc(O)c2c(=O)c3cc(O)ccc3oc2c1,O=c1c2ccccc2oc2ccccc12,-2.93
Cc1ccc2nc(-c3ccc(N)cc3)sc2c1,c1ccc(-c2nc3ccccc3s2)cc1,-3.68
OC(Cc1ccccc1)c1ccccc1,c1ccc(CCc2ccccc2)cc1,-2.52
COc1ccc(CC2NCC(O)C2OC(C)=O)cc1,c1ccc(CC2CCCN2)cc1,-1.61
NC(Cc1cc(I)c(Oc2ccc(O)c(I)c2)c(I)c1)C(=O)O,c1ccc(Oc2ccccc2)cc1,-5.22
CC1=C2C3OC(=O)C(C)C3CCC2(C)C=CC1=O,O=C1C=CC2CCC3CC(=O)OC3C2=C1,-3.09
CC(=O)c1ccc(S(=O)(=O)NC(=O)NC2CCCCC2)cc1,O=C(NC1CCCCC1)NS(=O)(=O)c1ccccc1,-2.06
C1CCN2CC3CC(CN4CCCCC34)C2C1,C1CCN2CC3CC(CN4CCCCC34)C2C1,-1.89
CN(C)CCCN1c2ccccc2Sc2ccc(C(F)(F)F)cc21,c1ccc2c(c1)Nc1ccccc1S2,-5.3
O=C(C=CC=Cc1ccc2c(c1)OCO2)N1CCCCC1,O=C(C=CC=Cc1ccc2c(c1)OCO2)N1CCCCC1,-3.46
C=CC1CN2CCC1CC2C(O)c1ccnc2ccccc12,c1ccc2c(CC3CC4CCN3CC4)ccnc2c1,-3.07
CN1CCCC(CN2c3ccccc3Sc3ccccc32)C1,c1ccc2c(c1)Sc1ccccc1N2CC1CCCNC1,-4.74
CC12CCC3C(CCC4CCCCC43C)C1CCC2=O,O=C1CCC2C1CCC1C3CCCCC3CCC21,-6.7
CC12CCC3C(CCC4CC(O)CCC43C)C1CCC2=O,O=C1CCC2C1CCC1C3CCCCC3CCC21,-4.4
COC(C)(C)CCCC(C)CC=CC(C)=CC(=O)OC(C)C,,-5.19
CCC1C2CC3C4N(C)c5ccccc5C45CC(C2C5O)N3C1O,c1ccc2c(c1)NC1C3CC4CCN3C3CC21CC43,-2.82
COc1ccc2c(c1)c(CC(=O)O)c(C)n2C(=O)C=Cc1ccccc1,O=C(C=Cc1ccccc1)n1ccc2ccccc21,-5.54
CC1(C)C(C=C(Cl)Cl)C1C(=O)OCc1cccc(Oc2ccccc2)c1,O=C(OCc1cccc(Oc2ccccc2)c1)C1CC1,-6.29
CN(C)C1C(O)=C(C(N)=O)C(=O)C2(O)C(O)=C3C(=O)c4c(O)ccc(Cl)c4C(O)C3CC12,O=C1C2=CC3C(=O)C=CCC3CC2Cc2ccccc21,-2.52
N#Cc1ccc2c(c1)N(CCCN1CCC(O)CC1)c1ccccc1S2,c1ccc2c(c1)Sc1ccccc1N2CCCN1CCCCC1,-3.98
CC12CCC(=O)C=C1CCC1C2C2CC3(C(O)O2)C(C(=O)CO)CCC13,O=C1C=C2CCC3C(C4CC5(CCCC35)CO4)C2CC1,-3.85
CC(=O)C1CCC2C3CC=C4CC(O)CCC4(C)C3CCC12C,C1=C2CCCCC2C2CCC3CCCC3C2C1,-4.65
CN(C)C1C(O)=C(C(N)=O)C(=O)C2(O)C(O)=C3C(=O)c4c(O)ccc(Cl)c4C(C)(O)C3CC12,O=C1C2=CC3C(=O)C=CCC3CC2Cc2ccccc21,-2.88
COc1ccc2c(c1OC)C(=O)OC2C1c2c(cc3c(c2OC)OCO3)CCN1C,O=C1OC(C2NCCc3cc4c(cc32)OCO4)c2ccccc21,-3.14
CC1c2cccc(O)c2C(=O)C2=C(O)C3(O)C(=O)C(C(N)=O)=C(O)C(N(C)C)C3C(O)C21,O=C1C2=CC3C(=O)C=CCC3CC2Cc2ccccc21,-2.87
CC(C)=CC1C(C(=O)OCc2cccc(Oc3ccccc3)c2)C1(C)C,O=C(OCc1cccc(Oc2ccccc2)c1)C1CC1,-5.24
CC(=O)OCCN1CCN(CCCN2c3ccccc3Sc3ccc(Cl)cc32)CC1,c1ccc2c(c1)Sc1ccccc1N2CCCN1CCNCC1,-4.7
CC(CCC(=O)NCC(=O)O)C1CCC2C3C(O)CC4CC(O)CCC4(C)C3CC(O)C12C,C1CCC2C(C1)CCC1C3CCCC3CCC21,-5.15
CN(C)C1C(O)=CC(=O)C2(O)C(O)=C3C(=O)c4ccccc4C(C)(O)C3CC12,O=C1C2=CC3C(=O)C=CCC3CC2Cc2ccccc21,-1.42
CC1CC=CC=CC=CC=CC(OC2OC(C)C(O)C(N)C2O)CC2OC(O)(CC(O)CC3OC3C=CC(=O)O1)CC(O)C2C(=O)O,O=C1C=CC2OC2CCCC2CCCC(CC(OC3CCCCO3)C=CC=CC=CC=CCCO1)O2,-3.21
CCc1ccccc1,c1ccccc1,-2.77
c1ccc2cc3cc4ccccc4cc3cc2c1,c1ccc2cc3cc4ccccc4cc3cc2c1,-8.6
c1ccc2c(c1)ccc1nccnc12,c1ccc2c(c1)ccc1nccnc12,-2.68
ClC(Cl)(Cl)Cl,,-2.31
BrC=CBr,,-1.32
Clc1cc(Cl)c(Cl)c(Cl)c1Cl,c1ccccc1,-5.65
Clc1ccc(-c2ccccc2)cc1,c1ccc(-c2ccccc2)cc1,-5.2
Clc1ccc(Cl)c(-c2ccccc2Cl)c1,c1ccc(-c2ccccc2)cc1,-6.02
Clc1ccc(Cl)c(-c2c(Cl)cccc2Cl)c1,c1ccc(-c2ccccc2)cc1,-6.8
CC(C)C(C)CO,,-0.39
O=C(O)C=Cc1ccccc1,c1ccccc1,-2.48
CCOC(=O)CC,,-0.66
COc1ccccc1,c1ccccc1,-1.85
CCCCOCCO,,-0.42
CC12CCC(=O)C=C1CCC1C2CCC2(C)C(C(=O)CO)CCC12,O=C1C=C2CCC3C4CCCC4CCC3C2CC1,-3.75
CC12CCC(=O)C=C1CCC1C3CCC(O)(C(=O)CO)C3(C)CC(O)C12F,O=C1C=C2CCC3C4CCCC4CCC3C2CC1,-3.43
O=C(O)c1ccccc1O,c1ccccc1,-1.82
O=C(O)c1ccc(Cl)cc1,c1ccccc1,-3.31
CCCCCCN,,-1.1
CCCCCCCCN,,-2.75
CC1CC(C)C(=O)C(C(O)CC2CC(=O)NC(=O)C2)C1,O=C1CC(CCC2CCCCC2=O)CC(=O)N1,-1.13
O=C(O)c1ccc([N+](=O)[O-])cc1,c1ccccc1,-2.8
COP(=S)(OC)Oc1ccc([N+](=O)[O-])c(C)c1,c1ccccc1,-4.04
CC(=O)Nc1ccc(Cl)cc1,c1ccccc1,-2.84
CC(=O)Nc1ccc([N+](=O)[O-])cc1,c1ccccc1,-2.69
CC(C)N(C(=O)SCC(Cl)=CCl)C(C)C,,-4.08
CCC1CCCCN1,C1CCNCC1,-1.5
COc1c(O)c(Cl)c(Cl)c(Cl)c1Cl,c1ccccc1,-4.02
NC(=O)CC(N)C(=O)O,,-0.74
CSc1cnc2ncncc2n1,c1cnc2ncncc2n1,-1.55
CC(=O)CC(=O)CC(C)C,,-1.6
CC12CCC(C1)C(C)(C)C2=O,O=C1CC2CCC1C2,-1.85
CC1CCC(C(C)C)C(=O)C1,O=C1CCCCC1,-2.49
COC(=O)C1C2C=CC(C2)C1C(=O)OC,C1=CC2CCC1C2,-1.2
CCCCNC(=O)NS(=O)(=O)c1ccccc1,c1ccccc1,-3.05
O=C1C=CC(O)(c2cc(O)ccc2O)C=C1,O=C1C=CC(c2ccccc2)C=C1,-1.73
CCCCN(CC)c1c([N+](=O)[O-])cc(C(F)(F)F)cc1[N+](=O)[O-],c1ccccc1,-5.53
O=C(Oc1ccccc1)c1ccccc1,O=C(Oc1ccccc1)c1ccccc1,-2.85
C=CC(c1ccc(O)cc1)C(C=C)c1ccc(O)cc1,c1ccc(CCc2ccccc2)cc1,-4.95
CCC1CN2CCC1CC2C(O)c1ccnc2ccccc12,c1ccc2c(CC3CC4CCN3CC4)ccnc2c1,-2.63
C#CC1(O)CCC2C3CCC4=CC(=O)CCC4(C)C3CCC21C,O=C1C=C2CCC3C4CCCC4CCC3C2CC1,-5.66
CCOC(=O)C(c1c(O)c2ccccc2oc1=O)c1c(O)c2ccccc2oc1=O,O=c1oc2ccccc2cc1Cc1cc2ccccc2oc1=O,-3.66
NCCC(O)C(=O)NC1CC(N)C(OC2OC(CN)C(O)C(O)C2O)C(O)C1OC1OC(CO)C(O)C(N)C1O,C1CCC(OC2CCCC(OC3CCCCO3)C2)OC1,-0.5
CCOC(=O)c1ccc(N)cc1,c1ccccc1,-2.32
CC(=O)Oc1ccccc1C(=O)O,c1ccccc1,-1.72
O=C1NC(=O)C(c2ccccc2)(c2ccccc2)N1,O=C1NC(=O)C(c2ccccc2)(c2ccccc2)N1,-3.99
CCCCCC(O)C=CC1C(O)CC(=O)C1CC=CCCCC(=O)O,O=C1CCCC1,-2.47
NC(=O)c1cnc2n1CCc1ccccc1C21CCNCC1,c1ccc2c(c1)CCn1ccnc1C21CCNCC1,-2.43
Cc1c2ccccc2c(CN2CCOCC2)c2ccccc12,c1ccc2c(CN3CCOCC3)c3ccccc3cc2c1,-4.4
O=C1CC2OCC=C3C[N+]4(O)CCC56c7ccccc7N1C5C2C3CC64,O=C1CC2OCC=C3C[NH+]4CCC56c7ccccc7N1C5C2C3CC46,-1.28
C1=NC=NC2N=C(c3ccccc3)N=C12,C1=NC=NC2N=C(c3ccccc3)N=C12,-3.07
O=[N+]([O-])c1ccc(-c2nc3ccc(Cl)cc3[nH]2)o1,c1coc(-c2nc3ccccc3[nH]2)c1,-4.82
CCOc1no[n+]([O-])c1S(=O)(=O)c1ccccc1,O=S(=O)(c1ccccc1)c1cno[nH+]1,-4.24
O=C1CC(=O)CC(c2ccccc2)C1,O=C1CC(=O)CC(c2ccccc2)C1,-2.51
Cc1ccc(S(=O)(=O)N(Cl)Cl)cc1,c1ccccc1,-3.51
O=C(O)COc1c(Cl)cc(Cl)cc1Cl,c1ccccc1,-3.23
CCC1OC(=O)c2cc(C#N)ccc21,O=C1OCc2ccccc21,-2.31
CC1=Nc2ccccc2N=C(C)C1,C1=Nc2ccccc2N=CC1,-1.37
Cc1ccc2c(c1)C=CS2(=O)=O,O=S1(=O)C=Cc2ccccc21,-2.65
CCCCOC(=O)c1ccc(N)cc1,c1ccccc1,-3.06
Cc1cc(=O)oc2c3c4c(cc12)CCCN4CCC3,O=c1ccc2cc3c4c(c2o1)CCCN4CCC3,-3.89
CC1=CS(=O)(=O)c2ccccc21,O=S1(=O)C=Cc2ccccc21,-2.67
CC1(C)SCC(COC(N)=O)S1,C1CSCS1,-2.22
NC(=O)OCC1COC2(CCCCC2)O1,C1CCC2(CC1)OCCO2,-1.89
NC(=O)OCC1CSC2(CCCCC2)S1,C1CCC2(CC1)SCCS2,-3.52
Cc1cc2cc3c(C)cc(=O)oc3cc2o1,O=c1ccc2cc3ccoc3cc2o1,-5.23
Cc1cc2cccc(O)c2nc1C,c1ccc2ncccc2c1,-3.32
c1ccc2c(c1)[nH]c1cnccc12,c1ccc2c(c1)[nH]c1cnccc12,-3.73
O=S(=O)(c1ccccc1)N(Br)Br,c1ccccc1,-3.28
NC(=O)OCC1CSC2(CCCCC2)O1,C1CCC2(CC1)OCCS2,-2.82
CC(C)C1OCC2(CO1)COC(C(C)C)OC2,C1OCC2(CO1)COCOC2,-3.11
COc1cc(OC)cc(OC)c1,c1ccccc1,-2.68
O=C(O)CCn1ccccc1=O,O=c1cccc[nH]1,-0.6
CC1(C)N=C(c2ccccc2)NC1=O,O=C1CN=C(c2ccccc2)N1,-0.85
O=[N+]([O-])c1cc2c(cc1CO)OCO2,c1ccc2c(c1)OCO2,-3.06
c1ccc(CNC23OC4C5C6CC(C7C6C4C72)C53)cc1,c1ccc(CNC23OC4C5C6CC(C7C6C4C72)C53)cc1,-3.4
CC1(C)OC(=O)c2cc(C#N)ccc21,O=C1OCc2ccccc21,-2.91
C=CCc1ccc2cncnc2c1O,c1ccc2ncncc2c1,-3.62
c1ccc2c(c1)Nc1ccccc1S2,c1ccc2c(c1)Nc1ccccc1S2,-5.59
Cc1nccc2c1[nH]c1ccccc12,c1ccc2c(c1)[nH]c1cnccc12,-3.79
CCC1(CC)CCC(=O)NC1=O,O=C1CCCC(=O)N1,-4.53
CCOC(=O)c1cnc(=S)[nH]c1,S=c1nccc[nH]1,-1.74
O=S1(=O)c2ccccc2-c2ccccc21,O=S1(=O)c2ccccc2-c2ccccc21,-4.57
CCC1(C)NC(=O)C(C)(CC)NC1=O,O=C1CNC(=O)CN1,-1.92
O=c1ccc2nc3ccccc3sc-2c1,O=c1ccc2nc3ccccc3sc-2c1,-3.72
Cc1ccc(-c2nc3ccccc3s2)cc1,c1ccc(-c2nc3ccccc3s2)cc1,-4.35
O=c1ccc2cc3ccoc3cc2o1,O=c1ccc2cc3ccoc3cc2o1,-3.74
Cc1c(O)c(=O)ccn1-c1ccccc1,O=c1ccn(-c2ccccc2)cc1,-2.03
Cc1ccc(-n2ccc(=O)c(O)c2C)cc1,O=c1ccn(-c2ccccc2)cc1,-3.22
CCCCCCCNC(=O)c1cccnc1,c1ccncc1,-3.2
CC1=NC(=O)C(C(N)=O)C(=O)N1,O=C1CC(=O)NC=N1,-2.41
O=c1[nH]c(=O)c2[nH]c(=O)[nH]c2[nH]1,O=c1[nH]c(=O)c2[nH]c(=O)[nH]c2[nH]1,-3.62
O=c1[nH]c(=S)c2[nH]c(=O)[nH]c2[nH]1,O=c1[nH]c(=S)c2[nH]c(=O)[nH]c2[nH]1,-4.04
O=C1CNC(=O)c2ccccc2N1,O=C1CNC(=O)c2ccccc2N1,-2.85
CC(=O)Nc1ccc2c(c1)C(=O)OC2,O=C1OCc2ccccc21,-2.6
Cn1c2ccccc2c(=O)c2ccccc21,O=c1c2ccccc2[nH]c2ccccc12,-4.46
Nc1nc(=O)[nH]n1-c1ccccc1,O=c1ncn(-c2ccccc2)[nH]1,-1.7
CC=CCC1(CC=CC)C(=O)NC(=O)NC1=O,O=C1CC(=O)NC(=O)N1,-2.2
Nc1nc(=O)n(-c2ccccc2)[nH]1,O=c1nc[nH]n1-c1ccccc1,-2.47
CCC1(CC)C(=O)NC(=S)NC1=O,O=C1CC(=O)NC(=S)N1,-2.32
Cc1cc(Oc2ccccn2)nn1C,c1ccc(Oc2cc[nH]n2)nc1,-0.98
Nc1nnc(-c2ccc(O)cc2)o1,c1ccc(-c2nnco2)cc1,-0.77
COC(=O)c1cc2cc3c(C)cc(=O)oc3c(C)c2o1,O=c1ccc2cc3ccoc3cc2o1,-5.16
CC12CC(C)(NC(=O)N1)NC(=O)N2,O=C1NC2CC(N1)NC(=O)N2,-2.09
CCC1(CC)NC(=O)C(CC)(CC)NC1=O,O=C1CNC(=O)CN1,-2.31
Cc1[nH]c(=O)[nH]c(=O)c1CC(=O)O,O=c1cc[nH]c(=O)[nH]1,-2.31
CCN(CC)[S+]([O-])N(CC)CC,,-1.28
CC(C)C(NCCC#N)C(=O)O,,-1.12
CCC(C)C(NCCC#N)C(=O)O,,-0.98
CC(C(=O)O)N(CCC#N)CCC#N,,-0.17
O=[N+](O)OCCCCO[N+](=O)O,,-1.68
CCCCOP(=O)(OCCCC)OCCCC,,-2.85
CC(CCO[N+](=O)O)O[N+](=O)O,,-1.66
NCC(=O)NCC(=O)NCC(=O)O,,-0.53
CC(CC(C)O[N+](=O)O)O[N+](=O)O,,-2.22
O=[N+](O)OCCCCCO[N+](=O)O,,-2.19
CC(C)CC(C(=O)O)N(CCC#N)CCC#N,,-1.14
CC(CCC(C)O[N+](=O)O)O[N+](=O)O,,-2.68
CC(O)C(O)C(O)C(O)C=NNC(N)=O,,-0.7
NC(CSCCSCC(N)C(=O)O)C(=O)O,,-2.85
NC(CSCCCSCC(N)C(=O)O)C(=O)O,,-2.49
NC(CSCCCCSCC(N)C(=O)O)C(=O)O,,-3.62
NC(CSCCCCCSCC(N)C(=O)O)C(=O)O,,-2.91
NC(CSCCCCCCSCC(N)C(=O)O)C(=O)O,,-2.77
Nc1[nH]c(=O)[nH]c2nc(=O)[nH]c1-2,O=c1nc2[nH]c(=O)[nH]cc-2[nH]1,-3.46
CC(C)CC(NC(=O)C(C)NC(=O)CN)C(=O)NC(C(=O)O)C(C)C,,-2.13
CCCCCCOC(=O)C(C)O,,-1.14
CCC(C)C(NC(C)=O)C(=O)O,,-0.69
CC(O[N+](=O)O)C(C)O[N+](=O)O,,-1.89
CCCCC(NC(N)=O)C(=O)O,,-2.16
CSCCC(NC(C)=O)C(=O)O,,0.03
[O-][S+](CCCl)CC[S+]([O-])CCCl,,-2.04
CC(SSC(C)C(=O)O)C(=O)O,,-0.62
CC(C)CC(NC(=O)CN)C(=O)O,,-0.43
CCC(SC(CC)C(=O)O)C(=O)O,,-0.71
CC(SCSC(C)C(=O)O)C(=O)O,,-1.82
CSC(CCC(SC)C(=O)O)C(=O)O,,-2.89
CC(C)C(N)C(=O)NC(C(=O)O)C(C)C,,-0.4
NC(CSCC(N)C(=O)O)C(=O)O,,-2.56
CC(C)CC(N)C(=O)NC(C(=O)O)C(C)C,,-0.17
CC(=O)NC(CCC(=O)O)C(=O)O,,-0.71
NC(=O)NN=CC(O)C(O)C(O)CO,,0.02
CCSC(=S)OC(CC(=O)O)C(=O)O,,-1.29
CCOC(=S)SC(CC(N)=O)C(=O)O,,-1.7
CCOC(=S)SC(CC(=O)O)C(=O)O,,-1.19
CCSC(CCC(SCC)C(=O)O)C(=O)O,,-1.36
CC(C)CC(N)C(=O)NC(CC(C)C)C(=O)O,,-0.69
NC(CCSSCCC(N)C(=O)O)C(=O)O,,-3.12
C=CCSC(CCC(SCC=C)C(=O)O)C(=O)O,,-2.2
CC(C)CC(N)C(=O)NCC(=O)NCC(=O)O,,0.31
CC(C)CC(Br)C(=O)NC(C)C(=O)NC(C)C(=O)O,,-1.43
CC(C)CC(NC(=O)CNC(=O)CN)C(=O)O,,-0.11
COC(OC(C)=O)C(OC(C)=O)C(OC(C)=O)C(COC(C)=O)OC(C)=O,,-1.82
NNC(=O)c1ccc([N+](=O)[O-])s1,c1ccsc1,-1.97
NS(=O)(=O)c1nc2ccccc2s1,c1ccc2scnc2c1,-2.63
OC(=S)CCCCCCC(O)=S,,-2.24
CCCC(=O)NNC(=O)CCC,,-1.0
CCN(CC)S(=O)(=O)N(CC)CC,,-1.14
CCCCCCCCCCOC(=O)C(C)O,,-3.06
NC(=O)NCCCCCC(=O)O,,-2.16
OC(=S)CCCCCCCC(O)=S,,-2.39
OC(=S)CCCCCCCCC(O)=S,,-3.07
COC(=O)C(C#N)C(=O)CC(C)C,,-2.73
CCCCC(=O)NNC(=O)CCCC,,-2.16
CCOC(=O)CNC(C)=CC(C)=O,,-0.59
CC1(C)NC(=O)N(Cc2ccccc2)C1=O,O=C1CNC(=O)N1Cc1ccccc1,-1.8
CCC(CO[N+](=O)O)O[N+](=O)O,,-1.89
CCCCCCCCOC(=O)C(C)OC(C)=O,,-3.39
COc1ccc2c(c1)[nH]c1c(C)nccc12,c1ccc2c(c1)[nH]c1cnccc12,-4.48
CCCC(C)(COC(N)=O)COC(N)=O,,-1.74
CC(C=NNC(N)=O)=NNC(N)=O,,-1.95
CCCCS(=O)(=O)NS(=O)(=O)CCCC,,-0.76
CC(O)C(=O)NCCCCCCNC(=O)C(C)O,,-0.7
O=[N+]([O-])C12COP(=O)(OC1)OC2,O=P12OCC(CO1)CO2,-0.81
CCCCCCS(=O)(=O)NS(=O)(=O)CCCCCC,,-2.2
CC(=O)OC(OC(C)=O)C(OC(C)=O)OC(C)=O,,-2.1
O=C(NCCCCCCNC(=O)OCCO)OCCO,,-0.92
CCCCCCOC(=O)CCCCCCCCC(=O)OCCCCCC,,-4.57
CCCS(=O)(=O)C(S(=O)(=O)CCC)S(=O)(=O)CCC,,-1.95
O=C(NCCCCCCNC(=O)OCCCCO)OCCCCO,,-1.93
CCCCS(=O)(=O)C(S(=O)(=O)CCCC)S(=O)(=O)CCCC,,-2.97
Nc1nc2[nH]c(=O)cnc2c(=O)[nH]1,O=c1cnc2c(=O)[nH]cnc2[nH]1,-4.55
Cc1nc2c(=O)[nH]cnc2[nH]c1=O,O=c1cnc2c(=O)[nH]cnc2[nH]1,-2.15
O=C(O)c1ccc(Cl)c(N=Nc2ccc(O)cc2)c1,c1ccc(N=Nc2ccccc2)cc1,-4.08
CC(=NNC(=O)c1nccs1)C(=O)O,c1cscn1,-1.93
O=c1cnc2[nH]c(=O)[nH]c(=O)c2[nH]1,O=c1cnc2[nH]c(=O)[nH]c(=O)c2[nH]1,-3.13
O=C(O)c1cccc(N=Nc2ccc(O)cc2)c1,c1ccc(N=Nc2ccccc2)cc1,-3.85
O=C(O)c1ccccc1N=Nc1ccc(O)cc1,c1ccc(N=Nc2ccccc2)cc1,-3.33
CCCCCCCCN(C)N=Nc1ccc(C(=O)O)cc1,c1ccccc1,-3.77
O=C(O)c1cc(Cl)ccc1N=Nc1ccc(O)cc1,c1ccc(N=Nc2ccccc2)cc1,-3.86
CC(=NNC(=O)c1ccncc1)C(=O)O,c1ccncc1,-3.31
Cn1c(=O)[nH]c2c(=O)[nH]c(=O)[nH]c21,O=c1[nH]c(=O)c2[nH]c(=O)[nH]c2[nH]1,-3.94
COc1cc(N)c2c(c1OC)C(=O)OC2,O=C1OCc2ccccc21,-2.08
O=C(c1ccccc1)C(F)(F)F,c1ccccc1,-1.16
O=[N+]([O-])c1cccc2ccccc12,c1ccc2ccccc2c1,-3.71
Cc1cc(O)c(C(C)C)cc1C(=O)CCl,c1ccccc1,-2.58
Oc1c(O)c(Cl)c(Cl)c(Cl)c1Cl,c1ccccc1,-3.55
COc1ccc([N+](=O)[O-])c2ccccc12,c1ccc2ccccc2c1,-4.36
O=[N+](O)OCCCCCCCO[N+](=O)O,,-3.4
O=[N+]([O-])c1ccc2c(c1)Cc1ccccc1-2,c1ccc2c(c1)Cc1ccccc1-2,-4.72
O=[N+](O)OCCCCCCCCO[N+](=O)O,,-4.14
COP(=O)(OC)OC(=CCl)c1cc(Cl)c(Cl)cc1Cl,c1ccccc1,-4.52
CCOC(=O)N1CC(C)N(C(N)=O)CC1C,C1CNCCN1,-0.55
O=[N+]([O-])c1ccc(OP(=O)(Oc2ccccc2)Oc2ccccc2)cc1,O=P(Oc1ccccc1)(Oc1ccccc1)Oc1ccccc1,-4.96
O=c1ccc2cc3ccoc3c(O)c2o1,O=c1ccc2cc3ccoc3cc2o1,-3.22
O=C1OC(c2ccc(Br)cc2)C(Br)C1=O,O=C1CC(c2ccccc2)OC1=O,-3.05
O=C1NC(=S)SC1=Cc1ccc(O)c(O)c1,O=C1NC(=S)SC1=Cc1ccccc1,-3.34
COC(=O)c1ccc(C(=O)O)cc1,c1ccccc1,-2.97
O=[N+](O)OCCCCCCO[N+](=O)O,,-2.77
COC(=O)c1ccc([N+](=O)[O-])cc1,c1ccccc1,-3.04
CC12CCC3c4ccc(O)cc4CCC3C1CCC2=O,O=C1CCC2C1CCC1c3ccccc3CCC12,-5.11
NNC(=O)c1ccc2c(c1)OCO2,c1ccc2c(c1)OCO2,-0.6
CCN(CC)c1ccc2c(C)cc(=O)oc2c1,O=c1ccc2ccccc2o1,-4.0
Nc1ccc(S(=O)(=O)O)c2ncccc12,c1ccc2ncccc2c1,-2.71
Nc1c(S(=O)(=O)O)ccc2ncccc12,c1ccc2ncccc2c1,-2.5
COc1ccc(Cl)c(OC)c1O,c1ccccc1,-1.56
Cc1ccc2ccccc2c1[N+](=O)[O-],c1ccc2ccccc2c1,-4.27
CCC1(CCO)C(=O)NC(=S)NC1=O,O=C1CC(=O)NC(=S)N1,-1.47
COc1c2ccoc2cc2oc(=O)ccc12,O=c1ccc2cc3ccoc3cc2o1,-3.6
Nc1ccc(S(=O)(=O)N=C2CC=CN2)cc1,O=S(=O)(N=C1CC=CN1)c1ccccc1,-1.69
COc1c2occc2cc2ccc(=O)oc12,O=c1ccc2cc3ccoc3cc2o1,-3.52
Cc1cc(=O)n(O)c2ccc3ccccc3c12,O=c1ccc2c(ccc3ccccc32)[nH]1,-4.0
O=C(O)CSC(=S)OCc1ccccc1,c1ccccc1,-2.68
CCCCCCCCC(CO[N+](=O)O)O[N+](=O)O,,-5.72
CCCC1(CCC)C(=O)NC(=O)NC1=O,O=C1CC(=O)NC(=O)N1,-2.53
Cc1nc(=O)c2cc([N+](=O)[O-])ccc2[nH]1,O=c1nc[nH]c2ccccc12,-2.22
CCCCCOC(=O)c1ccccc1C(=O)OCCCCC,c1ccccc1,-3.49
NC(=O)CNC(=O)CNC(=O)OCc1ccccc1,c1ccccc1,-2.35
CCC(=O)C(CCCCCCOc1ccc(OC)cc1Cl)C(=O)CC,c1ccccc1,-5.27
CCCCC1(CC)C(=O)NC(=O)NC1=O,O=C1CC(=O)NC(=O)N1,-1.67
CC(=O)c1c(C)ncc(C(=O)O)c1C(=O)O,c1ccncc1,-1.35
CC(CCC(=O)O)=NNC(=O)c1nccs1,c1cscn1,-1.73
Cc1c(C(C)C)c(=O)n(-c2ccccc2)n1C,O=c1cc[nH]n1-c1ccccc1,-1.91
O=[N+]([O-])c1ccc2ccccc2c1,c1ccc2ccccc2c1,-3.82
CC(=NO)C(=NO)c1ccccc1,c1ccccc1,-2.3
COc1ccccc1OCC(O)CO,c1ccccc1,-0.73
OCCOc1cccc(OCCO)c1,c1ccccc1,-1.02
CC(=O)CC(C)=NCCN=C(C)CC(C)=O,,-2.83
O=C(NO)c1ccc([N+](=O)[O-])cc1,c1ccccc1,-1.94
CN(O)C(=O)c1ccc([N+](=O)[O-])cc1,c1ccccc1,-2.87
COc1ccc(C=CC(=O)c2ccccc2O)cc1,O=C(C=Cc1ccccc1)c1ccccc1,-5.7
CONC(=O)c1ccc([N+](=O)[O-])cc1,c1ccccc1,-2.28
Cc1cc(C)nc(Oc2cc(C)n(C)n2)n1,c1cnc(Oc2cc[nH]n2)nc1,-1.52
NC(=O)CNC(=O)OCc1ccccc1,c1ccccc1,-1.88
COc1ccc2[nH]cc(CCNC(C)=O)c2c1,c1ccc2[nH]ccc2c1,-5.09
CC12CCC3(O)C(CCC4=CC(=O)CCC43C)C1CCC2=O,O=C1C=C2CCC3C4CCC(=O)C4CCC3C2CC1,-2.68
CC(CCC(=O)O)=NNC(=O)c1ccncc1,c1ccncc1,-1.59
CCC=C(C)C1(CC)C(=O)NC(=O)NC1=O,O=C1CC(=O)NC(=O)N1,-2.31
CC(C)CC1(CCO)C(=O)NC(=S)NC1=O,O=C1CC(=O)NC(=S)N1,-2.62
O=S(=O)(C1CCCCC1)C1CCCCC1,O=S(=O)(C1CCCCC1)C1CCCCC1,-2.06
CCCC1(CCO)C(=O)NC(=S)NC1=O,O=C1CC(=O)NC(=S)N1,-1.61
COc1ccc2cc(CCC(C)=O)ccc2c1,c1ccc2ccccc2c1,-1.46
CC(C)(NC(=O)c1ccccc1)C(=O)O,c1ccccc1,-0.76
COc1cc(C#N)c2c(c1OC)C(=O)OC2,O=C1OCc2ccccc21,-3.48
O=C(O)c1ccccc1C(=O)c1ccc(O)cc1,O=C(c1ccccc1)c1ccccc1,-2.73
NC(=O)NS(=O)(=O)c1ccc(N)cc1,c1ccccc1,-1.97
CCOC(=O)C(C)(C)NC(=O)c1ccccc1,c1ccccc1,-1.19
CCOC(=O)Oc1ccc(NC(C)=O)cc1,c1ccccc1,-2.67
CC1(C(=O)O)NCCc2cc(O)c(O)cc21,c1ccc2c(c1)CCNC2,-0.75
CCC(C)(C(=O)O)N1C(=O)c2ccccc2C1=O,O=C1NC(=O)c2ccccc21,-1.91
COc1ccc(C(O)C(O)c2ccccc2)cc1,c1ccc(CCc2ccccc2)cc1,-1.39
CC(=O)NC(COC(=O)c1ccccc1)C(=O)O,c1ccccc1,-3.22
NC(Cc1ccc(O)cc1)C(=O)NCC(=O)O,c1ccccc1,-1.1
COc1ccc(CC2NC(=O)N(C)C2=O)cc1,O=C1NC(=O)C(Cc2ccccc2)N1,-0.89
O=C(O)C(Oc1ccccc1Cl)Oc1ccccc1Cl,c1ccc(OCOc2ccccc2)cc1,-2.83
COc1cc(Oc2ccc(Cl)cc2Cl)ccc1[N+](=O)[O-],c1ccc(Oc2ccccc2)cc1,-5.91
CCNC(=S)N1CCN(C(=O)OCC)CC1,C1CNCCN1,-1.79
O=C(NC(=O)c1c(F)cccc1F)Nc1ccc(Cl)cc1,O=C(NC(=O)c1ccccc1)Nc1ccccc1,-6.54
CNC(=S)NC1C(=O)NC(=O)NC1=O,O=C1CC(=O)NC(=O)N1,-0.46
CC(C)CC(NC(=O)OCC1c2ccccc2-c2ccccc21)C(=O)O,c1ccc2c(c1)Cc1ccccc1-2,-3.74
CC(=O)NS(=O)(=O)c1ccc(NC(=O)c2ccccc2C(=O)O)cc1,O=C(Nc1ccccc1)c1ccccc1,-2.52
CCC1(CC)OC(=O)c2cc([N+](=O)[O-])ccc21,O=C1OCc2ccccc21,-3.66
CCCCC(CCCC)(CCCC)C(=O)NO,,-4.16
COC(=O)c1ccc(N(C)C)cc1,c1ccccc1,-3.05
COc1cccc(C(=O)O)c1OC,c1ccccc1,-2.14
NS(=O)(=O)c1ccc(NO)cc1,c1ccccc1,-0.84
O=C(c1ccccc1)N(O)c1ccccc1,O=C(Nc1ccccc1)c1ccccc1,-2.73
CC(=O)NC(Cc1ccccc1)C(=O)O,c1ccccc1,-1.41
CC(C)c1ccc(NC(=O)N(C)C)cc1,c1ccccc1,-3.5
CCOC(=O)C(Cc1ccccc1)NC(C)=O,c1ccccc1,-1.86
CCN(CC)CC(=O)Nc1c(C)cccc1C,c1ccccc1,-1.78
CC(C(=O)O)c1cccc(C(=O)c2ccccc2)c1,O=C(c1ccccc1)c1ccccc1,-3.47
Cc1cc2cc3c(C)cc(=O)oc3c(C)c2o1,O=c1ccc2cc3ccoc3cc2o1,-5.28
CCOC(=O)C(Cc1ccc(O)cc1)NC(=O)c1ccccc1,O=C(NCCc1ccccc1)c1ccccc1,-3.33
Cc1ccc(S(=O)(=O)NC(CCC(=O)O)C(=O)O)cc1,c1ccccc1,-0.93
CCN(CC)C(=O)Cn1cc(Br)c(=O)c(Br)c1,O=c1cc[nH]cc1,-2.31
CCN(CC)C(=O)Cn1cc(I)c(=O)c(I)c1,O=c1cc[nH]cc1,-3.18
O=S(=O)(O)c1cc(I)c(O)c2ncccc12,c1ccc2ncccc2c1,-2.2
C=CCC1(C(C)CCC)C(=O)NC(=O)NC1=O,O=C1CC(=O)NC(=O)N1,-2.36
CCCCC(CC)CC(CC)(CC)C(=O)NO,,-3.35
CCCCCCCCC(CC)(CC)C(=O)NO,,-5.22
CC(C)CC(CC(C)C)(CC(C)C)C(=O)NO,,-4.0
CCCCCCC(CCC)(CCC)C(=O)NO,,-2.82
CCCCCCCCCCC(C)(C)C(=O)NO,,-4.8
COc1cc(C(=O)CO)ccc1O,c1ccccc1,-1.78
CCCCC1(CCO)C(=O)NC(=S)NC1=O,O=C1CC(=O)NC(=S)N1,-2.17
O=C(O)CC1(O)CC(=O)N(c2ccccc2)C1=O,O=C1CCC(=O)N1c1ccccc1,-0.68
CCC(CC)(Cc1ccc(C)cc1)C(=O)NO,c1ccccc1,-3.35
O=C(NC(CO)C(=O)O)c1ccccc1,c1ccccc1,-0.91
O=c1[nH]cc(NS(=O)(=O)O)c(=O)[nH]1,O=c1cc[nH]c(=O)[nH]1,-1.77
CCCC(CCC)(C(=O)NO)c1ccccc1,c1ccccc1,-2.89
Cc1cc(C)c(CC(C)(C)C(=O)NO)c(C)c1,c1ccccc1,-3.52
CN(CC(=O)O)C(=S)SCc1ccccc1,c1ccccc1,-3.23
CCC1(CC)C(=O)N(C)N(c2ccccc2)C1=O,O=C1CC(=O)N(c2ccccc2)N1,-2.69
CCCOC(=O)c1ccccc1C(=O)OCCC,c1ccccc1,-3.82
CCCCCCCOC(=O)c1ccccc1C(=O)OCCCCCCC,c1ccccc1,-8.56
CCCCCCCCNCC(O)CO,,-2.22
CCCCCCCCCNCC(O)CO,,-2.64
CCCCCCCCCCNCC(O)CO,,-3.11
CNCC(O)c1ccc(O)c(O)c1,c1ccccc1,-0.96
CC(C)CCC1(CCO)C(=O)NC(=S)NC1=O,O=C1CC(=O)NC(=S)N1,-2.56
CCCCCC1(CCO)C(=O)NC(=S)NC1=O,O=C1CC(=O)NC(=S)N1,-2.38
O=C(O)CN1C(=O)NC(=O)C1Cc1ccccc1,O=C1NC(=O)C(Cc2ccccc2)N1,-1.79
CS(=O)(=O)Nc1ccc([N+](=O)[O-])cc1Oc1ccccc1,c1ccc(Oc2ccccc2)cc1,-4.49
NC(=O)NC1(O)NC(=O)NC1(O)C(=O)O,O=C1NCCN1,-0.37
CCCC(C)CC1(CCO)C(=O)NC(=S)NC1=O,O=C1CC(=O)NC(=S)N1,-3.09
CCC(CC)CC1(CCO)C(=O)NC(=S)NC1=O,O=C1CC(=O)NC(=S)N1,-3.14
Nc1ccc(S(=O)(=O)Nc2ccc(I)nc2)cc1,O=S(=O)(Nc1cccnc1)c1ccccc1,-1.81
Cc1c(NC(N)=O)c(=O)n(-c2ccccc2)n1C,O=c1cc[nH]n1-c1ccccc1,-1.52
CC12CCC3c4ccc(O)cc4CCC3C1CC(O)C2O,c1ccc2c(c1)CCC1C2CCC2CCCC21,-4.0
COc1cc(Cl)c(Cl)c(Cl)c1O,c1ccccc1,-3.66
CN1C(=O)NC(=O)C(C)(C2=CCCCC2)C1=O,O=C1NC(=O)C(C2=CCCCC2)C(=O)N1,-2.91
CC(=O)C(Oc1ccccc1Cl)C(=O)O,c1ccccc1,-2.1
O=C1C=Cc2ccccc2C1=NO,N=C1C(=O)C=Cc2ccccc21,-2.94
CC(=O)Nc1ccc2nc(S(N)(=O)=O)sc2c1,c1ccc2scnc2c1,-3.16
O=C(O)CSC(CC(=O)O)c1ccccc1,c1ccccc1,-1.55
COc1ccc(O)c(C(=O)C=Cc2ccccc2)c1,O=C(C=Cc1ccccc1)c1ccccc1,-6.0
COC(=O)c1ccc(O)c(Br)c1,c1ccccc1,-3.17
CCc1nnc(NS(=O)(=O)c2ccc(N)cc2)s1,O=S(=O)(Nc1nncs1)c1ccccc1,-3.12
O=C(O)c1ccccc1C(=O)OCCOC(=O)c1ccccc1C(=O)O,O=C(OCCOC(=O)c1ccccc1)c1ccccc1,-2.83
COc1cc([N+](=O)[O-])c2c(c1OC)C(=O)OC2,O=C1OCc2ccccc21,-3.21
CC(=O)CC(C)=Nc1ccc(O)cc1,c1ccccc1,-3.59
CCC1(CC)C(=O)N(c2ccccc2)N=C1OC(C)=O,O=C1CC=NN1c1ccccc1,-3.54
COC(=O)c1cc(O)c(OC)c(O)c1,c1ccccc1,-1.6
Nc1ccc2c(O)cccc2c1S(=O)(=O)O,c1ccc2ccccc2c1,-2.06
Nc1ccc2cccc(S(=O)(=O)O)c2c1,c1ccc2ccccc2c1,-2.54
CC(=O)NC(Cc1ccc(O)cc1)C(=O)O,c1ccccc1,0.01
NCC(=O)NC(Cc1ccc(O)cc1)C(=O)O,c1ccccc1,-0.73
CC(=O)CC(C)=Nc1ccccc1O,c1ccccc1,-3.55
Nc1ccccc1C=Nc1ccccc1O,C(=Nc1ccccc1)c1ccccc1,-3.64
COS(=O)(=O)c1ccc(C(=O)O)cc1,c1ccccc1,-3.05
Nc1ccccc1C(=O)OCC=Cc1ccccc1,O=C(OCC=Cc1ccccc1)c1ccccc1,-6.04
NC(C(=O)NCC(=O)O)c1ccccc1,c1ccccc1,-1.41
CC(=O)CC(C)=Nc1ccc(N=C(C)CC(C)=O)cc1,c1ccccc1,-1.89
O=C(O)CN(C(=S)SCc1ccccc1)c1ccccc1,S=C(Nc1ccccc1)SCc1ccccc1,-3.92
COC(=O)C(Cc1ccccc1)NC(=O)C(CC(=O)O)NC(=O)C(F)(F)F,c1ccccc1,-2.66
NC1=CC(=O)C(=O)c2ccccc21,O=C1C=Cc2ccccc2C1=O,-3.84
CC(=O)Nc1ccc2c(c1)Cc1ccccc1-2,c1ccc2c(c1)Cc1ccccc1-2,-4.24
CC(=O)Nc1cc(Cl)ccc1[N+](=O)[O-],c1ccccc1,-0.99
N#CCCNC(Cc1ccccc1)C(=O)O,c1ccccc1,-1.49
CCCN(CCC)S(=O)(=O)c1ccc(C(=O)O)cc1,c1ccccc1,-4.02
CCNC(=O)Nc1c(C)n(C)n(-c2ccccc2)c1=O,O=c1cc[nH]n1-c1ccccc1,-1.83
Cc1ccc(C(=O)N(O)c2ccc(Cl)cc2)cc1,O=C(Nc1ccccc1)c1ccccc1,-4.42
O=C(O)c1ccc(P(=O)(c2ccccc2)c2ccc(C(=O)O)cc2)cc1,O=P(c1ccccc1)(c1ccccc1)c1ccccc1,-6.01
NS(=O)(=O)c1ccccc1-c1nc2ccccc2c(=O)[nH]1,O=c1[nH]c(-c2ccccc2)nc2ccccc12,-3.08
CC(C)=NNC(=O)NC1c2ccccc2Oc2ccccc21,c1ccc2c(c1)Cc1ccccc1O2,-4.17
NC1C(O)C(O)C(O)C(O)C1O,C1CCCCC1,-1.41
O=C(O)C=CC(=O)Nc1ccccc1,c1ccccc1,-2.72
O=C(O)c1ccc(P(=O)(O)c2ccccc2)cc1,O=[PH](c1ccccc1)c1ccccc1,-4.07
CC(=O)Nc1ccc(S(=O)(=O)Nc2nc(C)cs2)cc1,O=S(=O)(Nc1nccs1)c1ccccc1,-4.15
Nc1ccc(S(=O)(=O)Nc2ncc3c(n2)CCCC3)cc1,O=S(=O)(Nc1ncc2c(n1)CCCC2)c1ccccc1,-3.65
CN1C(=O)C(Cc2ccc(O)cc2)N(CC(=O)O)C1=O,O=C1NC(=O)C(Cc2ccccc2)N1,-0.05
CC(C)CC(N)C(=O)NC(Cc1ccc(O)cc1)C(=O)O,c1ccccc1,-1.58
CN(C)CCNC(=O)NC1CCCCC1,C1CCCCC1,-0.66
CCN(CC)CC(C)OC(=O)c1ccc(N)cc1,c1ccccc1,-2.35
CCN(CC)C(C)COC(=O)c1ccc(N)cc1,c1ccccc1,-2.38
CC(C)CC(NC(=O)C(N)Cc1ccc(O)cc1)C(=O)O,c1ccccc1,-2.07
CCCCNC(=O)Nc1c(C)n(C)n(-c2ccccc2)c1=O,O=c1cc[nH]n1-c1ccccc1,-1.63
O=C(c1ccco1)c1no[n+]([O-])c1C(=O)c1ccco1,O=C(c1ccco1)c1no[nH+]c1C(=O)c1ccco1,-3.85
CC1C(=O)CCC2C(O)CCC(O)C12,O=C1CCC2CCCCC2C1,-0.3
CC(C)(C)CC(C)(C)C1CCC(=N/O)/C(=N\O)C1,N=C1CCCCC1=N,-6.41
CNC(Cc1ccc(O)c(O)c1)C(=O)O,c1ccccc1,-1.02
CC(=O)NC(CSc1ccc(Cl)c(Cl)c1)C(=O)O,c1ccccc1,-2.89
O=C(O)CCNC(=O)Nc1ccc([N+](=O)[O-])cc1,c1ccccc1,-2.7
CC(=O)NC(CSc1c(Cl)cccc1Cl)C(=O)O,c1ccccc1,-2.31
N#CCCN(CCC#N)C(Cc1ccc(O)cc1)C(=O)O,c1ccccc1,-1.68
CC12CCC(=O)C=C1CCC1C2CCC2(C)C(OC(=O)CCC(=O)O)CCC12,O=C1C=C2CCC3C4CCCC4CCC3C2CC1,-5.08
O=C(O)CN1C(=O)N(c2ccccc2)C(=O)C1Cc1ccccc1,O=C1NC(Cc2ccccc2)C(=O)N1c1ccccc1,-2.91
CC1(C)C(=O)C(=O)C2CCC1C2,O=C1CC2CCC(C2)C1=O,-1.52
CCOC(=O)C(O)c1ccccc1,c1ccccc1,-1.26
CC12CCC(CC1=O)C2(C)C(=O)O,O=C1CC2CCC1C2,-1.78
CC12CCC(C(=NO)C1=NO)C2(C)C,N=C1C(=N)C2CCC1C2,-2.52
CC(C(=O)O)S(=O)(=O)c1ccccc1,c1ccccc1,-0.89
CC(O)C(NC(=O)c1ccccc1)C(=O)O,c1ccccc1,-1.23
O=C(O)CSC(C(=O)O)c1ccccc1,c1ccccc1,-1.23
CC(CC(=O)Nc1ccccc1)C(=O)O,c1ccccc1,0.39
CC(C(=O)N(C)C)S(=O)(=O)c1ccccc1,c1ccccc1,-0.87
COC(C)C(NC(=O)c1ccccc1)C(=O)O,c1ccccc1,-1.74
O=C(O)CNC(Cc1ccccc1)C(=O)O,c1ccccc1,-2.16
CC(Oc1cc(Cl)c(Cl)cc1Cl)C(=O)O,c1ccccc1,-3.55
CC(NC(=O)c1cccc([N+](=O)[O-])c1)C(=O)O,c1ccccc1,-1.8
O=C(O)CNC(Cc1ccc(O)cc1)C(=O)O,c1ccccc1,-2.59
CC(=O)C=C(C)NC1CCCCC1NC(C)=CC(C)=O,C1CCCCC1,-2.11
OCC(O)C(O)C(O)C=NN(c1ccccc1)c1ccccc1,c1ccc(Nc2ccccc2)cc1,-3.1
CC(O)C1(O)CCC2C3CCC4=CC(=O)CCC4(C)C3CCC21C,O=C1C=C2CCC3C4CCCC4CCC3C2CC1,-4.16
Cc1ccc(C2(O)CCN(CCCC(=O)c3ccc(F)cc3)CC2)cc1,O=C(CCCN1CCC(c2ccccc2)CC1)c1ccccc1,-4.35
CC(CCC(=O)O)C1CCC2C3CC(O)C4CC(O)CCC4(C)C3CCC12C,C1CCC2C(C1)CCC1C3CCCC3CCC21,-4.82
O=C(O)C(SCCSC(C(=O)O)c1ccccc1)c1ccccc1,c1ccc(CSCCSCc2ccccc2)cc1,-3.41
NC(Cc1ccc(O)cc1)C(=O)NCC(=O)NCC(=O)O,c1ccccc1,-1.47
Cc1c(NC(=O)Nc2ccccc2)c(=O)n(-c2ccccc2)n1C,O=C(Nc1ccccc1)Nc1c[nH]n(-c2ccccc2)c1=O,-2.3
Cc1cc(C(=O)CC(C)C)ccc1O,c1ccccc1,-1.98
CC1CCC(C)C(=NO)C1=NO,N=C1CCCCC1=N,-1.32
CCC1CCC(=NO)C(=NO)C1,N=C1CCCCC1=N,-1.83
COc1cc(O)c(CC=C(C)C)c2c1C(=O)CC(c1ccc(O)cc1)O2,O=C1CC(c2ccccc2)Oc2ccccc21,-5.44
CCOC(=O)c1ccc(O)c(Br)c1,c1ccccc1,-3.39
NC(=O)Cc1ccc(-c2ccccc2)cc1,c1ccc(-c2ccccc2)cc1,-3.33
CCCOC(=O)c1ccc(O)c(Cl)c1,c1ccccc1,-3.38
CCCOC(=O)c1ccc(O)c(Br)c1,c1ccccc1,-3.51
O=S1(=O)OC(c2ccc(O)cc2)(c2ccc(O)cc2)c2ccccc21,O=S1(=O)OC(c2ccccc2)(c2ccccc2)c2ccccc21,-3.07
C=CCOc1ccc([N+](=O)[O-])cc1N,c1ccccc1,-2.8
COc1ccc(N(C)C(N)=O)cc1,c1ccccc1,-1.16
NC(=O)NN=CCOC1CCCCC1,C1CCCCC1,-1.74
CCOc1ccc(N(C)C(N)=O)cc1,c1ccccc1,-1.66
CCCCOc1ccc([N+](=O)[O-])cc1N,c1ccccc1,-3.82
COc1ccc(C)cc1S(N)(=O)=O,c1ccccc1,-1.53
CCCCOC(=O)c1ccc(O)c(Cl)c1,c1ccccc1,-3.51
CCCCOC(=O)c1ccc(O)c(Br)c1,c1ccccc1,-3.67
Cc1cc(Cl)ccc1OCC(O)=S,c1ccccc1,-3.16
CCCCCOC(=O)c1ccc(O)c(Cl)c1,c1ccccc1,-3.95
CCCCCOC(=O)c1ccc(O)c(Br)c1,c1ccccc1,-4.1
CCCCCOC(=O)c1ccc(O)c(I)c1,c1ccccc1,-4.22
CC(C)Oc1ccc([N+](=O)[O-])cc1N,c1ccccc1,-2.66
O=[N+]([O-])c1ccc(O)cc1-c1ccccc1,c1ccc(-c2ccccc2)cc1,-3.63
CC(C(N)=O)S(=O)(=O)c1ccccc1,c1ccccc1,-1.64
O=[N+]([O-])c1c(O)cccc1-c1ccccc1,c1ccc(-c2ccccc2)cc1,-3.95
CCOc1ccc(N(CC)C(N)=O)cc1,c1ccccc1,-1.85
OC(=S)COc1ccc(Cl)cc1Cl,c1ccccc1,-2.69
CCCCCCOC(=O)c1ccc(O)c(Cl)c1,c1ccccc1,-4.09
CCCCCCOC(=O)c1ccc(O)c(Br)c1,c1ccccc1,-4.22
CCCCCCOC(=O)c1ccc(O)c(I)c1,c1ccccc1,-4.43
COc1cccc(OCC(O)CO)c1OC,c1ccccc1,-3.0
COc1c(O)c(OC)c(Cl)c(Cl)c1Cl,c1ccccc1,-3.41
CN(C)c1ccc(C(=O)O)cc1C(=O)O,c1ccccc1,-2.02
CCCCCCCOC(=O)c1ccc(O)c(Cl)c1,c1ccccc1,-4.23
CCCCCCCOC(=O)c1ccc(O)c(Br)c1,c1ccccc1,-4.42
CCCCCCCOC(=O)c1ccc(O)c(I)c1,c1ccccc1,-4.56
COc1cc(C(=O)O)c(C(=O)O)cc1O,c1ccccc1,-1.21
O=S(=O)(c1cccc(O)c1)c1ccccc1O,O=S(=O)(c1ccccc1)c1ccccc1,-2.29
O=S(=O)(c1cccc(O)c1)c1cccc(O)c1,O=S(=O)(c1ccccc1)c1ccccc1,-2.33
CS(=O)(=O)NS(=O)(=O)C1CCCCC1,C1CCCCC1,-0.33
CCCCCCCCOC(=O)c1ccc(O)c(Cl)c1,c1ccccc1,-4.38
CCCCCCCCOC(=O)c1ccc(O)c(Br)c1,c1ccccc1,-4.52
CCCCCCCCOC(=O)c1ccc(O)c(I)c1,c1ccccc1,-4.67
CCN(CC)C(C)C(C)OC(=O)c1ccc(N)cc1,c1ccccc1,-3.42
OC(=S)COc1cc(Cl)c(Cl)cc1Cl,c1ccccc1,-2.96
CC(=O)OC1C(C2COC(C)(C)O2)OC2OC(C)(C)OC21,C1OCC(C2CC3OCOC3O2)O1,-1.52
O=C(Nc1ccccc1)C(O)COc1ccccc1,O=C(CCOc1ccccc1)Nc1ccccc1,-2.41
CCOc1ccccc1C(=O)N(O)c1ccccc1,O=C(Nc1ccccc1)c1ccccc1,-3.37
NCCNc1ccc(S(=O)(=O)c2ccc(N)cc2)cc1,O=S(=O)(c1ccccc1)c1ccccc1,-2.35
Nc1ccc(S(=O)(=O)NC(CO)(CO)CO)cc1,c1ccccc1,-1.4
CNC(=N)NS(=O)(=O)c1ccc2ccccc2c1,c1ccc2ccccc2c1,-3.1
CC(C)(NC(=O)c1ccccc1)C(=O)NCC(=O)O,c1ccccc1,-0.56
O=C(O)c1c(Cl)cccc1N=Nc1ccc(O)cc1,c1ccc(N=Nc2ccccc2)cc1,-3.0
CCOC(=O)Cc1sc(NS(=O)(=O)c2ccc(N)cc2)nc1C,O=S(=O)(Nc1nccs1)c1ccccc1,-2.88
Cc1ccc2ccccc2c1NS(=O)(=O)c1ccc(N)cc1,O=S(=O)(Nc1cccc2ccccc12)c1ccccc1,-4.5
Cc1ccc(NC(=O)C(O)(O)C(=O)Nc2ccc(C)cc2)cc1,O=C(CC(=O)Nc1ccccc1)Nc1ccccc1,-3.1
O=C(O)C(NCCCCCNC(C(=O)O)c1ccccc1)c1ccccc1,c1ccc(CNCCCCCNCc2ccccc2)cc1,-2.02
Nc1nc(O)c2ncn(C3C=CC(CO)C3)c2n1,C1=CC(n2cnc3cncnc32)CC1,-2.3
NS(=O)(=O)c1cc(S(=O)(=O)c2ccc(O)cc2)co1,O=S(=O)(c1ccccc1)c1ccoc1,-2.4
NS(=O)(=O)c1cc(S(=O)(=O)c2ccc(O)cc2)cs1,O=S(=O)(c1ccccc1)c1ccsc1,-3.03
COc1ccc(S(=O)(=O)c2coc(S(N)(=O)=O)c2)cc1,O=S(=O)(c1ccccc1)c1ccoc1,-3.02
COc1ccc(S(=O)(=O)c2csc(S(N)(=O)=O)c2)cc1,O=S(=O)(c1ccccc1)c1ccsc1,-4.22
NS(=O)(=O)c1cc(S(=O)(=O)c2cccc(O)c2)cs1,O=S(=O)(c1ccccc1)c1ccsc1,-2.72
NC(CCCCNC(=O)OCC1c2ccccc2-c2ccccc21)C(=O)O,c1ccc2c(c1)Cc1ccccc1-2,-3.0
CN1CCC(=C2c3ccccc3C=Cc3ccccc32)CC1,C1=Cc2ccccc2C(=C2CCNCC2)c2ccccc21,-3.09
CC(C)CNCc1ccc(S(=O)(=O)c2csc(S(N)(=O)=O)c2)cc1,O=S(=O)(c1ccccc1)c1ccsc1,-1.16
Cc1ccc(S(=O)(=O)NCl)cc1,c1ccccc1,-0.36
COc1c(Cl)cc(Cl)c(OC)c1O,c1ccccc1,-2.96
CC1=CC2OC3CC(O)C(C)(C2(CO)CC1)C31CO1,C1=CC2OC3CCC(C2CC1)C31CO1,-2.61
CC(C)(C)n1cc(C(=O)O)c(=O)c2cc(F)c(N3CCNCC3)cc21,O=c1cc[nH]c2cc(N3CCNCC3)ccc12,-3.43
CN1CC2c3ccccc3Oc3ccc(Cl)cc3C2C1,c1ccc2c(c1)Oc1ccccc1C1CNCC21,-2.13
O=[N+]([O-])c1ccc(-c2nc3ccc(F)cc3[nH]2)o1,c1coc(-c2nc3ccccc3[nH]2)c1,-4.0
C#CC1CN2CCC1CC2C(O)c1ccnc2ccc(OC)cc12,c1ccc2c(CC3CC4CCN3CC4)ccnc2c1,-2.12
CCCCCCCCCCSC(=N)N,,-2.71
CCOC(=O)N1CCN(C)CC1,C1CNCCN1,1.13
CCOC(=O)N1CC(C)NCC1C,C1CNCCN1,0.65
Cc1ccc2nc3ccccc3c(N)c2c1,c1ccc2nc3ccccc3cc2c1,-2.39
CS(=O)(=O)c1ccc(C(=N)N)cc1,c1ccccc1,-1.38
CC1CN(C(=N)N)C(C)CN1C(=N)N,C1CNCCN1,0.02
Nc1c2ccccc2nc2ccc(F)cc12,c1ccc2nc3ccccc3cc2c1,-2.4
Nc1c2ccccc2nc2cc(F)ccc12,c1ccc2nc3ccccc3cc2c1,-2.12
Nc1c2ccccc2nc2c(F)cccc12,c1ccc2nc3ccccc3cc2c1,-1.66
Nc1c2ccccc2nc2cccc(F)c12,c1ccc2nc3ccccc3cc2c1,-0.95
Nc1c2ccccc2nc2cccc(Cl)c12,c1ccc2nc3ccccc3cc2c1,-1.58
CCCCCCCCCCN1CCCCC1,C1CCNCC1,-1.53
Nc1c2ccccc2nc2ccc(Cl)cc12,c1ccc2nc3ccccc3cc2c1,-2.42
Nc1c2ccccc2nc2cc(Cl)ccc12,c1ccc2nc3ccccc3cc2c1,-1.73
CCN(CC)NC(=O)Nc1c(C)cccc1C,c1ccccc1,-1.09
OC(c1ccccc1)(c1ccccc1)C1CCNCC1,c1ccc(C(c2ccccc2)C2CCNCC2)cc1,-1.39
Nc1c2ccccc2nc2cccc([N+](=O)[O-])c12,c1ccc2nc3ccccc3cc2c1,-1.84
C1CCC(NCCNC2CCCCC2)CC1,C1CCC(NCCNC2CCCCC2)CC1,-0.98
Nc1c2ccccc2nc2cccc(C(F)(F)F)c12,c1ccc2nc3ccccc3cc2c1,-2.48
CC(CCNCCNCCC(C)CC(C)(C)C)CC(C)(C)C,,-2.24
OC(CN1CCCCC1)c1ccc(Cl)c2ccccc12,c1ccc2c(CCN3CCCCC3)cccc2c1,-1.55
Nc1c2ccccc2nc2cc(C(F)(F)F)ccc12,c1ccc2nc3ccccc3cc2c1,-2.17
CCN(CC)CCC(C)(O)c1ccc(OC)c2ccccc12,c1ccc2ccccc2c1,-1.68
N=C(N)c1ccc(CCc2ccc(C(=N)N)o2)o1,c1coc(CCc2ccco2)c1,-1.02
CCOc1ccc(C(=O)OCCNC(C)c2ccccc2)cc1,O=C(OCCNCc1ccccc1)c1ccccc1,-1.49
Cc1ccccc1NC(=O)C(=O)C(=O)Nc1ccccc1C,O=C(Nc1ccccc1)C(=O)C(=O)Nc1ccccc1,-2.2
O=C1c2ccccc2/C(=N/O)C1[N+](=O)[O-],N=C1CC(=O)c2ccccc21,-2.68
O=C(CCCN1CCC(O)(c2ccccc2)CC1)c1ccccc1,O=C(CCCN1CCC(c2ccccc2)CC1)c1ccccc1,-2.68
Cc1ccc(C2(O)CCN(CCCC(=O)c3ccccc3)CC2)cc1,O=C(CCCN1CCC(c2ccccc2)CC1)c1ccccc1,-1.62
CN(C)CC1CC2C3CC=C4CC(O)CCC4(C)C3CCC2(C)C1=O,O=C1CCC2C1CCC1C3CCCCC3=CCC21,-1.49
O=C(CCCN1CCC(O)(c2ccc(F)cc2)CC1)c1ccccc1,O=C(CCCN1CCC(c2ccccc2)CC1)c1ccccc1,-2.97
O=C(CCCN1CCC(O)(c2ccc(Cl)cc2)CC1)c1ccccc1,O=C(CCCN1CCC(c2ccccc2)CC1)c1ccccc1,-3.35
Nc1cc(C(=O)O)cc(S(=O)(=O)O)c1,c1ccccc1,-0.94
O=C1C(S(=O)(=O)O)=C(O)c2ccccc21,O=C1C=Cc2ccccc21,-2.23
OC(c1ccccc1)(c1ccccc1)C1CCCCN1,c1ccc(C(c2ccccc2)C2CCCCN2)cc1,-1.9
Cc1cccc(CN2CCN(C(c3ccccc3)c3ccc(Cl)cc3)CC2)c1,c1ccc(CN2CCN(C(c3ccccc3)c3ccccc3)CC2)cc1,-4.63
O=C(CCCN1CCC(O)(c2ccc(F)cc2)CC1)c1ccc(F)cc1,O=C(CCCN1CCC(c2ccccc2)CC1)c1ccccc1,-2.83
CN1CCC23c4c5ccc(OCc6ccccc6)c4OC2CCCC3C1C5,c1ccc(COc2ccc3c4c2OC2CCCC5C(C3)NCCC425)cc1,-4.22
CC(Sc1ccccc1)S(=O)(=O)O,c1ccccc1,-0.49
O=S(=O)(O)CCSc1ccccc1,c1ccccc1,-1.53
Nc1ccc(S(=O)(=O)Nc2ccccc2C(=O)O)cc1,O=S(=O)(Nc1ccccc1)c1ccccc1,-0.8
CN1CCC23C=CC=CC2C1Cc1ccc(O)c(O)c13,C1=CC2C3Cc4ccccc4C2(C=C1)CCN3,-1.72
COCOc1ccc2c3c1OC1C(O)CCC4C(C2)N(C)CCC341,c1cc2c3c(c1)OC1CCCC4C(C2)NCCC314,-1.96
CN(C)CC(O)c1ccc(Cl)c2ccccc12,c1ccc2ccccc2c1,-1.22
Nc1ccc(S(=O)(=O)Nc2ncccn2)cc1,O=S(=O)(Nc1ncccn1)c1ccccc1,-2.16
CCN(CC)CC(OC(=O)c1ccc([N+](=O)[O-])cc1)c1ccccc1,O=C(OCc1ccccc1)c1ccccc1,-2.84
COc1ccc2c3c1OC1C(OC(C)=O)C=CC4C(C2)N(C)CCC341,C1=CC2C3Cc4cccc5c4C2(CCN3)C(C1)O5,-1.3
O=C(OCc1ccccc1)C(OS(=O)(=O)O)c1ccccc1,O=C(Cc1ccccc1)OCc1ccccc1,-1.5
N=C(N)NN=C1C=CC(=NNC(=N)N)c2ccccc21,N=C1C=CC(=N)c2ccccc21,-3.29
O=[N+]([O-])c1cc([N+](=O)[O-])c2ccc(S(=O)(=O)O)cc2c1O,c1ccc2ccccc2c1,-2.54
CN(C)C(=O)c1ccc(Cl)cc1,c1ccccc1,-1.0
COc1ccc(C(=O)NN)cc1,c1ccccc1,-1.15
COc1ccc(CN(CCN(C)C)c2ncccn2)cc1,c1ccc(CNc2ncccn2)cc1,-2.99
CCC1(CC)C(=O)N=C(O)NC1=O,O=C1CC(=O)NC=N1,-0.07
COc1ccc2c3c1OC1C(OC(C)=O)CCC4C(C2)N(C)CCC341,c1cc2c3c(c1)OC1CCCC4C(C2)NCCC314,-1.75
CC(C)CCOC(=O)C1CN2CCC1CC2C(O)c1ccnc2ccccc12,c1ccc2c(CC3CC4CCN3CC4)ccnc2c1,-1.41
Cc1cc(O)ccc1S(=O)(=O)O,c1ccccc1,-0.29
CN(C)C(=O)c1ccc([N+](=O)[O-])cc1,c1ccccc1,-1.27
C=CCc1ccccc1OCC(O)CNC(C)C,c1ccccc1,-2.88
CN(C)CCCOC1(Cc2ccccc2)CCCCCC1,c1ccc(CC2CCCCCC2)cc1,-1.62
COC(=O)C(CO)NC(=O)C(Cl)Cl,,-0.06
O=C(c1ccccc1)c1ccc2n1CCC2C(=O)O,O=C(c1ccccc1)c1ccc2n1CCC2,-3.26
CCN(CC)C(C)CN1c2ccccc2Sc2ccccc21,c1ccc2c(c1)Nc1ccccc1S2,-2.15
CCOP(=O)(Cc1ccc(-c2nc3ccccc3s2)cc1)N1CCCC1=O,O=C1CCCN1[PH](=O)Cc1ccc(-c2nc3ccccc3s2)cc1,-3.73
CCOC(=O)Cc1ccc(-c2nc3ccccc3s2)cc1,c1ccc(-c2nc3ccccc3s2)cc1,-4.36
CC(C)CC(NC(=O)C(N)Cc1c[nH]c2ccccc12)C(=O)O,c1ccc2[nH]ccc2c1,-1.76
CC(C)(CF)n1cc(C(=O)O)c(=O)c2cc(F)c(N3CCNCC3)cc21,O=c1cc[nH]c2cc(N3CCNCC3)ccc12,-2.6
O=C(O)c1cn(C2CC2)c2cc(N3CC4CC3CN4)c(F)cc2c1=O,O=c1ccn(C2CC2)c2cc(N3CC4CC3CN4)ccc12,-3.65
C#CCC(NC(=O)OC(C)(C)C)C(=O)NCC(=O)OC,,-1.45
CCOC(=O)C1=C(C)NC(C)=C(C(=O)OC)C1c1cccc(Cl)c1Cl,C1=CC(c2ccccc2)C=CN1,-5.68
O=C(O)C1OC(c2ccccc2)OC1C1COC(c2ccccc2)O1,c1ccc(C2OCC(C3COC(c4ccccc4)O3)O2)cc1,-2.45
Cc1ccc(-c2nc3ccc(C)cn3c2CC(=O)N(C)C)cc1,c1ccc(-c2cn3ccccc3n2)cc1,-1.3
COC(=O)C(C)c1ccc2cc(OC)ccc2c1,c1ccc2ccccc2c1,-4.78
CCCc1ccn(CCC(=O)O)c(=O)c1,O=c1cccc[nH]1,-2.11
O=C(O)CCCCCn1ccccc1=O,O=c1cccc[nH]1,-0.64
CCOC1=C([N+](=O)[O-])CN(C(C)C)C1=O,O=C1C=CCN1,-4.33
CCCCCCCc1ccn(CCC(=O)O)c(=O)c1,O=c1cccc[nH]1,-4.4
CCCCOC(=O)c1ccccc1C(=O)OCC(CC)CCCC,c1ccccc1,-7.22
CC1CCC(C(C)C)c2nc(NS(=O)(=O)c3ccc(N)cc3)ncc21,O=S(=O)(Nc1ncc2c(n1)CCCC2)c1ccccc1,-4.18
COc1c2occc2c(CN)c2ccc(=O)oc12,O=c1ccc2cc3ccoc3cc2o1,-0.9
CC(NC(=O)Cc1ccccc1)c1ccccc1,O=C(Cc1ccccc1)NCc1ccccc1,-3.19
CCOC1=CC(=O)C2(Oc3c(Cl)c(OC)cc(OC)c3C2=O)C(C)C1,O=C1C=CCCC12Oc1ccccc1C2=O,-4.6
CCN(CC)CCCC(C)Nc1c2ccc(Cl)cc2nc2ccc(OC)cc12,c1ccc2nc3ccccc3cc2c1,-2.64
CCCOC1=CC(=O)C2(Oc3c(Cl)c(OC)cc(OC)c3C2=O)C(C)C1,O=C1C=CCCC12Oc1ccccc1C2=O,-5.22
CCCn1cc(C(=O)O)c(=O)c2cc(F)c(N3CCNCC3)cc21,O=c1cc[nH]c2cc(N3CCNCC3)ccc12,-3.57
Cc1ncc(CO)c(C=NC(C(=O)O)C(C)C)c1O,c1ccncc1,-1.6
CC1(C)SC2C(NC(=O)Cc3ccccc3)C(=O)N2C1C(=O)O,O=C(Cc1ccccc1)NC1C(=O)N2CCSC12,-1.63
NC(=S)NS(=O)(=O)c1ccc(N)cc1,c1ccccc1,-2.24
CN(C)CCOC(C)(c1ccccc1)c1ccccn1,c1ccc(Cc2ccccn2)cc1,-2.82
Cc1ccnc(NS(=O)(=O)c2ccc(N)cc2)n1,O=S(=O)(Nc1ncccn1)c1ccccc1,-2.63
NS(=O)(=O)c1ccc(NC(=O)CCC(=O)O)cc1,c1ccccc1,-2.03
CCc1c(C)c(CN)nc2ccccc12,c1ccc2ncccc2c1,-1.48
CCCCCCCCSC(=N)N,,0.16
COc1ccc2c(c1)c(CC(=O)O)c(C)n2C(=O)c1ccc(Cl)cc1,O=C(c1ccccc1)n1ccc2ccccc21,-4.77
O=S(=O)(N1CCCC1)N1CCCC1,O=S(=O)(N1CCCC1)N1CCCC1,-0.44
O=C(O)CC(O)CCC1=CCCC1=O,O=C1C=CCC1,-0.4
CCCCCCC(CO[N+](=O)O)O[N+](=O)O,,-4.33
O=c1[nH]c(=O)n(Cc2ccc(Cl)cc2)cc1F,O=c1ccn(Cc2ccccc2)c(=O)[nH]1,-3.49
COc1ccc(Cn2cc(F)c(=O)[nH]c2=O)cc1,O=c1ccn(Cc2ccccc2)c(=O)[nH]1,-2.75
Cc1cc(=O)oc2c1cc(C)c1oc3c(c12)CCCC3,O=c1ccc2ccc3oc4c(c3c2o1)CCCC4,-5.09
CC12CCC(c3cnc(NS(=O)(=O)c4ccc(N)cc4)nc31)C2(C)C,O=S(=O)(Nc1ncc2c(n1)C1CCC2C1)c1ccccc1,-4.08
OCCOc1ccc(OCCO)cc1,c1ccccc1,-1.23
O=C(O)CN1CCCCS1(=O)=O,O=S1(=O)CCCCN1,-0.59
Cc1ccc2c3c1CCCC3CN(C(N)=NO)C2,c1cc2c3c(c1)CNCC3CCC2,-1.2
COc1ccc2c3c1CCCC3CN(C(=N)N)C2,c1cc2c3c(c1)CNCC3CCC2,-1.22
NC(=NO)N1Cc2cccc3c2C(CCC3)C1,c1cc2c3c(c1)CNCC3CCC2,-1.35
CN(C)NC(=N)N1Cc2cccc3cccc(c23)C1,c1cc2c3c(cccc3c1)CNC2,-1.07
CC(C)=NNC(=N)N1Cc2cccc3cccc(c23)C1,c1cc2c3c(cccc3c1)CNC2,-2.48
NC(=NO)N1Cc2cccc3c(Cl)ccc(c23)C1,c1cc2c3c(cccc3c1)CNC2,-2.0
COc1ccc2c3c1CCCC3CN(C(N)=NO)C2,c1cc2c3c(c1)CNCC3CCC2,-1.78
COc1cc2c3c(cccc3c1)CN(C(N)=NO)C2,c1cc2c3c(cccc3c1)CNC2,-1.21
CCCCOC1=CC(=O)C2(Oc3c(Cl)c(OC)cc(OC)c3C2=O)C(C)C1,O=C1C=CCCC12Oc1ccccc1C2=O,-5.4
NC(=Nc1ccc(N)cc1)N1Cc2cccc3cccc(c23)C1,C(=Nc1ccccc1)N1Cc2cccc3cccc(c23)C1,-1.83
CN(C)Cc1cc(C(=O)c2csc(S(N)(=O)=O)c2)ccc1O,O=C(c1ccccc1)c1ccsc1,-1.54
CC(C)CNCc1ccc(C(=O)c2csc(S(N)(=O)=O)c2)cc1,O=C(c1ccccc1)c1ccsc1,-2.05
NNC(=O)c1ccc([N+](=O)[O-])cc1,c1ccccc1,-2.16
NS(=O)(=O)c1cc(C(=O)c2ccc(CNCc3ccccc3)cc2)cs1,O=C(c1ccc(CNCc2ccccc2)cc1)c1ccsc1,-3.37
CN=C(NC)N1Cc2cccc3cccc(c23)C1,c1cc2c3c(cccc3c1)CNC2,-1.15
O=c1[nH]c(=O)n(C2CCCO2)cc1F,O=c1ccn(C2CCCO2)c(=O)[nH]1,-1.01
CCOC1=CC(=O)CC(C)C12Oc1c(Cl)c(OC)cc(OC)c1C2=O,O=C1C=CC2(CC1)Oc1ccccc1C2=O,-5.0
O=C1NCCCC1N1C(=O)c2ccccc2S1(=O)=O,O=C1NCCCC1N1C(=O)c2ccccc2S1(=O)=O,-2.64
O=C(O)C=Cc1ccc2c(c1)OCO2,c1ccc2c(c1)OCO2,-3.19
CCCCCCOc1ccc(C(C)=NO)c(O)c1,c1ccccc1,-4.15
O=[N+]([O-])c1ccc(-c2nc3ccccc3[nH]2)o1,c1coc(-c2nc3ccccc3[nH]2)c1,-3.89
CCCCCCCCCCOc1ccc(C(C)=NO)c(O)c1,c1ccccc1,-4.89
CCCCCCCCCCOc1ccc(C(CC)=NO)c(O)c1,c1ccccc1,-4.06
CCCCCCOc1ccc(C(=NO)c2ccccc2)c(O)c1,N=C(c1ccccc1)c1ccccc1,-3.47
CCOC1=CC(=O)CC(C)C12Oc1c(Cl)c(OCC)cc(OC)c1C2=O,O=C1C=CC2(CC1)Oc1ccccc1C2=O,-4.7
CCCOC1=CC(=O)CC(C)C12Oc1c(Cl)c(OC)cc(OC)c1C2=O,O=C1C=CC2(CC1)Oc1ccccc1C2=O,-4.52
O=c1[nH]c(Nc2ccccc2)nc2[nH]cnc12,O=c1[nH]c(Nc2ccccc2)nc2[nH]cnc12,-4.12
Cc1ccc(OCC(=O)NC2C(=O)N3C2SC(C)(C)C3C(=O)O)cc1,O=C(COc1ccccc1)NC1C(=O)N2CCSC12,-3.15
CNC1=Nc2ccc(Cl)cc2C(c2ccccc2)=[N+](O)C1,C1=Nc2ccccc2C(c2ccccc2)=[NH+]C1,-3.39
CCC(C)CN(C)N=Nc1ccc(C(=O)O)cc1,c1ccccc1,-1.79
NS(=O)(=O)c1nc2ccc(O)cc2s1,c1ccc2scnc2c1,-2.5
O=C(c1cccc(F)c1)N(O)c1ccccc1,O=C(Nc1ccccc1)c1ccccc1,-2.6
O=C(NO)c1ccccc1N=Cc1ccccn1,C(=Nc1ccccc1)c1ccccn1,-3.21
Cc1ccccc1N(O)C(=O)c1cccc(F)c1,O=C(Nc1ccccc1)c1ccccc1,-2.53
Cc1cccc(N(O)C(=O)CCc2ccccc2)c1,O=C(CCc1ccccc1)Nc1ccccc1,-3.41
Cc1ccccc1N(O)C(=O)CCc1ccccc1,O=C(CCc1ccccc1)Nc1ccccc1,-2.79
CCCCOC1=CC(=O)CC(C)C12Oc1c(Cl)c(OC)cc(OC)c1C2=O,O=C1C=CC2(CC1)Oc1ccccc1C2=O,-4.7
CCCCCCCC(=O)OC1C(O)C(O)OC(CO)C1O,C1CCOCC1,-2.63
O=S1(=O)OC2(c3cc(O)ccc3Oc3ccc(O)cc32)c2ccccc21,O=S1(=O)OC2(c3ccccc3Oc3ccccc32)c2ccccc21,-3.5
COc1cc(OC)cc(C(=O)N(O)c2ccccc2)c1,O=C(Nc1ccccc1)c1ccccc1,-3.1
Cc1cccc(N(O)C(=O)c2ccc(Cl)cc2Cl)c1,O=C(Nc1ccccc1)c1ccccc1,-4.47
Cc1ccccc1N(O)C(=O)c1ccc(Cl)cc1Cl,O=C(Nc1ccccc1)c1ccccc1,-4.17
COc1cc(OC)cc(C(=O)N(O)c2ccccc2C)c1,O=C(Nc1ccccc1)c1ccccc1,-3.65
COc1cc(OC)cc(C(=O)N(O)c2cccc(C)c2)c1,O=C(Nc1ccccc1)c1ccccc1,-3.61
N=C(N)NN=Cc1c(O)ccc2ccccc12,c1ccc2ccccc2c1,-2.46
CC(=O)Nc1ccc(OP(=O)(O)O)cc1,c1ccccc1,0.13
CN(O)C(=O)C1CCCCCC1,C1CCCCCC1,-1.45
O=C(C1CC1)N(O)C1CCCCC1,O=C(NC1CCCCC1)C1CC1,-2.04
O=C(C1CCC1)N(O)C1CCCCC1,O=C(NC1CCCCC1)C1CCC1,-2.7
O=C(C1CCCC1)N(O)C1CCCCC1,O=C(NC1CCCCC1)C1CCCC1,-3.16
CCN(C)N=Nc1ccc(C(=O)O)cc1,c1ccccc1,-0.42
CCCN(C)N=Nc1ccc(C(=O)O)cc1,c1ccccc1,-1.43
CCCCN(C)N=Nc1ccc(C(=O)O)cc1,c1ccccc1,-1.81
CCCCCN(C)N=Nc1ccc(C(=O)O)cc1,c1ccccc1,-2.37
CCCCCCN(C)N=Nc1ccc(C(=O)O)cc1,c1ccccc1,-2.52
CCCCCCCN(C)N=Nc1ccc(C(=O)O)cc1,c1ccccc1,-3.39
O=C(c1ccc2ccccc2c1)N(O)c1ccc(Cl)cc1,O=C(Nc1ccccc1)c1ccc2ccccc2c1,-5.47
CC(C)CNCc1cccc(C(=O)c2csc(S(N)(=O)=O)c2)c1,O=C(c1ccccc1)c1ccsc1,-2.05
CCCCNCc1ccc(C(=O)c2csc(S(N)(=O)=O)c2)cc1,O=C(c1ccccc1)c1ccsc1,-2.21
CC(C)CCNCc1cccc(C(=O)c2csc(S(N)(=O)=O)c2)c1,O=C(c1ccccc1)c1ccsc1,-1.5
CC(C)CN(C)Cc1cc(C(=O)c2csc(S(N)(=O)=O)c2)ccc1O,O=C(c1ccccc1)c1ccsc1,-1.42
CC(C)(C)NCc1ccc(S(=O)(=O)c2csc(S(N)(=O)=O)c2)cc1,O=S(=O)(c1ccccc1)c1ccsc1,-1.98
CCCCNCc1ccc(S(=O)(=O)c2csc(S(N)(=O)=O)c2)cc1,O=S(=O)(c1ccccc1)c1ccsc1,-1.68
NS(=O)(=O)c1cc(C(=O)c2ccc(CN3CCOCC3)cc2)cs1,O=C(c1ccc(CN2CCOCC2)cc1)c1ccsc1,-1.52
CC(C)NCc1cccc(S(=O)(=O)c2csc(S(N)(=O)=O)c2)c1,O=S(=O)(c1ccccc1)c1ccsc1,-1.56
CCC(C)NCc1cccc(S(=O)(=O)c2csc(S(N)(=O)=O)c2)c1,O=S(=O)(c1ccccc1)c1ccsc1,-1.33
NS(=O)(=O)c1cc(C(=O)c2cccc(CN3CCOCC3)c2)cs1,O=C(c1ccsc1)c1cccc(CN2CCOCC2)c1,-1.92
CNC(=O)c1cccc(NCC(=O)NCCc2ccc(OC)c(OC)c2)c1,O=C(CNc1ccccc1)NCCc1ccccc1,-1.85
CCNCc1cc2cc(S(N)(=O)=O)oc2s1,c1cc2ccsc2o1,-1.04
CC(C)CNCc1cc2cc(S(N)(=O)=O)oc2s1,c1cc2ccsc2o1,-1.33
CCOCCNCc1cc2cc(S(N)(=O)=O)oc2s1,c1cc2ccsc2o1,-0.92
COc1ccc(CCNC(=O)CNc2cccc(C(N)=O)c2)cc1OC,O=C(CNc1ccccc1)NCCc1ccccc1,-2.69
O=C1NC(c2ccccc2)(c2ccccc2)C(=O)N1COP(=O)(O)O,O=C1NC(=O)C(c2ccccc2)(c2ccccc2)N1,-0.43
NS(=O)(=O)c1cc2cc(CNCc3ccccn3)sc2o1,c1ccc(CNCc2cc3ccoc3s2)nc1,-1.33
CN(CCO)C(=O)COC(=O)c1ccccc1,c1ccccc1,-1.09
Cc1ccc(Cn2cc(F)c(=O)[nH]c2=O)cc1,O=c1ccn(Cc2ccccc2)c(=O)[nH]1,-2.92
O=c1[nH]c(=O)n(Cc2ccc(Cl)cc2Cl)cc1F,O=c1ccn(Cc2ccccc2)c(=O)[nH]1,-3.94
CNc1cc(NS(C)(=O)=O)ccc1Nc1c2ccccc2nc2ccccc12,c1ccc(Nc2c3ccccc3nc3ccccc23)cc1,-2.94
CN(C(=O)CNC(=O)CN)c1ccc(Cl)cc1C(=O)c1ccccc1Cl,O=C(c1ccccc1)c1ccccc1,-2.33
NC(C(=O)O)c1ccc(O)cc1,c1ccccc1,-0.53
NS(=O)(=O)c1cc2c(s1)S(=O)(=O)CCC2O,O=S1(=O)CCCc2ccsc21,-1.65
O=C(C(=O)c1ccccc1)c1ccccc1,O=C(C(=O)c1ccccc1)c1ccccc1,-2.8
CC(=O)NC(CC(C)C)C(=O)O,,-1.13
NC(CSSCC(N)C(=O)O)C(=O)O,,-3.31
COc1ccccc1CC(C)NC(C)Cc1ccccc1OC,c1ccc(CCNCCc2ccccc2)cc1,-2.0
CN1CCC23c4c5ccc(OCc6ccccc6)c4OC2C(O)C=CC3C1C5,C1=CC2C3Cc4ccc(OCc5ccccc5)c5c4C2(CCN3)C(C1)O5,-2.22
CCOc1ccc2c3c1OC1C(O)C=CC4C(C2)N(C)CCC341,C1=CC2C3Cc4cccc5c4C2(CCN3)C(C1)O5,-0.82
O=S(=O)(NS(=O)(=O)c1ccc(Cl)cc1)c1ccc(Cl)cc1,O=S(=O)(NS(=O)(=O)c1ccccc1)c1ccccc1,-2.48
Cc1csc(NS(=O)(=O)c2ccc(N)cc2)n1,O=S(=O)(Nc1nccs1)c1ccccc1,-2.91
CC1(C)C2CCC1(CS(=O)(=O)O)C(=O)C2,O=C1CC2CCC1C2,-0.3
COc1cccc(CC(C)NC(C)Cc2ccccc2OC)c1,c1ccc(CCNCCc2ccccc2)cc1,-3.0
COc1ccc2c3c1OC1C(O)CCC4C(C2)N(C)CCC341,c1cc2c3c(c1)OC1CCCC4C(C2)NCCC314,-1.0
CCSC(=S)NC(CC(=O)O)C(=O)O,,-1.38
CC(C)C(O)(CCC(C)(O)C(=O)O)C(=O)O,,-1.69
CC(SC(=S)SC(C)C(=O)O)C(=O)O,,-1.41
O=C(O)CC(CSC(=O)O)c1ccccc1,c1ccccc1,-1.24
Cc1ncc([N+](=O)[O-])n1CCO,c1c[nH]cn1,-1.21
CCNc1nc(Cl)nc(NC(C)C)n1,c1ncncn1,-3.76
ON=C(C(=NO)c1ccccc1)c1ccccc1,N=C(C(=N)c1ccccc1)c1ccccc1,-5.9
NC1CN(c2cc3c(cc2F)c(=O)c(C(=O)O)cn3C2CC2)C1,O=c1ccn(C2CC2)c2cc(N3CCC3)ccc12,-5.32
CNC1CN(c2cc3c(cc2F)c(=O)c(C(=O)O)cn3C2CC2)C1,O=c1ccn(C2CC2)c2cc(N3CCC3)ccc12,-5.41
CC1(N)CN(c2cc3c(cc2F)c(=O)c(C(=O)O)cn3C2CC2)C1,O=c1ccn(C2CC2)c2cc(N3CCC3)ccc12,-5.62
CC1(N)CN(c2c(F)cc3c(=O)c(C(=O)O)cn(C4CC4)c3c2Cl)C1,O=c1ccn(C2CC2)c2cc(N3CCC3)ccc12,-5.33
CC1(N)CN(c2c(F)c(N)c3c(=O)c(C(=O)O)cn(C4CC4)c3c2F)C1,O=c1ccn(C2CC2)c2cc(N3CCC3)ccc12,-4.38
c1ccc(CNc2ncnc3[nH]cnc23)cc1,c1ccc(CNc2ncnc3[nH]cnc23)cc1,-3.6
NC1CN(c2c(F)cc3c(=O)c(C(=O)O)cn(C4CC4)c3c2F)C1,O=c1ccn(C2CC2)c2cc(N3CCC3)ccc12,-5.27
c1coc(CNc2ncnc3[nH]cnc23)c1,c1coc(CNc2ncnc3[nH]cnc23)c1,-3.95
CC1(N)CN(c2c(F)cc3c(=O)c(C(=O)O)cn(C4CC4)c3c2F)C1,O=c1ccn(C2CC2)c2cc(N3CCC3)ccc12,-5.64
CNC1CN(c2c(F)cc3c(=O)c(C(=O)O)cn(C4CC4)c3c2F)C1,O=c1ccn(C2CC2)c2cc(N3CCC3)ccc12,-5.31
CCn1cc(C(=O)O)c(=O)c2cc3c(cc21)OCO3,O=c1cc[nH]c2cc3c(cc12)OCO3,-4.38
COc1ccc2cc(C(C)C(=O)OC(C)C)ccc2c1,c1ccc2ccccc2c1,-5.48
CCOC(=O)C1CCn2c(C(=O)c3ccccc3)ccc21,O=C(c1ccccc1)c1ccc2n1CCC2,-4.2
COc1cc2c(c3c1c(=O)c1cccnc1n3C)C=CC(C)(C)O2,O=c1c2cccnc2[nH]c2c3c(ccc12)OCC=C3,-3.96
NC(=O)N1c2ccccc2C(O)C(O)c2ccccc21,c1ccc2c(c1)CCc1ccccc1N2,-2.03
CCCCCCCCNC(=O)OCC1OC(O)C(O)C(O)C1O,C1CCOCC1,-2.35
CCCCCCCCCNC(=O)OCC1OC(O)C(O)C(O)C1O,C1CCOCC1,-2.96
CCCCCCCCCCNC(=O)OCC1OC(O)C(O)C(O)C1O,C1CCOCC1,-3.56
Cc1c(OCc2ccccc2)ccc2c(=O)cc(N3CCOCC3)oc12,O=c1cc(N2CCOCC2)oc2cc(OCc3ccccc3)ccc12,-5.16
Cc1c(OCc2ccccn2)ccc2c(=O)cc(N3CCOCC3)oc12,O=c1cc(N2CCOCC2)oc2cc(OCc3ccccn3)ccc12,-4.45
CCC1(CC)CCC(=O)N(CO)C1=O,O=C1CCCC(=O)N1,-3.96
CCC1(CC)C(=O)NC(=O)N(CO)C1=O,O=C1CC(=O)NC(=O)N1,-3.93
Nc1ncc2ncn(CCC(CO)CO)c2n1,c1ncc2nc[nH]c2n1,-0.3
O=C1c2cc(CCCCO)ccc2OCc2ccsc21,O=C1c2ccccc2OCc2ccsc21,-3.92
O=C(CS)Nc1ccc2ccccc2c1,c1ccc2ccccc2c1,-3.34
C=CC1(C=C)C(=O)NC(=O)NC1=O,O=C1CC(=O)NC(=O)N1,-2.06
C=CC1(C(C)C)C(=O)NC(=O)NC1=O,O=C1CC(=O)NC(=O)N1,-1.71
C=CC1(CC(C)C)C(=O)NC(=O)NC1=O,O=C1CC(=O)NC(=O)N1,-2.12
CCCC(=O)OCN1C(=O)NC(c2ccccc2)(c2ccccc2)C1=O,O=C1NC(=O)C(c2ccccc2)(c2ccccc2)N1,-4.68
Nc1ccn(C2CCC(CO)O2)c(=O)n1,O=c1ncccn1C1CCCO1,-0.43
CC(=O)OC1c2ccccc2N(C(N)=O)c2ccccc2C1OC(C)=O,c1ccc2c(c1)CCc1ccccc1N2,-3.55
COC(=O)C(NC(=O)C(Cl)Cl)C(C)O,,-0.62
O=C(NC(CO)C(=O)O)C(Cl)Cl,,-0.03
CCOC(=O)C(C)c1ccc2cc(OC)ccc2c1,c1ccc2ccccc2c1,-5.24
CCCOC(=O)C(C)c1ccc2cc(OC)ccc2c1,c1ccc2ccccc2c1,-5.82
CCCCOC(=O)C(C)c1ccc2cc(OC)ccc2c1,c1ccc2ccccc2c1,-7.53
COc1ccc2cc(C(C)C(=O)OCCO)ccc2c1,c1ccc2ccccc2c1,-3.33
COc1ccc2cc(C(C)C(=O)OC(C)(C)C)ccc2c1,c1ccc2ccccc2c1,-6.5
CCCCCOC(=O)C(C)c1ccc2cc(OC)ccc2c1,c1ccc2ccccc2c1,-6.97
COc1ccc2cc(C(C)C(=O)OCC(C)O)ccc2c1,c1ccc2ccccc2c1,-3.31
COc1ccc2cc(C(C)C(=O)OCCCO)ccc2c1,c1ccc2ccccc2c1,-3.4
CCCCCCOC(=O)C(C)c1ccc2cc(OC)ccc2c1,c1ccc2ccccc2c1,-7.54
CCCCCCCOC(=O)C(C)c1ccc2cc(OC)ccc2c1,c1ccc2ccccc2c1,-7.12
COc1ccc2cc(C(C)C(=O)OCC(C)=O)ccc2c1,c1ccc2ccccc2c1,-4.65
CCC#CCCOC(=O)C(C)c1ccc2cc(OC)ccc2c1,c1ccc2ccccc2c1,-7.33
COc1ccc2cc(C(C)C(=O)OCC(O)CO)ccc2c1,c1ccc2ccccc2c1,-2.62
COc1ccc2cc(C(C)C(=O)OC3CCCCC3O)ccc2c1,O=C(Cc1ccc2ccccc2c1)OC1CCCCC1,-5.07
CCCCCCCC(=O)OC1C(C(O)CO)OC2OC(C)(C)OC21,C1CC2OCOC2O1,-3.17
COc1ccc2cc(C(C)C(=O)OC3CCCCC3=O)ccc2c1,O=C(Cc1ccc2ccccc2c1)OC1CCCCC1=O,-5.59
CCC=CCCOC(=O)C(C)c1ccc2cc(OC)ccc2c1,c1ccc2ccccc2c1,-7.36
COc1ccc2cc(C(C)C(=O)OC3COC4C(O)COC34)ccc2c1,O=C(Cc1ccc2ccccc2c1)OC1COC2CCOC21,-3.98
CCOc1ccc(NC(=O)Nc2ccc(OCC)cc2)cc1,O=C(Nc1ccccc1)Nc1ccccc1,-4.44
CCCOCC(=Nc1ccc(Cl)cc1C(F)(F)F)n1ccnc1,C(=Nc1ccccc1)n1ccnc1,-4.44
Cc1coc2cc3oc(=O)c(N)cc3cc12,O=c1ccc2cc3ccoc3cc2o1,-5.08
COc1cc2cc3c(C)coc3cc2oc1=O,O=c1ccc2cc3ccoc3cc2o1,-5.0
COC(=O)c1cc2cc3c(C)coc3c(C)c2oc1=O,O=c1ccc2cc3ccoc3cc2o1,-4.9
CN(C)C(=O)COC(=O)C1CCn2c(C(=O)c3ccccc3)ccc21,O=C(c1ccccc1)c1ccc2n1CCC2,-3.03
COC(=O)c1cc(CCc2cc(OC)ccc2OC)ccc1O,c1ccc(CCc2ccccc2)cc1,-6.39
C=CCn1cnc2c(=O)[nH]c(Nc3ccccc3)nc21,O=c1[nH]c(Nc2ccccc2)nc2[nH]cnc12,-5.09
CCC1C(N)CN1c1cc2c(cc1F)c(=O)c(C(=O)O)cn2C1CC1,O=c1ccn(C2CC2)c2cc(N3CCC3)ccc12,-3.91
CNC1CN(c2cc3c(cc2F)c(=O)c(C(=O)O)cn3C2CC2)C1C,O=c1ccn(C2CC2)c2cc(N3CCC3)ccc12,-4.57
CC1N(c2cc3c(cc2F)c(=O)c(C(=O)O)cn3C2CC2)CC1(C)N,O=c1ccn(C2CC2)c2cc(N3CCC3)ccc12,-5.42
CC1C(N)CN1c1c(F)cc2c(=O)c(C(=O)O)cn(C3CC3)c2c1Cl,O=c1ccn(C2CC2)c2cc(N3CCC3)ccc12,-4.48
CC1C(N)CN1c1c(F)c(N)c2c(=O)c(C(=O)O)cn(C3CC3)c2c1F,O=c1ccn(C2CC2)c2cc(N3CCC3)ccc12,-3.98
CNC1CN(c2c(F)cc3c(=O)c(C(=O)O)cn(C4CC4)c3c2F)C1C,O=c1ccn(C2CC2)c2cc(N3CCC3)ccc12,-4.44
CCC1C(N)CN1c1c(F)cc2c(=O)c(C(=O)O)cn(C3CC3)c2c1F,O=c1ccn(C2CC2)c2cc(N3CCC3)ccc12,-3.81
CC1N(c2c(F)cc3c(=O)c(C(=O)O)cn(C4CC4)c3c2F)CC1(C)N,O=c1ccn(C2CC2)c2cc(N3CCC3)ccc12,-5.04
CC1C(N)CN1c1cc2c(cc1F)c(=O)c(C(=O)O)cn2C1CC1,O=c1ccn(C2CC2)c2cc(N3CCC3)ccc12,-4.63
CC1C(N)CN1c1c(F)cc2c(=O)c(C(=O)O)cn(C3CC3)c2c1F,O=c1ccn(C2CC2)c2cc(N3CCC3)ccc12,-4.17
CC12CCC(=O)C=C1CCC1C2CCC2(C)C(OC(=O)C(CO)CO)CCC12,O=C1C=C2CCC3C4CCCC4CCC3C2CC1,-4.25
OCC1OC(n2c(-c3ccco3)nc3ccccc32)C(O)C1O,c1coc(-c2nc3ccccc3n2C2CCCO2)c1,-2.92
OCC1OC(n2c(-c3ccco3)nc3ccccc32)C(O)C(O)C1O,c1coc(-c2nc3ccccc3n2C2CCCCO2)c1,-2.33
CCCCCCCCSC1C(O)C(O)OC(CO)C1O,C1CCOCC1,-2.91
CC(O)C1C(=O)N2C(C(=O)O)=C(SCC(=N)N(C)C)C(C)C12,O=C1CC2CC=CN12,-0.28
Cc1cc(N=Nc2ccccc2C)ccc1N,c1ccc(N=Nc2ccccc2)cc1,-4.05
CN(C)c1ccc(N=Nc2ccccc2)cc1,c1ccc(N=Nc2ccccc2)cc1,-5.25
CC1NC(=O)c2ccccc2NC1=O,O=C1CNC(=O)c2ccccc2N1,-2.38
O=C1CNC(=O)c2cc(Cl)ccc2N1,O=C1CNC(=O)c2ccccc2N1,-3.05
Brc1cccc(Nc2ncnc3cc4[nH]ncc4cc23)c1,c1ccc(Nc2ncnc3cc4[nH]ncc4cc23)cc1,-3.96
C=CC1(C(C)CCC)C(=O)NC(=O)NC1=O,O=C1CC(=O)NC(=O)N1,-2.36
Brc1cccc(Nc2ncnc3cc4[nH]ccc4cc23)c1,c1ccc(Nc2ncnc3cc4[nH]ccc4cc23)cc1,-2.82
CCCCC(CO[N+](=O)O)O[N+](=O)O,,-3.1
CN1C(=O)CN=C(c2ccccc2)c2cc(Cl)ccc21,O=C1CN=C(c2ccccc2)c2ccccc2N1,-3.71
CN(C)c1ccc(N=Nc2ccc(S(=O)(=O)O)cc2)cc1,c1ccc(N=Nc2ccccc2)cc1,-3.86
O=C1CN=C(c2ccccc2Cl)c2cc([N+](=O)[O-])ccc2N1,O=C1CN=C(c2ccccc2)c2ccccc2N1,-4.41
CCCC(CCC)C(=O)NCCCC(=O)O,,-1.5
Cn1ccc2cc3c(Nc4cccc(Br)c4)ncnc3cc21,c1ccc(Nc2ncnc3cc4[nH]ccc4cc23)cc1,-3.31
Cn1ncc2cc3c(Nc4cccc(Br)c4)ncnc3cc21,c1ccc(Nc2ncnc3cc4[nH]ncc4cc23)cc1,-3.48
O=C(O)Cn1ccc2cc3c(Nc4cccc(Br)c4)ncnc3cc21,c1ccc(Nc2ncnc3cc4[nH]ccc4cc23)cc1,-1.96
CCN(C(N)=O)c1ccc(OC)cc1,c1ccccc1,-1.27
O=c1[nH]c(=O)n(Cc2ccccc2)cc1F,O=c1ccn(Cc2ccccc2)c(=O)[nH]1,-2.65
Clc1ccc(C(Cn2ccnc2)OCc2cc(Cl)ccc2Cl)c(Cl)c1,c1ccc(COC(Cn2ccnc2)c2ccccc2)cc1,-3.54
OCC1OCOC2COCOC12,C1OCC2OCOCC2O1,-0.62
CCCC(CO[N+](=O)O)O[N+](=O)O,,-2.5
CC(CCCO[N+](=O)O)O[N+](=O)O,,-2.44
CC(CCCCO[N+](=O)O)O[N+](=O)O,,-2.84
O=[N+]([O-])OC1CCCC(O[N+](=O)[O-])C1,C1CCCCC1,-2.33
CN1CCN(Cc2ccc(Cl)nc2)C1=NC#N,N=C1NCCN1Cc1cccnc1,-2.13
O=[N+](O)OC1CCCCC1O[N+](=O)O,C1CCCCC1,-2.35
N#CN=C1NCCN1Cc1ccc(Cl)nc1,N=C1NCCN1Cc1cccnc1,-2.63
O=[N+]([O-])OC1CCCCCC1O[N+](=O)[O-],C1CCCCCC1,-3.02
CCN(CC)CCSc1nnc2[nH]c3ccccc3c2n1,c1ccc2c(c1)[nH]c1nncnc12,-3.09
Nc1ncc2ncn(CCC3COC(=O)OC3)c2n1,O=C1OCC(CCn2cnc3cncnc32)CO1,-1.43
CS(=O)(=O)c1ccc(C2=C(c3ccccc3)C(=O)OC2)cc1,O=C1OCC(c2ccccc2)=C1c1ccccc1,-4.52
Cn1cncc1CC(N)C(=O)O,c1c[nH]cn1,0.08
OCC1OC2OC(C(Cl)(Cl)Cl)OC2C1O,C1CC2OCOC2O1,-2.12
O=C(O)C1CCC(C(=O)O)SS1,C1CCSSC1,-1.93
COc1ccc(NC(=O)C2CC2)cn1,O=C(Nc1cccnc1)C1CC1,-2.14
NS(=O)(=O)c1cc(C(=O)O)c(NCc2ccco2)cc1Cl,c1ccc(NCc2ccco2)cc1,-3.83
CCOC(=O)C(CCc1ccccc1)NC(C)CN1CCCC1C(=O)O,c1ccc(CCCNCCN2CCCC2)cc1,-1.24
CCOC(=O)C(CCc1ccccc1)NC(C)C(=O)N1CCCC1C(=O)O,O=C(CNCCCc1ccccc1)N1CCCC1,-1.18
OCC1OC(OCCc2cccc3ccccc23)C(O)C(O)C1O,c1ccc2c(CCOC3CCCCO3)cccc2c1,-1.11
CCC1(c2ccccc2)NC(=O)NC1=O,O=C1NC(=O)C(c2ccccc2)N1,-2.64
OC1COC(Oc2ccccc2)C(O)C1O,c1ccc(OC2CCCCO2)cc1,-1.66
CC1(C)OCC(COC(=O)c2ccccc2C(=O)O)O1,O=C(OCC1COCO1)c1ccccc1,-1.23
O=C(O)CCCC1CCCC2NC(=O)NC12,O=C1NC2CCCCC2N1,-0.96
NC(Cc1c[nH]c2ccccc12)C(=O)O,c1ccc2[nH]ccc2c1,-1.77
NC(=O)NN=Cc1ccc([N+](=O)[O-])o1,c1ccoc1,-2.92
CCCC(C)C1(CC)C(=O)NC(=O)NC1=O,O=C1CC(=O)NC(=O)N1,-2.39
CC1NC(=O)c2ccccc2N(CC(O)C(O)C(O)CO)C1=O,O=C1CNC(=O)c2ccccc2N1,-1.51
O=C1NCC(=O)N(CC(O)C(O)C(O)CO)c2ccccc21,O=C1CNC(=O)c2ccccc2N1,-1.46
Cc1oc(C(O)C(O)C(O)CO)cc1C(=O)O,c1ccoc1,-1.28
OCC1OC(Oc2ccccc2)C(O)C(O)C1O,c1ccc(OC2CCCCO2)cc1,-1.46
COc1ccc2cc(C(C)C(=O)OCCN3CCNCC3)ccc2c1,O=C(Cc1ccc2ccccc2c1)OCCN1CCNCC1,-1.52
COc1ccc2cc(C(C)C(=O)OCCN3CCN(C)CC3)ccc2c1,O=C(Cc1ccc2ccccc2c1)OCCN1CCNCC1,-1.49
COc1ccc2cc(C(C)C(=O)OCCCCN3CCOCC3)ccc2c1,O=C(Cc1ccc2ccccc2c1)OCCCCN1CCOCC1,-3.7
COc1ccc2cc(C(C)C(=O)OCCCCN3CCN(C)CC3)ccc2c1,O=C(Cc1ccc2ccccc2c1)OCCCCN1CCNCC1,-1.29
O=C1Nc2ccccc2C(=O)N2CCCC12,O=C1Nc2ccccc2C(=O)N2CCCC12,-3.75
O=C1Nc2ccc(Cl)cc2C(=O)N2CCCC12,O=C1Nc2ccccc2C(=O)N2CCCC12,-4.7
O=C1Nc2ccccc2C(=O)N2CC(O)CC12,O=C1Nc2ccccc2C(=O)N2CCCC12,-2.37
CC1=C2C(O)C3C(CC(C)C2CC1=O)OC(=O)C3C,O=C1C=C2CC3CC(=O)OC3CCC2C1,-1.95
CC(=O)NC(Cc1c[nH]c2ccccc12)C(=O)O,c1ccc2[nH]ccc2c1,-2.31
CCOC(=O)C1=CC2(CC)CCCN3CCc4c(n1c1ccccc41)C32,C1=Cn2c3c(c4ccccc42)CCN2CCCC1C32,-4.84
c1ccc(-c2cnc(-c3ccc(CN4CCOCC4)cc3)o2)cc1,c1ccc(-c2cnc(-c3ccc(CN4CCOCC4)cc3)o2)cc1,-4.35
CN1CC(O)C2=CC(=NNC(N)=O)C(=O)C=C21,N=C1C=C2CCNC2=CC1=O,-2.72
CN(C)N=Nc1ccc(C(=O)O)cc1,c1ccccc1,-0.8
NC(Cc1c[nH]c2ccccc12)C(=O)NCC(=O)O,c1ccc2[nH]ccc2c1,-0.85
Nc1ccn(C2CC(F)C(CO)O2)c(=O)n1,O=c1ncccn1C1CCCO1,-1.18
O=C(O)c1ccc(N=Nc2ccc(O)cc2)cc1Cl,c1ccc(N=Nc2ccccc2)cc1,-2.62
O=[N+]([O-])c1cccc(OC2OC(CO)C(O)C(O)C2O)c1,c1ccc(OC2CCCCO2)cc1,-1.28
O=C(O)C1CN2CCC1CC2C(O)c1ccnc2ccccc12,c1ccc2c(CC3CC4CCN3CC4)ccnc2c1,-1.94
O=C(O)C1=CC(=NNc2ccccc2[N+](=O)[O-])C=CC1=O,O=C1C=CC(=NNc2ccccc2)C=C1,-2.01
COCC1COc2cc3ncnc(Nc4cccc(Br)c4)c3cc2O1,c1ccc(Nc2ncnc3cc4c(cc23)OCCO4)cc1,-3.22
CC(=O)OC1C2C(CC(C)C3C=CC(=O)C31C)OC(=O)C2C,O=C1CC2CC3C(=O)C=CC3CCC2O1,-2.19
COCC1COc2cc3ncnc(Nc4cccc(I)c4)c3cc2O1,c1ccc(Nc2ncnc3cc4c(cc23)OCCO4)cc1,-3.52
O=C(O)C1CCC(=O)N1CN1C(=O)CCC1C(=O)O,O=C1CCCN1CN1CCCC1=O,-1.31
COc1ccc(CC2NC(=O)N(C(C)C(=O)O)C2=O)cc1,O=C1NC(=O)C(Cc2ccccc2)N1,-0.86
CC(C)C(NS(=O)(=O)c1ccc(F)cc1)C(=O)NC1CCOC1O,O=C(CNS(=O)(=O)c1ccccc1)NC1CCOC1,-2.38
CC(C)CC(NC(=S)Nc1ccccc1)C(=O)NC1CCOC1O,O=C(CNC(=S)Nc1ccccc1)NC1CCOC1,-2.37
COC1=CC(=O)C2(Oc3c(Cl)c(OC)cc(OC)c3C2=O)C(C)C1,O=C1C=CCCC12Oc1ccccc1C2=O,-4.4
CC(C)CC(N)C(=O)NC(Cc1c[nH]c2ccccc12)C(=O)O,c1ccc2[nH]ccc2c1,-1.12
COc1ccc2nccc(C(O)C3CC4CCN3CC4C(=O)O)c2c1,c1ccc2c(CC3CC4CCN3CC4)ccnc2c1,-2.03
COc1cc(OC)c2c(c1Cl)OC1(C2=O)C(C)CC(O)CC1O,O=C1c2ccccc2OC12CCCCC2,-2.34
CC12CCC(O)CC1CCC1C2CCC2(C)C(C3=CC(=O)OC3)CCC12O,O=C1C=C(C2CCC3C2CCC2C4CCCCC4CCC23)CO1,-4.57
Oc1ccc(N=Nc2ccccc2)cc1,c1ccc(N=Nc2ccccc2)cc1,-3.95
Oc1ccc(N=Nc2ccccc2)c(O)c1,c1ccc(N=Nc2ccccc2)cc1,-3.08
O=C1C(O)C2CC3N1CCC31c3ccccc3N3C(=O)C=CC2C31,O=C1CC2CC3N1CCC31c3ccccc3N3C(=O)C=CC2C31,-2.11
O=C(O)c1ccc(N=Nc2ccc(O)cc2)cc1,c1ccc(N=Nc2ccccc2)cc1,-4.38
O=C(O)c1cc(N=Nc2ccccc2)ccc1O,c1ccc(N=Nc2ccccc2)cc1,-3.05
OCC(O)C(O)c1nn(-c2ccccc2)c2nc3ccccc3nc12,c1ccc(-n2ncc3nc4ccccc4nc32)cc1,-3.13
CC1(C)SC2C(NC(=O)COc3ccccc3)C(=O)N2C1C(=O)O,O=C(COc1ccccc1)NC1C(=O)N2CCSC12,-2.81
CC(C)C1OC(O)C(Cc2ccccc2)NC1=O,O=C1COCC(Cc2ccccc2)N1,-2.28
CC(C)CC1OC(O)C(Cc2ccccc2)NC1=O,O=C1COCC(Cc2ccccc2)N1,-2.12
NNC(=O)c1ccc(C(=O)NN)cc1,c1ccccc1,-2.29
CC(NC(=O)C(N)c1ccccc1)c1ccccc1,O=C(Cc1ccccc1)NCc1ccccc1,-1.66
O=c1[nH]c(CN2CCCC2)c(Cl)c(=O)[nH]1,O=c1cc(CN2CCCC2)[nH]c(=O)[nH]1,-1.54
O=c1[nH]c(CN2CCCC2)c(Br)c(=O)[nH]1,O=c1cc(CN2CCCC2)[nH]c(=O)[nH]1,-1.78
CNCCC(Oc1ccc(C(F)(F)F)cc1)c1ccccc1,c1ccc(COc2ccccc2)cc1,-1.59
O=C(O)C(O)(CO)CC(O)CO,,0.61
Brc1cc(Br)c(Br)cc1Br,c1ccccc1,-6.98
FC(F)(Cl)C(F)(F)Cl,,-2.74
CC12CCC(CC1)C(C)(C)O2,C1CC2CCC1CO2,-1.74
C=CCC,,-1.94
C=CCCCCCCCC,,-5.51
Ic1cccc2ccccc12,c1ccc2ccccc2c1,-4.55
CCCO,,0.62
Clc1c(Cl)c(Cl)c(-c2c(Cl)c(Cl)c(Cl)c(Cl)c2Cl)c(Cl)c1Cl,c1ccc(-c2ccccc2)cc1,-11.6
Clc1cc(Cl)c(-c2cccc(Cl)c2Cl)cc1Cl,c1ccc(-c2ccccc2)cc1,-7.21
Clc1ccc(-c2c(Cl)ccc(Cl)c2Cl)c(Cl)c1,c1ccc(-c2ccccc2)cc1,-7.43
CC(C)C(C)(C)C,,-4.36
Oc1cc(Cl)c(Cl)c(Cl)c1Cl,c1ccccc1,-3.15
Oc1c(Cl)cc(Cl)c(Cl)c1Cl,c1ccccc1,-3.1
Clc1ccc(-c2cccc(Cl)c2Cl)cc1,c1ccc(-c2ccccc2)cc1,-6.29
Oc1ccc(Cl)c(Cl)c1Cl,c1ccccc1,-2.67
Oc1c(Cl)c(Cl)cc(Cl)c1Cl,c1ccccc1,-3.37
Oc1cc(Cl)cc(Cl)c1Cl,c1ccccc1,-2.67
Clc1ccc(-c2cc(Cl)ccc2Cl)cc1,c1ccc(-c2ccccc2)cc1,-6.27
Oc1c(Cl)cccc1Cl,c1ccccc1,-1.79
Cc1ccccc1Br,c1ccccc1,-2.23
CCCC=C(C=O)CC,,-2.46
CCC(C=O)CC,,-1.52
CCCCCC(C)C,,-5.08
CC(C)O,,0.43
Cc1ccc(O)cc1C,c1ccccc1,-1.38
CCCCCCC(=O)OCN1C(=O)NC(c2ccccc2)(c2ccccc2)C1=O,O=C1NC(=O)C(c2ccccc2)(c2ccccc2)N1,-6.301
CCCCCC(=O)OCN1C(=O)NC(c2ccccc2)(c2ccccc2)C1=O,O=C1NC(=O)C(c2ccccc2)(c2ccccc2)N1,-5.886
CC(C)C(C)O,,-0.18
CCC(C)CCO,,-0.72
Cc1ccc2c(ccc3c4c5c(cccc5cc32)CC4)c1,c1cc2c3c(c4ccc5ccccc5c4cc3c1)CC2,-7.92
CCC1(C(C)C)C(=O)NC(=O)NC1=O,O=C1CC(=O)NC(=O)N1,-2.148
CCCCC(=O)CCCC,,-2.58
CC#N,,0.26
CC(=O)N(c1onc(C)c1C)[S+]([O-])c1ccc(N)cc1,c1ccc([SH+]Nc2ccno2)cc1,-3.59
CC12CCC(=O)C=C1CCC1C2C(O)CC2(C=O)C(C(=O)CO)CCC12,O=C1C=C2CCC3C4CCCC4CCC3C2CC1,-3.85
N#CC(OC1OC(COC2OC(CO)C(O)C(O)C2O)C(O)C(O)C1O)c1ccccc1,c1ccc(COC2CCCC(COC3CCCCO3)O2)cc1,-0.77
CCCC1C(=O)N2C(N(C)C)=Nc3ccc(C)cc3N2C1=O,O=C1CC(=O)N2c3ccccc3N=CN12,-3.5380000000000003
O=C1C(O)=C(C2CCC(c3ccc(Cl)cc3)CC2)C(=O)c2ccccc21,O=C1C=C(C2CCC(c3ccccc3)CC2)C(=O)c2ccccc21,-5.931
CNC(=O)C=C(C)OP(=O)(OC)OC,,0.6509999999999999
CNC(=O)Oc1cccc2ccccc12,c1ccc2ccccc2c1,-3.224
CCOC(=O)c1ccccc1S(=O)(=O)NN(C=O)c1nc(Cl)cc(OC)n1,O=S(=O)(NNc1ncccn1)c1ccccc1,-4.5760000000000005
N#CCCl,,-0.092
CC(C)OC(=O)C(O)(c1ccc(Cl)cc1)c1cccc(Cl)c1,c1ccc(Cc2ccccc2)cc1,-4.53
Cl/C=C\Cl,,-1.3
CC1CCCCC1C,C1CCCCC1,-4.3
CC(=O)OCC(=O)C1(O)CCC2C3CCC4=CC(=O)CCC4(C)C3C(=O)CC21C,O=C1C=C2CCC3C4CCCC4CC(=O)C3C2CC1,-4.21
CC(=O)CC(c1ccc(Cl)cc1)c1c(O)c2ccccc2oc1=O,O=c1oc2ccccc2cc1Cc1ccccc1,-5.839
CCOP(=S)(OCC)Oc1ccc2oc(=O)c(Cl)c(C)c2c1,O=c1ccc2ccccc2o1,-5.382000000000001
OC1CCCCCC1,C1CCCCCC1,-0.88
C1=CCCCCC1,C1=CCCCCC1,-3.18
OC1CCCCCCC1,C1CCCCCCC1,-1.29
O=C1NC(=O)C2(CCCC2)C(=O)N1,O=C1NC(=O)C2(CCCC2)C(=O)N1,-2.349
CC1(C)C(C=C(Cl)Cl)C1C(=O)OC(C#N)c1ccc(F)c(Oc2ccccc2)c1,O=C(OCc1cccc(Oc2ccccc2)c1)C1CC1,-7.337000000000001
CC1(C)C(C=C(Cl)C(F)(F)F)C1C(=O)OC(C#N)c1cccc(Oc2ccccc2)c1,O=C(OCc1cccc(Oc2ccccc2)c1)C1CC1,-8.176
Nc1ccc(S(=O)(=O)c2ccc(N)cc2)cc1,O=S(=O)(c1ccccc1)c1ccccc1,-3.094
CC1(C)C(C=C(Br)Br)C1C(=O)OC(C#N)c1cccc(Oc2ccccc2)c1,O=C(OCc1cccc(Oc2ccccc2)c1)C1CC1,-8.402000000000001
CC=C(C(=CC)c1ccc(O)cc1)c1ccc(O)cc1,C=C(C(=C)c1ccccc1)c1ccccc1,-4.95
CCSSCC,,-2.42
CCCCCCOC(=O)c1ccccc1C(=O)OCCCCCC,c1ccccc1,-6.144
CC(C)SC(C)C,,-2.24
CCN(CC)C(=O)C(Cl)=CCOP(=O)(OC)OC,,0.523
CCCSCCC,,-2.58
CC1COC2CC3(C)C(CC4C5C=C6CC(O)CCC6(C)CC5CCC43C)OC2C1,C1=C2CCCCC2CC2CCC3C4CC5OCCCC5OC4CC3C12,-7.32
C=C(C)CN(CC)c1c([N+](=O)[O-])cc(C(F)(F)F)cc1[N+](=O)[O-],c1ccccc1,-6.124
CCCCCC(=O)OCC,,-2.35
C=C,,-0.4
OC(Cn1cncn1)(Cn1cncn1)c1ccc(F)cc1F,c1ccc(C(Cn2cncn2)Cn2cncn2)cc1,-1.8
Nc1nc(=O)[nH]cc1F,O=c1nccc[nH]1,-0.972
CC1CC2C3CC(F)C4=CC(=O)C=CC4(C)C3(F)C(O)CC2(C)C1(O)C(=O)CO,O=C1C=CC2C(=C1)CCC1C3CCCC3CCC21,-5.613
OCC1OC(O)(CO)C(O)C1O,C1CCOC1,0.64
COC1=CC2OC3C=CC(O)=CC3C(=O)C2C(O)=C1,O=C1C2C=CC=CC2OC2C=CC=CC12,-2.943
NS(=O)(=O)c1cc2c(cc1Cl)NCNS2(=O)=O,O=S1(=O)NCNc2ccccc21,-2.63
CC12CCC(=O)C=C1CCC1C2C(O)CC2(C)C1CCC2(O)C(=O)CO,O=C1C=C2CCC3C4CCCC4CCC3C2CC1,-3.09
Ic1ccccc1,c1ccccc1,-3.01
COc1c2occc2c(OC)c2c(=O)cc(C)oc12,O=c1ccoc2cc3occc3cc12,-3.0210000000000004
ClC1C(Cl)C(Cl)C(Cl)C(Cl)C1Cl,C1CCCCC1,-4.64
COC1=C(OC)C2C(=O)OCC2C=C1,O=C1OCC2C=CC=CC12,-1.899
COC(C)=O,,0.46
CCCOC(=O)CC,,-0.82
CCCCCC(=O)OC,,-1.87
CCCCCCCCC(=O)OC,,-3.38
CCCCCCCC(=O)OC,,-3.17
CCCC(=O)OCC,,-1.36
COC(=O)c1ccc(O)cc1,c1ccccc1,-1.827
CNC(=O)Oc1ccccc1,c1ccccc1,-1.803
COc1ccc(NC(=O)N(C)C)cc1Cl,c1ccccc1,-2.564
Cc1ccnc2c1NC(=O)c1cccnc1N2C1CC1,O=C1Nc2cccnc2N(C2CC2)c2ncccc21,-3.19
COC(=O)C1=C(C)NC(C)=C(C(=O)OC)C1c1ccccc1[N+](=O)[O-],C1=CC(c2ccccc2)C=CN1,-4.76
CC[N+](=O)[O-],,-0.22
O=C1CN(N=Cc2ccc([N+](=O)[O-])o2)C(=O)N1,O=C1CN(N=Cc2ccco2)C(=O)N1,-3.38
O=C1NC(=O)C2C3C(C(O)(c4ccccc4)c4ccccn4)=CC(C3=C(c3ccccc3)c3ccccn3)C12,O=C1NC(=O)C2C3C(C(c4ccccc4)c4ccccn4)=CC(C3=C(c3ccccc3)c3ccccn3)C12,-3.931
C#CC1(O)CCC2C3CCC4=CC(=O)CCC4(O)C3CCC21C,O=C1C=C2CCC3C4CCCC4CCC3C2CC1,-4.57
CNC(=O)ON=C(SC)C(=O)N(C)C,,0.106
O=C1Nc2ccc(Cl)cc2C(c2ccccc2)=NC1O,O=C1CN=C(c2ccccc2)c2ccccc2N1,-3.952
Clc1ccc(I)cc1,c1ccccc1,-4.03
O=C(Nc1ccccc1)N(Cc1ccc(Cl)cc1)C1CCCC1,O=C(Nc1ccccc1)N(Cc1ccccc1)C1CCCC1,-5.915
CCOP(=S)(OCC)ON=C(C#N)c1ccccc1,c1ccccc1,-4.862
O=C1NC(=O)C2C=CC=CC12,O=C1NC(=O)C2C=CC=CC12,-2.932
c1ccc2c(c1)ccc1c2ccc2c3ccccc3ccc21,c1ccc2c(c1)ccc1c2ccc2c3ccccc3ccc21,-7.87
CC12C=CC(=O)C=C1CCC1C2C(O)CC2(C)C1CCC2(O)C(=O)CO,O=C1C=CC2C(=C1)CCC1C3CCCC3CCC21,-3.18
CCNP(=S)(OC)OC(C)=CC(=O)OC(C)C,,-3.408
C=CC,,-1.08
NC(=O)c1cnccn1,c1cnccn1,-0.667
O=C(CC(Cl)Cl)NC1=C(Cl)C(=O)c2ccccc2C1=O,O=C1C=CC(=O)c2ccccc21,-5.03
CCC1(C2=CCC3CCC2C3)C(=O)NC(=O)NC1=O,O=C1NC(=O)C(C2=CCC3CCC2C3)C(=O)N1,-2.696
CCN1c2ncccc2C(=O)N(C)c2cccnc21,O=C1Nc2cccnc2Nc2ncccc21,-2.62
CCCOC(=O)c1ccc(N)cc1,c1ccccc1,-2.452
CN1C(=O)c2cccnc2Oc2ccccc21,O=C1Nc2ccccc2Oc2ncccc21,-3.672
Cc1ccc2c(c1)C(=O)N(C)c1cc(N)ccc1O2,O=C1Nc2ccccc2Oc2ccccc21,-3.928
CCN1c2ncccc2C(=O)N(C)c2ccc(Cl)nc21,O=C1Nc2cccnc2Nc2ncccc21,-4.114
CCN1c2ncccc2C(=O)Nc2c(C(F)(F)F)cc(C)nc21,O=C1Nc2cccnc2Nc2ncccc21,-4.207
CCN1c2ncccc2C(=O)Nc2c(C)cc(C)nc21,O=C1Nc2cccnc2Nc2ncccc21,-4.553999999999999
CCN1c2ncccc2C(=S)N(C)c2cccnc21,S=C1Nc2cccnc2Nc2ncccc21,-4.634
CCN1c2ccccc2N(C)C(=S)c2cccnc21,S=C1Nc2ccccc2Nc2ncccc21,-4.706
CCN1c2ccccc2C(=O)N(C)c2ccccc21,O=C1Nc2ccccc2Nc2ccccc21,-4.749
CCN1C(=O)c2cccnc2N(CC)c2ncccc21,O=C1Nc2cccnc2Nc2ncccc21,-2.86
CCN1c2cc(N(C)C)cc(C)c2NC(=O)c2cccnc21,O=C1Nc2ccccc2Nc2ncccc21,-4.871
CCN1c2cc(OC)cc(C)c2NC(=O)c2cccnc21,O=C1Nc2ccccc2Nc2ncccc21,-5.153
CCN1c2cc(Cl)ccc2NC(=O)c2cccnc21,O=C1Nc2ccccc2Nc2ncccc21,-5.36
Cc1ccc2c(c1)Oc1ncc(N)cc1C(=O)N2C,O=C1Nc2ccccc2Oc2ncccc21,-3.043
CCN1c2ccccc2N(C)C(=O)c2cccnc21,O=C1Nc2ccccc2Nc2ncccc21,-3.324
CCN1c2nc(N(C)CCO)ccc2NC(=O)c2cccnc21,O=C1Nc2cccnc2Nc2ncccc21,-3.36
O=C1c2ccccc2Cc2ccccc2N1CCF,O=C1Nc2ccccc2Cc2ccccc21,-3.535
CCN1C(=O)c2ccccc2Oc2ccccc21,O=C1Nc2ccccc2Oc2ccccc21,-3.68
CSc1nc(N(C)C)nc(N(C)C)n1,c1ncncn1,-2.676
CSC[S+]([O-])CC(CO)NC(=O)C=Cc1c(C)[nH]c(=O)[nH]c1=O,O=c1cc[nH]c(=O)[nH]1,-1.981
CCCCOc1ccc(C(=O)OCC)c(N(CC)CC)c1,c1ccccc1,-3.84
OCC1OC(OC2(CO)OC(CO)C(O)C2O)C(O)C(O)C1O,C1CCC(OC2CCCO2)OC1,0.79
Nc1ccc(S(N)(=O)=O)cc1,c1ccccc1,-1.34
C/C=C/C=O,,0.32
CC12CCC(=O)C=C1CCC1C2CCC2(C)C(O)CCC12,O=C1C=C2CCC3C4CCCC4CCC3C2CC1,-4.02
CC(=O)OC1CCC2C3CCC4=CC(=O)CCC4(C)C3CCC12C,O=C1C=C2CCC3C4CCCC4CCC3C2CC1,-5.184
Cc1c(F)c(F)c(COC(=O)C2C(C=C(Cl)C(F)(F)F)C2(C)C)c(F)c1F,O=C(OCc1ccccc1)C1CC1,-7.321000000000001
CC(C)(C)Cc1ccccc1,c1ccccc1,-4.15
Nc1nc(N)c2nc(-c3ccccc3)c(N)nc2n1,c1ccc(-c2cnc3ncncc3n2)cc1,-2.404
N#CC(Cl)(Cl)Cl,,-2.168
Cc1ccc(OP(=O)(Oc2cccc(C)c2)Oc2ccccc2C)cc1,O=P(Oc1ccccc1)(Oc1ccccc1)Oc1ccccc1,-6.01
O=CNC(N1C=CN(C(NC=O)C(Cl)(Cl)Cl)C=C1)C(Cl)(Cl)Cl,C1=CNC=CN1,-4.19
C=CC1(C)OC(=O)N(c2cc(Cl)cc(Cl)c2)C1=O,O=C1COC(=O)N1c1ccccc1,-4.925
CC12CCCC1C1CCC3CC(=O)C(=O)CC3(C)C1CC2,O=C1CC2CCC3C4CCCC4CCC3C2CC1=O,-3.76
CCC(=O)OCC(=O)C1(OC(=O)CC)C(C)CC2C3CCC4=CC(=O)C=CC4(C)C3(F)C(O)CC21C,O=C1C=CC2C(=C1)CCC1C3CCCC3CCC21,-3.77
CC(C)CCCC(C)C1CCC2C3CC=C4CC(O)CCC4(C)C3CCC12C,C1=C2CCCCC2C2CCC3CCCC3C2C1,-7.0
Clc1c(Cl)c(Cl)c(Oc2c(Cl)c(Cl)c(Cl)c(Cl)c2Cl)c(Cl)c1Cl,c1ccc(Oc2ccccc2)cc1,-12.95
Brc1ccc(-c2ccc(Br)cc2)cc1,c1ccc(-c2ccccc2)cc1,-7.74
FC(F)(Cl)Cl,,-1.99
ClC(Cl)COCC(Cl)Cl,,-1.12
C=CC=C(C)C=CC=CC,,-2.09
ClCCCl,,-1.08
Clc1cc(Cl)c(-c2c(Cl)c(Cl)cc(Cl)c2Cl)cc1Cl,c1ccc(-c2ccccc2)cc1,-8.94
Clc1ccc(Oc2cc(Cl)c(Cl)c(Cl)c2Cl)c(Cl)c1Cl,c1ccc(Oc2ccccc2)cc1,-9.12
Clc1c(Cl)c(Cl)c(Cl)c(Cl)c1Cl,c1ccccc1,-7.56
Clc1cc(Cl)c(Cl)c(-c2cc(Cl)cc(Cl)c2Cl)c1,c1ccc(-c2ccccc2)cc1,-8.56
Clc1ccc(-c2cc(Cl)c(Cl)c(Cl)c2Cl)c(Cl)c1,c1ccc(-c2ccccc2)cc1,-8.32
Clc1cc2oc3c(Cl)c(Cl)c(Cl)c(Cl)c3c2cc1Cl,c1ccc2c(c1)oc1ccccc12,-10.66
CC(=O)C1CCC2C3CCC4=CC(=O)CC(O)C4(C)C3CCC12C,O=C1C=C2CCC3C4CCCC4CCC3C2CC1,-3.82
CCl,,-0.88
CC12CCC(=O)C=C1CCC1C2CCC2(C)C1CCC2(C)O,O=C1C=C2CCC3C4CCCC4CCC3C2CC1,-3.97
CCC(C)[N+](=O)[O-],,-0.62
Cc1cccc([N+](=O)[O-])c1,c1ccccc1,-2.46
CC(C)C1(C)CCCC(O)C1,C1CCCCC1,-0.6
CC(C)C1C(C)CCCC1O,C1CCCCC1,-0.29
CC1CCCC(O)(C(C)C)C1,C1CCCCC1,-0.24
CCOc1ccc(NC(C)=O)cc1,c1ccccc1,-2.3
CCC,,-2.84
CCC(N)=O,,-4.23
Brc1ccc(Br)c(-c2cc(Br)ccc2Br)c1,c1ccc(-c2ccccc2)cc1,-8.06
BrC(Br)C(Br)Br,,-2.72
COc1c(Cl)cc(Cl)c(Cl)c1Cl,c1ccccc1,-5.13
Clc1cc(Cl)c(Cl)c(Cl)c1,c1ccccc1,-4.68
Clc1cc(Cl)c(Cl)cc1Cl,c1ccccc1,-5.47
Cc1c(Cl)ccc(Cc2c(Cl)cccc2Cl)c1Cl,c1ccc(Cc2ccccc2)cc1,-7.99
Cc1c(Cl)ccc(Cc2ccc(Cl)cc2Cl)c1Cl,c1ccc(Cc2ccccc2)cc1,-7.4
Cc1cc(Cl)c(Cc2cc(Cl)ccc2Cl)cc1Cl,c1ccc(Cc2ccccc2)cc1,-8.03
Cc1cc(Cc2c(Cl)cccc2Cl)c(Cl)cc1Cl,c1ccc(Cc2ccccc2)cc1,-8.36
Cc1cc(Cc2ccc(Cl)cc2Cl)c(Cl)cc1Cl,c1ccc(Cc2ccccc2)cc1,-7.49
Cc1cc(Cc2ccc(Cl)cc2)c(Cl)c(Cl)c1Cl,c1ccc(Cc2ccccc2)cc1,-8.18
Cc1cc(Cl)c(Cl)c(Cl)c1Cc1ccccc1Cl,c1ccc(Cc2ccccc2)cc1,-7.24
Cc1cc(Cl)c(Cl)c(Cl)c1Cc1ccc(Cl)cc1,c1ccc(Cc2ccccc2)cc1,-7.44
Clc1ccc(-c2ccc(Cl)c(Cl)c2)cc1Cl,c1ccc(-c2ccccc2)cc1,-8.53
Clc1ccc(-c2c(Cl)cc(Cl)cc2Cl)cc1,c1ccc(-c2ccccc2)cc1,-6.94
Clc1c(Cl)c(Cl)c2c(c1Cl)Oc1ccccc1O2,c1ccc2c(c1)Oc1ccccc1O2,-8.77
ClC(Cl)=C(Cl)Cl,,-2.74
Brc1cc(Br)c(-c2ccccc2)c(Br)c1,c1ccc(-c2ccccc2)cc1,-7.3
COc1c(Cl)cc(Cl)cc1Cl,c1ccccc1,-4.2
Clc1cc(Cl)cc(Cl)c1,c1ccccc1,-4.6
Clc1cc(Cl)c2c(c1Cl)Oc1ccccc1O2,c1ccc2c(c1)Oc1ccccc1O2,-7.58
CC(Cl)(Cl)Cl,,-2.14
FC(Cl)(Cl)CCl,,-3.04
CCCSC(=O)N(CCC)CCC,,-3.3
ClC(Cl)=C=C(Cl)C(Cl)Cl,,-4.23
Clc1cc(Oc2c(Cl)c(Cl)c(Cl)c(Cl)c2Cl)c(Cl)c(Cl)c1Cl,c1ccc(Oc2ccccc2)cc1,-10.55
Cc1cc(Cc2cc(Cl)ccc2Cl)c(Cl)cc1Cl,c1ccc(Cc2ccccc2)cc1,-8.06
CCc1cccc(CC)c1N(COC)C(=O)CCl,c1ccccc1,-3.17
CNC(=O)ON=CC(C)(C)SC,,-0.71
CCOP(=S)(OCC)SCSc1ccc(Cl)cc1,c1ccccc1,-6.05
CCOP(=S)(OCC)SC(CCl)N1C(=O)c2ccccc2C1=O,O=C1NC(=O)c2ccccc21,-5.85
CCCCc1ccc(C(=O)O)c(C(=O)O)c1CCCC,c1ccccc1,-4.4
CC1OC(OC2C(O)CC(OC3C(O)CC(OC4CCC5(C)C(CCC6C5CC(O)C5(C)C(C7=CC(=O)OC7)CCC65O)C4)OC3C)OC2C)CC(O)C1O,O=C1C=C(C2CCC3C2CCC2C4CCC(OC5CCC(OC6CCC(OC7CCCCO7)CO6)CO5)CC4CCC23)CO1,-4.16
O=S1OCC2C(CO1)C1(Cl)C(Cl)=C(Cl)C2(Cl)C1(Cl)Cl,O=S1OCC2C3C=CC(C3)C2CO1,-6.08
CCOP(=S)(OCC)Oc1ccc([N+](=O)[O-])cc1,c1ccccc1,-4.29
CCCCN(CC)C(=O)SCCC,,-3.41
CCc1ccc(C(c2ccc(CC)cc2)C(Cl)Cl)cc1,c1ccc(Cc2ccccc2)cc1,-7.04
CC12CCC3C(CC=C4CC(O)CCC43C)C1CCC2=O,O=C1CCC2C1CCC1C3CCCCC3=CCC21,-4.01
Nc1ccc(Br)cc1C(=O)O,c1ccccc1,-3.07
O=C(O)c1cc(Br)c(O)cc1O,c1ccccc1,-2.62
CC(=O)Nc1nnc(S(N)(=O)=O)s1,c1nncs1,-2.44
CN(C)CCC=C1c2ccccc2CCc2ccccc21,C=C1c2ccccc2CCc2ccccc21,-4.55
CCN(CC)Cc1cc(Nc2ccnc3cc(Cl)ccc23)ccc1O,c1ccc(Nc2ccnc3ccccc23)cc1,-5.79
CN1[C@@H]2CC[C@H]1C[C@@H](OC(=O)C(CO)c1ccccc1)C2,O=C(Cc1ccccc1)OC1CC2CCC(C1)N2,-2.0
c1ccc(Cn2ccnc2)cc1,c1ccc(Cn2ccnc2)cc1,-2.26
CN(C)Cc1c[nH]c2ccc(Br)cc12,c1ccc2[nH]ccc2c1,-4.06
COc1ccccc1OCCNCC(O)COc1cccc2[nH]c3ccccc3c12,c1ccc(OCCNCCCOc2cccc3[nH]c4ccccc4c23)cc1,-4.26
CC(=O)OCC1=C(C(=O)O)N2C(=O)[C@@H](NC(=O)Cc3cccs3)[C@H]2SC1,O=C(Cc1cccs1)NC1C(=O)N2C=CCSC12,-2.94
CN(C)CC[C@@H](c1ccc(Cl)cc1)c1ccccn1,c1ccc(Cc2ccccn2)cc1,-2.67
CN(C)CCCN1c2ccccc2Sc2ccc(Cl)cc21,c1ccc2c(c1)Nc1ccccc1S2,-5.07
CCCNC(=O)NS(=O)(=O)c1ccc(Cl)cc1,c1ccccc1,-3.25
O=c1[nH]c2cc(Cl)ccc2o1,O=c1[nH]c2ccccc2o1,-2.66
O=C(O)c1cn(C2CC2)c2cc(N3CCNCC3)c(F)cc2c1=O,O=c1ccn(C2CC2)c2cc(N3CCNCC3)ccc12,-3.6
CN1C[C@@H]2C[C@H]1CN2c1cc2c(cc1F)c(=O)c(C(=O)O)cn2C1CC1,O=c1ccn(C2CC2)c2cc(N3CC4CC3CN4)ccc12,-2.9
C#CCN(C)[C@H](C)Cc1ccccc1,c1ccccc1,-2.51
COc1ccc([C@@H]2Sc3ccccc3N(CCN(C)C)C(=O)[C@@H]2OC(C)=O)cc1,O=C1CC(c2ccccc2)Sc2ccccc2N1,-3.16
CN(C)CCOC(c1ccccc1)c1ccccc1,c1ccc(Cc2ccccc2)cc1,-2.95
NC(N)=Nc1nc(CSCC/C(N)=N\S(N)(=O)=O)cs1,c1cscn1,-2.65
CC(C(=O)O)c1cccc(Oc2ccccc2)c1,c1ccc(Oc2ccccc2)cc1,-3.7
Cc1cnc(C(=O)NCCc2ccc(S(=O)(=O)NC(=O)NC3CCCCC3)cc2)cn1,O=C(NC1CCCCC1)NS(=O)(=O)c1ccc(CCNC(=O)c2cnccn2)cc1,-5.49
Nc1nc2nc[nH]c2c(=O)[nH]1,O=c1[nH]cnc2nc[nH]c12,-4.43
NS(=O)(=O)c1cc2c(cc1C(F)(F)F)NCNS2(=O)=O,O=S1(=O)NCNc2ccccc21,-2.97
CCn1cc(C(=O)O)c(=O)c2ccc(C)nc21,O=c1cc[nH]c2ncccc12,-3.61
C=CCN1CC[C@]23c4c5ccc(O)c4O[C@H]2C(=O)CC[C@@]3(O)[C@H]1C5,O=C1CCC2C3Cc4cccc5c4C2(CCN3)C1O5,-2.9
COc1ccc2cc([C@H](C)C(=O)O)ccc2c1,c1ccc2ccccc2c1,-4.5
CNCCC=C1c2ccccc2CCc2ccccc21,C=C1c2ccccc2CCc2ccccc21,-4.02
CN(C)[C@@H]1C(O)=C(C(N)=O)C(=O)[C@@]2(O)C(=O)C3=C(O)c4c(O)cccc4[C@@](C)(O)[C@H]3[C@H](O)[C@@H]12,O=C1C=CCC2CC3Cc4ccccc4C=C3C(=O)C12,-3.09
COc1ccc(Cc2nccc3cc(OC)c(OC)cc23)cc1OC,c1ccc(Cc2nccc3ccccc23)cc1,-3.87
Nc1ccc(/N=N/c2ccccc2)c(N)n1,c1ccc(N=Nc2cccnc2)cc1,-4.19
CCC1(c2ccccc2)C(=O)NC(=O)NC1=O,O=C1NC(=O)C(c2ccccc2)C(=O)N1,-2.29
CC(C)NCC(O)COc1cccc2[nH]ccc12,c1ccc2[nH]ccc2c1,-3.79
CCN(CC)CCOC(=O)c1ccc(N)cc1,c1ccccc1,-1.72
C=CC1CN2CCC1C[C@H]2[C@H](O)c1ccnc2ccc(OC)cc12,c1ccc2c(CC3CC4CCN3CC4)ccnc2c1,-2.79
CN/C(=C\[N+](=O)[O-])NCCSCc1ccc(CN(C)C)o1,c1ccoc1,-2.5
O=C(O)c1cn(-c2ccc(F)cc2)c2cc(N3CCNCC3)c(F)cc2c1=O,O=c1ccn(-c2ccccc2)c2cc(N3CCNCC3)ccc12,-3.13
C[C@@H]1CN(c2c(F)c(N)c3c(=O)c(C(=O)O)cn(C4CC4)c3c2F)C[C@H](C)N1,O=c1ccn(C2CC2)c2cc(N3CCNCC3)ccc12,-3.37
Cc1cc(C)nc(NS(=O)(=O)c2ccc(N)cc2)n1,O=S(=O)(Nc1ncccn1)c1ccccc1,-2.73
O=C(O)c1cc(/N=N/c2ccc(S(=O)(=O)Nc3ccccn3)cc2)ccc1O,O=S(=O)(Nc1ccccn1)c1ccc(N=Nc2ccccc2)cc1,-6.14
CC1=C(CC(=O)O)c2cc(F)ccc2/C1=C/c1ccc([S+](C)[O-])cc1,C1=Cc2ccccc2C1=Cc1ccccc1,-4.5
CCCCNc1ccc(C(=O)OCCN(C)C)cc1,c1ccccc1,-3.01
CN(C)[C@@H]1C(O)=C(C(N)=O)C(=O)[C@@]2(O)C(O)=C3C(=O)c4c(O)cccc4[C@@](C)(O)[C@H]3C[C@@H]12,O=C1C2=CC3C(=O)C=CCC3CC2Cc2ccccc21,-2.93
Cc1ccc(C(C)C)c(O)c1,c1ccccc1,-2.19
COc1ccc(CCN(C)CCCC(C#N)(c2ccc(OC)c(OC)c2)C(C)C)cc1OC,c1ccc(CCCCNCCc2ccccc2)cc1,-3.98
CC(=O)CC(c1ccccc1)c1c(O)c2ccccc2oc1=O,O=c1oc2ccccc2cc1Cc1ccccc1,-4.78
